2026-05-16T00:50:36.896+05:30  WARN 2620 --- [payment-service] [AMQP Connection 127.0.0.1:5672] c.r.c.impl.ForgivingExceptionHandler     : An unexpected connection driver error occurred (Exception message: Connection reset)
2026-05-16T00:50:46.316+05:30  INFO 2620 --- [payment-service] [http-nio-8086-exec-6] o.s.a.r.c.CachingConnectionFactory       : Attempting to connect to: [localhost:5672]
2026-05-16T00:50:46.336+05:30  INFO 2620 --- [payment-service] [http-nio-8086-exec-6] o.s.a.r.c.CachingConnectionFactory       : Created new connection: rabbitConnectionFactory#5926f291:1/SimpleConnection@714af615 [delegate=amqp://guest@127.0.0.1:5672/, localPort=49678]
2026-05-16T00:50:58.186+05:30  WARN 2620 --- [payment-service] [HikariPool-1 housekeeper] com.zaxxer.hikari.pool.HikariPool        : HikariPool-1 - Thread starvation or clock leap detected (housekeeper delta=1h51m52s530µs300ns).
2026-05-16T00:55:09.746+05:30  INFO 2620 --- [payment-service] [AsyncResolver-bootstrap-executor-0] c.n.d.s.r.aws.ConfigClusterResolver      : Resolving eureka endpoints via configuration
2026-05-16T01:00:09.748+05:30  INFO 2620 --- [payment-service] [AsyncResolver-bootstrap-executor-0] c.n.d.s.r.aws.ConfigClusterResolver      : Resolving eureka endpoints via configuration
2026-05-16T01:05:09.762+05:30  INFO 2620 --- [payment-service] [AsyncResolver-bootstrap-executor-0] c.n.d.s.r.aws.ConfigClusterResolver      : Resolving eureka endpoints via configuration
2026-05-16T01:09:54.368+05:30  WARN 25744 --- [payment-service] [main] ory$DuplicateJsonObjectContextCustomizer : 

Found multiple occurrences of org.json.JSONObject on the class path:

	jar:file:/C:/Users/Hp/.m2/repository/org/json/json/20180130/json-20180130.jar!/org/json/JSONObject.class
	jar:file:/C:/Users/Hp/.m2/repository/com/vaadin/external/google/android-json/0.0.20131108.vaadin1/android-json-0.0.20131108.vaadin1.jar!/org/json/JSONObject.class

You may wish to exclude one of them to ensure predictable runtime behavior

2026-05-16T01:09:54.400+05:30  INFO 25744 --- [payment-service] [main] c.p.p.PaymentServiceApplicationTests     : Starting PaymentServiceApplicationTests using Java 21.0.10 with PID 25744 (started by Hp in C:\Users\Hp\Desktop\Parkease-Backend\payment-service)
2026-05-16T01:09:54.401+05:30 DEBUG 25744 --- [payment-service] [main] c.p.p.PaymentServiceApplicationTests     : Running with Spring Boot v3.2.0, Spring v6.1.1
2026-05-16T01:09:54.402+05:30  INFO 25744 --- [payment-service] [main] c.p.p.PaymentServiceApplicationTests     : No active profile set, falling back to 1 default profile: "default"
2026-05-16T01:09:56.335+05:30  INFO 25744 --- [payment-service] [main] .s.d.r.c.RepositoryConfigurationDelegate : Bootstrapping Spring Data JPA repositories in DEFAULT mode.
2026-05-16T01:09:56.587+05:30  INFO 25744 --- [payment-service] [main] .s.d.r.c.RepositoryConfigurationDelegate : Finished Spring Data repository scanning in 240 ms. Found 3 JPA repository interfaces.
2026-05-16T01:09:57.003+05:30  INFO 25744 --- [payment-service] [main] o.s.cloud.context.scope.GenericScope     : BeanFactory id=a6e8a90a-1a59-3898-95b0-95f633c348b2
2026-05-16T01:09:57.643+05:30  WARN 25744 --- [payment-service] [main] trationDelegate$BeanPostProcessorChecker : Bean 'org.springframework.cloud.client.loadbalancer.LoadBalancerAutoConfiguration$DeferringLoadBalancerInterceptorConfig' of type [org.springframework.cloud.client.loadbalancer.LoadBalancerAutoConfiguration$DeferringLoadBalancerInterceptorConfig] is not eligible for getting processed by all BeanPostProcessors (for example: not eligible for auto-proxying). The currently created BeanPostProcessor [lbRestClientPostProcessor] is declared through a non-static factory method on that class; consider declaring it as static instead.
2026-05-16T01:09:57.649+05:30  WARN 25744 --- [payment-service] [main] trationDelegate$BeanPostProcessorChecker : Bean 'deferringLoadBalancerInterceptor' of type [org.springframework.cloud.client.loadbalancer.DeferringLoadBalancerInterceptor] is not eligible for getting processed by all BeanPostProcessors (for example: not eligible for auto-proxying). Is this bean getting eagerly injected into a currently created BeanPostProcessor [lbRestClientPostProcessor]? Check the corresponding BeanPostProcessor declaration and its dependencies.
2026-05-16T01:09:57.959+05:30  INFO 25744 --- [payment-service] [main] o.hibernate.jpa.internal.util.LogHelper  : HHH000204: Processing PersistenceUnitInfo [name: default]
2026-05-16T01:09:58.049+05:30  INFO 25744 --- [payment-service] [main] org.hibernate.Version                    : HHH000412: Hibernate ORM core version 6.3.1.Final
2026-05-16T01:09:58.096+05:30  INFO 25744 --- [payment-service] [main] o.h.c.internal.RegionFactoryInitiator    : HHH000026: Second-level cache disabled
2026-05-16T01:09:58.253+05:30  INFO 25744 --- [payment-service] [main] o.s.o.j.p.SpringPersistenceUnitInfo      : No LoadTimeWeaver setup: ignoring JPA class transformer
2026-05-16T01:09:58.298+05:30  INFO 25744 --- [payment-service] [main] com.zaxxer.hikari.HikariDataSource       : HikariPool-1 - Starting...
2026-05-16T01:09:58.570+05:30  INFO 25744 --- [payment-service] [main] com.zaxxer.hikari.pool.HikariPool        : HikariPool-1 - Added connection com.mysql.cj.jdbc.ConnectionImpl@1ef13431
2026-05-16T01:09:58.573+05:30  INFO 25744 --- [payment-service] [main] com.zaxxer.hikari.HikariDataSource       : HikariPool-1 - Start completed.
2026-05-16T01:09:58.639+05:30  WARN 25744 --- [payment-service] [main] org.hibernate.orm.deprecation            : HHH90000025: MySQLDialect does not need to be specified explicitly using 'hibernate.dialect' (remove the property setting and it will be selected by default)
2026-05-16T01:09:59.693+05:30  INFO 25744 --- [payment-service] [main] o.h.e.t.j.p.i.JtaPlatformInitiator       : HHH000489: No JTA platform available (set 'hibernate.transaction.jta.platform' to enable JTA platform integration)
2026-05-16T01:09:59.771+05:30  INFO 25744 --- [payment-service] [main] j.LocalContainerEntityManagerFactoryBean : Initialized JPA EntityManagerFactory for persistence unit 'default'
2026-05-16T01:10:00.504+05:30  INFO 25744 --- [payment-service] [main] c.p.payment.config.RazorpayConfig        : Initializing Razorpay client with key: rzp_test...
2026-05-16T01:10:01.387+05:30  INFO 25744 --- [payment-service] [main] o.s.d.j.r.query.QueryEnhancerFactory     : Hibernate is in classpath; If applicable, HQL parser will be used.
2026-05-16T01:10:02.487+05:30  WARN 25744 --- [payment-service] [main] JpaBaseConfiguration$JpaWebConfiguration : spring.jpa.open-in-view is enabled by default. Therefore, database queries may be performed during view rendering. Explicitly configure spring.jpa.open-in-view to disable this warning
2026-05-16T01:10:02.639+05:30  WARN 25744 --- [payment-service] [main] .s.s.UserDetailsServiceAutoConfiguration : 

Using generated security password: ad04bf73-76ec-47e2-8da7-f83a1b4bd12a

This generated password is for development use only. Your security configuration must be updated before running your application in production.

2026-05-16T01:10:04.474+05:30  INFO 25744 --- [payment-service] [main] o.s.cloud.commons.util.InetUtils         : Cannot determine local hostname
2026-05-16T01:10:04.723+05:30  INFO 25744 --- [payment-service] [main] o.s.b.a.e.web.EndpointLinksResolver      : Exposing 17 endpoint(s) beneath base path '/actuator'
2026-05-16T01:10:04.828+05:30  INFO 25744 --- [payment-service] [main] o.s.s.web.DefaultSecurityFilterChain     : Will secure any request with [org.springframework.security.web.session.DisableEncodeUrlFilter@610c498c, org.springframework.security.web.context.request.async.WebAsyncManagerIntegrationFilter@1a899352, org.springframework.security.web.context.SecurityContextHolderFilter@7e4c9ad4, org.springframework.security.web.header.HeaderWriterFilter@a2243db, org.springframework.web.filter.CorsFilter@2ac33bc3, org.springframework.security.web.authentication.logout.LogoutFilter@64b8e2c1, com.parkease.payment.security.JwtAuthFilter@7476a4b5, org.springframework.security.web.savedrequest.RequestCacheAwareFilter@781f9fa6, org.springframework.security.web.servletapi.SecurityContextHolderAwareRequestFilter@7c4bfc57, org.springframework.security.web.authentication.AnonymousAuthenticationFilter@2d917372, org.springframework.security.web.session.SessionManagementFilter@76457748, org.springframework.security.web.access.ExceptionTranslationFilter@5b1d4acc, org.springframework.security.web.access.intercept.AuthorizationFilter@691e09a0]
2026-05-16T01:10:07.017+05:30  INFO 25744 --- [payment-service] [main] o.s.cloud.commons.util.InetUtils         : Cannot determine local hostname
2026-05-16T01:10:07.033+05:30  INFO 25744 --- [payment-service] [main] DiscoveryClientOptionalArgsConfiguration : Eureka HTTP Client uses RestTemplate.
2026-05-16T01:10:07.112+05:30  WARN 25744 --- [payment-service] [main] iguration$LoadBalancerCaffeineWarnLogger : Spring Cloud LoadBalancer is currently working with the default cache. While this cache implementation is useful for development and tests, it's recommended to use Caffeine cache in production.You can switch to using Caffeine cache, by adding it and org.springframework.cache.caffeine.CaffeineCacheManager to the classpath.
2026-05-16T01:10:07.181+05:30  INFO 25744 --- [payment-service] [main] o.s.c.n.eureka.InstanceInfoFactory       : Setting initial instance status as: STARTING
2026-05-16T01:10:07.285+05:30  INFO 25744 --- [payment-service] [main] com.netflix.discovery.DiscoveryClient    : Initializing Eureka in region us-east-1
2026-05-16T01:10:07.290+05:30  INFO 25744 --- [payment-service] [main] c.n.d.s.r.aws.ConfigClusterResolver      : Resolving eureka endpoints via configuration
2026-05-16T01:10:07.317+05:30  INFO 25744 --- [payment-service] [main] com.netflix.discovery.DiscoveryClient    : Disable delta property : false
2026-05-16T01:10:07.318+05:30  INFO 25744 --- [payment-service] [main] com.netflix.discovery.DiscoveryClient    : Single vip registry refresh property : null
2026-05-16T01:10:07.318+05:30  INFO 25744 --- [payment-service] [main] com.netflix.discovery.DiscoveryClient    : Force full registry fetch : false
2026-05-16T01:10:07.318+05:30  INFO 25744 --- [payment-service] [main] com.netflix.discovery.DiscoveryClient    : Application is null : false
2026-05-16T01:10:07.318+05:30  INFO 25744 --- [payment-service] [main] com.netflix.discovery.DiscoveryClient    : Registered Applications size is zero : true
2026-05-16T01:10:07.318+05:30  INFO 25744 --- [payment-service] [main] com.netflix.discovery.DiscoveryClient    : Application version is -1: true
2026-05-16T01:10:07.318+05:30  INFO 25744 --- [payment-service] [main] com.netflix.discovery.DiscoveryClient    : Getting all instance registry info from the eureka server
2026-05-16T01:10:07.573+05:30  INFO 25744 --- [payment-service] [main] com.netflix.discovery.DiscoveryClient    : The response status is 200
2026-05-16T01:10:07.577+05:30  INFO 25744 --- [payment-service] [main] com.netflix.discovery.DiscoveryClient    : Starting heartbeat executor: renew interval is: 30
2026-05-16T01:10:07.580+05:30  INFO 25744 --- [payment-service] [main] c.n.discovery.InstanceInfoReplicator     : InstanceInfoReplicator onDemand update allowed rate per min is 4
2026-05-16T01:10:07.584+05:30  INFO 25744 --- [payment-service] [main] com.netflix.discovery.DiscoveryClient    : Discovery Client initialized at timestamp 1778874007584 with initial instances count: 9
2026-05-16T01:10:07.590+05:30  INFO 25744 --- [payment-service] [main] o.s.c.n.e.s.EurekaServiceRegistry        : Registering application PAYMENT-SERVICE with eureka with status UP
2026-05-16T01:10:07.591+05:30  INFO 25744 --- [payment-service] [main] com.netflix.discovery.DiscoveryClient    : Saw local status change event StatusChangeEvent [timestamp=1778874007591, current=UP, previous=STARTING]
2026-05-16T01:10:07.592+05:30  INFO 25744 --- [payment-service] [DiscoveryClient-InstanceInfoReplicator-0] com.netflix.discovery.DiscoveryClient    : DiscoveryClient_PAYMENT-SERVICE/localhost:payment-service:8086: registering service...
2026-05-16T01:10:07.618+05:30  INFO 25744 --- [payment-service] [main] c.p.p.PaymentServiceApplicationTests     : Started PaymentServiceApplicationTests in 14.86 seconds (process running for 19.919)
2026-05-16T01:10:07.626+05:30  INFO 25744 --- [payment-service] [main] c.p.payment.PaymentServiceApplication    : Executing database migration to alter pass_balances.status column to VARCHAR...
2026-05-16T01:10:07.657+05:30  INFO 25744 --- [payment-service] [DiscoveryClient-InstanceInfoReplicator-0] com.netflix.discovery.DiscoveryClient    : DiscoveryClient_PAYMENT-SERVICE/localhost:payment-service:8086 - registration status: 204
2026-05-16T01:10:07.740+05:30  INFO 25744 --- [payment-service] [main] c.p.payment.PaymentServiceApplication    : Migration successful.
2026-05-16T01:10:07.744+05:30 ERROR 25744 --- [payment-service] [registrationTask1] o.s.s.s.TaskUtils$LoggingErrorHandler    : Unexpected error occurred in scheduled task

java.lang.IllegalStateException: couldn't determine local port. Please set spring.boot.admin.client.instance.service-base-url.
	at de.codecentric.boot.admin.client.registration.DefaultApplicationFactory.getLocalServerPort(DefaultApplicationFactory.java:205) ~[spring-boot-admin-client-3.2.3.jar:3.2.3]
	at de.codecentric.boot.admin.client.registration.DefaultApplicationFactory.getServiceBaseUrl(DefaultApplicationFactory.java:109) ~[spring-boot-admin-client-3.2.3.jar:3.2.3]
	at de.codecentric.boot.admin.client.registration.ServletApplicationFactory.getServiceUrl(ServletApplicationFactory.java:62) ~[spring-boot-admin-client-3.2.3.jar:3.2.3]
	at de.codecentric.boot.admin.client.registration.ServletApplicationFactory.getManagementBaseUrl(ServletApplicationFactory.java:77) ~[spring-boot-admin-client-3.2.3.jar:3.2.3]
	at de.codecentric.boot.admin.client.registration.DefaultApplicationFactory.getHealthUrl(DefaultApplicationFactory.java:165) ~[spring-boot-admin-client-3.2.3.jar:3.2.3]
	at de.codecentric.boot.admin.client.registration.DefaultApplicationFactory.createApplication(DefaultApplicationFactory.java:80) ~[spring-boot-admin-client-3.2.3.jar:3.2.3]
	at de.codecentric.boot.admin.client.registration.DefaultApplicationRegistrator.register(DefaultApplicationRegistrator.java:56) ~[spring-boot-admin-client-3.2.3.jar:3.2.3]
	at org.springframework.scheduling.support.DelegatingErrorHandlingRunnable.run(DelegatingErrorHandlingRunnable.java:54) ~[spring-context-6.1.1.jar:6.1.1]
	at java.base/java.util.concurrent.Executors$RunnableAdapter.call(Executors.java:572) ~[na:na]
	at java.base/java.util.concurrent.FutureTask.runAndReset(FutureTask.java:358) ~[na:na]
	at java.base/java.util.concurrent.ScheduledThreadPoolExecutor$ScheduledFutureTask.run(ScheduledThreadPoolExecutor.java:305) ~[na:na]
	at java.base/java.util.concurrent.ThreadPoolExecutor.runWorker(ThreadPoolExecutor.java:1144) ~[na:na]
	at java.base/java.util.concurrent.ThreadPoolExecutor$Worker.run(ThreadPoolExecutor.java:642) ~[na:na]
	at java.base/java.lang.Thread.run(Thread.java:1583) ~[na:na]

2026-05-16T01:10:08.091+05:30 DEBUG 25744 --- [payment-service] [main] c.p.payment.security.JwtAuthFilter       : Authenticated: test@test.com [ROLE_DRIVER]
2026-05-16T01:10:08.097+05:30 ERROR 25744 --- [payment-service] [main] c.p.payment.security.JwtAuthFilter       : JWT filter error: Test Exception
2026-05-16T01:10:08.101+05:30 DEBUG 25744 --- [payment-service] [main] c.p.payment.security.JwtAuthFilter       : Authenticated: test@test.com [ROLE_DRIVER]
2026-05-16T01:10:08.569+05:30  INFO 25744 --- [payment-service] [main] c.p.payment.service.PaymentServiceImpl   : Processing refund for booking: 100
2026-05-16T01:10:08.572+05:30  INFO 25744 --- [payment-service] [main] c.p.payment.service.PaymentServiceImpl   : Razorpay refund created: refund_123
2026-05-16T01:10:08.578+05:30  INFO 25744 --- [payment-service] [main] c.p.payment.service.PaymentServiceImpl   : Processing refund for booking: 100
2026-05-16T01:10:08.578+05:30  INFO 25744 --- [payment-service] [main] c.p.payment.service.PaymentServiceImpl   : Razorpay refund created: refund_123
2026-05-16T01:10:08.638+05:30  INFO 25744 --- [payment-service] [main] c.p.payment.service.PaymentServiceImpl   : Creating Razorpay order for booking: 100 amount: Rs.150.0
2026-05-16T01:10:08.639+05:30  INFO 25744 --- [payment-service] [main] c.p.payment.service.PaymentServiceImpl   : Razorpay order created: order_123
2026-05-16T01:10:08.645+05:30  INFO 25744 --- [payment-service] [main] c.p.payment.service.PaymentServiceImpl   : Processing refund for booking: 999
2026-05-16T01:10:08.705+05:30  INFO 25744 --- [payment-service] [main] c.p.payment.service.PaymentServiceImpl   : Verifying payment for order: order_123
2026-05-16T01:10:08.706+05:30  INFO 25744 --- [payment-service] [main] c.p.payment.service.PaymentServiceImpl   : Payment 1 verified and marked as PAID
2026-05-16T01:10:08.724+05:30  INFO 25744 --- [payment-service] [main] c.p.payment.service.PaymentServiceImpl   : Creating Razorpay order for booking: 100 amount: Rs.150.0
2026-05-16T01:10:08.728+05:30  INFO 25744 --- [payment-service] [main] c.p.payment.service.PaymentServiceImpl   : Verifying payment for order: order_123
2026-05-16T01:10:08.728+05:30  INFO 25744 --- [payment-service] [main] c.p.payment.service.PaymentServiceImpl   : Payment 1 verified and marked as PAID
2026-05-16T01:10:08.734+05:30  INFO 25744 --- [payment-service] [main] c.p.payment.service.PaymentServiceImpl   : Verifying payment for order: order_123
2026-05-16T01:10:08.734+05:30  INFO 25744 --- [payment-service] [main] c.p.payment.service.PaymentServiceImpl   : Payment 1 verified and marked as PAID
2026-05-16T01:10:08.742+05:30  INFO 25744 --- [payment-service] [main] c.p.payment.service.PaymentServiceImpl   : Receipt missing for payment 1, regenerating...
2026-05-16T01:10:08.755+05:30  INFO 25744 --- [payment-service] [main] c.p.payment.service.PaymentServiceImpl   : Verifying payment for order: order_123
2026-05-16T01:10:08.755+05:30  WARN 25744 --- [payment-service] [main] c.p.payment.service.PaymentServiceImpl   : Invalid signature for order: order_123
2026-05-16T01:10:08.759+05:30  INFO 25744 --- [payment-service] [main] c.p.payment.service.PaymentServiceImpl   : Processing refund for booking: 100
2026-05-16T01:10:08.766+05:30  INFO 25744 --- [payment-service] [main] c.p.payment.service.PaymentServiceImpl   : Processing refund for booking: 100
2026-05-16T01:10:08.766+05:30 ERROR 25744 --- [payment-service] [main] c.p.payment.service.PaymentServiceImpl   : Refund failed for payment 1: Razorpay error
2026-05-16T01:10:08.771+05:30  INFO 25744 --- [payment-service] [main] c.p.payment.service.PaymentServiceImpl   : Receipt missing for payment 1, regenerating...
2026-05-16T01:10:08.776+05:30  INFO 25744 --- [payment-service] [main] c.p.payment.service.PaymentServiceImpl   : Creating Razorpay order for booking: 100 amount: Rs.150.0
2026-05-16T01:10:08.777+05:30 ERROR 25744 --- [payment-service] [main] c.p.payment.service.PaymentServiceImpl   : Razorpay order creation failed: Razorpay error
2026-05-16T01:10:08.782+05:30  INFO 25744 --- [payment-service] [main] c.p.payment.service.PaymentServiceImpl   : Verifying payment for order: order_123
2026-05-16T01:10:08.782+05:30  WARN 25744 --- [payment-service] [main] c.p.payment.service.PaymentServiceImpl   : Could not fetch payment method from Razorpay: Fetch error
2026-05-16T01:10:08.782+05:30  INFO 25744 --- [payment-service] [main] c.p.payment.service.PaymentServiceImpl   : Payment 1 verified and marked as PAID
2026-05-16T01:10:08.789+05:30  INFO 25744 --- [payment-service] [main] c.p.payment.service.PaymentServiceImpl   : Verifying payment for order: order_123
2026-05-16T01:10:08.790+05:30  INFO 25744 --- [payment-service] [main] c.p.payment.service.PaymentServiceImpl   : Payment 1 verified and marked as PAID
2026-05-16T01:10:08.793+05:30  INFO 25744 --- [payment-service] [main] c.p.payment.service.PaymentServiceImpl   : Verifying payment for order: order_not_found
2026-05-16T01:10:09.104+05:30  INFO 25744 --- [payment-service] [main] c.p.payment.service.ReceiptService       : Receipt generated: C:\Users\Hp\AppData\Local\Temp\junit8140038438480355513\ParkEase_Receipt_1.pdf
2026-05-16T01:10:09.123+05:30 ERROR 25744 --- [payment-service] [main] c.p.payment.service.ReceiptService       : Failed to create receipts directory: Z:\non_existent_drive\invalid: Unable to determine if root directory exists
2026-05-16T01:10:09.124+05:30 ERROR 25744 --- [payment-service] [main] c.p.payment.service.ReceiptService       : Failed to generate receipt for payment 1: Z:\non_existent_drive\invalid\ParkEase_Receipt_1.pdf (The system cannot find the path specified)
2026-05-16T01:10:09.193+05:30  WARN 25744 --- [payment-service] [main] com.parkease.payment.util.JwtUtil        : JWT invalid: JWT expired at 2026-05-15T19:40:04Z. Current time: 2026-05-15T19:40:09Z, a difference of 5191 milliseconds.  Allowed clock skew: 0 milliseconds.
2026-05-16T01:10:09.199+05:30  WARN 25744 --- [payment-service] [main] com.parkease.payment.util.JwtUtil        : JWT invalid: JWT strings must contain exactly 2 period characters. Found: 0
2026-05-16T01:10:09.235+05:30  INFO 25744 --- [payment-service] [SpringApplicationShutdownHook] o.s.c.n.e.s.EurekaServiceRegistry        : Unregistering application PAYMENT-SERVICE with eureka with status DOWN
2026-05-16T01:10:09.236+05:30  INFO 25744 --- [payment-service] [SpringApplicationShutdownHook] com.netflix.discovery.DiscoveryClient    : Saw local status change event StatusChangeEvent [timestamp=1778874009236, current=DOWN, previous=UP]
2026-05-16T01:10:09.236+05:30  INFO 25744 --- [payment-service] [DiscoveryClient-InstanceInfoReplicator-0] com.netflix.discovery.DiscoveryClient    : DiscoveryClient_PAYMENT-SERVICE/localhost:payment-service:8086: registering service...
2026-05-16T01:10:09.242+05:30  INFO 25744 --- [payment-service] [DiscoveryClient-InstanceInfoReplicator-0] com.netflix.discovery.DiscoveryClient    : DiscoveryClient_PAYMENT-SERVICE/localhost:payment-service:8086 - registration status: 204
2026-05-16T01:10:09.594+05:30  INFO 25744 --- [payment-service] [SpringApplicationShutdownHook] j.LocalContainerEntityManagerFactoryBean : Closing JPA EntityManagerFactory for persistence unit 'default'
2026-05-16T01:10:09.597+05:30  INFO 25744 --- [payment-service] [SpringApplicationShutdownHook] com.zaxxer.hikari.HikariDataSource       : HikariPool-1 - Shutdown initiated...
2026-05-16T01:10:09.606+05:30  INFO 25744 --- [payment-service] [SpringApplicationShutdownHook] com.zaxxer.hikari.HikariDataSource       : HikariPool-1 - Shutdown completed.
2026-05-16T01:10:09.606+05:30  INFO 25744 --- [payment-service] [SpringApplicationShutdownHook] com.netflix.discovery.DiscoveryClient    : Shutting down DiscoveryClient ...
2026-05-16T01:10:09.776+05:30  INFO 2620 --- [payment-service] [AsyncResolver-bootstrap-executor-0] c.n.d.s.r.aws.ConfigClusterResolver      : Resolving eureka endpoints via configuration
2026-05-16T01:10:12.622+05:30  INFO 25744 --- [payment-service] [SpringApplicationShutdownHook] com.netflix.discovery.DiscoveryClient    : Unregistering ...
2026-05-16T01:10:12.627+05:30  INFO 25744 --- [payment-service] [SpringApplicationShutdownHook] c.n.d.s.t.d.RedirectingEurekaHttpClient  : Request execution error. endpoint=DefaultEndpoint{ serviceUrl='http://localhost:8761/eureka/} exception=Connection pool shut down stacktrace=java.lang.IllegalStateException: Connection pool shut down
	at org.apache.hc.core5.util.Asserts.check(Asserts.java:38)
	at org.apache.hc.core5.pool.StrictConnPool.lease(StrictConnPool.java:176)
	at org.apache.hc.client5.http.impl.io.PoolingHttpClientConnectionManager.lease(PoolingHttpClientConnectionManager.java:298)
	at org.apache.hc.client5.http.impl.classic.InternalExecRuntime.acquireEndpoint(InternalExecRuntime.java:103)
	at org.apache.hc.client5.http.impl.classic.ConnectExec.execute(ConnectExec.java:125)
	at org.apache.hc.client5.http.impl.classic.ExecChainElement.execute(ExecChainElement.java:51)
	at org.apache.hc.client5.http.impl.classic.ProtocolExec.execute(ProtocolExec.java:192)
	at org.apache.hc.client5.http.impl.classic.ExecChainElement.execute(ExecChainElement.java:51)
	at org.apache.hc.client5.http.impl.classic.HttpRequestRetryExec.execute(HttpRequestRetryExec.java:96)
	at org.apache.hc.client5.http.impl.classic.ExecChainElement.execute(ExecChainElement.java:51)
	at org.apache.hc.client5.http.impl.classic.ContentCompressionExec.execute(ContentCompressionExec.java:152)
	at org.apache.hc.client5.http.impl.classic.ExecChainElement.execute(ExecChainElement.java:51)
	at org.apache.hc.client5.http.impl.classic.RedirectExec.execute(RedirectExec.java:115)
	at org.apache.hc.client5.http.impl.classic.ExecChainElement.execute(ExecChainElement.java:51)
	at org.apache.hc.client5.http.impl.classic.InternalHttpClient.doExecute(InternalHttpClient.java:170)
	at org.apache.hc.client5.http.impl.classic.CloseableHttpClient.execute(CloseableHttpClient.java:87)
	at org.apache.hc.client5.http.impl.classic.CloseableHttpClient.execute(CloseableHttpClient.java:55)
	at org.apache.hc.client5.http.classic.HttpClient.executeOpen(HttpClient.java:183)
	at org.springframework.http.client.HttpComponentsClientHttpRequest.executeInternal(HttpComponentsClientHttpRequest.java:95)
	at org.springframework.http.client.AbstractStreamingClientHttpRequest.executeInternal(AbstractStreamingClientHttpRequest.java:70)
	at org.springframework.http.client.AbstractClientHttpRequest.execute(AbstractClientHttpRequest.java:66)
	at org.springframework.http.client.InterceptingClientHttpRequest$InterceptingRequestExecution.execute(InterceptingClientHttpRequest.java:101)
	at org.springframework.cloud.netflix.eureka.http.RestTemplateTransportClientFactory.lambda$restTemplate$0(RestTemplateTransportClientFactory.java:143)
	at org.springframework.http.client.InterceptingClientHttpRequest$InterceptingRequestExecution.execute(InterceptingClientHttpRequest.java:87)
	at org.springframework.http.client.InterceptingClientHttpRequest.executeInternal(InterceptingClientHttpRequest.java:71)
	at org.springframework.http.client.AbstractBufferingClientHttpRequest.executeInternal(AbstractBufferingClientHttpRequest.java:48)
	at org.springframework.http.client.AbstractClientHttpRequest.execute(AbstractClientHttpRequest.java:66)
	at org.springframework.web.client.RestTemplate.doExecute(RestTemplate.java:879)
	at org.springframework.web.client.RestTemplate.execute(RestTemplate.java:781)
	at org.springframework.web.client.RestTemplate.exchange(RestTemplate.java:663)
	at org.springframework.cloud.netflix.eureka.http.RestTemplateEurekaHttpClient.cancel(RestTemplateEurekaHttpClient.java:87)
	at com.netflix.discovery.shared.transport.decorator.EurekaHttpClientDecorator$2.execute(EurekaHttpClientDecorator.java:74)
	at com.netflix.discovery.shared.transport.decorator.RedirectingEurekaHttpClient.execute(RedirectingEurekaHttpClient.java:91)
	at com.netflix.discovery.shared.transport.decorator.EurekaHttpClientDecorator.cancel(EurekaHttpClientDecorator.java:71)
	at com.netflix.discovery.shared.transport.decorator.EurekaHttpClientDecorator$2.execute(EurekaHttpClientDecorator.java:74)
	at com.netflix.discovery.shared.transport.decorator.RetryableEurekaHttpClient.execute(RetryableEurekaHttpClient.java:120)
	at com.netflix.discovery.shared.transport.decorator.EurekaHttpClientDecorator.cancel(EurekaHttpClientDecorator.java:71)
	at com.netflix.discovery.shared.transport.decorator.EurekaHttpClientDecorator$2.execute(EurekaHttpClientDecorator.java:74)
	at com.netflix.discovery.shared.transport.decorator.SessionedEurekaHttpClient.execute(SessionedEurekaHttpClient.java:77)
	at com.netflix.discovery.shared.transport.decorator.EurekaHttpClientDecorator.cancel(EurekaHttpClientDecorator.java:71)
	at com.netflix.discovery.DiscoveryClient.unregister(DiscoveryClient.java:916)
	at com.netflix.discovery.DiscoveryClient.shutdown(DiscoveryClient.java:892)
	at java.base/jdk.internal.reflect.DirectMethodHandleAccessor.invoke(DirectMethodHandleAccessor.java:103)
	at java.base/java.lang.reflect.Method.invoke(Method.java:580)
	at org.springframework.beans.factory.annotation.InitDestroyAnnotationBeanPostProcessor$LifecycleMethod.invoke(InitDestroyAnnotationBeanPostProcessor.java:457)
	at org.springframework.beans.factory.annotation.InitDestroyAnnotationBeanPostProcessor$LifecycleMetadata.invokeDestroyMethods(InitDestroyAnnotationBeanPostProcessor.java:415)
	at org.springframework.beans.factory.annotation.InitDestroyAnnotationBeanPostProcessor.postProcessBeforeDestruction(InitDestroyAnnotationBeanPostProcessor.java:239)
	at org.springframework.beans.factory.support.DisposableBeanAdapter.destroy(DisposableBeanAdapter.java:202)
	at org.springframework.beans.factory.support.DisposableBeanAdapter.run(DisposableBeanAdapter.java:195)
	at org.springframework.cloud.context.scope.GenericScope$BeanLifecycleWrapper.destroy(GenericScope.java:389)
	at org.springframework.cloud.context.scope.GenericScope.destroy(GenericScope.java:136)
	at org.springframework.beans.factory.support.DisposableBeanAdapter.destroy(DisposableBeanAdapter.java:211)
	at org.springframework.beans.factory.support.DefaultSingletonBeanRegistry.destroyBean(DefaultSingletonBeanRegistry.java:587)
	at org.springframework.beans.factory.support.DefaultSingletonBeanRegistry.destroySingleton(DefaultSingletonBeanRegistry.java:559)
	at org.springframework.beans.factory.support.DefaultListableBeanFactory.destroySingleton(DefaultListableBeanFactory.java:1200)
	at org.springframework.beans.factory.support.DefaultSingletonBeanRegistry.destroySingletons(DefaultSingletonBeanRegistry.java:520)
	at org.springframework.beans.factory.support.DefaultListableBeanFactory.destroySingletons(DefaultListableBeanFactory.java:1193)
	at org.springframework.context.support.AbstractApplicationContext.destroyBeans(AbstractApplicationContext.java:1125)
	at org.springframework.context.support.AbstractApplicationContext.doClose(AbstractApplicationContext.java:1086)
	at org.springframework.context.support.AbstractApplicationContext.close(AbstractApplicationContext.java:1037)
	at org.springframework.boot.SpringApplicationShutdownHook.closeAndWait(SpringApplicationShutdownHook.java:145)
	at java.base/java.lang.Iterable.forEach(Iterable.java:75)
	at org.springframework.boot.SpringApplicationShutdownHook.run(SpringApplicationShutdownHook.java:114)
	at java.base/java.lang.Thread.run(Thread.java:1583)

2026-05-16T01:10:12.628+05:30  WARN 25744 --- [payment-service] [SpringApplicationShutdownHook] c.n.d.s.t.d.RetryableEurekaHttpClient    : Request execution failed with message: Connection pool shut down
2026-05-16T01:10:12.633+05:30  INFO 25744 --- [payment-service] [SpringApplicationShutdownHook] c.n.d.s.t.d.RedirectingEurekaHttpClient  : Request execution error. endpoint=DefaultEndpoint{ serviceUrl='http://localhost:8761/eureka/}, exception=Connection pool shut down stacktrace=java.lang.IllegalStateException: Connection pool shut down
	at org.apache.hc.core5.util.Asserts.check(Asserts.java:38)
	at org.apache.hc.core5.pool.StrictConnPool.lease(StrictConnPool.java:176)
	at org.apache.hc.client5.http.impl.io.PoolingHttpClientConnectionManager.lease(PoolingHttpClientConnectionManager.java:298)
	at org.apache.hc.client5.http.impl.classic.InternalExecRuntime.acquireEndpoint(InternalExecRuntime.java:103)
	at org.apache.hc.client5.http.impl.classic.ConnectExec.execute(ConnectExec.java:125)
	at org.apache.hc.client5.http.impl.classic.ExecChainElement.execute(ExecChainElement.java:51)
	at org.apache.hc.client5.http.impl.classic.ProtocolExec.execute(ProtocolExec.java:192)
	at org.apache.hc.client5.http.impl.classic.ExecChainElement.execute(ExecChainElement.java:51)
	at org.apache.hc.client5.http.impl.classic.HttpRequestRetryExec.execute(HttpRequestRetryExec.java:96)
	at org.apache.hc.client5.http.impl.classic.ExecChainElement.execute(ExecChainElement.java:51)
	at org.apache.hc.client5.http.impl.classic.ContentCompressionExec.execute(ContentCompressionExec.java:152)
	at org.apache.hc.client5.http.impl.classic.ExecChainElement.execute(ExecChainElement.java:51)
	at org.apache.hc.client5.http.impl.classic.RedirectExec.execute(RedirectExec.java:115)
	at org.apache.hc.client5.http.impl.classic.ExecChainElement.execute(ExecChainElement.java:51)
	at org.apache.hc.client5.http.impl.classic.InternalHttpClient.doExecute(InternalHttpClient.java:170)
	at org.apache.hc.client5.http.impl.classic.CloseableHttpClient.execute(CloseableHttpClient.java:87)
	at org.apache.hc.client5.http.impl.classic.CloseableHttpClient.execute(CloseableHttpClient.java:55)
	at org.apache.hc.client5.http.classic.HttpClient.executeOpen(HttpClient.java:183)
	at org.springframework.http.client.HttpComponentsClientHttpRequest.executeInternal(HttpComponentsClientHttpRequest.java:95)
	at org.springframework.http.client.AbstractStreamingClientHttpRequest.executeInternal(AbstractStreamingClientHttpRequest.java:70)
	at org.springframework.http.client.AbstractClientHttpRequest.execute(AbstractClientHttpRequest.java:66)
	at org.springframework.http.client.InterceptingClientHttpRequest$InterceptingRequestExecution.execute(InterceptingClientHttpRequest.java:101)
	at org.springframework.cloud.netflix.eureka.http.RestTemplateTransportClientFactory.lambda$restTemplate$0(RestTemplateTransportClientFactory.java:143)
	at org.springframework.http.client.InterceptingClientHttpRequest$InterceptingRequestExecution.execute(InterceptingClientHttpRequest.java:87)
	at org.springframework.http.client.InterceptingClientHttpRequest.executeInternal(InterceptingClientHttpRequest.java:71)
	at org.springframework.http.client.AbstractBufferingClientHttpRequest.executeInternal(AbstractBufferingClientHttpRequest.java:48)
	at org.springframework.http.client.AbstractClientHttpRequest.execute(AbstractClientHttpRequest.java:66)
	at org.springframework.web.client.RestTemplate.doExecute(RestTemplate.java:879)
	at org.springframework.web.client.RestTemplate.execute(RestTemplate.java:781)
	at org.springframework.web.client.RestTemplate.exchange(RestTemplate.java:663)
	at org.springframework.cloud.netflix.eureka.http.RestTemplateEurekaHttpClient.cancel(RestTemplateEurekaHttpClient.java:87)
	at com.netflix.discovery.shared.transport.decorator.EurekaHttpClientDecorator$2.execute(EurekaHttpClientDecorator.java:74)
	at com.netflix.discovery.shared.transport.decorator.RedirectingEurekaHttpClient.executeOnNewServer(RedirectingEurekaHttpClient.java:121)
	at com.netflix.discovery.shared.transport.decorator.RedirectingEurekaHttpClient.execute(RedirectingEurekaHttpClient.java:80)
	at com.netflix.discovery.shared.transport.decorator.EurekaHttpClientDecorator.cancel(EurekaHttpClientDecorator.java:71)
	at com.netflix.discovery.shared.transport.decorator.EurekaHttpClientDecorator$2.execute(EurekaHttpClientDecorator.java:74)
	at com.netflix.discovery.shared.transport.decorator.RetryableEurekaHttpClient.execute(RetryableEurekaHttpClient.java:120)
	at com.netflix.discovery.shared.transport.decorator.EurekaHttpClientDecorator.cancel(EurekaHttpClientDecorator.java:71)
	at com.netflix.discovery.shared.transport.decorator.EurekaHttpClientDecorator$2.execute(EurekaHttpClientDecorator.java:74)
	at com.netflix.discovery.shared.transport.decorator.SessionedEurekaHttpClient.execute(SessionedEurekaHttpClient.java:77)
	at com.netflix.discovery.shared.transport.decorator.EurekaHttpClientDecorator.cancel(EurekaHttpClientDecorator.java:71)
	at com.netflix.discovery.DiscoveryClient.unregister(DiscoveryClient.java:916)
	at com.netflix.discovery.DiscoveryClient.shutdown(DiscoveryClient.java:892)
	at java.base/jdk.internal.reflect.DirectMethodHandleAccessor.invoke(DirectMethodHandleAccessor.java:103)
	at java.base/java.lang.reflect.Method.invoke(Method.java:580)
	at org.springframework.beans.factory.annotation.InitDestroyAnnotationBeanPostProcessor$LifecycleMethod.invoke(InitDestroyAnnotationBeanPostProcessor.java:457)
	at org.springframework.beans.factory.annotation.InitDestroyAnnotationBeanPostProcessor$LifecycleMetadata.invokeDestroyMethods(InitDestroyAnnotationBeanPostProcessor.java:415)
	at org.springframework.beans.factory.annotation.InitDestroyAnnotationBeanPostProcessor.postProcessBeforeDestruction(InitDestroyAnnotationBeanPostProcessor.java:239)
	at org.springframework.beans.factory.support.DisposableBeanAdapter.destroy(DisposableBeanAdapter.java:202)
	at org.springframework.beans.factory.support.DisposableBeanAdapter.run(DisposableBeanAdapter.java:195)
	at org.springframework.cloud.context.scope.GenericScope$BeanLifecycleWrapper.destroy(GenericScope.java:389)
	at org.springframework.cloud.context.scope.GenericScope.destroy(GenericScope.java:136)
	at org.springframework.beans.factory.support.DisposableBeanAdapter.destroy(DisposableBeanAdapter.java:211)
	at org.springframework.beans.factory.support.DefaultSingletonBeanRegistry.destroyBean(DefaultSingletonBeanRegistry.java:587)
	at org.springframework.beans.factory.support.DefaultSingletonBeanRegistry.destroySingleton(DefaultSingletonBeanRegistry.java:559)
	at org.springframework.beans.factory.support.DefaultListableBeanFactory.destroySingleton(DefaultListableBeanFactory.java:1200)
	at org.springframework.beans.factory.support.DefaultSingletonBeanRegistry.destroySingletons(DefaultSingletonBeanRegistry.java:520)
	at org.springframework.beans.factory.support.DefaultListableBeanFactory.destroySingletons(DefaultListableBeanFactory.java:1193)
	at org.springframework.context.support.AbstractApplicationContext.destroyBeans(AbstractApplicationContext.java:1125)
	at org.springframework.context.support.AbstractApplicationContext.doClose(AbstractApplicationContext.java:1086)
	at org.springframework.context.support.AbstractApplicationContext.close(AbstractApplicationContext.java:1037)
	at org.springframework.boot.SpringApplicationShutdownHook.closeAndWait(SpringApplicationShutdownHook.java:145)
	at java.base/java.lang.Iterable.forEach(Iterable.java:75)
	at org.springframework.boot.SpringApplicationShutdownHook.run(SpringApplicationShutdownHook.java:114)
	at java.base/java.lang.Thread.run(Thread.java:1583)

2026-05-16T01:10:12.633+05:30  WARN 25744 --- [payment-service] [SpringApplicationShutdownHook] c.n.d.s.t.d.RetryableEurekaHttpClient    : Request execution failed with message: Connection pool shut down
2026-05-16T01:10:12.633+05:30 ERROR 25744 --- [payment-service] [SpringApplicationShutdownHook] com.netflix.discovery.DiscoveryClient    : DiscoveryClient_PAYMENT-SERVICE/localhost:payment-service:8086 - de-registration failedCannot execute request on any known server

com.netflix.discovery.shared.transport.TransportException: Cannot execute request on any known server
	at com.netflix.discovery.shared.transport.decorator.RetryableEurekaHttpClient.execute(RetryableEurekaHttpClient.java:112) ~[eureka-client-2.0.2.jar:2.0.2]
	at com.netflix.discovery.shared.transport.decorator.EurekaHttpClientDecorator.cancel(EurekaHttpClientDecorator.java:71) ~[eureka-client-2.0.2.jar:2.0.2]
	at com.netflix.discovery.shared.transport.decorator.EurekaHttpClientDecorator$2.execute(EurekaHttpClientDecorator.java:74) ~[eureka-client-2.0.2.jar:2.0.2]
	at com.netflix.discovery.shared.transport.decorator.SessionedEurekaHttpClient.execute(SessionedEurekaHttpClient.java:77) ~[eureka-client-2.0.2.jar:2.0.2]
	at com.netflix.discovery.shared.transport.decorator.EurekaHttpClientDecorator.cancel(EurekaHttpClientDecorator.java:71) ~[eureka-client-2.0.2.jar:2.0.2]
	at com.netflix.discovery.DiscoveryClient.unregister(DiscoveryClient.java:916) ~[eureka-client-2.0.2.jar:2.0.2]
	at com.netflix.discovery.DiscoveryClient.shutdown(DiscoveryClient.java:892) ~[eureka-client-2.0.2.jar:2.0.2]
	at java.base/jdk.internal.reflect.DirectMethodHandleAccessor.invoke(DirectMethodHandleAccessor.java:103) ~[na:na]
	at java.base/java.lang.reflect.Method.invoke(Method.java:580) ~[na:na]
	at org.springframework.beans.factory.annotation.InitDestroyAnnotationBeanPostProcessor$LifecycleMethod.invoke(InitDestroyAnnotationBeanPostProcessor.java:457) ~[spring-beans-6.1.1.jar:6.1.1]
	at org.springframework.beans.factory.annotation.InitDestroyAnnotationBeanPostProcessor$LifecycleMetadata.invokeDestroyMethods(InitDestroyAnnotationBeanPostProcessor.java:415) ~[spring-beans-6.1.1.jar:6.1.1]
	at org.springframework.beans.factory.annotation.InitDestroyAnnotationBeanPostProcessor.postProcessBeforeDestruction(InitDestroyAnnotationBeanPostProcessor.java:239) ~[spring-beans-6.1.1.jar:6.1.1]
	at org.springframework.beans.factory.support.DisposableBeanAdapter.destroy(DisposableBeanAdapter.java:202) ~[spring-beans-6.1.1.jar:6.1.1]
	at org.springframework.beans.factory.support.DisposableBeanAdapter.run(DisposableBeanAdapter.java:195) ~[spring-beans-6.1.1.jar:6.1.1]
	at org.springframework.cloud.context.scope.GenericScope$BeanLifecycleWrapper.destroy(GenericScope.java:389) ~[spring-cloud-context-4.1.2.jar:4.1.2]
	at org.springframework.cloud.context.scope.GenericScope.destroy(GenericScope.java:136) ~[spring-cloud-context-4.1.2.jar:4.1.2]
	at org.springframework.beans.factory.support.DisposableBeanAdapter.destroy(DisposableBeanAdapter.java:211) ~[spring-beans-6.1.1.jar:6.1.1]
	at org.springframework.beans.factory.support.DefaultSingletonBeanRegistry.destroyBean(DefaultSingletonBeanRegistry.java:587) ~[spring-beans-6.1.1.jar:6.1.1]
	at org.springframework.beans.factory.support.DefaultSingletonBeanRegistry.destroySingleton(DefaultSingletonBeanRegistry.java:559) ~[spring-beans-6.1.1.jar:6.1.1]
	at org.springframework.beans.factory.support.DefaultListableBeanFactory.destroySingleton(DefaultListableBeanFactory.java:1200) ~[spring-beans-6.1.1.jar:6.1.1]
	at org.springframework.beans.factory.support.DefaultSingletonBeanRegistry.destroySingletons(DefaultSingletonBeanRegistry.java:520) ~[spring-beans-6.1.1.jar:6.1.1]
	at org.springframework.beans.factory.support.DefaultListableBeanFactory.destroySingletons(DefaultListableBeanFactory.java:1193) ~[spring-beans-6.1.1.jar:6.1.1]
	at org.springframework.context.support.AbstractApplicationContext.destroyBeans(AbstractApplicationContext.java:1125) ~[spring-context-6.1.1.jar:6.1.1]
	at org.springframework.context.support.AbstractApplicationContext.doClose(AbstractApplicationContext.java:1086) ~[spring-context-6.1.1.jar:6.1.1]
	at org.springframework.context.support.AbstractApplicationContext.close(AbstractApplicationContext.java:1037) ~[spring-context-6.1.1.jar:6.1.1]
	at org.springframework.boot.SpringApplicationShutdownHook.closeAndWait(SpringApplicationShutdownHook.java:145) ~[spring-boot-3.2.0.jar:3.2.0]
	at java.base/java.lang.Iterable.forEach(Iterable.java:75) ~[na:na]
	at org.springframework.boot.SpringApplicationShutdownHook.run(SpringApplicationShutdownHook.java:114) ~[spring-boot-3.2.0.jar:3.2.0]
	at java.base/java.lang.Thread.run(Thread.java:1583) ~[na:na]

2026-05-16T01:10:12.638+05:30  INFO 25744 --- [payment-service] [SpringApplicationShutdownHook] com.netflix.discovery.DiscoveryClient    : Completed shut down of DiscoveryClient
2026-05-16T01:15:09.777+05:30  INFO 2620 --- [payment-service] [AsyncResolver-bootstrap-executor-0] c.n.d.s.r.aws.ConfigClusterResolver      : Resolving eureka endpoints via configuration
2026-05-16T01:20:09.778+05:30  INFO 2620 --- [payment-service] [AsyncResolver-bootstrap-executor-0] c.n.d.s.r.aws.ConfigClusterResolver      : Resolving eureka endpoints via configuration
2026-05-16T01:25:09.795+05:30  INFO 2620 --- [payment-service] [AsyncResolver-bootstrap-executor-0] c.n.d.s.r.aws.ConfigClusterResolver      : Resolving eureka endpoints via configuration
2026-05-16T01:28:44.839+05:30  WARN 38588 --- [payment-service] [main] ory$DuplicateJsonObjectContextCustomizer : 

Found multiple occurrences of org.json.JSONObject on the class path:

	jar:file:/C:/Users/Hp/.m2/repository/org/json/json/20180130/json-20180130.jar!/org/json/JSONObject.class
	jar:file:/C:/Users/Hp/.m2/repository/com/vaadin/external/google/android-json/0.0.20131108.vaadin1/android-json-0.0.20131108.vaadin1.jar!/org/json/JSONObject.class

You may wish to exclude one of them to ensure predictable runtime behavior

2026-05-16T01:28:44.901+05:30  INFO 38588 --- [payment-service] [main] c.p.p.PaymentServiceApplicationTests     : Starting PaymentServiceApplicationTests using Java 21.0.10 with PID 38588 (started by Hp in C:\Users\Hp\Desktop\Parkease-Backend\payment-service)
2026-05-16T01:28:44.903+05:30 DEBUG 38588 --- [payment-service] [main] c.p.p.PaymentServiceApplicationTests     : Running with Spring Boot v3.2.0, Spring v6.1.1
2026-05-16T01:28:44.904+05:30  INFO 38588 --- [payment-service] [main] c.p.p.PaymentServiceApplicationTests     : No active profile set, falling back to 1 default profile: "default"
2026-05-16T01:28:47.126+05:30  INFO 38588 --- [payment-service] [main] .s.d.r.c.RepositoryConfigurationDelegate : Bootstrapping Spring Data JPA repositories in DEFAULT mode.
2026-05-16T01:28:47.393+05:30  INFO 38588 --- [payment-service] [main] .s.d.r.c.RepositoryConfigurationDelegate : Finished Spring Data repository scanning in 255 ms. Found 3 JPA repository interfaces.
2026-05-16T01:28:47.913+05:30  INFO 38588 --- [payment-service] [main] o.s.cloud.context.scope.GenericScope     : BeanFactory id=a6e8a90a-1a59-3898-95b0-95f633c348b2
2026-05-16T01:28:48.583+05:30  WARN 38588 --- [payment-service] [main] trationDelegate$BeanPostProcessorChecker : Bean 'org.springframework.cloud.client.loadbalancer.LoadBalancerAutoConfiguration$DeferringLoadBalancerInterceptorConfig' of type [org.springframework.cloud.client.loadbalancer.LoadBalancerAutoConfiguration$DeferringLoadBalancerInterceptorConfig] is not eligible for getting processed by all BeanPostProcessors (for example: not eligible for auto-proxying). The currently created BeanPostProcessor [lbRestClientPostProcessor] is declared through a non-static factory method on that class; consider declaring it as static instead.
2026-05-16T01:28:48.589+05:30  WARN 38588 --- [payment-service] [main] trationDelegate$BeanPostProcessorChecker : Bean 'deferringLoadBalancerInterceptor' of type [org.springframework.cloud.client.loadbalancer.DeferringLoadBalancerInterceptor] is not eligible for getting processed by all BeanPostProcessors (for example: not eligible for auto-proxying). Is this bean getting eagerly injected into a currently created BeanPostProcessor [lbRestClientPostProcessor]? Check the corresponding BeanPostProcessor declaration and its dependencies.
2026-05-16T01:28:48.954+05:30  INFO 38588 --- [payment-service] [main] o.hibernate.jpa.internal.util.LogHelper  : HHH000204: Processing PersistenceUnitInfo [name: default]
2026-05-16T01:28:49.061+05:30  INFO 38588 --- [payment-service] [main] org.hibernate.Version                    : HHH000412: Hibernate ORM core version 6.3.1.Final
2026-05-16T01:28:49.135+05:30  INFO 38588 --- [payment-service] [main] o.h.c.internal.RegionFactoryInitiator    : HHH000026: Second-level cache disabled
2026-05-16T01:28:49.327+05:30  INFO 38588 --- [payment-service] [main] o.s.o.j.p.SpringPersistenceUnitInfo      : No LoadTimeWeaver setup: ignoring JPA class transformer
2026-05-16T01:28:49.371+05:30  INFO 38588 --- [payment-service] [main] com.zaxxer.hikari.HikariDataSource       : HikariPool-1 - Starting...
2026-05-16T01:28:49.662+05:30  INFO 38588 --- [payment-service] [main] com.zaxxer.hikari.pool.HikariPool        : HikariPool-1 - Added connection com.mysql.cj.jdbc.ConnectionImpl@3369366d
2026-05-16T01:28:49.666+05:30  INFO 38588 --- [payment-service] [main] com.zaxxer.hikari.HikariDataSource       : HikariPool-1 - Start completed.
2026-05-16T01:28:49.769+05:30  WARN 38588 --- [payment-service] [main] org.hibernate.orm.deprecation            : HHH90000025: MySQLDialect does not need to be specified explicitly using 'hibernate.dialect' (remove the property setting and it will be selected by default)
2026-05-16T01:28:51.029+05:30  INFO 38588 --- [payment-service] [main] o.h.e.t.j.p.i.JtaPlatformInitiator       : HHH000489: No JTA platform available (set 'hibernate.transaction.jta.platform' to enable JTA platform integration)
2026-05-16T01:28:51.127+05:30  INFO 38588 --- [payment-service] [main] j.LocalContainerEntityManagerFactoryBean : Initialized JPA EntityManagerFactory for persistence unit 'default'
2026-05-16T01:28:51.966+05:30  INFO 38588 --- [payment-service] [main] c.p.payment.config.RazorpayConfig        : Initializing Razorpay client with key: rzp_test...
2026-05-16T01:28:52.859+05:30  INFO 38588 --- [payment-service] [main] o.s.d.j.r.query.QueryEnhancerFactory     : Hibernate is in classpath; If applicable, HQL parser will be used.
2026-05-16T01:28:53.974+05:30  WARN 38588 --- [payment-service] [main] JpaBaseConfiguration$JpaWebConfiguration : spring.jpa.open-in-view is enabled by default. Therefore, database queries may be performed during view rendering. Explicitly configure spring.jpa.open-in-view to disable this warning
2026-05-16T01:28:54.125+05:30  WARN 38588 --- [payment-service] [main] .s.s.UserDetailsServiceAutoConfiguration : 

Using generated security password: cc57fa7f-a422-4b03-b829-598d9ed9300f

This generated password is for development use only. Your security configuration must be updated before running your application in production.

2026-05-16T01:28:56.113+05:30  INFO 38588 --- [payment-service] [main] o.s.cloud.commons.util.InetUtils         : Cannot determine local hostname
2026-05-16T01:28:56.501+05:30  INFO 38588 --- [payment-service] [main] o.s.b.a.e.web.EndpointLinksResolver      : Exposing 17 endpoint(s) beneath base path '/actuator'
2026-05-16T01:28:56.630+05:30  INFO 38588 --- [payment-service] [main] o.s.s.web.DefaultSecurityFilterChain     : Will secure any request with [org.springframework.security.web.session.DisableEncodeUrlFilter@7c3089a9, org.springframework.security.web.context.request.async.WebAsyncManagerIntegrationFilter@71cbc980, org.springframework.security.web.context.SecurityContextHolderFilter@a2243db, org.springframework.security.web.header.HeaderWriterFilter@3479facb, org.springframework.web.filter.CorsFilter@5bd86fc3, org.springframework.security.web.authentication.logout.LogoutFilter@406db744, com.parkease.payment.security.JwtAuthFilter@161d59aa, org.springframework.security.web.savedrequest.RequestCacheAwareFilter@2e1933b6, org.springframework.security.web.servletapi.SecurityContextHolderAwareRequestFilter@1c9c3797, org.springframework.security.web.authentication.AnonymousAuthenticationFilter@639c6f31, org.springframework.security.web.session.SessionManagementFilter@5e301f2e, org.springframework.security.web.access.ExceptionTranslationFilter@3cdc766, org.springframework.security.web.access.intercept.AuthorizationFilter@283db68c]
2026-05-16T01:28:59.310+05:30  INFO 38588 --- [payment-service] [main] o.s.cloud.commons.util.InetUtils         : Cannot determine local hostname
2026-05-16T01:28:59.340+05:30  INFO 38588 --- [payment-service] [main] DiscoveryClientOptionalArgsConfiguration : Eureka HTTP Client uses RestTemplate.
2026-05-16T01:28:59.480+05:30  WARN 38588 --- [payment-service] [main] iguration$LoadBalancerCaffeineWarnLogger : Spring Cloud LoadBalancer is currently working with the default cache. While this cache implementation is useful for development and tests, it's recommended to use Caffeine cache in production.You can switch to using Caffeine cache, by adding it and org.springframework.cache.caffeine.CaffeineCacheManager to the classpath.
2026-05-16T01:28:59.597+05:30  INFO 38588 --- [payment-service] [main] o.s.c.n.eureka.InstanceInfoFactory       : Setting initial instance status as: STARTING
2026-05-16T01:28:59.776+05:30  INFO 38588 --- [payment-service] [main] com.netflix.discovery.DiscoveryClient    : Initializing Eureka in region us-east-1
2026-05-16T01:28:59.785+05:30  INFO 38588 --- [payment-service] [main] c.n.d.s.r.aws.ConfigClusterResolver      : Resolving eureka endpoints via configuration
2026-05-16T01:28:59.830+05:30  INFO 38588 --- [payment-service] [main] com.netflix.discovery.DiscoveryClient    : Disable delta property : false
2026-05-16T01:28:59.830+05:30  INFO 38588 --- [payment-service] [main] com.netflix.discovery.DiscoveryClient    : Single vip registry refresh property : null
2026-05-16T01:28:59.830+05:30  INFO 38588 --- [payment-service] [main] com.netflix.discovery.DiscoveryClient    : Force full registry fetch : false
2026-05-16T01:28:59.831+05:30  INFO 38588 --- [payment-service] [main] com.netflix.discovery.DiscoveryClient    : Application is null : false
2026-05-16T01:28:59.831+05:30  INFO 38588 --- [payment-service] [main] com.netflix.discovery.DiscoveryClient    : Registered Applications size is zero : true
2026-05-16T01:28:59.831+05:30  INFO 38588 --- [payment-service] [main] com.netflix.discovery.DiscoveryClient    : Application version is -1: true
2026-05-16T01:28:59.831+05:30  INFO 38588 --- [payment-service] [main] com.netflix.discovery.DiscoveryClient    : Getting all instance registry info from the eureka server
2026-05-16T01:29:00.272+05:30  INFO 38588 --- [payment-service] [main] com.netflix.discovery.DiscoveryClient    : The response status is 200
2026-05-16T01:29:00.275+05:30  INFO 38588 --- [payment-service] [main] com.netflix.discovery.DiscoveryClient    : Starting heartbeat executor: renew interval is: 30
2026-05-16T01:29:00.280+05:30  INFO 38588 --- [payment-service] [main] c.n.discovery.InstanceInfoReplicator     : InstanceInfoReplicator onDemand update allowed rate per min is 4
2026-05-16T01:29:00.287+05:30  INFO 38588 --- [payment-service] [main] com.netflix.discovery.DiscoveryClient    : Discovery Client initialized at timestamp 1778875140286 with initial instances count: 9
2026-05-16T01:29:00.297+05:30  INFO 38588 --- [payment-service] [main] o.s.c.n.e.s.EurekaServiceRegistry        : Registering application PAYMENT-SERVICE with eureka with status UP
2026-05-16T01:29:00.297+05:30  INFO 38588 --- [payment-service] [main] com.netflix.discovery.DiscoveryClient    : Saw local status change event StatusChangeEvent [timestamp=1778875140297, current=UP, previous=STARTING]
2026-05-16T01:29:00.299+05:30  INFO 38588 --- [payment-service] [DiscoveryClient-InstanceInfoReplicator-0] com.netflix.discovery.DiscoveryClient    : DiscoveryClient_PAYMENT-SERVICE/localhost:payment-service:8086: registering service...
2026-05-16T01:29:00.323+05:30  INFO 38588 --- [payment-service] [main] c.p.p.PaymentServiceApplicationTests     : Started PaymentServiceApplicationTests in 17.215 seconds (process running for 23.428)
2026-05-16T01:29:00.331+05:30  INFO 38588 --- [payment-service] [main] c.p.payment.PaymentServiceApplication    : Executing database migration to alter pass_balances.status column to VARCHAR...
2026-05-16T01:29:00.377+05:30  INFO 38588 --- [payment-service] [DiscoveryClient-InstanceInfoReplicator-0] com.netflix.discovery.DiscoveryClient    : DiscoveryClient_PAYMENT-SERVICE/localhost:payment-service:8086 - registration status: 204
2026-05-16T01:29:00.538+05:30  INFO 38588 --- [payment-service] [main] c.p.payment.PaymentServiceApplication    : Migration successful.
2026-05-16T01:29:00.543+05:30 ERROR 38588 --- [payment-service] [registrationTask1] o.s.s.s.TaskUtils$LoggingErrorHandler    : Unexpected error occurred in scheduled task

java.lang.IllegalStateException: couldn't determine local port. Please set spring.boot.admin.client.instance.service-base-url.
	at de.codecentric.boot.admin.client.registration.DefaultApplicationFactory.getLocalServerPort(DefaultApplicationFactory.java:205) ~[spring-boot-admin-client-3.2.3.jar:3.2.3]
	at de.codecentric.boot.admin.client.registration.DefaultApplicationFactory.getServiceBaseUrl(DefaultApplicationFactory.java:109) ~[spring-boot-admin-client-3.2.3.jar:3.2.3]
	at de.codecentric.boot.admin.client.registration.ServletApplicationFactory.getServiceUrl(ServletApplicationFactory.java:62) ~[spring-boot-admin-client-3.2.3.jar:3.2.3]
	at de.codecentric.boot.admin.client.registration.ServletApplicationFactory.getManagementBaseUrl(ServletApplicationFactory.java:77) ~[spring-boot-admin-client-3.2.3.jar:3.2.3]
	at de.codecentric.boot.admin.client.registration.DefaultApplicationFactory.getHealthUrl(DefaultApplicationFactory.java:165) ~[spring-boot-admin-client-3.2.3.jar:3.2.3]
	at de.codecentric.boot.admin.client.registration.DefaultApplicationFactory.createApplication(DefaultApplicationFactory.java:80) ~[spring-boot-admin-client-3.2.3.jar:3.2.3]
	at de.codecentric.boot.admin.client.registration.DefaultApplicationRegistrator.register(DefaultApplicationRegistrator.java:56) ~[spring-boot-admin-client-3.2.3.jar:3.2.3]
	at org.springframework.scheduling.support.DelegatingErrorHandlingRunnable.run(DelegatingErrorHandlingRunnable.java:54) ~[spring-context-6.1.1.jar:6.1.1]
	at java.base/java.util.concurrent.Executors$RunnableAdapter.call(Executors.java:572) ~[na:na]
	at java.base/java.util.concurrent.FutureTask.runAndReset(FutureTask.java:358) ~[na:na]
	at java.base/java.util.concurrent.ScheduledThreadPoolExecutor$ScheduledFutureTask.run(ScheduledThreadPoolExecutor.java:305) ~[na:na]
	at java.base/java.util.concurrent.ThreadPoolExecutor.runWorker(ThreadPoolExecutor.java:1144) ~[na:na]
	at java.base/java.util.concurrent.ThreadPoolExecutor$Worker.run(ThreadPoolExecutor.java:642) ~[na:na]
	at java.base/java.lang.Thread.run(Thread.java:1583) ~[na:na]

2026-05-16T01:29:00.992+05:30 DEBUG 38588 --- [payment-service] [main] c.p.payment.security.JwtAuthFilter       : Authenticated: test@test.com [ROLE_DRIVER]
2026-05-16T01:29:01.000+05:30 ERROR 38588 --- [payment-service] [main] c.p.payment.security.JwtAuthFilter       : JWT filter error: Test Exception
2026-05-16T01:29:01.005+05:30 DEBUG 38588 --- [payment-service] [main] c.p.payment.security.JwtAuthFilter       : Authenticated: test@test.com [ROLE_DRIVER]
2026-05-16T01:29:01.734+05:30  INFO 38588 --- [payment-service] [main] c.p.payment.service.PaymentServiceImpl   : Processing refund for booking: 100
2026-05-16T01:29:01.739+05:30  INFO 38588 --- [payment-service] [main] c.p.payment.service.PaymentServiceImpl   : Razorpay refund created: refund_123
2026-05-16T01:29:01.749+05:30  INFO 38588 --- [payment-service] [main] c.p.payment.service.PaymentServiceImpl   : Processing refund for booking: 100
2026-05-16T01:29:01.750+05:30  INFO 38588 --- [payment-service] [main] c.p.payment.service.PaymentServiceImpl   : Razorpay refund created: refund_123
2026-05-16T01:29:01.827+05:30  INFO 38588 --- [payment-service] [main] c.p.payment.service.PaymentServiceImpl   : Creating Razorpay order for booking: 100 amount: Rs.150.0
2026-05-16T01:29:01.830+05:30  INFO 38588 --- [payment-service] [main] c.p.payment.service.PaymentServiceImpl   : Razorpay order created: order_123
2026-05-16T01:29:01.839+05:30  INFO 38588 --- [payment-service] [main] c.p.payment.service.PaymentServiceImpl   : Processing refund for booking: 999
2026-05-16T01:29:01.918+05:30  INFO 38588 --- [payment-service] [main] c.p.payment.service.PaymentServiceImpl   : Verifying payment for order: order_123
2026-05-16T01:29:01.920+05:30  INFO 38588 --- [payment-service] [main] c.p.payment.service.PaymentServiceImpl   : Payment 1 verified and marked as PAID
2026-05-16T01:29:01.962+05:30  INFO 38588 --- [payment-service] [main] c.p.payment.service.PaymentServiceImpl   : Creating Razorpay order for booking: 100 amount: Rs.150.0
2026-05-16T01:29:01.969+05:30  INFO 38588 --- [payment-service] [main] c.p.payment.service.PaymentServiceImpl   : Verifying payment for order: order_123
2026-05-16T01:29:01.970+05:30  INFO 38588 --- [payment-service] [main] c.p.payment.service.PaymentServiceImpl   : Payment 1 verified and marked as PAID
2026-05-16T01:29:01.978+05:30  INFO 38588 --- [payment-service] [main] c.p.payment.service.PaymentServiceImpl   : Verifying payment for order: order_123
2026-05-16T01:29:01.979+05:30  INFO 38588 --- [payment-service] [main] c.p.payment.service.PaymentServiceImpl   : Payment 1 verified and marked as PAID
2026-05-16T01:29:01.990+05:30  INFO 38588 --- [payment-service] [main] c.p.payment.service.PaymentServiceImpl   : Receipt missing for payment 1, regenerating...
2026-05-16T01:29:02.009+05:30  INFO 38588 --- [payment-service] [main] c.p.payment.service.PaymentServiceImpl   : Verifying payment for order: order_123
2026-05-16T01:29:02.009+05:30  WARN 38588 --- [payment-service] [main] c.p.payment.service.PaymentServiceImpl   : Invalid signature for order: order_123
2026-05-16T01:29:02.014+05:30  INFO 38588 --- [payment-service] [main] c.p.payment.service.PaymentServiceImpl   : Processing refund for booking: 100
2026-05-16T01:29:02.024+05:30  INFO 38588 --- [payment-service] [main] c.p.payment.service.PaymentServiceImpl   : Processing refund for booking: 100
2026-05-16T01:29:02.025+05:30 ERROR 38588 --- [payment-service] [main] c.p.payment.service.PaymentServiceImpl   : Refund failed for payment 1: Razorpay error
2026-05-16T01:29:02.030+05:30  INFO 38588 --- [payment-service] [main] c.p.payment.service.PaymentServiceImpl   : Receipt missing for payment 1, regenerating...
2026-05-16T01:29:02.036+05:30  INFO 38588 --- [payment-service] [main] c.p.payment.service.PaymentServiceImpl   : Creating Razorpay order for booking: 100 amount: Rs.150.0
2026-05-16T01:29:02.037+05:30 ERROR 38588 --- [payment-service] [main] c.p.payment.service.PaymentServiceImpl   : Razorpay order creation failed: Razorpay error
2026-05-16T01:29:02.042+05:30  INFO 38588 --- [payment-service] [main] c.p.payment.service.PaymentServiceImpl   : Verifying payment for order: order_123
2026-05-16T01:29:02.043+05:30  WARN 38588 --- [payment-service] [main] c.p.payment.service.PaymentServiceImpl   : Could not fetch payment method from Razorpay: Fetch error
2026-05-16T01:29:02.043+05:30  INFO 38588 --- [payment-service] [main] c.p.payment.service.PaymentServiceImpl   : Payment 1 verified and marked as PAID
2026-05-16T01:29:02.050+05:30  INFO 38588 --- [payment-service] [main] c.p.payment.service.PaymentServiceImpl   : Verifying payment for order: order_123
2026-05-16T01:29:02.051+05:30  INFO 38588 --- [payment-service] [main] c.p.payment.service.PaymentServiceImpl   : Payment 1 verified and marked as PAID
2026-05-16T01:29:02.056+05:30  INFO 38588 --- [payment-service] [main] c.p.payment.service.PaymentServiceImpl   : Verifying payment for order: order_not_found
2026-05-16T01:29:02.584+05:30  INFO 38588 --- [payment-service] [main] c.p.payment.service.ReceiptService       : Receipt generated: C:\Users\Hp\AppData\Local\Temp\junit5481925300919464005\ParkEase_Receipt_1.pdf
2026-05-16T01:29:02.600+05:30 ERROR 38588 --- [payment-service] [main] c.p.payment.service.ReceiptService       : Failed to create receipts directory: Z:\non_existent_drive\invalid: Unable to determine if root directory exists
2026-05-16T01:29:02.600+05:30 ERROR 38588 --- [payment-service] [main] c.p.payment.service.ReceiptService       : Failed to generate receipt for payment 1: Z:\non_existent_drive\invalid\ParkEase_Receipt_1.pdf (The system cannot find the path specified)
2026-05-16T01:29:02.707+05:30  WARN 38588 --- [payment-service] [main] com.parkease.payment.util.JwtUtil        : JWT invalid: JWT expired at 2026-05-15T19:58:57Z. Current time: 2026-05-15T19:59:02Z, a difference of 5705 milliseconds.  Allowed clock skew: 0 milliseconds.
2026-05-16T01:29:02.718+05:30  WARN 38588 --- [payment-service] [main] com.parkease.payment.util.JwtUtil        : JWT invalid: JWT strings must contain exactly 2 period characters. Found: 0
2026-05-16T01:29:02.759+05:30  INFO 38588 --- [payment-service] [SpringApplicationShutdownHook] o.s.c.n.e.s.EurekaServiceRegistry        : Unregistering application PAYMENT-SERVICE with eureka with status DOWN
2026-05-16T01:29:02.760+05:30  INFO 38588 --- [payment-service] [SpringApplicationShutdownHook] com.netflix.discovery.DiscoveryClient    : Saw local status change event StatusChangeEvent [timestamp=1778875142760, current=DOWN, previous=UP]
2026-05-16T01:29:02.760+05:30  INFO 38588 --- [payment-service] [DiscoveryClient-InstanceInfoReplicator-0] com.netflix.discovery.DiscoveryClient    : DiscoveryClient_PAYMENT-SERVICE/localhost:payment-service:8086: registering service...
2026-05-16T01:29:02.770+05:30  INFO 38588 --- [payment-service] [DiscoveryClient-InstanceInfoReplicator-0] com.netflix.discovery.DiscoveryClient    : DiscoveryClient_PAYMENT-SERVICE/localhost:payment-service:8086 - registration status: 204
2026-05-16T01:29:03.227+05:30  INFO 38588 --- [payment-service] [SpringApplicationShutdownHook] j.LocalContainerEntityManagerFactoryBean : Closing JPA EntityManagerFactory for persistence unit 'default'
2026-05-16T01:29:03.231+05:30  INFO 38588 --- [payment-service] [SpringApplicationShutdownHook] com.zaxxer.hikari.HikariDataSource       : HikariPool-1 - Shutdown initiated...
2026-05-16T01:29:03.243+05:30  INFO 38588 --- [payment-service] [SpringApplicationShutdownHook] com.zaxxer.hikari.HikariDataSource       : HikariPool-1 - Shutdown completed.
2026-05-16T01:29:03.245+05:30  INFO 38588 --- [payment-service] [SpringApplicationShutdownHook] com.netflix.discovery.DiscoveryClient    : Shutting down DiscoveryClient ...
2026-05-16T01:29:06.263+05:30  INFO 38588 --- [payment-service] [SpringApplicationShutdownHook] com.netflix.discovery.DiscoveryClient    : Unregistering ...
2026-05-16T01:29:06.271+05:30  INFO 38588 --- [payment-service] [SpringApplicationShutdownHook] c.n.d.s.t.d.RedirectingEurekaHttpClient  : Request execution error. endpoint=DefaultEndpoint{ serviceUrl='http://localhost:8761/eureka/} exception=Connection pool shut down stacktrace=java.lang.IllegalStateException: Connection pool shut down
	at org.apache.hc.core5.util.Asserts.check(Asserts.java:38)
	at org.apache.hc.core5.pool.StrictConnPool.lease(StrictConnPool.java:176)
	at org.apache.hc.client5.http.impl.io.PoolingHttpClientConnectionManager.lease(PoolingHttpClientConnectionManager.java:298)
	at org.apache.hc.client5.http.impl.classic.InternalExecRuntime.acquireEndpoint(InternalExecRuntime.java:103)
	at org.apache.hc.client5.http.impl.classic.ConnectExec.execute(ConnectExec.java:125)
	at org.apache.hc.client5.http.impl.classic.ExecChainElement.execute(ExecChainElement.java:51)
	at org.apache.hc.client5.http.impl.classic.ProtocolExec.execute(ProtocolExec.java:192)
	at org.apache.hc.client5.http.impl.classic.ExecChainElement.execute(ExecChainElement.java:51)
	at org.apache.hc.client5.http.impl.classic.HttpRequestRetryExec.execute(HttpRequestRetryExec.java:96)
	at org.apache.hc.client5.http.impl.classic.ExecChainElement.execute(ExecChainElement.java:51)
	at org.apache.hc.client5.http.impl.classic.ContentCompressionExec.execute(ContentCompressionExec.java:152)
	at org.apache.hc.client5.http.impl.classic.ExecChainElement.execute(ExecChainElement.java:51)
	at org.apache.hc.client5.http.impl.classic.RedirectExec.execute(RedirectExec.java:115)
	at org.apache.hc.client5.http.impl.classic.ExecChainElement.execute(ExecChainElement.java:51)
	at org.apache.hc.client5.http.impl.classic.InternalHttpClient.doExecute(InternalHttpClient.java:170)
	at org.apache.hc.client5.http.impl.classic.CloseableHttpClient.execute(CloseableHttpClient.java:87)
	at org.apache.hc.client5.http.impl.classic.CloseableHttpClient.execute(CloseableHttpClient.java:55)
	at org.apache.hc.client5.http.classic.HttpClient.executeOpen(HttpClient.java:183)
	at org.springframework.http.client.HttpComponentsClientHttpRequest.executeInternal(HttpComponentsClientHttpRequest.java:95)
	at org.springframework.http.client.AbstractStreamingClientHttpRequest.executeInternal(AbstractStreamingClientHttpRequest.java:70)
	at org.springframework.http.client.AbstractClientHttpRequest.execute(AbstractClientHttpRequest.java:66)
	at org.springframework.http.client.InterceptingClientHttpRequest$InterceptingRequestExecution.execute(InterceptingClientHttpRequest.java:101)
	at org.springframework.cloud.netflix.eureka.http.RestTemplateTransportClientFactory.lambda$restTemplate$0(RestTemplateTransportClientFactory.java:143)
	at org.springframework.http.client.InterceptingClientHttpRequest$InterceptingRequestExecution.execute(InterceptingClientHttpRequest.java:87)
	at org.springframework.http.client.InterceptingClientHttpRequest.executeInternal(InterceptingClientHttpRequest.java:71)
	at org.springframework.http.client.AbstractBufferingClientHttpRequest.executeInternal(AbstractBufferingClientHttpRequest.java:48)
	at org.springframework.http.client.AbstractClientHttpRequest.execute(AbstractClientHttpRequest.java:66)
	at org.springframework.web.client.RestTemplate.doExecute(RestTemplate.java:879)
	at org.springframework.web.client.RestTemplate.execute(RestTemplate.java:781)
	at org.springframework.web.client.RestTemplate.exchange(RestTemplate.java:663)
	at org.springframework.cloud.netflix.eureka.http.RestTemplateEurekaHttpClient.cancel(RestTemplateEurekaHttpClient.java:87)
	at com.netflix.discovery.shared.transport.decorator.EurekaHttpClientDecorator$2.execute(EurekaHttpClientDecorator.java:74)
	at com.netflix.discovery.shared.transport.decorator.RedirectingEurekaHttpClient.execute(RedirectingEurekaHttpClient.java:91)
	at com.netflix.discovery.shared.transport.decorator.EurekaHttpClientDecorator.cancel(EurekaHttpClientDecorator.java:71)
	at com.netflix.discovery.shared.transport.decorator.EurekaHttpClientDecorator$2.execute(EurekaHttpClientDecorator.java:74)
	at com.netflix.discovery.shared.transport.decorator.RetryableEurekaHttpClient.execute(RetryableEurekaHttpClient.java:120)
	at com.netflix.discovery.shared.transport.decorator.EurekaHttpClientDecorator.cancel(EurekaHttpClientDecorator.java:71)
	at com.netflix.discovery.shared.transport.decorator.EurekaHttpClientDecorator$2.execute(EurekaHttpClientDecorator.java:74)
	at com.netflix.discovery.shared.transport.decorator.SessionedEurekaHttpClient.execute(SessionedEurekaHttpClient.java:77)
	at com.netflix.discovery.shared.transport.decorator.EurekaHttpClientDecorator.cancel(EurekaHttpClientDecorator.java:71)
	at com.netflix.discovery.DiscoveryClient.unregister(DiscoveryClient.java:916)
	at com.netflix.discovery.DiscoveryClient.shutdown(DiscoveryClient.java:892)
	at java.base/jdk.internal.reflect.DirectMethodHandleAccessor.invoke(DirectMethodHandleAccessor.java:103)
	at java.base/java.lang.reflect.Method.invoke(Method.java:580)
	at org.springframework.beans.factory.annotation.InitDestroyAnnotationBeanPostProcessor$LifecycleMethod.invoke(InitDestroyAnnotationBeanPostProcessor.java:457)
	at org.springframework.beans.factory.annotation.InitDestroyAnnotationBeanPostProcessor$LifecycleMetadata.invokeDestroyMethods(InitDestroyAnnotationBeanPostProcessor.java:415)
	at org.springframework.beans.factory.annotation.InitDestroyAnnotationBeanPostProcessor.postProcessBeforeDestruction(InitDestroyAnnotationBeanPostProcessor.java:239)
	at org.springframework.beans.factory.support.DisposableBeanAdapter.destroy(DisposableBeanAdapter.java:202)
	at org.springframework.beans.factory.support.DisposableBeanAdapter.run(DisposableBeanAdapter.java:195)
	at org.springframework.cloud.context.scope.GenericScope$BeanLifecycleWrapper.destroy(GenericScope.java:389)
	at org.springframework.cloud.context.scope.GenericScope.destroy(GenericScope.java:136)
	at org.springframework.beans.factory.support.DisposableBeanAdapter.destroy(DisposableBeanAdapter.java:211)
	at org.springframework.beans.factory.support.DefaultSingletonBeanRegistry.destroyBean(DefaultSingletonBeanRegistry.java:587)
	at org.springframework.beans.factory.support.DefaultSingletonBeanRegistry.destroySingleton(DefaultSingletonBeanRegistry.java:559)
	at org.springframework.beans.factory.support.DefaultListableBeanFactory.destroySingleton(DefaultListableBeanFactory.java:1200)
	at org.springframework.beans.factory.support.DefaultSingletonBeanRegistry.destroySingletons(DefaultSingletonBeanRegistry.java:520)
	at org.springframework.beans.factory.support.DefaultListableBeanFactory.destroySingletons(DefaultListableBeanFactory.java:1193)
	at org.springframework.context.support.AbstractApplicationContext.destroyBeans(AbstractApplicationContext.java:1125)
	at org.springframework.context.support.AbstractApplicationContext.doClose(AbstractApplicationContext.java:1086)
	at org.springframework.context.support.AbstractApplicationContext.close(AbstractApplicationContext.java:1037)
	at org.springframework.boot.SpringApplicationShutdownHook.closeAndWait(SpringApplicationShutdownHook.java:145)
	at java.base/java.lang.Iterable.forEach(Iterable.java:75)
	at org.springframework.boot.SpringApplicationShutdownHook.run(SpringApplicationShutdownHook.java:114)
	at java.base/java.lang.Thread.run(Thread.java:1583)

2026-05-16T01:29:06.271+05:30  WARN 38588 --- [payment-service] [SpringApplicationShutdownHook] c.n.d.s.t.d.RetryableEurekaHttpClient    : Request execution failed with message: Connection pool shut down
2026-05-16T01:29:06.276+05:30  INFO 38588 --- [payment-service] [SpringApplicationShutdownHook] c.n.d.s.t.d.RedirectingEurekaHttpClient  : Request execution error. endpoint=DefaultEndpoint{ serviceUrl='http://localhost:8761/eureka/}, exception=Connection pool shut down stacktrace=java.lang.IllegalStateException: Connection pool shut down
	at org.apache.hc.core5.util.Asserts.check(Asserts.java:38)
	at org.apache.hc.core5.pool.StrictConnPool.lease(StrictConnPool.java:176)
	at org.apache.hc.client5.http.impl.io.PoolingHttpClientConnectionManager.lease(PoolingHttpClientConnectionManager.java:298)
	at org.apache.hc.client5.http.impl.classic.InternalExecRuntime.acquireEndpoint(InternalExecRuntime.java:103)
	at org.apache.hc.client5.http.impl.classic.ConnectExec.execute(ConnectExec.java:125)
	at org.apache.hc.client5.http.impl.classic.ExecChainElement.execute(ExecChainElement.java:51)
	at org.apache.hc.client5.http.impl.classic.ProtocolExec.execute(ProtocolExec.java:192)
	at org.apache.hc.client5.http.impl.classic.ExecChainElement.execute(ExecChainElement.java:51)
	at org.apache.hc.client5.http.impl.classic.HttpRequestRetryExec.execute(HttpRequestRetryExec.java:96)
	at org.apache.hc.client5.http.impl.classic.ExecChainElement.execute(ExecChainElement.java:51)
	at org.apache.hc.client5.http.impl.classic.ContentCompressionExec.execute(ContentCompressionExec.java:152)
	at org.apache.hc.client5.http.impl.classic.ExecChainElement.execute(ExecChainElement.java:51)
	at org.apache.hc.client5.http.impl.classic.RedirectExec.execute(RedirectExec.java:115)
	at org.apache.hc.client5.http.impl.classic.ExecChainElement.execute(ExecChainElement.java:51)
	at org.apache.hc.client5.http.impl.classic.InternalHttpClient.doExecute(InternalHttpClient.java:170)
	at org.apache.hc.client5.http.impl.classic.CloseableHttpClient.execute(CloseableHttpClient.java:87)
	at org.apache.hc.client5.http.impl.classic.CloseableHttpClient.execute(CloseableHttpClient.java:55)
	at org.apache.hc.client5.http.classic.HttpClient.executeOpen(HttpClient.java:183)
	at org.springframework.http.client.HttpComponentsClientHttpRequest.executeInternal(HttpComponentsClientHttpRequest.java:95)
	at org.springframework.http.client.AbstractStreamingClientHttpRequest.executeInternal(AbstractStreamingClientHttpRequest.java:70)
	at org.springframework.http.client.AbstractClientHttpRequest.execute(AbstractClientHttpRequest.java:66)
	at org.springframework.http.client.InterceptingClientHttpRequest$InterceptingRequestExecution.execute(InterceptingClientHttpRequest.java:101)
	at org.springframework.cloud.netflix.eureka.http.RestTemplateTransportClientFactory.lambda$restTemplate$0(RestTemplateTransportClientFactory.java:143)
	at org.springframework.http.client.InterceptingClientHttpRequest$InterceptingRequestExecution.execute(InterceptingClientHttpRequest.java:87)
	at org.springframework.http.client.InterceptingClientHttpRequest.executeInternal(InterceptingClientHttpRequest.java:71)
	at org.springframework.http.client.AbstractBufferingClientHttpRequest.executeInternal(AbstractBufferingClientHttpRequest.java:48)
	at org.springframework.http.client.AbstractClientHttpRequest.execute(AbstractClientHttpRequest.java:66)
	at org.springframework.web.client.RestTemplate.doExecute(RestTemplate.java:879)
	at org.springframework.web.client.RestTemplate.execute(RestTemplate.java:781)
	at org.springframework.web.client.RestTemplate.exchange(RestTemplate.java:663)
	at org.springframework.cloud.netflix.eureka.http.RestTemplateEurekaHttpClient.cancel(RestTemplateEurekaHttpClient.java:87)
	at com.netflix.discovery.shared.transport.decorator.EurekaHttpClientDecorator$2.execute(EurekaHttpClientDecorator.java:74)
	at com.netflix.discovery.shared.transport.decorator.RedirectingEurekaHttpClient.executeOnNewServer(RedirectingEurekaHttpClient.java:121)
	at com.netflix.discovery.shared.transport.decorator.RedirectingEurekaHttpClient.execute(RedirectingEurekaHttpClient.java:80)
	at com.netflix.discovery.shared.transport.decorator.EurekaHttpClientDecorator.cancel(EurekaHttpClientDecorator.java:71)
	at com.netflix.discovery.shared.transport.decorator.EurekaHttpClientDecorator$2.execute(EurekaHttpClientDecorator.java:74)
	at com.netflix.discovery.shared.transport.decorator.RetryableEurekaHttpClient.execute(RetryableEurekaHttpClient.java:120)
	at com.netflix.discovery.shared.transport.decorator.EurekaHttpClientDecorator.cancel(EurekaHttpClientDecorator.java:71)
	at com.netflix.discovery.shared.transport.decorator.EurekaHttpClientDecorator$2.execute(EurekaHttpClientDecorator.java:74)
	at com.netflix.discovery.shared.transport.decorator.SessionedEurekaHttpClient.execute(SessionedEurekaHttpClient.java:77)
	at com.netflix.discovery.shared.transport.decorator.EurekaHttpClientDecorator.cancel(EurekaHttpClientDecorator.java:71)
	at com.netflix.discovery.DiscoveryClient.unregister(DiscoveryClient.java:916)
	at com.netflix.discovery.DiscoveryClient.shutdown(DiscoveryClient.java:892)
	at java.base/jdk.internal.reflect.DirectMethodHandleAccessor.invoke(DirectMethodHandleAccessor.java:103)
	at java.base/java.lang.reflect.Method.invoke(Method.java:580)
	at org.springframework.beans.factory.annotation.InitDestroyAnnotationBeanPostProcessor$LifecycleMethod.invoke(InitDestroyAnnotationBeanPostProcessor.java:457)
	at org.springframework.beans.factory.annotation.InitDestroyAnnotationBeanPostProcessor$LifecycleMetadata.invokeDestroyMethods(InitDestroyAnnotationBeanPostProcessor.java:415)
	at org.springframework.beans.factory.annotation.InitDestroyAnnotationBeanPostProcessor.postProcessBeforeDestruction(InitDestroyAnnotationBeanPostProcessor.java:239)
	at org.springframework.beans.factory.support.DisposableBeanAdapter.destroy(DisposableBeanAdapter.java:202)
	at org.springframework.beans.factory.support.DisposableBeanAdapter.run(DisposableBeanAdapter.java:195)
	at org.springframework.cloud.context.scope.GenericScope$BeanLifecycleWrapper.destroy(GenericScope.java:389)
	at org.springframework.cloud.context.scope.GenericScope.destroy(GenericScope.java:136)
	at org.springframework.beans.factory.support.DisposableBeanAdapter.destroy(DisposableBeanAdapter.java:211)
	at org.springframework.beans.factory.support.DefaultSingletonBeanRegistry.destroyBean(DefaultSingletonBeanRegistry.java:587)
	at org.springframework.beans.factory.support.DefaultSingletonBeanRegistry.destroySingleton(DefaultSingletonBeanRegistry.java:559)
	at org.springframework.beans.factory.support.DefaultListableBeanFactory.destroySingleton(DefaultListableBeanFactory.java:1200)
	at org.springframework.beans.factory.support.DefaultSingletonBeanRegistry.destroySingletons(DefaultSingletonBeanRegistry.java:520)
	at org.springframework.beans.factory.support.DefaultListableBeanFactory.destroySingletons(DefaultListableBeanFactory.java:1193)
	at org.springframework.context.support.AbstractApplicationContext.destroyBeans(AbstractApplicationContext.java:1125)
	at org.springframework.context.support.AbstractApplicationContext.doClose(AbstractApplicationContext.java:1086)
	at org.springframework.context.support.AbstractApplicationContext.close(AbstractApplicationContext.java:1037)
	at org.springframework.boot.SpringApplicationShutdownHook.closeAndWait(SpringApplicationShutdownHook.java:145)
	at java.base/java.lang.Iterable.forEach(Iterable.java:75)
	at org.springframework.boot.SpringApplicationShutdownHook.run(SpringApplicationShutdownHook.java:114)
	at java.base/java.lang.Thread.run(Thread.java:1583)

2026-05-16T01:29:06.277+05:30  WARN 38588 --- [payment-service] [SpringApplicationShutdownHook] c.n.d.s.t.d.RetryableEurekaHttpClient    : Request execution failed with message: Connection pool shut down
2026-05-16T01:29:06.277+05:30 ERROR 38588 --- [payment-service] [SpringApplicationShutdownHook] com.netflix.discovery.DiscoveryClient    : DiscoveryClient_PAYMENT-SERVICE/localhost:payment-service:8086 - de-registration failedCannot execute request on any known server

com.netflix.discovery.shared.transport.TransportException: Cannot execute request on any known server
	at com.netflix.discovery.shared.transport.decorator.RetryableEurekaHttpClient.execute(RetryableEurekaHttpClient.java:112) ~[eureka-client-2.0.2.jar:2.0.2]
	at com.netflix.discovery.shared.transport.decorator.EurekaHttpClientDecorator.cancel(EurekaHttpClientDecorator.java:71) ~[eureka-client-2.0.2.jar:2.0.2]
	at com.netflix.discovery.shared.transport.decorator.EurekaHttpClientDecorator$2.execute(EurekaHttpClientDecorator.java:74) ~[eureka-client-2.0.2.jar:2.0.2]
	at com.netflix.discovery.shared.transport.decorator.SessionedEurekaHttpClient.execute(SessionedEurekaHttpClient.java:77) ~[eureka-client-2.0.2.jar:2.0.2]
	at com.netflix.discovery.shared.transport.decorator.EurekaHttpClientDecorator.cancel(EurekaHttpClientDecorator.java:71) ~[eureka-client-2.0.2.jar:2.0.2]
	at com.netflix.discovery.DiscoveryClient.unregister(DiscoveryClient.java:916) ~[eureka-client-2.0.2.jar:2.0.2]
	at com.netflix.discovery.DiscoveryClient.shutdown(DiscoveryClient.java:892) ~[eureka-client-2.0.2.jar:2.0.2]
	at java.base/jdk.internal.reflect.DirectMethodHandleAccessor.invoke(DirectMethodHandleAccessor.java:103) ~[na:na]
	at java.base/java.lang.reflect.Method.invoke(Method.java:580) ~[na:na]
	at org.springframework.beans.factory.annotation.InitDestroyAnnotationBeanPostProcessor$LifecycleMethod.invoke(InitDestroyAnnotationBeanPostProcessor.java:457) ~[spring-beans-6.1.1.jar:6.1.1]
	at org.springframework.beans.factory.annotation.InitDestroyAnnotationBeanPostProcessor$LifecycleMetadata.invokeDestroyMethods(InitDestroyAnnotationBeanPostProcessor.java:415) ~[spring-beans-6.1.1.jar:6.1.1]
	at org.springframework.beans.factory.annotation.InitDestroyAnnotationBeanPostProcessor.postProcessBeforeDestruction(InitDestroyAnnotationBeanPostProcessor.java:239) ~[spring-beans-6.1.1.jar:6.1.1]
	at org.springframework.beans.factory.support.DisposableBeanAdapter.destroy(DisposableBeanAdapter.java:202) ~[spring-beans-6.1.1.jar:6.1.1]
	at org.springframework.beans.factory.support.DisposableBeanAdapter.run(DisposableBeanAdapter.java:195) ~[spring-beans-6.1.1.jar:6.1.1]
	at org.springframework.cloud.context.scope.GenericScope$BeanLifecycleWrapper.destroy(GenericScope.java:389) ~[spring-cloud-context-4.1.2.jar:4.1.2]
	at org.springframework.cloud.context.scope.GenericScope.destroy(GenericScope.java:136) ~[spring-cloud-context-4.1.2.jar:4.1.2]
	at org.springframework.beans.factory.support.DisposableBeanAdapter.destroy(DisposableBeanAdapter.java:211) ~[spring-beans-6.1.1.jar:6.1.1]
	at org.springframework.beans.factory.support.DefaultSingletonBeanRegistry.destroyBean(DefaultSingletonBeanRegistry.java:587) ~[spring-beans-6.1.1.jar:6.1.1]
	at org.springframework.beans.factory.support.DefaultSingletonBeanRegistry.destroySingleton(DefaultSingletonBeanRegistry.java:559) ~[spring-beans-6.1.1.jar:6.1.1]
	at org.springframework.beans.factory.support.DefaultListableBeanFactory.destroySingleton(DefaultListableBeanFactory.java:1200) ~[spring-beans-6.1.1.jar:6.1.1]
	at org.springframework.beans.factory.support.DefaultSingletonBeanRegistry.destroySingletons(DefaultSingletonBeanRegistry.java:520) ~[spring-beans-6.1.1.jar:6.1.1]
	at org.springframework.beans.factory.support.DefaultListableBeanFactory.destroySingletons(DefaultListableBeanFactory.java:1193) ~[spring-beans-6.1.1.jar:6.1.1]
	at org.springframework.context.support.AbstractApplicationContext.destroyBeans(AbstractApplicationContext.java:1125) ~[spring-context-6.1.1.jar:6.1.1]
	at org.springframework.context.support.AbstractApplicationContext.doClose(AbstractApplicationContext.java:1086) ~[spring-context-6.1.1.jar:6.1.1]
	at org.springframework.context.support.AbstractApplicationContext.close(AbstractApplicationContext.java:1037) ~[spring-context-6.1.1.jar:6.1.1]
	at org.springframework.boot.SpringApplicationShutdownHook.closeAndWait(SpringApplicationShutdownHook.java:145) ~[spring-boot-3.2.0.jar:3.2.0]
	at java.base/java.lang.Iterable.forEach(Iterable.java:75) ~[na:na]
	at org.springframework.boot.SpringApplicationShutdownHook.run(SpringApplicationShutdownHook.java:114) ~[spring-boot-3.2.0.jar:3.2.0]
	at java.base/java.lang.Thread.run(Thread.java:1583) ~[na:na]

2026-05-16T01:29:06.285+05:30  INFO 38588 --- [payment-service] [SpringApplicationShutdownHook] com.netflix.discovery.DiscoveryClient    : Completed shut down of DiscoveryClient
2026-05-16T01:30:09.801+05:30  INFO 2620 --- [payment-service] [AsyncResolver-bootstrap-executor-0] c.n.d.s.r.aws.ConfigClusterResolver      : Resolving eureka endpoints via configuration
2026-05-16T01:35:09.818+05:30  INFO 2620 --- [payment-service] [AsyncResolver-bootstrap-executor-0] c.n.d.s.r.aws.ConfigClusterResolver      : Resolving eureka endpoints via configuration
2026-05-16T01:36:48.608+05:30  WARN 25832 --- [payment-service] [main] ory$DuplicateJsonObjectContextCustomizer : 

Found multiple occurrences of org.json.JSONObject on the class path:

	jar:file:/C:/Users/Hp/.m2/repository/org/json/json/20180130/json-20180130.jar!/org/json/JSONObject.class
	jar:file:/C:/Users/Hp/.m2/repository/com/vaadin/external/google/android-json/0.0.20131108.vaadin1/android-json-0.0.20131108.vaadin1.jar!/org/json/JSONObject.class

You may wish to exclude one of them to ensure predictable runtime behavior

2026-05-16T01:36:48.691+05:30  INFO 25832 --- [payment-service] [main] c.p.p.PaymentServiceApplicationTests     : Starting PaymentServiceApplicationTests using Java 21.0.10 with PID 25832 (started by Hp in C:\Users\Hp\Desktop\Parkease-Backend\payment-service)
2026-05-16T01:36:48.694+05:30 DEBUG 25832 --- [payment-service] [main] c.p.p.PaymentServiceApplicationTests     : Running with Spring Boot v3.2.0, Spring v6.1.1
2026-05-16T01:36:48.698+05:30  INFO 25832 --- [payment-service] [main] c.p.p.PaymentServiceApplicationTests     : No active profile set, falling back to 1 default profile: "default"
2026-05-16T01:36:51.982+05:30  INFO 25832 --- [payment-service] [main] .s.d.r.c.RepositoryConfigurationDelegate : Bootstrapping Spring Data JPA repositories in DEFAULT mode.
2026-05-16T01:36:52.387+05:30  INFO 25832 --- [payment-service] [main] .s.d.r.c.RepositoryConfigurationDelegate : Finished Spring Data repository scanning in 385 ms. Found 3 JPA repository interfaces.
2026-05-16T01:36:52.967+05:30  INFO 25832 --- [payment-service] [main] o.s.cloud.context.scope.GenericScope     : BeanFactory id=a6e8a90a-1a59-3898-95b0-95f633c348b2
2026-05-16T01:36:53.879+05:30  WARN 25832 --- [payment-service] [main] trationDelegate$BeanPostProcessorChecker : Bean 'org.springframework.cloud.client.loadbalancer.LoadBalancerAutoConfiguration$DeferringLoadBalancerInterceptorConfig' of type [org.springframework.cloud.client.loadbalancer.LoadBalancerAutoConfiguration$DeferringLoadBalancerInterceptorConfig] is not eligible for getting processed by all BeanPostProcessors (for example: not eligible for auto-proxying). The currently created BeanPostProcessor [lbRestClientPostProcessor] is declared through a non-static factory method on that class; consider declaring it as static instead.
2026-05-16T01:36:53.887+05:30  WARN 25832 --- [payment-service] [main] trationDelegate$BeanPostProcessorChecker : Bean 'deferringLoadBalancerInterceptor' of type [org.springframework.cloud.client.loadbalancer.DeferringLoadBalancerInterceptor] is not eligible for getting processed by all BeanPostProcessors (for example: not eligible for auto-proxying). Is this bean getting eagerly injected into a currently created BeanPostProcessor [lbRestClientPostProcessor]? Check the corresponding BeanPostProcessor declaration and its dependencies.
2026-05-16T01:36:54.325+05:30  INFO 25832 --- [payment-service] [main] o.hibernate.jpa.internal.util.LogHelper  : HHH000204: Processing PersistenceUnitInfo [name: default]
2026-05-16T01:36:54.450+05:30  INFO 25832 --- [payment-service] [main] org.hibernate.Version                    : HHH000412: Hibernate ORM core version 6.3.1.Final
2026-05-16T01:36:54.524+05:30  INFO 25832 --- [payment-service] [main] o.h.c.internal.RegionFactoryInitiator    : HHH000026: Second-level cache disabled
2026-05-16T01:36:54.745+05:30  INFO 25832 --- [payment-service] [main] o.s.o.j.p.SpringPersistenceUnitInfo      : No LoadTimeWeaver setup: ignoring JPA class transformer
2026-05-16T01:36:54.801+05:30  INFO 25832 --- [payment-service] [main] com.zaxxer.hikari.HikariDataSource       : HikariPool-1 - Starting...
2026-05-16T01:36:55.120+05:30  INFO 25832 --- [payment-service] [main] com.zaxxer.hikari.pool.HikariPool        : HikariPool-1 - Added connection com.mysql.cj.jdbc.ConnectionImpl@5ec112cf
2026-05-16T01:36:55.124+05:30  INFO 25832 --- [payment-service] [main] com.zaxxer.hikari.HikariDataSource       : HikariPool-1 - Start completed.
2026-05-16T01:36:55.218+05:30  WARN 25832 --- [payment-service] [main] org.hibernate.orm.deprecation            : HHH90000025: MySQLDialect does not need to be specified explicitly using 'hibernate.dialect' (remove the property setting and it will be selected by default)
2026-05-16T01:36:56.674+05:30  INFO 25832 --- [payment-service] [main] o.h.e.t.j.p.i.JtaPlatformInitiator       : HHH000489: No JTA platform available (set 'hibernate.transaction.jta.platform' to enable JTA platform integration)
2026-05-16T01:36:56.774+05:30  INFO 25832 --- [payment-service] [main] j.LocalContainerEntityManagerFactoryBean : Initialized JPA EntityManagerFactory for persistence unit 'default'
2026-05-16T01:36:57.707+05:30  INFO 25832 --- [payment-service] [main] c.p.payment.config.RazorpayConfig        : Initializing Razorpay client with key: rzp_test...
2026-05-16T01:36:58.731+05:30  INFO 25832 --- [payment-service] [main] o.s.d.j.r.query.QueryEnhancerFactory     : Hibernate is in classpath; If applicable, HQL parser will be used.
2026-05-16T01:36:59.987+05:30  WARN 25832 --- [payment-service] [main] JpaBaseConfiguration$JpaWebConfiguration : spring.jpa.open-in-view is enabled by default. Therefore, database queries may be performed during view rendering. Explicitly configure spring.jpa.open-in-view to disable this warning
2026-05-16T01:37:00.175+05:30  WARN 25832 --- [payment-service] [main] .s.s.UserDetailsServiceAutoConfiguration : 

Using generated security password: 625f0ca8-1f47-4662-85f2-701d488a68b5

This generated password is for development use only. Your security configuration must be updated before running your application in production.

2026-05-16T01:37:02.165+05:30  INFO 25832 --- [payment-service] [main] o.s.cloud.commons.util.InetUtils         : Cannot determine local hostname
2026-05-16T01:37:02.603+05:30  INFO 25832 --- [payment-service] [main] o.s.b.a.e.web.EndpointLinksResolver      : Exposing 17 endpoint(s) beneath base path '/actuator'
2026-05-16T01:37:02.729+05:30  INFO 25832 --- [payment-service] [main] o.s.s.web.DefaultSecurityFilterChain     : Will secure any request with [org.springframework.security.web.session.DisableEncodeUrlFilter@176fd34b, org.springframework.security.web.context.request.async.WebAsyncManagerIntegrationFilter@13ae1cd0, org.springframework.security.web.context.SecurityContextHolderFilter@4078ff0, org.springframework.security.web.header.HeaderWriterFilter@53e62476, org.springframework.web.filter.CorsFilter@cd661f4, org.springframework.security.web.authentication.logout.LogoutFilter@424e5e30, com.parkease.payment.security.JwtAuthFilter@7476a4b5, org.springframework.security.web.savedrequest.RequestCacheAwareFilter@213c3af5, org.springframework.security.web.servletapi.SecurityContextHolderAwareRequestFilter@ea6ced7, org.springframework.security.web.authentication.AnonymousAuthenticationFilter@1a30a359, org.springframework.security.web.session.SessionManagementFilter@2d385fe1, org.springframework.security.web.access.ExceptionTranslationFilter@42b9ed71, org.springframework.security.web.access.intercept.AuthorizationFilter@4b392b0c]
2026-05-16T01:37:05.154+05:30  INFO 25832 --- [payment-service] [main] o.s.cloud.commons.util.InetUtils         : Cannot determine local hostname
2026-05-16T01:37:05.175+05:30  INFO 25832 --- [payment-service] [main] DiscoveryClientOptionalArgsConfiguration : Eureka HTTP Client uses RestTemplate.
2026-05-16T01:37:05.293+05:30  WARN 25832 --- [payment-service] [main] iguration$LoadBalancerCaffeineWarnLogger : Spring Cloud LoadBalancer is currently working with the default cache. While this cache implementation is useful for development and tests, it's recommended to use Caffeine cache in production.You can switch to using Caffeine cache, by adding it and org.springframework.cache.caffeine.CaffeineCacheManager to the classpath.
2026-05-16T01:37:05.383+05:30  INFO 25832 --- [payment-service] [main] o.s.c.n.eureka.InstanceInfoFactory       : Setting initial instance status as: STARTING
2026-05-16T01:37:05.532+05:30  INFO 25832 --- [payment-service] [main] com.netflix.discovery.DiscoveryClient    : Initializing Eureka in region us-east-1
2026-05-16T01:37:05.541+05:30  INFO 25832 --- [payment-service] [main] c.n.d.s.r.aws.ConfigClusterResolver      : Resolving eureka endpoints via configuration
2026-05-16T01:37:05.593+05:30  INFO 25832 --- [payment-service] [main] com.netflix.discovery.DiscoveryClient    : Disable delta property : false
2026-05-16T01:37:05.594+05:30  INFO 25832 --- [payment-service] [main] com.netflix.discovery.DiscoveryClient    : Single vip registry refresh property : null
2026-05-16T01:37:05.594+05:30  INFO 25832 --- [payment-service] [main] com.netflix.discovery.DiscoveryClient    : Force full registry fetch : false
2026-05-16T01:37:05.594+05:30  INFO 25832 --- [payment-service] [main] com.netflix.discovery.DiscoveryClient    : Application is null : false
2026-05-16T01:37:05.594+05:30  INFO 25832 --- [payment-service] [main] com.netflix.discovery.DiscoveryClient    : Registered Applications size is zero : true
2026-05-16T01:37:05.594+05:30  INFO 25832 --- [payment-service] [main] com.netflix.discovery.DiscoveryClient    : Application version is -1: true
2026-05-16T01:37:05.595+05:30  INFO 25832 --- [payment-service] [main] com.netflix.discovery.DiscoveryClient    : Getting all instance registry info from the eureka server
2026-05-16T01:37:05.989+05:30  INFO 25832 --- [payment-service] [main] com.netflix.discovery.DiscoveryClient    : The response status is 200
2026-05-16T01:37:05.995+05:30  INFO 25832 --- [payment-service] [main] com.netflix.discovery.DiscoveryClient    : Starting heartbeat executor: renew interval is: 30
2026-05-16T01:37:05.998+05:30  INFO 25832 --- [payment-service] [main] c.n.discovery.InstanceInfoReplicator     : InstanceInfoReplicator onDemand update allowed rate per min is 4
2026-05-16T01:37:06.007+05:30  INFO 25832 --- [payment-service] [main] com.netflix.discovery.DiscoveryClient    : Discovery Client initialized at timestamp 1778875626007 with initial instances count: 9
2026-05-16T01:37:06.022+05:30  INFO 25832 --- [payment-service] [main] o.s.c.n.e.s.EurekaServiceRegistry        : Registering application PAYMENT-SERVICE with eureka with status UP
2026-05-16T01:37:06.023+05:30  INFO 25832 --- [payment-service] [main] com.netflix.discovery.DiscoveryClient    : Saw local status change event StatusChangeEvent [timestamp=1778875626023, current=UP, previous=STARTING]
2026-05-16T01:37:06.026+05:30  INFO 25832 --- [payment-service] [DiscoveryClient-InstanceInfoReplicator-0] com.netflix.discovery.DiscoveryClient    : DiscoveryClient_PAYMENT-SERVICE/localhost:payment-service:8086: registering service...
2026-05-16T01:37:06.052+05:30  INFO 25832 --- [payment-service] [main] c.p.p.PaymentServiceApplicationTests     : Started PaymentServiceApplicationTests in 19.24 seconds (process running for 25.028)
2026-05-16T01:37:06.061+05:30  INFO 25832 --- [payment-service] [main] c.p.payment.PaymentServiceApplication    : Executing database migration to alter pass_balances.status column to VARCHAR...
2026-05-16T01:37:06.098+05:30  INFO 25832 --- [payment-service] [DiscoveryClient-InstanceInfoReplicator-0] com.netflix.discovery.DiscoveryClient    : DiscoveryClient_PAYMENT-SERVICE/localhost:payment-service:8086 - registration status: 204
2026-05-16T01:37:06.105+05:30  INFO 25832 --- [payment-service] [main] c.p.payment.PaymentServiceApplication    : Migration successful.
2026-05-16T01:37:06.110+05:30 ERROR 25832 --- [payment-service] [registrationTask1] o.s.s.s.TaskUtils$LoggingErrorHandler    : Unexpected error occurred in scheduled task

java.lang.IllegalStateException: couldn't determine local port. Please set spring.boot.admin.client.instance.service-base-url.
	at de.codecentric.boot.admin.client.registration.DefaultApplicationFactory.getLocalServerPort(DefaultApplicationFactory.java:205) ~[spring-boot-admin-client-3.2.3.jar:3.2.3]
	at de.codecentric.boot.admin.client.registration.DefaultApplicationFactory.getServiceBaseUrl(DefaultApplicationFactory.java:109) ~[spring-boot-admin-client-3.2.3.jar:3.2.3]
	at de.codecentric.boot.admin.client.registration.ServletApplicationFactory.getServiceUrl(ServletApplicationFactory.java:62) ~[spring-boot-admin-client-3.2.3.jar:3.2.3]
	at de.codecentric.boot.admin.client.registration.ServletApplicationFactory.getManagementBaseUrl(ServletApplicationFactory.java:77) ~[spring-boot-admin-client-3.2.3.jar:3.2.3]
	at de.codecentric.boot.admin.client.registration.DefaultApplicationFactory.getHealthUrl(DefaultApplicationFactory.java:165) ~[spring-boot-admin-client-3.2.3.jar:3.2.3]
	at de.codecentric.boot.admin.client.registration.DefaultApplicationFactory.createApplication(DefaultApplicationFactory.java:80) ~[spring-boot-admin-client-3.2.3.jar:3.2.3]
	at de.codecentric.boot.admin.client.registration.DefaultApplicationRegistrator.register(DefaultApplicationRegistrator.java:56) ~[spring-boot-admin-client-3.2.3.jar:3.2.3]
	at org.springframework.scheduling.support.DelegatingErrorHandlingRunnable.run(DelegatingErrorHandlingRunnable.java:54) ~[spring-context-6.1.1.jar:6.1.1]
	at java.base/java.util.concurrent.Executors$RunnableAdapter.call(Executors.java:572) ~[na:na]
	at java.base/java.util.concurrent.FutureTask.runAndReset(FutureTask.java:358) ~[na:na]
	at java.base/java.util.concurrent.ScheduledThreadPoolExecutor$ScheduledFutureTask.run(ScheduledThreadPoolExecutor.java:305) ~[na:na]
	at java.base/java.util.concurrent.ThreadPoolExecutor.runWorker(ThreadPoolExecutor.java:1144) ~[na:na]
	at java.base/java.util.concurrent.ThreadPoolExecutor$Worker.run(ThreadPoolExecutor.java:642) ~[na:na]
	at java.base/java.lang.Thread.run(Thread.java:1583) ~[na:na]

2026-05-16T01:37:06.522+05:30 DEBUG 25832 --- [payment-service] [main] c.p.payment.security.JwtAuthFilter       : Authenticated: test@test.com [ROLE_DRIVER]
2026-05-16T01:37:06.532+05:30 ERROR 25832 --- [payment-service] [main] c.p.payment.security.JwtAuthFilter       : JWT filter error: Test Exception
2026-05-16T01:37:06.536+05:30 DEBUG 25832 --- [payment-service] [main] c.p.payment.security.JwtAuthFilter       : Authenticated: test@test.com [ROLE_DRIVER]
2026-05-16T01:37:07.119+05:30  INFO 25832 --- [payment-service] [main] c.p.payment.service.PaymentServiceImpl   : Processing refund for booking: 100
2026-05-16T01:37:07.124+05:30  INFO 25832 --- [payment-service] [main] c.p.payment.service.PaymentServiceImpl   : Razorpay refund created: refund_123
2026-05-16T01:37:07.134+05:30  INFO 25832 --- [payment-service] [main] c.p.payment.service.PaymentServiceImpl   : Processing refund for booking: 100
2026-05-16T01:37:07.135+05:30  INFO 25832 --- [payment-service] [main] c.p.payment.service.PaymentServiceImpl   : Razorpay refund created: refund_123
2026-05-16T01:37:07.215+05:30  INFO 25832 --- [payment-service] [main] c.p.payment.service.PaymentServiceImpl   : Creating Razorpay order for booking: 100 amount: Rs.150.0
2026-05-16T01:37:07.216+05:30  INFO 25832 --- [payment-service] [main] c.p.payment.service.PaymentServiceImpl   : Razorpay order created: order_123
2026-05-16T01:37:07.226+05:30  INFO 25832 --- [payment-service] [main] c.p.payment.service.PaymentServiceImpl   : Processing refund for booking: 999
2026-05-16T01:37:07.311+05:30  INFO 25832 --- [payment-service] [main] c.p.payment.service.PaymentServiceImpl   : Verifying payment for order: order_123
2026-05-16T01:37:07.313+05:30  INFO 25832 --- [payment-service] [main] c.p.payment.service.PaymentServiceImpl   : Payment 1 verified and marked as PAID
2026-05-16T01:37:07.338+05:30  INFO 25832 --- [payment-service] [main] c.p.payment.service.PaymentServiceImpl   : Creating Razorpay order for booking: 100 amount: Rs.150.0
2026-05-16T01:37:07.343+05:30  INFO 25832 --- [payment-service] [main] c.p.payment.service.PaymentServiceImpl   : Verifying payment for order: order_123
2026-05-16T01:37:07.344+05:30  INFO 25832 --- [payment-service] [main] c.p.payment.service.PaymentServiceImpl   : Payment 1 verified and marked as PAID
2026-05-16T01:37:07.349+05:30  INFO 25832 --- [payment-service] [main] c.p.payment.service.PaymentServiceImpl   : Verifying payment for order: order_123
2026-05-16T01:37:07.351+05:30  INFO 25832 --- [payment-service] [main] c.p.payment.service.PaymentServiceImpl   : Payment 1 verified and marked as PAID
2026-05-16T01:37:07.359+05:30  INFO 25832 --- [payment-service] [main] c.p.payment.service.PaymentServiceImpl   : Receipt missing for payment 1, regenerating...
2026-05-16T01:37:07.375+05:30  INFO 25832 --- [payment-service] [main] c.p.payment.service.PaymentServiceImpl   : Verifying payment for order: order_123
2026-05-16T01:37:07.376+05:30  WARN 25832 --- [payment-service] [main] c.p.payment.service.PaymentServiceImpl   : Invalid signature for order: order_123
2026-05-16T01:37:07.380+05:30  INFO 25832 --- [payment-service] [main] c.p.payment.service.PaymentServiceImpl   : Processing refund for booking: 100
2026-05-16T01:37:07.389+05:30  INFO 25832 --- [payment-service] [main] c.p.payment.service.PaymentServiceImpl   : Processing refund for booking: 100
2026-05-16T01:37:07.390+05:30 ERROR 25832 --- [payment-service] [main] c.p.payment.service.PaymentServiceImpl   : Refund failed for payment 1: Razorpay error
2026-05-16T01:37:07.395+05:30  INFO 25832 --- [payment-service] [main] c.p.payment.service.PaymentServiceImpl   : Receipt missing for payment 1, regenerating...
2026-05-16T01:37:07.401+05:30  INFO 25832 --- [payment-service] [main] c.p.payment.service.PaymentServiceImpl   : Creating Razorpay order for booking: 100 amount: Rs.150.0
2026-05-16T01:37:07.401+05:30 ERROR 25832 --- [payment-service] [main] c.p.payment.service.PaymentServiceImpl   : Razorpay order creation failed: Razorpay error
2026-05-16T01:37:07.406+05:30  INFO 25832 --- [payment-service] [main] c.p.payment.service.PaymentServiceImpl   : Verifying payment for order: order_123
2026-05-16T01:37:07.407+05:30  WARN 25832 --- [payment-service] [main] c.p.payment.service.PaymentServiceImpl   : Could not fetch payment method from Razorpay: Fetch error
2026-05-16T01:37:07.407+05:30  INFO 25832 --- [payment-service] [main] c.p.payment.service.PaymentServiceImpl   : Payment 1 verified and marked as PAID
2026-05-16T01:37:07.414+05:30  INFO 25832 --- [payment-service] [main] c.p.payment.service.PaymentServiceImpl   : Verifying payment for order: order_123
2026-05-16T01:37:07.414+05:30  INFO 25832 --- [payment-service] [main] c.p.payment.service.PaymentServiceImpl   : Payment 1 verified and marked as PAID
2026-05-16T01:37:07.419+05:30  INFO 25832 --- [payment-service] [main] c.p.payment.service.PaymentServiceImpl   : Verifying payment for order: order_not_found
2026-05-16T01:37:07.863+05:30  INFO 25832 --- [payment-service] [main] c.p.payment.service.ReceiptService       : Receipt generated: C:\Users\Hp\AppData\Local\Temp\junit15475144722876310746\ParkEase_Receipt_1.pdf
2026-05-16T01:37:07.874+05:30 ERROR 25832 --- [payment-service] [main] c.p.payment.service.ReceiptService       : Failed to create receipts directory: Z:\non_existent_drive\invalid: Unable to determine if root directory exists
2026-05-16T01:37:07.874+05:30 ERROR 25832 --- [payment-service] [main] c.p.payment.service.ReceiptService       : Failed to generate receipt for payment 1: Z:\non_existent_drive\invalid\ParkEase_Receipt_1.pdf (The system cannot find the path specified)
2026-05-16T01:37:07.962+05:30  WARN 25832 --- [payment-service] [main] com.parkease.payment.util.JwtUtil        : JWT invalid: JWT expired at 2026-05-15T20:07:02Z. Current time: 2026-05-15T20:07:07Z, a difference of 5961 milliseconds.  Allowed clock skew: 0 milliseconds.
2026-05-16T01:37:07.970+05:30  WARN 25832 --- [payment-service] [main] com.parkease.payment.util.JwtUtil        : JWT invalid: JWT strings must contain exactly 2 period characters. Found: 0
2026-05-16T01:37:08.004+05:30  INFO 25832 --- [payment-service] [SpringApplicationShutdownHook] o.s.c.n.e.s.EurekaServiceRegistry        : Unregistering application PAYMENT-SERVICE with eureka with status DOWN
2026-05-16T01:37:08.004+05:30  INFO 25832 --- [payment-service] [SpringApplicationShutdownHook] com.netflix.discovery.DiscoveryClient    : Saw local status change event StatusChangeEvent [timestamp=1778875628004, current=DOWN, previous=UP]
2026-05-16T01:37:08.004+05:30  INFO 25832 --- [payment-service] [DiscoveryClient-InstanceInfoReplicator-0] com.netflix.discovery.DiscoveryClient    : DiscoveryClient_PAYMENT-SERVICE/localhost:payment-service:8086: registering service...
2026-05-16T01:37:08.012+05:30  INFO 25832 --- [payment-service] [DiscoveryClient-InstanceInfoReplicator-0] com.netflix.discovery.DiscoveryClient    : DiscoveryClient_PAYMENT-SERVICE/localhost:payment-service:8086 - registration status: 204
2026-05-16T01:37:08.395+05:30  INFO 25832 --- [payment-service] [SpringApplicationShutdownHook] j.LocalContainerEntityManagerFactoryBean : Closing JPA EntityManagerFactory for persistence unit 'default'
2026-05-16T01:37:08.399+05:30  INFO 25832 --- [payment-service] [SpringApplicationShutdownHook] com.zaxxer.hikari.HikariDataSource       : HikariPool-1 - Shutdown initiated...
2026-05-16T01:37:08.410+05:30  INFO 25832 --- [payment-service] [SpringApplicationShutdownHook] com.zaxxer.hikari.HikariDataSource       : HikariPool-1 - Shutdown completed.
2026-05-16T01:37:08.411+05:30  INFO 25832 --- [payment-service] [SpringApplicationShutdownHook] com.netflix.discovery.DiscoveryClient    : Shutting down DiscoveryClient ...
2026-05-16T01:37:11.416+05:30  INFO 25832 --- [payment-service] [SpringApplicationShutdownHook] com.netflix.discovery.DiscoveryClient    : Unregistering ...
2026-05-16T01:37:11.422+05:30  INFO 25832 --- [payment-service] [SpringApplicationShutdownHook] c.n.d.s.t.d.RedirectingEurekaHttpClient  : Request execution error. endpoint=DefaultEndpoint{ serviceUrl='http://localhost:8761/eureka/} exception=Connection pool shut down stacktrace=java.lang.IllegalStateException: Connection pool shut down
	at org.apache.hc.core5.util.Asserts.check(Asserts.java:38)
	at org.apache.hc.core5.pool.StrictConnPool.lease(StrictConnPool.java:176)
	at org.apache.hc.client5.http.impl.io.PoolingHttpClientConnectionManager.lease(PoolingHttpClientConnectionManager.java:298)
	at org.apache.hc.client5.http.impl.classic.InternalExecRuntime.acquireEndpoint(InternalExecRuntime.java:103)
	at org.apache.hc.client5.http.impl.classic.ConnectExec.execute(ConnectExec.java:125)
	at org.apache.hc.client5.http.impl.classic.ExecChainElement.execute(ExecChainElement.java:51)
	at org.apache.hc.client5.http.impl.classic.ProtocolExec.execute(ProtocolExec.java:192)
	at org.apache.hc.client5.http.impl.classic.ExecChainElement.execute(ExecChainElement.java:51)
	at org.apache.hc.client5.http.impl.classic.HttpRequestRetryExec.execute(HttpRequestRetryExec.java:96)
	at org.apache.hc.client5.http.impl.classic.ExecChainElement.execute(ExecChainElement.java:51)
	at org.apache.hc.client5.http.impl.classic.ContentCompressionExec.execute(ContentCompressionExec.java:152)
	at org.apache.hc.client5.http.impl.classic.ExecChainElement.execute(ExecChainElement.java:51)
	at org.apache.hc.client5.http.impl.classic.RedirectExec.execute(RedirectExec.java:115)
	at org.apache.hc.client5.http.impl.classic.ExecChainElement.execute(ExecChainElement.java:51)
	at org.apache.hc.client5.http.impl.classic.InternalHttpClient.doExecute(InternalHttpClient.java:170)
	at org.apache.hc.client5.http.impl.classic.CloseableHttpClient.execute(CloseableHttpClient.java:87)
	at org.apache.hc.client5.http.impl.classic.CloseableHttpClient.execute(CloseableHttpClient.java:55)
	at org.apache.hc.client5.http.classic.HttpClient.executeOpen(HttpClient.java:183)
	at org.springframework.http.client.HttpComponentsClientHttpRequest.executeInternal(HttpComponentsClientHttpRequest.java:95)
	at org.springframework.http.client.AbstractStreamingClientHttpRequest.executeInternal(AbstractStreamingClientHttpRequest.java:70)
	at org.springframework.http.client.AbstractClientHttpRequest.execute(AbstractClientHttpRequest.java:66)
	at org.springframework.http.client.InterceptingClientHttpRequest$InterceptingRequestExecution.execute(InterceptingClientHttpRequest.java:101)
	at org.springframework.cloud.netflix.eureka.http.RestTemplateTransportClientFactory.lambda$restTemplate$0(RestTemplateTransportClientFactory.java:143)
	at org.springframework.http.client.InterceptingClientHttpRequest$InterceptingRequestExecution.execute(InterceptingClientHttpRequest.java:87)
	at org.springframework.http.client.InterceptingClientHttpRequest.executeInternal(InterceptingClientHttpRequest.java:71)
	at org.springframework.http.client.AbstractBufferingClientHttpRequest.executeInternal(AbstractBufferingClientHttpRequest.java:48)
	at org.springframework.http.client.AbstractClientHttpRequest.execute(AbstractClientHttpRequest.java:66)
	at org.springframework.web.client.RestTemplate.doExecute(RestTemplate.java:879)
	at org.springframework.web.client.RestTemplate.execute(RestTemplate.java:781)
	at org.springframework.web.client.RestTemplate.exchange(RestTemplate.java:663)
	at org.springframework.cloud.netflix.eureka.http.RestTemplateEurekaHttpClient.cancel(RestTemplateEurekaHttpClient.java:87)
	at com.netflix.discovery.shared.transport.decorator.EurekaHttpClientDecorator$2.execute(EurekaHttpClientDecorator.java:74)
	at com.netflix.discovery.shared.transport.decorator.RedirectingEurekaHttpClient.execute(RedirectingEurekaHttpClient.java:91)
	at com.netflix.discovery.shared.transport.decorator.EurekaHttpClientDecorator.cancel(EurekaHttpClientDecorator.java:71)
	at com.netflix.discovery.shared.transport.decorator.EurekaHttpClientDecorator$2.execute(EurekaHttpClientDecorator.java:74)
	at com.netflix.discovery.shared.transport.decorator.RetryableEurekaHttpClient.execute(RetryableEurekaHttpClient.java:120)
	at com.netflix.discovery.shared.transport.decorator.EurekaHttpClientDecorator.cancel(EurekaHttpClientDecorator.java:71)
	at com.netflix.discovery.shared.transport.decorator.EurekaHttpClientDecorator$2.execute(EurekaHttpClientDecorator.java:74)
	at com.netflix.discovery.shared.transport.decorator.SessionedEurekaHttpClient.execute(SessionedEurekaHttpClient.java:77)
	at com.netflix.discovery.shared.transport.decorator.EurekaHttpClientDecorator.cancel(EurekaHttpClientDecorator.java:71)
	at com.netflix.discovery.DiscoveryClient.unregister(DiscoveryClient.java:916)
	at com.netflix.discovery.DiscoveryClient.shutdown(DiscoveryClient.java:892)
	at java.base/jdk.internal.reflect.DirectMethodHandleAccessor.invoke(DirectMethodHandleAccessor.java:103)
	at java.base/java.lang.reflect.Method.invoke(Method.java:580)
	at org.springframework.beans.factory.annotation.InitDestroyAnnotationBeanPostProcessor$LifecycleMethod.invoke(InitDestroyAnnotationBeanPostProcessor.java:457)
	at org.springframework.beans.factory.annotation.InitDestroyAnnotationBeanPostProcessor$LifecycleMetadata.invokeDestroyMethods(InitDestroyAnnotationBeanPostProcessor.java:415)
	at org.springframework.beans.factory.annotation.InitDestroyAnnotationBeanPostProcessor.postProcessBeforeDestruction(InitDestroyAnnotationBeanPostProcessor.java:239)
	at org.springframework.beans.factory.support.DisposableBeanAdapter.destroy(DisposableBeanAdapter.java:202)
	at org.springframework.beans.factory.support.DisposableBeanAdapter.run(DisposableBeanAdapter.java:195)
	at org.springframework.cloud.context.scope.GenericScope$BeanLifecycleWrapper.destroy(GenericScope.java:389)
	at org.springframework.cloud.context.scope.GenericScope.destroy(GenericScope.java:136)
	at org.springframework.beans.factory.support.DisposableBeanAdapter.destroy(DisposableBeanAdapter.java:211)
	at org.springframework.beans.factory.support.DefaultSingletonBeanRegistry.destroyBean(DefaultSingletonBeanRegistry.java:587)
	at org.springframework.beans.factory.support.DefaultSingletonBeanRegistry.destroySingleton(DefaultSingletonBeanRegistry.java:559)
	at org.springframework.beans.factory.support.DefaultListableBeanFactory.destroySingleton(DefaultListableBeanFactory.java:1200)
	at org.springframework.beans.factory.support.DefaultSingletonBeanRegistry.destroySingletons(DefaultSingletonBeanRegistry.java:520)
	at org.springframework.beans.factory.support.DefaultListableBeanFactory.destroySingletons(DefaultListableBeanFactory.java:1193)
	at org.springframework.context.support.AbstractApplicationContext.destroyBeans(AbstractApplicationContext.java:1125)
	at org.springframework.context.support.AbstractApplicationContext.doClose(AbstractApplicationContext.java:1086)
	at org.springframework.context.support.AbstractApplicationContext.close(AbstractApplicationContext.java:1037)
	at org.springframework.boot.SpringApplicationShutdownHook.closeAndWait(SpringApplicationShutdownHook.java:145)
	at java.base/java.lang.Iterable.forEach(Iterable.java:75)
	at org.springframework.boot.SpringApplicationShutdownHook.run(SpringApplicationShutdownHook.java:114)
	at java.base/java.lang.Thread.run(Thread.java:1583)

2026-05-16T01:37:11.423+05:30  WARN 25832 --- [payment-service] [SpringApplicationShutdownHook] c.n.d.s.t.d.RetryableEurekaHttpClient    : Request execution failed with message: Connection pool shut down
2026-05-16T01:37:11.429+05:30  INFO 25832 --- [payment-service] [SpringApplicationShutdownHook] c.n.d.s.t.d.RedirectingEurekaHttpClient  : Request execution error. endpoint=DefaultEndpoint{ serviceUrl='http://localhost:8761/eureka/}, exception=Connection pool shut down stacktrace=java.lang.IllegalStateException: Connection pool shut down
	at org.apache.hc.core5.util.Asserts.check(Asserts.java:38)
	at org.apache.hc.core5.pool.StrictConnPool.lease(StrictConnPool.java:176)
	at org.apache.hc.client5.http.impl.io.PoolingHttpClientConnectionManager.lease(PoolingHttpClientConnectionManager.java:298)
	at org.apache.hc.client5.http.impl.classic.InternalExecRuntime.acquireEndpoint(InternalExecRuntime.java:103)
	at org.apache.hc.client5.http.impl.classic.ConnectExec.execute(ConnectExec.java:125)
	at org.apache.hc.client5.http.impl.classic.ExecChainElement.execute(ExecChainElement.java:51)
	at org.apache.hc.client5.http.impl.classic.ProtocolExec.execute(ProtocolExec.java:192)
	at org.apache.hc.client5.http.impl.classic.ExecChainElement.execute(ExecChainElement.java:51)
	at org.apache.hc.client5.http.impl.classic.HttpRequestRetryExec.execute(HttpRequestRetryExec.java:96)
	at org.apache.hc.client5.http.impl.classic.ExecChainElement.execute(ExecChainElement.java:51)
	at org.apache.hc.client5.http.impl.classic.ContentCompressionExec.execute(ContentCompressionExec.java:152)
	at org.apache.hc.client5.http.impl.classic.ExecChainElement.execute(ExecChainElement.java:51)
	at org.apache.hc.client5.http.impl.classic.RedirectExec.execute(RedirectExec.java:115)
	at org.apache.hc.client5.http.impl.classic.ExecChainElement.execute(ExecChainElement.java:51)
	at org.apache.hc.client5.http.impl.classic.InternalHttpClient.doExecute(InternalHttpClient.java:170)
	at org.apache.hc.client5.http.impl.classic.CloseableHttpClient.execute(CloseableHttpClient.java:87)
	at org.apache.hc.client5.http.impl.classic.CloseableHttpClient.execute(CloseableHttpClient.java:55)
	at org.apache.hc.client5.http.classic.HttpClient.executeOpen(HttpClient.java:183)
	at org.springframework.http.client.HttpComponentsClientHttpRequest.executeInternal(HttpComponentsClientHttpRequest.java:95)
	at org.springframework.http.client.AbstractStreamingClientHttpRequest.executeInternal(AbstractStreamingClientHttpRequest.java:70)
	at org.springframework.http.client.AbstractClientHttpRequest.execute(AbstractClientHttpRequest.java:66)
	at org.springframework.http.client.InterceptingClientHttpRequest$InterceptingRequestExecution.execute(InterceptingClientHttpRequest.java:101)
	at org.springframework.cloud.netflix.eureka.http.RestTemplateTransportClientFactory.lambda$restTemplate$0(RestTemplateTransportClientFactory.java:143)
	at org.springframework.http.client.InterceptingClientHttpRequest$InterceptingRequestExecution.execute(InterceptingClientHttpRequest.java:87)
	at org.springframework.http.client.InterceptingClientHttpRequest.executeInternal(InterceptingClientHttpRequest.java:71)
	at org.springframework.http.client.AbstractBufferingClientHttpRequest.executeInternal(AbstractBufferingClientHttpRequest.java:48)
	at org.springframework.http.client.AbstractClientHttpRequest.execute(AbstractClientHttpRequest.java:66)
	at org.springframework.web.client.RestTemplate.doExecute(RestTemplate.java:879)
	at org.springframework.web.client.RestTemplate.execute(RestTemplate.java:781)
	at org.springframework.web.client.RestTemplate.exchange(RestTemplate.java:663)
	at org.springframework.cloud.netflix.eureka.http.RestTemplateEurekaHttpClient.cancel(RestTemplateEurekaHttpClient.java:87)
	at com.netflix.discovery.shared.transport.decorator.EurekaHttpClientDecorator$2.execute(EurekaHttpClientDecorator.java:74)
	at com.netflix.discovery.shared.transport.decorator.RedirectingEurekaHttpClient.executeOnNewServer(RedirectingEurekaHttpClient.java:121)
	at com.netflix.discovery.shared.transport.decorator.RedirectingEurekaHttpClient.execute(RedirectingEurekaHttpClient.java:80)
	at com.netflix.discovery.shared.transport.decorator.EurekaHttpClientDecorator.cancel(EurekaHttpClientDecorator.java:71)
	at com.netflix.discovery.shared.transport.decorator.EurekaHttpClientDecorator$2.execute(EurekaHttpClientDecorator.java:74)
	at com.netflix.discovery.shared.transport.decorator.RetryableEurekaHttpClient.execute(RetryableEurekaHttpClient.java:120)
	at com.netflix.discovery.shared.transport.decorator.EurekaHttpClientDecorator.cancel(EurekaHttpClientDecorator.java:71)
	at com.netflix.discovery.shared.transport.decorator.EurekaHttpClientDecorator$2.execute(EurekaHttpClientDecorator.java:74)
	at com.netflix.discovery.shared.transport.decorator.SessionedEurekaHttpClient.execute(SessionedEurekaHttpClient.java:77)
	at com.netflix.discovery.shared.transport.decorator.EurekaHttpClientDecorator.cancel(EurekaHttpClientDecorator.java:71)
	at com.netflix.discovery.DiscoveryClient.unregister(DiscoveryClient.java:916)
	at com.netflix.discovery.DiscoveryClient.shutdown(DiscoveryClient.java:892)
	at java.base/jdk.internal.reflect.DirectMethodHandleAccessor.invoke(DirectMethodHandleAccessor.java:103)
	at java.base/java.lang.reflect.Method.invoke(Method.java:580)
	at org.springframework.beans.factory.annotation.InitDestroyAnnotationBeanPostProcessor$LifecycleMethod.invoke(InitDestroyAnnotationBeanPostProcessor.java:457)
	at org.springframework.beans.factory.annotation.InitDestroyAnnotationBeanPostProcessor$LifecycleMetadata.invokeDestroyMethods(InitDestroyAnnotationBeanPostProcessor.java:415)
	at org.springframework.beans.factory.annotation.InitDestroyAnnotationBeanPostProcessor.postProcessBeforeDestruction(InitDestroyAnnotationBeanPostProcessor.java:239)
	at org.springframework.beans.factory.support.DisposableBeanAdapter.destroy(DisposableBeanAdapter.java:202)
	at org.springframework.beans.factory.support.DisposableBeanAdapter.run(DisposableBeanAdapter.java:195)
	at org.springframework.cloud.context.scope.GenericScope$BeanLifecycleWrapper.destroy(GenericScope.java:389)
	at org.springframework.cloud.context.scope.GenericScope.destroy(GenericScope.java:136)
	at org.springframework.beans.factory.support.DisposableBeanAdapter.destroy(DisposableBeanAdapter.java:211)
	at org.springframework.beans.factory.support.DefaultSingletonBeanRegistry.destroyBean(DefaultSingletonBeanRegistry.java:587)
	at org.springframework.beans.factory.support.DefaultSingletonBeanRegistry.destroySingleton(DefaultSingletonBeanRegistry.java:559)
	at org.springframework.beans.factory.support.DefaultListableBeanFactory.destroySingleton(DefaultListableBeanFactory.java:1200)
	at org.springframework.beans.factory.support.DefaultSingletonBeanRegistry.destroySingletons(DefaultSingletonBeanRegistry.java:520)
	at org.springframework.beans.factory.support.DefaultListableBeanFactory.destroySingletons(DefaultListableBeanFactory.java:1193)
	at org.springframework.context.support.AbstractApplicationContext.destroyBeans(AbstractApplicationContext.java:1125)
	at org.springframework.context.support.AbstractApplicationContext.doClose(AbstractApplicationContext.java:1086)
	at org.springframework.context.support.AbstractApplicationContext.close(AbstractApplicationContext.java:1037)
	at org.springframework.boot.SpringApplicationShutdownHook.closeAndWait(SpringApplicationShutdownHook.java:145)
	at java.base/java.lang.Iterable.forEach(Iterable.java:75)
	at org.springframework.boot.SpringApplicationShutdownHook.run(SpringApplicationShutdownHook.java:114)
	at java.base/java.lang.Thread.run(Thread.java:1583)

2026-05-16T01:37:11.429+05:30  WARN 25832 --- [payment-service] [SpringApplicationShutdownHook] c.n.d.s.t.d.RetryableEurekaHttpClient    : Request execution failed with message: Connection pool shut down
2026-05-16T01:37:11.429+05:30 ERROR 25832 --- [payment-service] [SpringApplicationShutdownHook] com.netflix.discovery.DiscoveryClient    : DiscoveryClient_PAYMENT-SERVICE/localhost:payment-service:8086 - de-registration failedCannot execute request on any known server

com.netflix.discovery.shared.transport.TransportException: Cannot execute request on any known server
	at com.netflix.discovery.shared.transport.decorator.RetryableEurekaHttpClient.execute(RetryableEurekaHttpClient.java:112) ~[eureka-client-2.0.2.jar:2.0.2]
	at com.netflix.discovery.shared.transport.decorator.EurekaHttpClientDecorator.cancel(EurekaHttpClientDecorator.java:71) ~[eureka-client-2.0.2.jar:2.0.2]
	at com.netflix.discovery.shared.transport.decorator.EurekaHttpClientDecorator$2.execute(EurekaHttpClientDecorator.java:74) ~[eureka-client-2.0.2.jar:2.0.2]
	at com.netflix.discovery.shared.transport.decorator.SessionedEurekaHttpClient.execute(SessionedEurekaHttpClient.java:77) ~[eureka-client-2.0.2.jar:2.0.2]
	at com.netflix.discovery.shared.transport.decorator.EurekaHttpClientDecorator.cancel(EurekaHttpClientDecorator.java:71) ~[eureka-client-2.0.2.jar:2.0.2]
	at com.netflix.discovery.DiscoveryClient.unregister(DiscoveryClient.java:916) ~[eureka-client-2.0.2.jar:2.0.2]
	at com.netflix.discovery.DiscoveryClient.shutdown(DiscoveryClient.java:892) ~[eureka-client-2.0.2.jar:2.0.2]
	at java.base/jdk.internal.reflect.DirectMethodHandleAccessor.invoke(DirectMethodHandleAccessor.java:103) ~[na:na]
	at java.base/java.lang.reflect.Method.invoke(Method.java:580) ~[na:na]
	at org.springframework.beans.factory.annotation.InitDestroyAnnotationBeanPostProcessor$LifecycleMethod.invoke(InitDestroyAnnotationBeanPostProcessor.java:457) ~[spring-beans-6.1.1.jar:6.1.1]
	at org.springframework.beans.factory.annotation.InitDestroyAnnotationBeanPostProcessor$LifecycleMetadata.invokeDestroyMethods(InitDestroyAnnotationBeanPostProcessor.java:415) ~[spring-beans-6.1.1.jar:6.1.1]
	at org.springframework.beans.factory.annotation.InitDestroyAnnotationBeanPostProcessor.postProcessBeforeDestruction(InitDestroyAnnotationBeanPostProcessor.java:239) ~[spring-beans-6.1.1.jar:6.1.1]
	at org.springframework.beans.factory.support.DisposableBeanAdapter.destroy(DisposableBeanAdapter.java:202) ~[spring-beans-6.1.1.jar:6.1.1]
	at org.springframework.beans.factory.support.DisposableBeanAdapter.run(DisposableBeanAdapter.java:195) ~[spring-beans-6.1.1.jar:6.1.1]
	at org.springframework.cloud.context.scope.GenericScope$BeanLifecycleWrapper.destroy(GenericScope.java:389) ~[spring-cloud-context-4.1.2.jar:4.1.2]
	at org.springframework.cloud.context.scope.GenericScope.destroy(GenericScope.java:136) ~[spring-cloud-context-4.1.2.jar:4.1.2]
	at org.springframework.beans.factory.support.DisposableBeanAdapter.destroy(DisposableBeanAdapter.java:211) ~[spring-beans-6.1.1.jar:6.1.1]
	at org.springframework.beans.factory.support.DefaultSingletonBeanRegistry.destroyBean(DefaultSingletonBeanRegistry.java:587) ~[spring-beans-6.1.1.jar:6.1.1]
	at org.springframework.beans.factory.support.DefaultSingletonBeanRegistry.destroySingleton(DefaultSingletonBeanRegistry.java:559) ~[spring-beans-6.1.1.jar:6.1.1]
	at org.springframework.beans.factory.support.DefaultListableBeanFactory.destroySingleton(DefaultListableBeanFactory.java:1200) ~[spring-beans-6.1.1.jar:6.1.1]
	at org.springframework.beans.factory.support.DefaultSingletonBeanRegistry.destroySingletons(DefaultSingletonBeanRegistry.java:520) ~[spring-beans-6.1.1.jar:6.1.1]
	at org.springframework.beans.factory.support.DefaultListableBeanFactory.destroySingletons(DefaultListableBeanFactory.java:1193) ~[spring-beans-6.1.1.jar:6.1.1]
	at org.springframework.context.support.AbstractApplicationContext.destroyBeans(AbstractApplicationContext.java:1125) ~[spring-context-6.1.1.jar:6.1.1]
	at org.springframework.context.support.AbstractApplicationContext.doClose(AbstractApplicationContext.java:1086) ~[spring-context-6.1.1.jar:6.1.1]
	at org.springframework.context.support.AbstractApplicationContext.close(AbstractApplicationContext.java:1037) ~[spring-context-6.1.1.jar:6.1.1]
	at org.springframework.boot.SpringApplicationShutdownHook.closeAndWait(SpringApplicationShutdownHook.java:145) ~[spring-boot-3.2.0.jar:3.2.0]
	at java.base/java.lang.Iterable.forEach(Iterable.java:75) ~[na:na]
	at org.springframework.boot.SpringApplicationShutdownHook.run(SpringApplicationShutdownHook.java:114) ~[spring-boot-3.2.0.jar:3.2.0]
	at java.base/java.lang.Thread.run(Thread.java:1583) ~[na:na]

2026-05-16T01:37:11.436+05:30  INFO 25832 --- [payment-service] [SpringApplicationShutdownHook] com.netflix.discovery.DiscoveryClient    : Completed shut down of DiscoveryClient
2026-05-16T01:40:09.824+05:30  INFO 2620 --- [payment-service] [AsyncResolver-bootstrap-executor-0] c.n.d.s.r.aws.ConfigClusterResolver      : Resolving eureka endpoints via configuration
2026-05-16T01:45:09.829+05:30  INFO 2620 --- [payment-service] [AsyncResolver-bootstrap-executor-0] c.n.d.s.r.aws.ConfigClusterResolver      : Resolving eureka endpoints via configuration
2026-05-16T01:50:09.851+05:30  INFO 2620 --- [payment-service] [AsyncResolver-bootstrap-executor-0] c.n.d.s.r.aws.ConfigClusterResolver      : Resolving eureka endpoints via configuration
2026-05-16T01:55:09.861+05:30  INFO 2620 --- [payment-service] [AsyncResolver-bootstrap-executor-0] c.n.d.s.r.aws.ConfigClusterResolver      : Resolving eureka endpoints via configuration
2026-05-16T02:00:09.878+05:30  INFO 2620 --- [payment-service] [AsyncResolver-bootstrap-executor-0] c.n.d.s.r.aws.ConfigClusterResolver      : Resolving eureka endpoints via configuration
2026-05-16T02:05:09.883+05:30  INFO 2620 --- [payment-service] [AsyncResolver-bootstrap-executor-0] c.n.d.s.r.aws.ConfigClusterResolver      : Resolving eureka endpoints via configuration
2026-05-16T02:10:09.890+05:30  INFO 2620 --- [payment-service] [AsyncResolver-bootstrap-executor-0] c.n.d.s.r.aws.ConfigClusterResolver      : Resolving eureka endpoints via configuration
2026-05-16T02:36:33.176+05:30  WARN 2620 --- [payment-service] [AMQP Connection 127.0.0.1:5672] c.r.c.impl.ForgivingExceptionHandler     : An unexpected connection driver error occurred (Exception message: Connection reset)
2026-05-16T10:04:51.042+05:30  INFO 2620 --- [payment-service] [http-nio-8086-exec-10] o.s.a.r.c.CachingConnectionFactory       : Attempting to connect to: [localhost:5672]
2026-05-16T10:04:51.139+05:30  INFO 2620 --- [payment-service] [http-nio-8086-exec-10] o.s.a.r.c.CachingConnectionFactory       : Created new connection: rabbitConnectionFactory#5926f291:2/SimpleConnection@4d6675e5 [delegate=amqp://guest@127.0.0.1:5672/, localPort=63309]
2026-05-16T10:05:09.703+05:30  WARN 2620 --- [payment-service] [HikariPool-1 housekeeper] com.zaxxer.hikari.pool.HikariPool        : HikariPool-1 - Thread starvation or clock leap detected (housekeeper delta=7h51m10s152ms982µs100ns).
2026-05-16T10:05:50.040+05:30  INFO 2620 --- [payment-service] [AsyncResolver-bootstrap-executor-0] c.n.d.s.r.aws.ConfigClusterResolver      : Resolving eureka endpoints via configuration
2026-05-16T10:10:50.047+05:30  INFO 2620 --- [payment-service] [AsyncResolver-bootstrap-executor-0] c.n.d.s.r.aws.ConfigClusterResolver      : Resolving eureka endpoints via configuration
2026-05-16T10:15:50.056+05:30  INFO 2620 --- [payment-service] [AsyncResolver-bootstrap-executor-0] c.n.d.s.r.aws.ConfigClusterResolver      : Resolving eureka endpoints via configuration
2026-05-16T10:20:50.071+05:30  INFO 2620 --- [payment-service] [AsyncResolver-bootstrap-executor-0] c.n.d.s.r.aws.ConfigClusterResolver      : Resolving eureka endpoints via configuration
2026-05-16T10:25:50.079+05:30  INFO 2620 --- [payment-service] [AsyncResolver-bootstrap-executor-0] c.n.d.s.r.aws.ConfigClusterResolver      : Resolving eureka endpoints via configuration
2026-05-16T10:26:11.261+05:30  INFO 2620 --- [payment-service] [RMI TCP Connection(145)-127.0.0.1] inMXBeanRegistrar$SpringApplicationAdmin : Application shutdown requested.
2026-05-16T10:26:11.561+05:30  INFO 2620 --- [payment-service] [RMI TCP Connection(145)-127.0.0.1] o.s.c.n.e.s.EurekaServiceRegistry        : Unregistering application PAYMENT-SERVICE with eureka with status DOWN
2026-05-16T10:26:11.566+05:30  INFO 2620 --- [payment-service] [RMI TCP Connection(145)-127.0.0.1] com.netflix.discovery.DiscoveryClient    : Saw local status change event StatusChangeEvent [timestamp=1778907371566, current=DOWN, previous=UP]
2026-05-16T10:26:11.576+05:30  INFO 2620 --- [payment-service] [DiscoveryClient-InstanceInfoReplicator-0] com.netflix.discovery.DiscoveryClient    : DiscoveryClient_PAYMENT-SERVICE/localhost:payment-service:8086: registering service...
2026-05-16T10:26:12.213+05:30  INFO 2620 --- [payment-service] [DiscoveryClient-InstanceInfoReplicator-0] c.n.d.s.t.d.RedirectingEurekaHttpClient  : Request execution error. endpoint=DefaultEndpoint{ serviceUrl='http://localhost:8761/eureka/} exception=I/O error on POST request for "http://localhost:8761/eureka/apps/PAYMENT-SERVICE": The target server failed to respond stacktrace=org.springframework.web.client.ResourceAccessException: I/O error on POST request for "http://localhost:8761/eureka/apps/PAYMENT-SERVICE": The target server failed to respond
	at org.springframework.web.client.RestTemplate.createResourceAccessException(RestTemplate.java:905)
	at org.springframework.web.client.RestTemplate.doExecute(RestTemplate.java:885)
	at org.springframework.web.client.RestTemplate.execute(RestTemplate.java:781)
	at org.springframework.web.client.RestTemplate.exchange(RestTemplate.java:663)
	at org.springframework.cloud.netflix.eureka.http.RestTemplateEurekaHttpClient.register(RestTemplateEurekaHttpClient.java:77)
	at com.netflix.discovery.shared.transport.decorator.EurekaHttpClientDecorator$1.execute(EurekaHttpClientDecorator.java:59)
	at com.netflix.discovery.shared.transport.decorator.RedirectingEurekaHttpClient.execute(RedirectingEurekaHttpClient.java:91)
	at com.netflix.discovery.shared.transport.decorator.EurekaHttpClientDecorator.register(EurekaHttpClientDecorator.java:56)
	at com.netflix.discovery.shared.transport.decorator.EurekaHttpClientDecorator$1.execute(EurekaHttpClientDecorator.java:59)
	at com.netflix.discovery.shared.transport.decorator.RetryableEurekaHttpClient.execute(RetryableEurekaHttpClient.java:120)
	at com.netflix.discovery.shared.transport.decorator.EurekaHttpClientDecorator.register(EurekaHttpClientDecorator.java:56)
	at com.netflix.discovery.shared.transport.decorator.EurekaHttpClientDecorator$1.execute(EurekaHttpClientDecorator.java:59)
	at com.netflix.discovery.shared.transport.decorator.SessionedEurekaHttpClient.execute(SessionedEurekaHttpClient.java:77)
	at com.netflix.discovery.shared.transport.decorator.EurekaHttpClientDecorator.register(EurekaHttpClientDecorator.java:56)
	at com.netflix.discovery.DiscoveryClient.register(DiscoveryClient.java:820)
	at com.netflix.discovery.InstanceInfoReplicator.run(InstanceInfoReplicator.java:121)
	at com.netflix.discovery.InstanceInfoReplicator$1.run(InstanceInfoReplicator.java:101)
	at java.base/java.util.concurrent.Executors$RunnableAdapter.call(Executors.java:539)
	at java.base/java.util.concurrent.FutureTask.run(FutureTask.java:264)
	at java.base/java.util.concurrent.ScheduledThreadPoolExecutor$ScheduledFutureTask.run(ScheduledThreadPoolExecutor.java:304)
	at java.base/java.util.concurrent.ThreadPoolExecutor.runWorker(ThreadPoolExecutor.java:1136)
	at java.base/java.util.concurrent.ThreadPoolExecutor$Worker.run(ThreadPoolExecutor.java:635)
	at java.base/java.lang.Thread.run(Thread.java:833)
Caused by: org.apache.hc.core5.http.NoHttpResponseException: The target server failed to respond
	at org.apache.hc.core5.http.impl.io.DefaultBHttpClientConnection.receiveResponseHeader(DefaultBHttpClientConnection.java:301)
	at org.apache.hc.core5.http.impl.io.HttpRequestExecutor.execute(HttpRequestExecutor.java:175)
	at org.apache.hc.core5.http.impl.io.HttpRequestExecutor.execute(HttpRequestExecutor.java:218)
	at org.apache.hc.client5.http.impl.io.PoolingHttpClientConnectionManager$InternalConnectionEndpoint.execute(PoolingHttpClientConnectionManager.java:712)
	at org.apache.hc.client5.http.impl.classic.InternalExecRuntime.execute(InternalExecRuntime.java:216)
	at org.apache.hc.client5.http.impl.classic.MainClientExec.execute(MainClientExec.java:116)
	at org.apache.hc.client5.http.impl.classic.ExecChainElement.execute(ExecChainElement.java:51)
	at org.apache.hc.client5.http.impl.classic.ConnectExec.execute(ConnectExec.java:188)
	at org.apache.hc.client5.http.impl.classic.ExecChainElement.execute(ExecChainElement.java:51)
	at org.apache.hc.client5.http.impl.classic.ProtocolExec.execute(ProtocolExec.java:192)
	at org.apache.hc.client5.http.impl.classic.ExecChainElement.execute(ExecChainElement.java:51)
	at org.apache.hc.client5.http.impl.classic.HttpRequestRetryExec.execute(HttpRequestRetryExec.java:96)
	at org.apache.hc.client5.http.impl.classic.ExecChainElement.execute(ExecChainElement.java:51)
	at org.apache.hc.client5.http.impl.classic.ContentCompressionExec.execute(ContentCompressionExec.java:152)
	at org.apache.hc.client5.http.impl.classic.ExecChainElement.execute(ExecChainElement.java:51)
	at org.apache.hc.client5.http.impl.classic.RedirectExec.execute(RedirectExec.java:115)
	at org.apache.hc.client5.http.impl.classic.ExecChainElement.execute(ExecChainElement.java:51)
	at org.apache.hc.client5.http.impl.classic.InternalHttpClient.doExecute(InternalHttpClient.java:170)
	at org.apache.hc.client5.http.impl.classic.CloseableHttpClient.execute(CloseableHttpClient.java:87)
	at org.apache.hc.client5.http.impl.classic.CloseableHttpClient.execute(CloseableHttpClient.java:55)
	at org.apache.hc.client5.http.classic.HttpClient.executeOpen(HttpClient.java:183)
	at org.springframework.http.client.HttpComponentsClientHttpRequest.executeInternal(HttpComponentsClientHttpRequest.java:95)
	at org.springframework.http.client.AbstractStreamingClientHttpRequest.executeInternal(AbstractStreamingClientHttpRequest.java:70)
	at org.springframework.http.client.AbstractClientHttpRequest.execute(AbstractClientHttpRequest.java:66)
	at org.springframework.http.client.InterceptingClientHttpRequest$InterceptingRequestExecution.execute(InterceptingClientHttpRequest.java:101)
	at org.springframework.cloud.netflix.eureka.http.RestTemplateTransportClientFactory.lambda$restTemplate$0(RestTemplateTransportClientFactory.java:143)
	at org.springframework.http.client.InterceptingClientHttpRequest$InterceptingRequestExecution.execute(InterceptingClientHttpRequest.java:87)
	at org.springframework.http.client.InterceptingClientHttpRequest.executeInternal(InterceptingClientHttpRequest.java:71)
	at org.springframework.http.client.AbstractBufferingClientHttpRequest.executeInternal(AbstractBufferingClientHttpRequest.java:48)
	at org.springframework.http.client.AbstractClientHttpRequest.execute(AbstractClientHttpRequest.java:66)
	at org.springframework.web.client.RestTemplate.doExecute(RestTemplate.java:879)
	... 21 more

2026-05-16T10:26:12.213+05:30  WARN 2620 --- [payment-service] [DiscoveryClient-InstanceInfoReplicator-0] c.n.d.s.t.d.RetryableEurekaHttpClient    : Request execution failed with message: I/O error on POST request for "http://localhost:8761/eureka/apps/PAYMENT-SERVICE": The target server failed to respond
2026-05-16T10:26:12.334+05:30  INFO 2620 --- [payment-service] [DiscoveryClient-InstanceInfoReplicator-0] c.n.d.s.t.d.RedirectingEurekaHttpClient  : Request execution error. endpoint=DefaultEndpoint{ serviceUrl='http://localhost:8761/eureka/}, exception=I/O error on POST request for "http://localhost:8761/eureka/apps/PAYMENT-SERVICE": Connect to http://localhost:8761 [localhost/127.0.0.1, localhost/0:0:0:0:0:0:0:1] failed: Connection refused: no further information stacktrace=org.springframework.web.client.ResourceAccessException: I/O error on POST request for "http://localhost:8761/eureka/apps/PAYMENT-SERVICE": Connect to http://localhost:8761 [localhost/127.0.0.1, localhost/0:0:0:0:0:0:0:1] failed: Connection refused: no further information
	at org.springframework.web.client.RestTemplate.createResourceAccessException(RestTemplate.java:905)
	at org.springframework.web.client.RestTemplate.doExecute(RestTemplate.java:885)
	at org.springframework.web.client.RestTemplate.execute(RestTemplate.java:781)
	at org.springframework.web.client.RestTemplate.exchange(RestTemplate.java:663)
	at org.springframework.cloud.netflix.eureka.http.RestTemplateEurekaHttpClient.register(RestTemplateEurekaHttpClient.java:77)
	at com.netflix.discovery.shared.transport.decorator.EurekaHttpClientDecorator$1.execute(EurekaHttpClientDecorator.java:59)
	at com.netflix.discovery.shared.transport.decorator.RedirectingEurekaHttpClient.executeOnNewServer(RedirectingEurekaHttpClient.java:121)
	at com.netflix.discovery.shared.transport.decorator.RedirectingEurekaHttpClient.execute(RedirectingEurekaHttpClient.java:80)
	at com.netflix.discovery.shared.transport.decorator.EurekaHttpClientDecorator.register(EurekaHttpClientDecorator.java:56)
	at com.netflix.discovery.shared.transport.decorator.EurekaHttpClientDecorator$1.execute(EurekaHttpClientDecorator.java:59)
	at com.netflix.discovery.shared.transport.decorator.RetryableEurekaHttpClient.execute(RetryableEurekaHttpClient.java:120)
	at com.netflix.discovery.shared.transport.decorator.EurekaHttpClientDecorator.register(EurekaHttpClientDecorator.java:56)
	at com.netflix.discovery.shared.transport.decorator.EurekaHttpClientDecorator$1.execute(EurekaHttpClientDecorator.java:59)
	at com.netflix.discovery.shared.transport.decorator.SessionedEurekaHttpClient.execute(SessionedEurekaHttpClient.java:77)
	at com.netflix.discovery.shared.transport.decorator.EurekaHttpClientDecorator.register(EurekaHttpClientDecorator.java:56)
	at com.netflix.discovery.DiscoveryClient.register(DiscoveryClient.java:820)
	at com.netflix.discovery.InstanceInfoReplicator.run(InstanceInfoReplicator.java:121)
	at com.netflix.discovery.InstanceInfoReplicator$1.run(InstanceInfoReplicator.java:101)
	at java.base/java.util.concurrent.Executors$RunnableAdapter.call(Executors.java:539)
	at java.base/java.util.concurrent.FutureTask.run(FutureTask.java:264)
	at java.base/java.util.concurrent.ScheduledThreadPoolExecutor$ScheduledFutureTask.run(ScheduledThreadPoolExecutor.java:304)
	at java.base/java.util.concurrent.ThreadPoolExecutor.runWorker(ThreadPoolExecutor.java:1136)
	at java.base/java.util.concurrent.ThreadPoolExecutor$Worker.run(ThreadPoolExecutor.java:635)
	at java.base/java.lang.Thread.run(Thread.java:833)
Caused by: org.apache.hc.client5.http.HttpHostConnectException: Connect to http://localhost:8761 [localhost/127.0.0.1, localhost/0:0:0:0:0:0:0:1] failed: Connection refused: no further information
	at java.base/sun.nio.ch.Net.pollConnect(Native Method)
	at java.base/sun.nio.ch.Net.pollConnectNow(Net.java:672)
	at java.base/sun.nio.ch.NioSocketImpl.timedFinishConnect(NioSocketImpl.java:539)
	at java.base/sun.nio.ch.NioSocketImpl.connect(NioSocketImpl.java:594)
	at java.base/java.net.SocksSocketImpl.connect(SocksSocketImpl.java:327)
	at java.base/java.net.Socket.connect(Socket.java:633)
	at org.apache.hc.client5.http.socket.PlainConnectionSocketFactory.lambda$connectSocket$0(PlainConnectionSocketFactory.java:85)
	at java.base/java.security.AccessController.doPrivileged(AccessController.java:569)
	at org.apache.hc.client5.http.socket.PlainConnectionSocketFactory.connectSocket(PlainConnectionSocketFactory.java:84)
	at org.apache.hc.client5.http.socket.ConnectionSocketFactory.connectSocket(ConnectionSocketFactory.java:113)
	at org.apache.hc.client5.http.impl.io.DefaultHttpClientConnectionOperator.connect(DefaultHttpClientConnectionOperator.java:181)
	at org.apache.hc.client5.http.impl.io.PoolingHttpClientConnectionManager.connect(PoolingHttpClientConnectionManager.java:447)
	at org.apache.hc.client5.http.impl.classic.InternalExecRuntime.connectEndpoint(InternalExecRuntime.java:162)
	at org.apache.hc.client5.http.impl.classic.InternalExecRuntime.connectEndpoint(InternalExecRuntime.java:172)
	at org.apache.hc.client5.http.impl.classic.ConnectExec.execute(ConnectExec.java:142)
	at org.apache.hc.client5.http.impl.classic.ExecChainElement.execute(ExecChainElement.java:51)
	at org.apache.hc.client5.http.impl.classic.ProtocolExec.execute(ProtocolExec.java:192)
	at org.apache.hc.client5.http.impl.classic.ExecChainElement.execute(ExecChainElement.java:51)
	at org.apache.hc.client5.http.impl.classic.HttpRequestRetryExec.execute(HttpRequestRetryExec.java:96)
	at org.apache.hc.client5.http.impl.classic.ExecChainElement.execute(ExecChainElement.java:51)
	at org.apache.hc.client5.http.impl.classic.ContentCompressionExec.execute(ContentCompressionExec.java:152)
	at org.apache.hc.client5.http.impl.classic.ExecChainElement.execute(ExecChainElement.java:51)
	at org.apache.hc.client5.http.impl.classic.RedirectExec.execute(RedirectExec.java:115)
	at org.apache.hc.client5.http.impl.classic.ExecChainElement.execute(ExecChainElement.java:51)
	at org.apache.hc.client5.http.impl.classic.InternalHttpClient.doExecute(InternalHttpClient.java:170)
	at org.apache.hc.client5.http.impl.classic.CloseableHttpClient.execute(CloseableHttpClient.java:87)
	at org.apache.hc.client5.http.impl.classic.CloseableHttpClient.execute(CloseableHttpClient.java:55)
	at org.apache.hc.client5.http.classic.HttpClient.executeOpen(HttpClient.java:183)
	at org.springframework.http.client.HttpComponentsClientHttpRequest.executeInternal(HttpComponentsClientHttpRequest.java:95)
	at org.springframework.http.client.AbstractStreamingClientHttpRequest.executeInternal(AbstractStreamingClientHttpRequest.java:70)
	at org.springframework.http.client.AbstractClientHttpRequest.execute(AbstractClientHttpRequest.java:66)
	at org.springframework.http.client.InterceptingClientHttpRequest$InterceptingRequestExecution.execute(InterceptingClientHttpRequest.java:101)
	at org.springframework.cloud.netflix.eureka.http.RestTemplateTransportClientFactory.lambda$restTemplate$0(RestTemplateTransportClientFactory.java:143)
	at org.springframework.http.client.InterceptingClientHttpRequest$InterceptingRequestExecution.execute(InterceptingClientHttpRequest.java:87)
	at org.springframework.http.client.InterceptingClientHttpRequest.executeInternal(InterceptingClientHttpRequest.java:71)
	at org.springframework.http.client.AbstractBufferingClientHttpRequest.executeInternal(AbstractBufferingClientHttpRequest.java:48)
	at org.springframework.http.client.AbstractClientHttpRequest.execute(AbstractClientHttpRequest.java:66)
	at org.springframework.web.client.RestTemplate.doExecute(RestTemplate.java:879)
	... 22 more

2026-05-16T10:26:12.335+05:30  WARN 2620 --- [payment-service] [DiscoveryClient-InstanceInfoReplicator-0] c.n.d.s.t.d.RetryableEurekaHttpClient    : Request execution failed with message: I/O error on POST request for "http://localhost:8761/eureka/apps/PAYMENT-SERVICE": Connect to http://localhost:8761 [localhost/127.0.0.1, localhost/0:0:0:0:0:0:0:1] failed: Connection refused: no further information
2026-05-16T10:26:12.337+05:30  WARN 2620 --- [payment-service] [DiscoveryClient-InstanceInfoReplicator-0] com.netflix.discovery.DiscoveryClient    : DiscoveryClient_PAYMENT-SERVICE/localhost:payment-service:8086 - registration failed Cannot execute request on any known server

com.netflix.discovery.shared.transport.TransportException: Cannot execute request on any known server
	at com.netflix.discovery.shared.transport.decorator.RetryableEurekaHttpClient.execute(RetryableEurekaHttpClient.java:112) ~[eureka-client-2.0.2.jar:2.0.2]
	at com.netflix.discovery.shared.transport.decorator.EurekaHttpClientDecorator.register(EurekaHttpClientDecorator.java:56) ~[eureka-client-2.0.2.jar:2.0.2]
	at com.netflix.discovery.shared.transport.decorator.EurekaHttpClientDecorator$1.execute(EurekaHttpClientDecorator.java:59) ~[eureka-client-2.0.2.jar:2.0.2]
	at com.netflix.discovery.shared.transport.decorator.SessionedEurekaHttpClient.execute(SessionedEurekaHttpClient.java:77) ~[eureka-client-2.0.2.jar:2.0.2]
	at com.netflix.discovery.shared.transport.decorator.EurekaHttpClientDecorator.register(EurekaHttpClientDecorator.java:56) ~[eureka-client-2.0.2.jar:2.0.2]
	at com.netflix.discovery.DiscoveryClient.register(DiscoveryClient.java:820) ~[eureka-client-2.0.2.jar:2.0.2]
	at com.netflix.discovery.InstanceInfoReplicator.run(InstanceInfoReplicator.java:121) ~[eureka-client-2.0.2.jar:2.0.2]
	at com.netflix.discovery.InstanceInfoReplicator$1.run(InstanceInfoReplicator.java:101) ~[eureka-client-2.0.2.jar:2.0.2]
	at java.base/java.util.concurrent.Executors$RunnableAdapter.call(Executors.java:539) ~[na:na]
	at java.base/java.util.concurrent.FutureTask.run(FutureTask.java:264) ~[na:na]
	at java.base/java.util.concurrent.ScheduledThreadPoolExecutor$ScheduledFutureTask.run(ScheduledThreadPoolExecutor.java:304) ~[na:na]
	at java.base/java.util.concurrent.ThreadPoolExecutor.runWorker(ThreadPoolExecutor.java:1136) ~[na:na]
	at java.base/java.util.concurrent.ThreadPoolExecutor$Worker.run(ThreadPoolExecutor.java:635) ~[na:na]
	at java.base/java.lang.Thread.run(Thread.java:833) ~[na:na]

2026-05-16T10:26:12.484+05:30  WARN 2620 --- [payment-service] [DiscoveryClient-InstanceInfoReplicator-0] c.n.discovery.InstanceInfoReplicator     : There was a problem with the instance info replicator

com.netflix.discovery.shared.transport.TransportException: Cannot execute request on any known server
	at com.netflix.discovery.shared.transport.decorator.RetryableEurekaHttpClient.execute(RetryableEurekaHttpClient.java:112) ~[eureka-client-2.0.2.jar:2.0.2]
	at com.netflix.discovery.shared.transport.decorator.EurekaHttpClientDecorator.register(EurekaHttpClientDecorator.java:56) ~[eureka-client-2.0.2.jar:2.0.2]
	at com.netflix.discovery.shared.transport.decorator.EurekaHttpClientDecorator$1.execute(EurekaHttpClientDecorator.java:59) ~[eureka-client-2.0.2.jar:2.0.2]
	at com.netflix.discovery.shared.transport.decorator.SessionedEurekaHttpClient.execute(SessionedEurekaHttpClient.java:77) ~[eureka-client-2.0.2.jar:2.0.2]
	at com.netflix.discovery.shared.transport.decorator.EurekaHttpClientDecorator.register(EurekaHttpClientDecorator.java:56) ~[eureka-client-2.0.2.jar:2.0.2]
	at com.netflix.discovery.DiscoveryClient.register(DiscoveryClient.java:820) ~[eureka-client-2.0.2.jar:2.0.2]
	at com.netflix.discovery.InstanceInfoReplicator.run(InstanceInfoReplicator.java:121) ~[eureka-client-2.0.2.jar:2.0.2]
	at com.netflix.discovery.InstanceInfoReplicator$1.run(InstanceInfoReplicator.java:101) ~[eureka-client-2.0.2.jar:2.0.2]
	at java.base/java.util.concurrent.Executors$RunnableAdapter.call(Executors.java:539) ~[na:na]
	at java.base/java.util.concurrent.FutureTask.run(FutureTask.java:264) ~[na:na]
	at java.base/java.util.concurrent.ScheduledThreadPoolExecutor$ScheduledFutureTask.run(ScheduledThreadPoolExecutor.java:304) ~[na:na]
	at java.base/java.util.concurrent.ThreadPoolExecutor.runWorker(ThreadPoolExecutor.java:1136) ~[na:na]
	at java.base/java.util.concurrent.ThreadPoolExecutor$Worker.run(ThreadPoolExecutor.java:635) ~[na:na]
	at java.base/java.lang.Thread.run(Thread.java:833) ~[na:na]

2026-05-16T10:26:12.556+05:30  INFO 2620 --- [payment-service] [RMI TCP Connection(145)-127.0.0.1] j.LocalContainerEntityManagerFactoryBean : Closing JPA EntityManagerFactory for persistence unit 'default'
2026-05-16T10:26:12.611+05:30  INFO 2620 --- [payment-service] [RMI TCP Connection(145)-127.0.0.1] com.zaxxer.hikari.HikariDataSource       : HikariPool-1 - Shutdown initiated...
2026-05-16T10:26:12.638+05:30  INFO 2620 --- [payment-service] [RMI TCP Connection(145)-127.0.0.1] com.zaxxer.hikari.HikariDataSource       : HikariPool-1 - Shutdown completed.
2026-05-16T10:26:12.644+05:30  INFO 2620 --- [payment-service] [RMI TCP Connection(145)-127.0.0.1] com.netflix.discovery.DiscoveryClient    : Shutting down DiscoveryClient ...
2026-05-16T10:26:15.649+05:30  INFO 2620 --- [payment-service] [RMI TCP Connection(145)-127.0.0.1] com.netflix.discovery.DiscoveryClient    : Unregistering ...
2026-05-16T10:26:15.664+05:30  INFO 2620 --- [payment-service] [RMI TCP Connection(145)-127.0.0.1] c.n.d.s.t.d.RedirectingEurekaHttpClient  : Request execution error. endpoint=DefaultEndpoint{ serviceUrl='http://localhost:8761/eureka/}, exception=Connection pool shut down stacktrace=java.lang.IllegalStateException: Connection pool shut down
	at org.apache.hc.core5.util.Asserts.check(Asserts.java:38)
	at org.apache.hc.core5.pool.StrictConnPool.lease(StrictConnPool.java:176)
	at org.apache.hc.client5.http.impl.io.PoolingHttpClientConnectionManager.lease(PoolingHttpClientConnectionManager.java:298)
	at org.apache.hc.client5.http.impl.classic.InternalExecRuntime.acquireEndpoint(InternalExecRuntime.java:103)
	at org.apache.hc.client5.http.impl.classic.ConnectExec.execute(ConnectExec.java:125)
	at org.apache.hc.client5.http.impl.classic.ExecChainElement.execute(ExecChainElement.java:51)
	at org.apache.hc.client5.http.impl.classic.ProtocolExec.execute(ProtocolExec.java:192)
	at org.apache.hc.client5.http.impl.classic.ExecChainElement.execute(ExecChainElement.java:51)
	at org.apache.hc.client5.http.impl.classic.HttpRequestRetryExec.execute(HttpRequestRetryExec.java:96)
	at org.apache.hc.client5.http.impl.classic.ExecChainElement.execute(ExecChainElement.java:51)
	at org.apache.hc.client5.http.impl.classic.ContentCompressionExec.execute(ContentCompressionExec.java:152)
	at org.apache.hc.client5.http.impl.classic.ExecChainElement.execute(ExecChainElement.java:51)
	at org.apache.hc.client5.http.impl.classic.RedirectExec.execute(RedirectExec.java:115)
	at org.apache.hc.client5.http.impl.classic.ExecChainElement.execute(ExecChainElement.java:51)
	at org.apache.hc.client5.http.impl.classic.InternalHttpClient.doExecute(InternalHttpClient.java:170)
	at org.apache.hc.client5.http.impl.classic.CloseableHttpClient.execute(CloseableHttpClient.java:87)
	at org.apache.hc.client5.http.impl.classic.CloseableHttpClient.execute(CloseableHttpClient.java:55)
	at org.apache.hc.client5.http.classic.HttpClient.executeOpen(HttpClient.java:183)
	at org.springframework.http.client.HttpComponentsClientHttpRequest.executeInternal(HttpComponentsClientHttpRequest.java:95)
	at org.springframework.http.client.AbstractStreamingClientHttpRequest.executeInternal(AbstractStreamingClientHttpRequest.java:70)
	at org.springframework.http.client.AbstractClientHttpRequest.execute(AbstractClientHttpRequest.java:66)
	at org.springframework.http.client.InterceptingClientHttpRequest$InterceptingRequestExecution.execute(InterceptingClientHttpRequest.java:101)
	at org.springframework.cloud.netflix.eureka.http.RestTemplateTransportClientFactory.lambda$restTemplate$0(RestTemplateTransportClientFactory.java:143)
	at org.springframework.http.client.InterceptingClientHttpRequest$InterceptingRequestExecution.execute(InterceptingClientHttpRequest.java:87)
	at org.springframework.http.client.InterceptingClientHttpRequest.executeInternal(InterceptingClientHttpRequest.java:71)
	at org.springframework.http.client.AbstractBufferingClientHttpRequest.executeInternal(AbstractBufferingClientHttpRequest.java:48)
	at org.springframework.http.client.AbstractClientHttpRequest.execute(AbstractClientHttpRequest.java:66)
	at org.springframework.web.client.RestTemplate.doExecute(RestTemplate.java:879)
	at org.springframework.web.client.RestTemplate.execute(RestTemplate.java:781)
	at org.springframework.web.client.RestTemplate.exchange(RestTemplate.java:663)
	at org.springframework.cloud.netflix.eureka.http.RestTemplateEurekaHttpClient.cancel(RestTemplateEurekaHttpClient.java:87)
	at com.netflix.discovery.shared.transport.decorator.EurekaHttpClientDecorator$2.execute(EurekaHttpClientDecorator.java:74)
	at com.netflix.discovery.shared.transport.decorator.RedirectingEurekaHttpClient.executeOnNewServer(RedirectingEurekaHttpClient.java:121)
	at com.netflix.discovery.shared.transport.decorator.RedirectingEurekaHttpClient.execute(RedirectingEurekaHttpClient.java:80)
	at com.netflix.discovery.shared.transport.decorator.EurekaHttpClientDecorator.cancel(EurekaHttpClientDecorator.java:71)
	at com.netflix.discovery.shared.transport.decorator.EurekaHttpClientDecorator$2.execute(EurekaHttpClientDecorator.java:74)
	at com.netflix.discovery.shared.transport.decorator.RetryableEurekaHttpClient.execute(RetryableEurekaHttpClient.java:120)
	at com.netflix.discovery.shared.transport.decorator.EurekaHttpClientDecorator.cancel(EurekaHttpClientDecorator.java:71)
	at com.netflix.discovery.shared.transport.decorator.EurekaHttpClientDecorator$2.execute(EurekaHttpClientDecorator.java:74)
	at com.netflix.discovery.shared.transport.decorator.SessionedEurekaHttpClient.execute(SessionedEurekaHttpClient.java:77)
	at com.netflix.discovery.shared.transport.decorator.EurekaHttpClientDecorator.cancel(EurekaHttpClientDecorator.java:71)
	at com.netflix.discovery.DiscoveryClient.unregister(DiscoveryClient.java:916)
	at com.netflix.discovery.DiscoveryClient.shutdown(DiscoveryClient.java:892)
	at java.base/jdk.internal.reflect.DirectMethodHandleAccessor.invoke(DirectMethodHandleAccessor.java:104)
	at java.base/java.lang.reflect.Method.invoke(Method.java:577)
	at org.springframework.beans.factory.annotation.InitDestroyAnnotationBeanPostProcessor$LifecycleMethod.invoke(InitDestroyAnnotationBeanPostProcessor.java:457)
	at org.springframework.beans.factory.annotation.InitDestroyAnnotationBeanPostProcessor$LifecycleMetadata.invokeDestroyMethods(InitDestroyAnnotationBeanPostProcessor.java:415)
	at org.springframework.beans.factory.annotation.InitDestroyAnnotationBeanPostProcessor.postProcessBeforeDestruction(InitDestroyAnnotationBeanPostProcessor.java:239)
	at org.springframework.beans.factory.support.DisposableBeanAdapter.destroy(DisposableBeanAdapter.java:202)
	at org.springframework.beans.factory.support.DisposableBeanAdapter.run(DisposableBeanAdapter.java:195)
	at org.springframework.cloud.context.scope.GenericScope$BeanLifecycleWrapper.destroy(GenericScope.java:389)
	at org.springframework.cloud.context.scope.GenericScope.destroy(GenericScope.java:136)
	at org.springframework.beans.factory.support.DisposableBeanAdapter.destroy(DisposableBeanAdapter.java:211)
	at org.springframework.beans.factory.support.DefaultSingletonBeanRegistry.destroyBean(DefaultSingletonBeanRegistry.java:587)
	at org.springframework.beans.factory.support.DefaultSingletonBeanRegistry.destroySingleton(DefaultSingletonBeanRegistry.java:559)
	at org.springframework.beans.factory.support.DefaultListableBeanFactory.destroySingleton(DefaultListableBeanFactory.java:1200)
	at org.springframework.beans.factory.support.DefaultSingletonBeanRegistry.destroySingletons(DefaultSingletonBeanRegistry.java:520)
	at org.springframework.beans.factory.support.DefaultListableBeanFactory.destroySingletons(DefaultListableBeanFactory.java:1193)
	at org.springframework.context.support.AbstractApplicationContext.destroyBeans(AbstractApplicationContext.java:1125)
	at org.springframework.context.support.AbstractApplicationContext.doClose(AbstractApplicationContext.java:1086)
	at org.springframework.boot.web.servlet.context.ServletWebServerApplicationContext.doClose(ServletWebServerApplicationContext.java:174)
	at org.springframework.context.support.AbstractApplicationContext.close(AbstractApplicationContext.java:1037)
	at org.springframework.boot.admin.SpringApplicationAdminMXBeanRegistrar$SpringApplicationAdmin.shutdown(SpringApplicationAdminMXBeanRegistrar.java:160)
	at java.base/jdk.internal.reflect.DirectMethodHandleAccessor.invoke(DirectMethodHandleAccessor.java:104)
	at java.base/java.lang.reflect.Method.invoke(Method.java:577)
	at sun.reflect.misc.Trampoline.invoke(MethodUtil.java:72)
	at java.base/jdk.internal.reflect.DirectMethodHandleAccessor.invoke(DirectMethodHandleAccessor.java:104)
	at java.base/java.lang.reflect.Method.invoke(Method.java:577)
	at java.base/sun.reflect.misc.MethodUtil.invoke(MethodUtil.java:262)
	at java.management/com.sun.jmx.mbeanserver.ConvertingMethod.invokeWithOpenReturn(ConvertingMethod.java:193)
	at java.management/com.sun.jmx.mbeanserver.ConvertingMethod.invokeWithOpenReturn(ConvertingMethod.java:175)
	at java.management/com.sun.jmx.mbeanserver.MXBeanIntrospector.invokeM2(MXBeanIntrospector.java:117)
	at java.management/com.sun.jmx.mbeanserver.MXBeanIntrospector.invokeM2(MXBeanIntrospector.java:54)
	at java.management/com.sun.jmx.mbeanserver.MBeanIntrospector.invokeM(MBeanIntrospector.java:237)
	at java.management/com.sun.jmx.mbeanserver.PerInterface.invoke(PerInterface.java:138)
	at java.management/com.sun.jmx.mbeanserver.MBeanSupport.invoke(MBeanSupport.java:252)
	at java.management/com.sun.jmx.interceptor.DefaultMBeanServerInterceptor.invoke(DefaultMBeanServerInterceptor.java:811)
	at java.management/com.sun.jmx.mbeanserver.JmxMBeanServer.invoke(JmxMBeanServer.java:802)
	at java.management.rmi/javax.management.remote.rmi.RMIConnectionImpl.doOperation(RMIConnectionImpl.java:1472)
	at java.management.rmi/javax.management.remote.rmi.RMIConnectionImpl$PrivilegedOperation.run(RMIConnectionImpl.java:1310)
	at java.management.rmi/javax.management.remote.rmi.RMIConnectionImpl.doPrivilegedOperation(RMIConnectionImpl.java:1405)
	at java.management.rmi/javax.management.remote.rmi.RMIConnectionImpl.invoke(RMIConnectionImpl.java:829)
	at java.base/jdk.internal.reflect.DirectMethodHandleAccessor.invoke(DirectMethodHandleAccessor.java:104)
	at java.base/java.lang.reflect.Method.invoke(Method.java:577)
	at java.rmi/sun.rmi.server.UnicastServerRef.dispatch(UnicastServerRef.java:360)
	at java.rmi/sun.rmi.transport.Transport$1.run(Transport.java:200)
	at java.rmi/sun.rmi.transport.Transport$1.run(Transport.java:197)
	at java.base/java.security.AccessController.doPrivileged(AccessController.java:712)
	at java.rmi/sun.rmi.transport.Transport.serviceCall(Transport.java:196)
	at java.rmi/sun.rmi.transport.tcp.TCPTransport.handleMessages(TCPTransport.java:598)
	at java.rmi/sun.rmi.transport.tcp.TCPTransport$ConnectionHandler.run0(TCPTransport.java:844)
	at java.rmi/sun.rmi.transport.tcp.TCPTransport$ConnectionHandler.lambda$run$0(TCPTransport.java:721)
	at java.base/java.security.AccessController.doPrivileged(AccessController.java:399)
	at java.rmi/sun.rmi.transport.tcp.TCPTransport$ConnectionHandler.run(TCPTransport.java:720)
	at java.base/java.util.concurrent.ThreadPoolExecutor.runWorker(ThreadPoolExecutor.java:1136)
	at java.base/java.util.concurrent.ThreadPoolExecutor$Worker.run(ThreadPoolExecutor.java:635)
	at java.base/java.lang.Thread.run(Thread.java:833)

2026-05-16T10:26:15.665+05:30  WARN 2620 --- [payment-service] [RMI TCP Connection(145)-127.0.0.1] c.n.d.s.t.d.RetryableEurekaHttpClient    : Request execution failed with message: Connection pool shut down
2026-05-16T10:26:15.665+05:30 ERROR 2620 --- [payment-service] [RMI TCP Connection(145)-127.0.0.1] com.netflix.discovery.DiscoveryClient    : DiscoveryClient_PAYMENT-SERVICE/localhost:payment-service:8086 - de-registration failedCannot execute request on any known server

com.netflix.discovery.shared.transport.TransportException: Cannot execute request on any known server
	at com.netflix.discovery.shared.transport.decorator.RetryableEurekaHttpClient.execute(RetryableEurekaHttpClient.java:112) ~[eureka-client-2.0.2.jar:2.0.2]
	at com.netflix.discovery.shared.transport.decorator.EurekaHttpClientDecorator.cancel(EurekaHttpClientDecorator.java:71) ~[eureka-client-2.0.2.jar:2.0.2]
	at com.netflix.discovery.shared.transport.decorator.EurekaHttpClientDecorator$2.execute(EurekaHttpClientDecorator.java:74) ~[eureka-client-2.0.2.jar:2.0.2]
	at com.netflix.discovery.shared.transport.decorator.SessionedEurekaHttpClient.execute(SessionedEurekaHttpClient.java:77) ~[eureka-client-2.0.2.jar:2.0.2]
	at com.netflix.discovery.shared.transport.decorator.EurekaHttpClientDecorator.cancel(EurekaHttpClientDecorator.java:71) ~[eureka-client-2.0.2.jar:2.0.2]
	at com.netflix.discovery.DiscoveryClient.unregister(DiscoveryClient.java:916) ~[eureka-client-2.0.2.jar:2.0.2]
	at com.netflix.discovery.DiscoveryClient.shutdown(DiscoveryClient.java:892) ~[eureka-client-2.0.2.jar:2.0.2]
	at java.base/jdk.internal.reflect.DirectMethodHandleAccessor.invoke(DirectMethodHandleAccessor.java:104) ~[na:na]
	at java.base/java.lang.reflect.Method.invoke(Method.java:577) ~[na:na]
	at org.springframework.beans.factory.annotation.InitDestroyAnnotationBeanPostProcessor$LifecycleMethod.invoke(InitDestroyAnnotationBeanPostProcessor.java:457) ~[spring-beans-6.1.1.jar:6.1.1]
	at org.springframework.beans.factory.annotation.InitDestroyAnnotationBeanPostProcessor$LifecycleMetadata.invokeDestroyMethods(InitDestroyAnnotationBeanPostProcessor.java:415) ~[spring-beans-6.1.1.jar:6.1.1]
	at org.springframework.beans.factory.annotation.InitDestroyAnnotationBeanPostProcessor.postProcessBeforeDestruction(InitDestroyAnnotationBeanPostProcessor.java:239) ~[spring-beans-6.1.1.jar:6.1.1]
	at org.springframework.beans.factory.support.DisposableBeanAdapter.destroy(DisposableBeanAdapter.java:202) ~[spring-beans-6.1.1.jar:6.1.1]
	at org.springframework.beans.factory.support.DisposableBeanAdapter.run(DisposableBeanAdapter.java:195) ~[spring-beans-6.1.1.jar:6.1.1]
	at org.springframework.cloud.context.scope.GenericScope$BeanLifecycleWrapper.destroy(GenericScope.java:389) ~[spring-cloud-context-4.1.2.jar:4.1.2]
	at org.springframework.cloud.context.scope.GenericScope.destroy(GenericScope.java:136) ~[spring-cloud-context-4.1.2.jar:4.1.2]
	at org.springframework.beans.factory.support.DisposableBeanAdapter.destroy(DisposableBeanAdapter.java:211) ~[spring-beans-6.1.1.jar:6.1.1]
	at org.springframework.beans.factory.support.DefaultSingletonBeanRegistry.destroyBean(DefaultSingletonBeanRegistry.java:587) ~[spring-beans-6.1.1.jar:6.1.1]
	at org.springframework.beans.factory.support.DefaultSingletonBeanRegistry.destroySingleton(DefaultSingletonBeanRegistry.java:559) ~[spring-beans-6.1.1.jar:6.1.1]
	at org.springframework.beans.factory.support.DefaultListableBeanFactory.destroySingleton(DefaultListableBeanFactory.java:1200) ~[spring-beans-6.1.1.jar:6.1.1]
	at org.springframework.beans.factory.support.DefaultSingletonBeanRegistry.destroySingletons(DefaultSingletonBeanRegistry.java:520) ~[spring-beans-6.1.1.jar:6.1.1]
	at org.springframework.beans.factory.support.DefaultListableBeanFactory.destroySingletons(DefaultListableBeanFactory.java:1193) ~[spring-beans-6.1.1.jar:6.1.1]
	at org.springframework.context.support.AbstractApplicationContext.destroyBeans(AbstractApplicationContext.java:1125) ~[spring-context-6.1.1.jar:6.1.1]
	at org.springframework.context.support.AbstractApplicationContext.doClose(AbstractApplicationContext.java:1086) ~[spring-context-6.1.1.jar:6.1.1]
	at org.springframework.boot.web.servlet.context.ServletWebServerApplicationContext.doClose(ServletWebServerApplicationContext.java:174) ~[spring-boot-3.2.0.jar:3.2.0]
	at org.springframework.context.support.AbstractApplicationContext.close(AbstractApplicationContext.java:1037) ~[spring-context-6.1.1.jar:6.1.1]
	at org.springframework.boot.admin.SpringApplicationAdminMXBeanRegistrar$SpringApplicationAdmin.shutdown(SpringApplicationAdminMXBeanRegistrar.java:160) ~[spring-boot-3.2.0.jar:3.2.0]
	at java.base/jdk.internal.reflect.DirectMethodHandleAccessor.invoke(DirectMethodHandleAccessor.java:104) ~[na:na]
	at java.base/java.lang.reflect.Method.invoke(Method.java:577) ~[na:na]
	at sun.reflect.misc.Trampoline.invoke(MethodUtil.java:72) ~[na:na]
	at java.base/jdk.internal.reflect.DirectMethodHandleAccessor.invoke(DirectMethodHandleAccessor.java:104) ~[na:na]
	at java.base/java.lang.reflect.Method.invoke(Method.java:577) ~[na:na]
	at java.base/sun.reflect.misc.MethodUtil.invoke(MethodUtil.java:262) ~[na:na]
	at java.management/com.sun.jmx.mbeanserver.ConvertingMethod.invokeWithOpenReturn(ConvertingMethod.java:193) ~[na:na]
	at java.management/com.sun.jmx.mbeanserver.ConvertingMethod.invokeWithOpenReturn(ConvertingMethod.java:175) ~[na:na]
	at java.management/com.sun.jmx.mbeanserver.MXBeanIntrospector.invokeM2(MXBeanIntrospector.java:117) ~[na:na]
	at java.management/com.sun.jmx.mbeanserver.MXBeanIntrospector.invokeM2(MXBeanIntrospector.java:54) ~[na:na]
	at java.management/com.sun.jmx.mbeanserver.MBeanIntrospector.invokeM(MBeanIntrospector.java:237) ~[na:na]
	at java.management/com.sun.jmx.mbeanserver.PerInterface.invoke(PerInterface.java:138) ~[na:na]
	at java.management/com.sun.jmx.mbeanserver.MBeanSupport.invoke(MBeanSupport.java:252) ~[na:na]
	at java.management/com.sun.jmx.interceptor.DefaultMBeanServerInterceptor.invoke(DefaultMBeanServerInterceptor.java:811) ~[na:na]
	at java.management/com.sun.jmx.mbeanserver.JmxMBeanServer.invoke(JmxMBeanServer.java:802) ~[na:na]
	at java.management.rmi/javax.management.remote.rmi.RMIConnectionImpl.doOperation(RMIConnectionImpl.java:1472) ~[na:na]
	at java.management.rmi/javax.management.remote.rmi.RMIConnectionImpl$PrivilegedOperation.run(RMIConnectionImpl.java:1310) ~[na:na]
	at java.management.rmi/javax.management.remote.rmi.RMIConnectionImpl.doPrivilegedOperation(RMIConnectionImpl.java:1405) ~[na:na]
	at java.management.rmi/javax.management.remote.rmi.RMIConnectionImpl.invoke(RMIConnectionImpl.java:829) ~[na:na]
	at java.base/jdk.internal.reflect.DirectMethodHandleAccessor.invoke(DirectMethodHandleAccessor.java:104) ~[na:na]
	at java.base/java.lang.reflect.Method.invoke(Method.java:577) ~[na:na]
	at java.rmi/sun.rmi.server.UnicastServerRef.dispatch(UnicastServerRef.java:360) ~[na:na]
	at java.rmi/sun.rmi.transport.Transport$1.run(Transport.java:200) ~[na:na]
	at java.rmi/sun.rmi.transport.Transport$1.run(Transport.java:197) ~[na:na]
	at java.base/java.security.AccessController.doPrivileged(AccessController.java:712) ~[na:na]
	at java.rmi/sun.rmi.transport.Transport.serviceCall(Transport.java:196) ~[na:na]
	at java.rmi/sun.rmi.transport.tcp.TCPTransport.handleMessages(TCPTransport.java:598) ~[na:na]
	at java.rmi/sun.rmi.transport.tcp.TCPTransport$ConnectionHandler.run0(TCPTransport.java:844) ~[na:na]
	at java.rmi/sun.rmi.transport.tcp.TCPTransport$ConnectionHandler.lambda$run$0(TCPTransport.java:721) ~[na:na]
	at java.base/java.security.AccessController.doPrivileged(AccessController.java:399) ~[na:na]
	at java.rmi/sun.rmi.transport.tcp.TCPTransport$ConnectionHandler.run(TCPTransport.java:720) ~[na:na]
	at java.base/java.util.concurrent.ThreadPoolExecutor.runWorker(ThreadPoolExecutor.java:1136) ~[na:na]
	at java.base/java.util.concurrent.ThreadPoolExecutor$Worker.run(ThreadPoolExecutor.java:635) ~[na:na]
	at java.base/java.lang.Thread.run(Thread.java:833) ~[na:na]

2026-05-16T10:26:15.688+05:30  INFO 2620 --- [payment-service] [RMI TCP Connection(145)-127.0.0.1] com.netflix.discovery.DiscoveryClient    : Completed shut down of DiscoveryClient
2026-05-16T10:44:41.095+05:30  WARN 33552 --- [payment-service] [main] ory$DuplicateJsonObjectContextCustomizer : 

Found multiple occurrences of org.json.JSONObject on the class path:

	jar:file:/C:/Users/Hp/.m2/repository/org/json/json/20180130/json-20180130.jar!/org/json/JSONObject.class
	jar:file:/C:/Users/Hp/.m2/repository/com/vaadin/external/google/android-json/0.0.20131108.vaadin1/android-json-0.0.20131108.vaadin1.jar!/org/json/JSONObject.class

You may wish to exclude one of them to ensure predictable runtime behavior

2026-05-16T10:44:41.162+05:30  INFO 33552 --- [payment-service] [main] c.p.p.PaymentServiceApplicationTests     : Starting PaymentServiceApplicationTests using Java 21.0.10 with PID 33552 (started by Hp in C:\Users\Hp\Desktop\Parkease-Backend\payment-service)
2026-05-16T10:44:41.164+05:30 DEBUG 33552 --- [payment-service] [main] c.p.p.PaymentServiceApplicationTests     : Running with Spring Boot v3.2.0, Spring v6.1.1
2026-05-16T10:44:41.165+05:30  INFO 33552 --- [payment-service] [main] c.p.p.PaymentServiceApplicationTests     : No active profile set, falling back to 1 default profile: "default"
2026-05-16T10:44:43.949+05:30  INFO 33552 --- [payment-service] [main] .s.d.r.c.RepositoryConfigurationDelegate : Bootstrapping Spring Data JPA repositories in DEFAULT mode.
2026-05-16T10:44:44.273+05:30  INFO 33552 --- [payment-service] [main] .s.d.r.c.RepositoryConfigurationDelegate : Finished Spring Data repository scanning in 308 ms. Found 3 JPA repository interfaces.
2026-05-16T10:44:44.860+05:30  INFO 33552 --- [payment-service] [main] o.s.cloud.context.scope.GenericScope     : BeanFactory id=a6e8a90a-1a59-3898-95b0-95f633c348b2
2026-05-16T10:44:45.797+05:30  WARN 33552 --- [payment-service] [main] trationDelegate$BeanPostProcessorChecker : Bean 'org.springframework.cloud.client.loadbalancer.LoadBalancerAutoConfiguration$DeferringLoadBalancerInterceptorConfig' of type [org.springframework.cloud.client.loadbalancer.LoadBalancerAutoConfiguration$DeferringLoadBalancerInterceptorConfig] is not eligible for getting processed by all BeanPostProcessors (for example: not eligible for auto-proxying). The currently created BeanPostProcessor [lbRestClientPostProcessor] is declared through a non-static factory method on that class; consider declaring it as static instead.
2026-05-16T10:44:45.805+05:30  WARN 33552 --- [payment-service] [main] trationDelegate$BeanPostProcessorChecker : Bean 'deferringLoadBalancerInterceptor' of type [org.springframework.cloud.client.loadbalancer.DeferringLoadBalancerInterceptor] is not eligible for getting processed by all BeanPostProcessors (for example: not eligible for auto-proxying). Is this bean getting eagerly injected into a currently created BeanPostProcessor [lbRestClientPostProcessor]? Check the corresponding BeanPostProcessor declaration and its dependencies.
2026-05-16T10:44:46.271+05:30  INFO 33552 --- [payment-service] [main] o.hibernate.jpa.internal.util.LogHelper  : HHH000204: Processing PersistenceUnitInfo [name: default]
2026-05-16T10:44:46.404+05:30  INFO 33552 --- [payment-service] [main] org.hibernate.Version                    : HHH000412: Hibernate ORM core version 6.3.1.Final
2026-05-16T10:44:46.483+05:30  INFO 33552 --- [payment-service] [main] o.h.c.internal.RegionFactoryInitiator    : HHH000026: Second-level cache disabled
2026-05-16T10:44:46.699+05:30  INFO 33552 --- [payment-service] [main] o.s.o.j.p.SpringPersistenceUnitInfo      : No LoadTimeWeaver setup: ignoring JPA class transformer
2026-05-16T10:44:46.746+05:30  INFO 33552 --- [payment-service] [main] com.zaxxer.hikari.HikariDataSource       : HikariPool-1 - Starting...
2026-05-16T10:44:47.187+05:30  INFO 33552 --- [payment-service] [main] com.zaxxer.hikari.pool.HikariPool        : HikariPool-1 - Added connection com.mysql.cj.jdbc.ConnectionImpl@2d2ffced
2026-05-16T10:44:47.191+05:30  INFO 33552 --- [payment-service] [main] com.zaxxer.hikari.HikariDataSource       : HikariPool-1 - Start completed.
2026-05-16T10:44:47.285+05:30  WARN 33552 --- [payment-service] [main] org.hibernate.orm.deprecation            : HHH90000025: MySQLDialect does not need to be specified explicitly using 'hibernate.dialect' (remove the property setting and it will be selected by default)
2026-05-16T10:44:48.880+05:30  INFO 33552 --- [payment-service] [main] o.h.e.t.j.p.i.JtaPlatformInitiator       : HHH000489: No JTA platform available (set 'hibernate.transaction.jta.platform' to enable JTA platform integration)
2026-05-16T10:44:48.969+05:30  INFO 33552 --- [payment-service] [main] j.LocalContainerEntityManagerFactoryBean : Initialized JPA EntityManagerFactory for persistence unit 'default'
2026-05-16T10:44:49.917+05:30  INFO 33552 --- [payment-service] [main] c.p.payment.config.RazorpayConfig        : Initializing Razorpay client with key: rzp_test...
2026-05-16T10:44:51.128+05:30  INFO 33552 --- [payment-service] [main] o.s.d.j.r.query.QueryEnhancerFactory     : Hibernate is in classpath; If applicable, HQL parser will be used.
2026-05-16T10:44:52.934+05:30  WARN 33552 --- [payment-service] [main] JpaBaseConfiguration$JpaWebConfiguration : spring.jpa.open-in-view is enabled by default. Therefore, database queries may be performed during view rendering. Explicitly configure spring.jpa.open-in-view to disable this warning
2026-05-16T10:44:53.113+05:30  WARN 33552 --- [payment-service] [main] .s.s.UserDetailsServiceAutoConfiguration : 

Using generated security password: ab97e619-1e0a-4108-86e8-81d21538174c

This generated password is for development use only. Your security configuration must be updated before running your application in production.

2026-05-16T10:44:55.151+05:30  INFO 33552 --- [payment-service] [main] o.s.cloud.commons.util.InetUtils         : Cannot determine local hostname
2026-05-16T10:44:55.545+05:30  INFO 33552 --- [payment-service] [main] o.s.b.a.e.web.EndpointLinksResolver      : Exposing 17 endpoint(s) beneath base path '/actuator'
2026-05-16T10:44:55.689+05:30  INFO 33552 --- [payment-service] [main] o.s.s.web.DefaultSecurityFilterChain     : Will secure any request with [org.springframework.security.web.session.DisableEncodeUrlFilter@2422478c, org.springframework.security.web.context.request.async.WebAsyncManagerIntegrationFilter@48665791, org.springframework.security.web.context.SecurityContextHolderFilter@5ede804b, org.springframework.security.web.header.HeaderWriterFilter@6a11b2d4, org.springframework.web.filter.CorsFilter@6fedd7e2, org.springframework.security.web.authentication.logout.LogoutFilter@85b64be, com.parkease.payment.security.JwtAuthFilter@b6fb919, org.springframework.security.web.savedrequest.RequestCacheAwareFilter@5b1d4acc, org.springframework.security.web.servletapi.SecurityContextHolderAwareRequestFilter@da62e49, org.springframework.security.web.authentication.AnonymousAuthenticationFilter@5edcbba1, org.springframework.security.web.session.SessionManagementFilter@a368e85, org.springframework.security.web.access.ExceptionTranslationFilter@5549a58b, org.springframework.security.web.access.intercept.AuthorizationFilter@2121ca02]
2026-05-16T10:44:58.390+05:30  INFO 33552 --- [payment-service] [main] o.s.cloud.commons.util.InetUtils         : Cannot determine local hostname
2026-05-16T10:44:58.412+05:30  INFO 33552 --- [payment-service] [main] DiscoveryClientOptionalArgsConfiguration : Eureka HTTP Client uses RestTemplate.
2026-05-16T10:44:58.551+05:30  WARN 33552 --- [payment-service] [main] iguration$LoadBalancerCaffeineWarnLogger : Spring Cloud LoadBalancer is currently working with the default cache. While this cache implementation is useful for development and tests, it's recommended to use Caffeine cache in production.You can switch to using Caffeine cache, by adding it and org.springframework.cache.caffeine.CaffeineCacheManager to the classpath.
2026-05-16T10:44:58.691+05:30  INFO 33552 --- [payment-service] [main] o.s.c.n.eureka.InstanceInfoFactory       : Setting initial instance status as: STARTING
2026-05-16T10:44:58.877+05:30  INFO 33552 --- [payment-service] [main] com.netflix.discovery.DiscoveryClient    : Initializing Eureka in region us-east-1
2026-05-16T10:44:58.886+05:30  INFO 33552 --- [payment-service] [main] c.n.d.s.r.aws.ConfigClusterResolver      : Resolving eureka endpoints via configuration
2026-05-16T10:44:58.934+05:30  INFO 33552 --- [payment-service] [main] com.netflix.discovery.DiscoveryClient    : Disable delta property : false
2026-05-16T10:44:58.936+05:30  INFO 33552 --- [payment-service] [main] com.netflix.discovery.DiscoveryClient    : Single vip registry refresh property : null
2026-05-16T10:44:58.936+05:30  INFO 33552 --- [payment-service] [main] com.netflix.discovery.DiscoveryClient    : Force full registry fetch : false
2026-05-16T10:44:58.936+05:30  INFO 33552 --- [payment-service] [main] com.netflix.discovery.DiscoveryClient    : Application is null : false
2026-05-16T10:44:58.936+05:30  INFO 33552 --- [payment-service] [main] com.netflix.discovery.DiscoveryClient    : Registered Applications size is zero : true
2026-05-16T10:44:58.936+05:30  INFO 33552 --- [payment-service] [main] com.netflix.discovery.DiscoveryClient    : Application version is -1: true
2026-05-16T10:44:58.936+05:30  INFO 33552 --- [payment-service] [main] com.netflix.discovery.DiscoveryClient    : Getting all instance registry info from the eureka server
2026-05-16T10:44:59.229+05:30  INFO 33552 --- [payment-service] [main] c.n.d.s.t.d.RedirectingEurekaHttpClient  : Request execution error. endpoint=DefaultEndpoint{ serviceUrl='http://localhost:8761/eureka/}, exception=I/O error on GET request for "http://localhost:8761/eureka/apps/": Connect to http://localhost:8761 [localhost/127.0.0.1, localhost/0:0:0:0:0:0:0:1] failed: Connection refused: getsockopt stacktrace=org.springframework.web.client.ResourceAccessException: I/O error on GET request for "http://localhost:8761/eureka/apps/": Connect to http://localhost:8761 [localhost/127.0.0.1, localhost/0:0:0:0:0:0:0:1] failed: Connection refused: getsockopt
	at org.springframework.web.client.RestTemplate.createResourceAccessException(RestTemplate.java:905)
	at org.springframework.web.client.RestTemplate.doExecute(RestTemplate.java:885)
	at org.springframework.web.client.RestTemplate.execute(RestTemplate.java:781)
	at org.springframework.web.client.RestTemplate.exchange(RestTemplate.java:663)
	at org.springframework.cloud.netflix.eureka.http.RestTemplateEurekaHttpClient.getApplicationsInternal(RestTemplateEurekaHttpClient.java:145)
	at org.springframework.cloud.netflix.eureka.http.RestTemplateEurekaHttpClient.getApplications(RestTemplateEurekaHttpClient.java:135)
	at com.netflix.discovery.shared.transport.decorator.EurekaHttpClientDecorator$6.execute(EurekaHttpClientDecorator.java:137)
	at com.netflix.discovery.shared.transport.decorator.RedirectingEurekaHttpClient.executeOnNewServer(RedirectingEurekaHttpClient.java:121)
	at com.netflix.discovery.shared.transport.decorator.RedirectingEurekaHttpClient.execute(RedirectingEurekaHttpClient.java:80)
	at com.netflix.discovery.shared.transport.decorator.EurekaHttpClientDecorator.getApplications(EurekaHttpClientDecorator.java:134)
	at com.netflix.discovery.shared.transport.decorator.EurekaHttpClientDecorator$6.execute(EurekaHttpClientDecorator.java:137)
	at com.netflix.discovery.shared.transport.decorator.RetryableEurekaHttpClient.execute(RetryableEurekaHttpClient.java:120)
	at com.netflix.discovery.shared.transport.decorator.EurekaHttpClientDecorator.getApplications(EurekaHttpClientDecorator.java:134)
	at com.netflix.discovery.shared.transport.decorator.EurekaHttpClientDecorator$6.execute(EurekaHttpClientDecorator.java:137)
	at com.netflix.discovery.shared.transport.decorator.SessionedEurekaHttpClient.execute(SessionedEurekaHttpClient.java:77)
	at com.netflix.discovery.shared.transport.decorator.EurekaHttpClientDecorator.getApplications(EurekaHttpClientDecorator.java:134)
	at com.netflix.discovery.DiscoveryClient.getAndStoreFullRegistry(DiscoveryClient.java:1045)
	at com.netflix.discovery.DiscoveryClient.fetchRegistry(DiscoveryClient.java:958)
	at com.netflix.discovery.DiscoveryClient.<init>(DiscoveryClient.java:396)
	at com.netflix.discovery.DiscoveryClient.<init>(DiscoveryClient.java:247)
	at com.netflix.discovery.DiscoveryClient.<init>(DiscoveryClient.java:242)
	at org.springframework.cloud.netflix.eureka.CloudEurekaClient.<init>(CloudEurekaClient.java:68)
	at org.springframework.cloud.netflix.eureka.EurekaClientAutoConfiguration$RefreshableEurekaClientConfiguration.eurekaClient(EurekaClientAutoConfiguration.java:321)
	at java.base/jdk.internal.reflect.DirectMethodHandleAccessor.invoke(DirectMethodHandleAccessor.java:103)
	at java.base/java.lang.reflect.Method.invoke(Method.java:580)
	at org.springframework.beans.factory.support.SimpleInstantiationStrategy.instantiate(SimpleInstantiationStrategy.java:140)
	at org.springframework.beans.factory.support.ConstructorResolver.instantiate(ConstructorResolver.java:651)
	at org.springframework.beans.factory.support.ConstructorResolver.instantiateUsingFactoryMethod(ConstructorResolver.java:643)
	at org.springframework.beans.factory.support.AbstractAutowireCapableBeanFactory.instantiateUsingFactoryMethod(AbstractAutowireCapableBeanFactory.java:1336)
	at org.springframework.beans.factory.support.AbstractAutowireCapableBeanFactory.createBeanInstance(AbstractAutowireCapableBeanFactory.java:1166)
	at org.springframework.beans.factory.support.AbstractAutowireCapableBeanFactory.doCreateBean(AbstractAutowireCapableBeanFactory.java:563)
	at org.springframework.beans.factory.support.AbstractAutowireCapableBeanFactory.createBean(AbstractAutowireCapableBeanFactory.java:523)
	at org.springframework.beans.factory.support.AbstractBeanFactory.lambda$doGetBean$1(AbstractBeanFactory.java:364)
	at org.springframework.cloud.context.scope.GenericScope$BeanLifecycleWrapper.getBean(GenericScope.java:375)
	at org.springframework.cloud.context.scope.GenericScope.get(GenericScope.java:179)
	at org.springframework.beans.factory.support.AbstractBeanFactory.doGetBean(AbstractBeanFactory.java:361)
	at org.springframework.beans.factory.support.AbstractBeanFactory.getBean(AbstractBeanFactory.java:199)
	at org.springframework.aop.target.SimpleBeanTargetSource.getTarget(SimpleBeanTargetSource.java:35)
	at org.springframework.cloud.netflix.eureka.serviceregistry.EurekaRegistration.getTargetObject(EurekaRegistration.java:128)
	at org.springframework.cloud.netflix.eureka.serviceregistry.EurekaRegistration.getEurekaClient(EurekaRegistration.java:116)
	at java.base/jdk.internal.reflect.DirectMethodHandleAccessor.invoke(DirectMethodHandleAccessor.java:103)
	at java.base/java.lang.reflect.Method.invoke(Method.java:580)
	at org.springframework.util.ReflectionUtils.invokeMethod(ReflectionUtils.java:281)
	at org.springframework.cloud.context.scope.GenericScope$LockedScopedProxyFactoryBean.invoke(GenericScope.java:482)
	at org.springframework.aop.framework.ReflectiveMethodInvocation.proceed(ReflectiveMethodInvocation.java:184)
	at org.springframework.aop.framework.CglibAopProxy$CglibMethodInvocation.proceed(CglibAopProxy.java:765)
	at org.springframework.aop.framework.CglibAopProxy$DynamicAdvisedInterceptor.intercept(CglibAopProxy.java:717)
	at org.springframework.cloud.netflix.eureka.serviceregistry.EurekaRegistration$$SpringCGLIB$$0.getEurekaClient(<generated>)
	at org.springframework.cloud.netflix.eureka.serviceregistry.EurekaServiceRegistry.maybeInitializeClient(EurekaServiceRegistry.java:83)
	at org.springframework.cloud.netflix.eureka.serviceregistry.EurekaServiceRegistry.register(EurekaServiceRegistry.java:66)
	at org.springframework.cloud.netflix.eureka.serviceregistry.EurekaAutoServiceRegistration.start(EurekaAutoServiceRegistration.java:89)
	at org.springframework.context.support.DefaultLifecycleProcessor.doStart(DefaultLifecycleProcessor.java:284)
	at org.springframework.context.support.DefaultLifecycleProcessor$LifecycleGroup.start(DefaultLifecycleProcessor.java:467)
	at java.base/java.lang.Iterable.forEach(Iterable.java:75)
	at org.springframework.context.support.DefaultLifecycleProcessor.startBeans(DefaultLifecycleProcessor.java:256)
	at org.springframework.context.support.DefaultLifecycleProcessor.onRefresh(DefaultLifecycleProcessor.java:201)
	at org.springframework.context.support.AbstractApplicationContext.finishRefresh(AbstractApplicationContext.java:965)
	at org.springframework.context.support.AbstractApplicationContext.refresh(AbstractApplicationContext.java:619)
	at org.springframework.boot.SpringApplication.refresh(SpringApplication.java:753)
	at org.springframework.boot.SpringApplication.refreshContext(SpringApplication.java:455)
	at org.springframework.boot.SpringApplication.run(SpringApplication.java:323)
	at org.springframework.boot.test.context.SpringBootContextLoader.lambda$loadContext$3(SpringBootContextLoader.java:137)
	at org.springframework.util.function.ThrowingSupplier.get(ThrowingSupplier.java:58)
	at org.springframework.util.function.ThrowingSupplier.get(ThrowingSupplier.java:46)
	at org.springframework.boot.SpringApplication.withHook(SpringApplication.java:1442)
	at org.springframework.boot.test.context.SpringBootContextLoader$ContextLoaderHook.run(SpringBootContextLoader.java:552)
	at org.springframework.boot.test.context.SpringBootContextLoader.loadContext(SpringBootContextLoader.java:137)
	at org.springframework.boot.test.context.SpringBootContextLoader.loadContext(SpringBootContextLoader.java:108)
	at org.springframework.test.context.cache.DefaultCacheAwareContextLoaderDelegate.loadContextInternal(DefaultCacheAwareContextLoaderDelegate.java:225)
	at org.springframework.test.context.cache.DefaultCacheAwareContextLoaderDelegate.loadContext(DefaultCacheAwareContextLoaderDelegate.java:152)
	at org.springframework.test.context.support.DefaultTestContext.getApplicationContext(DefaultTestContext.java:130)
	at org.springframework.test.context.web.ServletTestExecutionListener.setUpRequestContextIfNecessary(ServletTestExecutionListener.java:191)
	at org.springframework.test.context.web.ServletTestExecutionListener.prepareTestInstance(ServletTestExecutionListener.java:130)
	at org.springframework.test.context.TestContextManager.prepareTestInstance(TestContextManager.java:247)
	at org.springframework.test.context.junit.jupiter.SpringExtension.postProcessTestInstance(SpringExtension.java:163)
	at org.junit.jupiter.engine.descriptor.ClassBasedTestDescriptor.lambda$invokeTestInstancePostProcessors$10(ClassBasedTestDescriptor.java:378)
	at org.junit.jupiter.engine.descriptor.ClassBasedTestDescriptor.executeAndMaskThrowable(ClassBasedTestDescriptor.java:383)
	at org.junit.jupiter.engine.descriptor.ClassBasedTestDescriptor.lambda$invokeTestInstancePostProcessors$11(ClassBasedTestDescriptor.java:378)
	at java.base/java.util.stream.ReferencePipeline$3$1.accept(ReferencePipeline.java:197)
	at java.base/java.util.stream.ReferencePipeline$2$1.accept(ReferencePipeline.java:179)
	at java.base/java.util.ArrayList$ArrayListSpliterator.forEachRemaining(ArrayList.java:1708)
	at java.base/java.util.stream.AbstractPipeline.copyInto(AbstractPipeline.java:509)
	at java.base/java.util.stream.AbstractPipeline.wrapAndCopyInto(AbstractPipeline.java:499)
	at java.base/java.util.stream.StreamSpliterators$WrappingSpliterator.forEachRemaining(StreamSpliterators.java:310)
	at java.base/java.util.stream.Streams$ConcatSpliterator.forEachRemaining(Streams.java:735)
	at java.base/java.util.stream.Streams$ConcatSpliterator.forEachRemaining(Streams.java:734)
	at java.base/java.util.stream.ReferencePipeline$Head.forEach(ReferencePipeline.java:762)
	at org.junit.jupiter.engine.descriptor.ClassBasedTestDescriptor.invokeTestInstancePostProcessors(ClassBasedTestDescriptor.java:377)
	at org.junit.jupiter.engine.descriptor.ClassBasedTestDescriptor.lambda$instantiateAndPostProcessTestInstance$6(ClassBasedTestDescriptor.java:290)
	at org.junit.platform.engine.support.hierarchical.ThrowableCollector.execute(ThrowableCollector.java:73)
	at org.junit.jupiter.engine.descriptor.ClassBasedTestDescriptor.instantiateAndPostProcessTestInstance(ClassBasedTestDescriptor.java:289)
	at org.junit.jupiter.engine.descriptor.ClassBasedTestDescriptor.lambda$testInstancesProvider$4(ClassBasedTestDescriptor.java:279)
	at java.base/java.util.Optional.orElseGet(Optional.java:364)
	at org.junit.jupiter.engine.descriptor.ClassBasedTestDescriptor.lambda$testInstancesProvider$5(ClassBasedTestDescriptor.java:278)
	at org.junit.jupiter.engine.execution.TestInstancesProvider.getTestInstances(TestInstancesProvider.java:31)
	at org.junit.jupiter.engine.descriptor.TestMethodTestDescriptor.lambda$prepare$0(TestMethodTestDescriptor.java:106)
	at org.junit.platform.engine.support.hierarchical.ThrowableCollector.execute(ThrowableCollector.java:73)
	at org.junit.jupiter.engine.descriptor.TestMethodTestDescriptor.prepare(TestMethodTestDescriptor.java:105)
	at org.junit.jupiter.engine.descriptor.TestMethodTestDescriptor.prepare(TestMethodTestDescriptor.java:69)
	at org.junit.platform.engine.support.hierarchical.NodeTestTask.lambda$prepare$2(NodeTestTask.java:123)
	at org.junit.platform.engine.support.hierarchical.ThrowableCollector.execute(ThrowableCollector.java:73)
	at org.junit.platform.engine.support.hierarchical.NodeTestTask.prepare(NodeTestTask.java:123)
	at org.junit.platform.engine.support.hierarchical.NodeTestTask.execute(NodeTestTask.java:90)
	at java.base/java.util.ArrayList.forEach(ArrayList.java:1596)
	at org.junit.platform.engine.support.hierarchical.SameThreadHierarchicalTestExecutorService.invokeAll(SameThreadHierarchicalTestExecutorService.java:41)
	at org.junit.platform.engine.support.hierarchical.NodeTestTask.lambda$executeRecursively$6(NodeTestTask.java:155)
	at org.junit.platform.engine.support.hierarchical.ThrowableCollector.execute(ThrowableCollector.java:73)
	at org.junit.platform.engine.support.hierarchical.NodeTestTask.lambda$executeRecursively$8(NodeTestTask.java:141)
	at org.junit.platform.engine.support.hierarchical.Node.around(Node.java:137)
	at org.junit.platform.engine.support.hierarchical.NodeTestTask.lambda$executeRecursively$9(NodeTestTask.java:139)
	at org.junit.platform.engine.support.hierarchical.ThrowableCollector.execute(ThrowableCollector.java:73)
	at org.junit.platform.engine.support.hierarchical.NodeTestTask.executeRecursively(NodeTestTask.java:138)
	at org.junit.platform.engine.support.hierarchical.NodeTestTask.execute(NodeTestTask.java:95)
	at java.base/java.util.ArrayList.forEach(ArrayList.java:1596)
	at org.junit.platform.engine.support.hierarchical.SameThreadHierarchicalTestExecutorService.invokeAll(SameThreadHierarchicalTestExecutorService.java:41)
	at org.junit.platform.engine.support.hierarchical.NodeTestTask.lambda$executeRecursively$6(NodeTestTask.java:155)
	at org.junit.platform.engine.support.hierarchical.ThrowableCollector.execute(ThrowableCollector.java:73)
	at org.junit.platform.engine.support.hierarchical.NodeTestTask.lambda$executeRecursively$8(NodeTestTask.java:141)
	at org.junit.platform.engine.support.hierarchical.Node.around(Node.java:137)
	at org.junit.platform.engine.support.hierarchical.NodeTestTask.lambda$executeRecursively$9(NodeTestTask.java:139)
	at org.junit.platform.engine.support.hierarchical.ThrowableCollector.execute(ThrowableCollector.java:73)
	at org.junit.platform.engine.support.hierarchical.NodeTestTask.executeRecursively(NodeTestTask.java:138)
	at org.junit.platform.engine.support.hierarchical.NodeTestTask.execute(NodeTestTask.java:95)
	at org.junit.platform.engine.support.hierarchical.SameThreadHierarchicalTestExecutorService.submit(SameThreadHierarchicalTestExecutorService.java:35)
	at org.junit.platform.engine.support.hierarchical.HierarchicalTestExecutor.execute(HierarchicalTestExecutor.java:57)
	at org.junit.platform.engine.support.hierarchical.HierarchicalTestEngine.execute(HierarchicalTestEngine.java:54)
	at org.junit.platform.launcher.core.EngineExecutionOrchestrator.execute(EngineExecutionOrchestrator.java:198)
	at org.junit.platform.launcher.core.EngineExecutionOrchestrator.execute(EngineExecutionOrchestrator.java:169)
	at org.junit.platform.launcher.core.EngineExecutionOrchestrator.execute(EngineExecutionOrchestrator.java:93)
	at org.junit.platform.launcher.core.EngineExecutionOrchestrator.lambda$execute$0(EngineExecutionOrchestrator.java:58)
	at org.junit.platform.launcher.core.EngineExecutionOrchestrator.withInterceptedStreams(EngineExecutionOrchestrator.java:141)
	at org.junit.platform.launcher.core.EngineExecutionOrchestrator.execute(EngineExecutionOrchestrator.java:57)
	at org.junit.platform.launcher.core.DefaultLauncher.execute(DefaultLauncher.java:103)
	at org.junit.platform.launcher.core.DefaultLauncher.execute(DefaultLauncher.java:85)
	at org.junit.platform.launcher.core.DelegatingLauncher.execute(DelegatingLauncher.java:47)
	at org.apache.maven.surefire.junitplatform.LazyLauncher.execute(LazyLauncher.java:56)
	at org.apache.maven.surefire.junitplatform.JUnitPlatformProvider.execute(JUnitPlatformProvider.java:184)
	at org.apache.maven.surefire.junitplatform.JUnitPlatformProvider.invokeAllTests(JUnitPlatformProvider.java:148)
	at org.apache.maven.surefire.junitplatform.JUnitPlatformProvider.invoke(JUnitPlatformProvider.java:122)
	at org.apache.maven.surefire.booter.ForkedBooter.runSuitesInProcess(ForkedBooter.java:385)
	at org.apache.maven.surefire.booter.ForkedBooter.execute(ForkedBooter.java:162)
	at org.apache.maven.surefire.booter.ForkedBooter.run(ForkedBooter.java:507)
	at org.apache.maven.surefire.booter.ForkedBooter.main(ForkedBooter.java:495)
Caused by: org.apache.hc.client5.http.HttpHostConnectException: Connect to http://localhost:8761 [localhost/127.0.0.1, localhost/0:0:0:0:0:0:0:1] failed: Connection refused: getsockopt
	at java.base/sun.nio.ch.Net.pollConnect(Native Method)
	at java.base/sun.nio.ch.Net.pollConnectNow(Net.java:690)
	at java.base/sun.nio.ch.NioSocketImpl.timedFinishConnect(NioSocketImpl.java:542)
	at java.base/sun.nio.ch.NioSocketImpl.connect(NioSocketImpl.java:592)
	at java.base/java.net.SocksSocketImpl.connect(SocksSocketImpl.java:327)
	at java.base/java.net.Socket.connect(Socket.java:751)
	at org.apache.hc.client5.http.socket.PlainConnectionSocketFactory.lambda$connectSocket$0(PlainConnectionSocketFactory.java:85)
	at java.base/java.security.AccessController.doPrivileged(AccessController.java:571)
	at org.apache.hc.client5.http.socket.PlainConnectionSocketFactory.connectSocket(PlainConnectionSocketFactory.java:84)
	at org.apache.hc.client5.http.socket.ConnectionSocketFactory.connectSocket(ConnectionSocketFactory.java:113)
	at org.apache.hc.client5.http.impl.io.DefaultHttpClientConnectionOperator.connect(DefaultHttpClientConnectionOperator.java:181)
	at org.apache.hc.client5.http.impl.io.PoolingHttpClientConnectionManager.connect(PoolingHttpClientConnectionManager.java:447)
	at org.apache.hc.client5.http.impl.classic.InternalExecRuntime.connectEndpoint(InternalExecRuntime.java:162)
	at org.apache.hc.client5.http.impl.classic.InternalExecRuntime.connectEndpoint(InternalExecRuntime.java:172)
	at org.apache.hc.client5.http.impl.classic.ConnectExec.execute(ConnectExec.java:142)
	at org.apache.hc.client5.http.impl.classic.ExecChainElement.execute(ExecChainElement.java:51)
	at org.apache.hc.client5.http.impl.classic.ProtocolExec.execute(ProtocolExec.java:192)
	at org.apache.hc.client5.http.impl.classic.ExecChainElement.execute(ExecChainElement.java:51)
	at org.apache.hc.client5.http.impl.classic.HttpRequestRetryExec.execute(HttpRequestRetryExec.java:96)
	at org.apache.hc.client5.http.impl.classic.ExecChainElement.execute(ExecChainElement.java:51)
	at org.apache.hc.client5.http.impl.classic.ContentCompressionExec.execute(ContentCompressionExec.java:152)
	at org.apache.hc.client5.http.impl.classic.ExecChainElement.execute(ExecChainElement.java:51)
	at org.apache.hc.client5.http.impl.classic.RedirectExec.execute(RedirectExec.java:115)
	at org.apache.hc.client5.http.impl.classic.ExecChainElement.execute(ExecChainElement.java:51)
	at org.apache.hc.client5.http.impl.classic.InternalHttpClient.doExecute(InternalHttpClient.java:170)
	at org.apache.hc.client5.http.impl.classic.CloseableHttpClient.execute(CloseableHttpClient.java:87)
	at org.apache.hc.client5.http.impl.classic.CloseableHttpClient.execute(CloseableHttpClient.java:55)
	at org.apache.hc.client5.http.classic.HttpClient.executeOpen(HttpClient.java:183)
	at org.springframework.http.client.HttpComponentsClientHttpRequest.executeInternal(HttpComponentsClientHttpRequest.java:95)
	at org.springframework.http.client.AbstractStreamingClientHttpRequest.executeInternal(AbstractStreamingClientHttpRequest.java:70)
	at org.springframework.http.client.AbstractClientHttpRequest.execute(AbstractClientHttpRequest.java:66)
	at org.springframework.http.client.InterceptingClientHttpRequest$InterceptingRequestExecution.execute(InterceptingClientHttpRequest.java:101)
	at org.springframework.cloud.netflix.eureka.http.RestTemplateTransportClientFactory.lambda$restTemplate$0(RestTemplateTransportClientFactory.java:143)
	at org.springframework.http.client.InterceptingClientHttpRequest$InterceptingRequestExecution.execute(InterceptingClientHttpRequest.java:87)
	at org.springframework.http.client.InterceptingClientHttpRequest.executeInternal(InterceptingClientHttpRequest.java:71)
	at org.springframework.http.client.AbstractBufferingClientHttpRequest.executeInternal(AbstractBufferingClientHttpRequest.java:48)
	at org.springframework.http.client.AbstractClientHttpRequest.execute(AbstractClientHttpRequest.java:66)
	at org.springframework.web.client.RestTemplate.doExecute(RestTemplate.java:879)
	... 141 more

2026-05-16T10:44:59.230+05:30  WARN 33552 --- [payment-service] [main] c.n.d.s.t.d.RetryableEurekaHttpClient    : Request execution failed with message: I/O error on GET request for "http://localhost:8761/eureka/apps/": Connect to http://localhost:8761 [localhost/127.0.0.1, localhost/0:0:0:0:0:0:0:1] failed: Connection refused: getsockopt
2026-05-16T10:44:59.230+05:30  INFO 33552 --- [payment-service] [main] com.netflix.discovery.DiscoveryClient    : DiscoveryClient_PAYMENT-SERVICE/localhost:payment-service:8086 - was unable to refresh its cache! This periodic background refresh will be retried in 30 seconds. status = Cannot execute request on any known server stacktrace = com.netflix.discovery.shared.transport.TransportException: Cannot execute request on any known server
	at com.netflix.discovery.shared.transport.decorator.RetryableEurekaHttpClient.execute(RetryableEurekaHttpClient.java:112)
	at com.netflix.discovery.shared.transport.decorator.EurekaHttpClientDecorator.getApplications(EurekaHttpClientDecorator.java:134)
	at com.netflix.discovery.shared.transport.decorator.EurekaHttpClientDecorator$6.execute(EurekaHttpClientDecorator.java:137)
	at com.netflix.discovery.shared.transport.decorator.SessionedEurekaHttpClient.execute(SessionedEurekaHttpClient.java:77)
	at com.netflix.discovery.shared.transport.decorator.EurekaHttpClientDecorator.getApplications(EurekaHttpClientDecorator.java:134)
	at com.netflix.discovery.DiscoveryClient.getAndStoreFullRegistry(DiscoveryClient.java:1045)
	at com.netflix.discovery.DiscoveryClient.fetchRegistry(DiscoveryClient.java:958)
	at com.netflix.discovery.DiscoveryClient.<init>(DiscoveryClient.java:396)
	at com.netflix.discovery.DiscoveryClient.<init>(DiscoveryClient.java:247)
	at com.netflix.discovery.DiscoveryClient.<init>(DiscoveryClient.java:242)
	at org.springframework.cloud.netflix.eureka.CloudEurekaClient.<init>(CloudEurekaClient.java:68)
	at org.springframework.cloud.netflix.eureka.EurekaClientAutoConfiguration$RefreshableEurekaClientConfiguration.eurekaClient(EurekaClientAutoConfiguration.java:321)
	at java.base/jdk.internal.reflect.DirectMethodHandleAccessor.invoke(DirectMethodHandleAccessor.java:103)
	at java.base/java.lang.reflect.Method.invoke(Method.java:580)
	at org.springframework.beans.factory.support.SimpleInstantiationStrategy.instantiate(SimpleInstantiationStrategy.java:140)
	at org.springframework.beans.factory.support.ConstructorResolver.instantiate(ConstructorResolver.java:651)
	at org.springframework.beans.factory.support.ConstructorResolver.instantiateUsingFactoryMethod(ConstructorResolver.java:643)
	at org.springframework.beans.factory.support.AbstractAutowireCapableBeanFactory.instantiateUsingFactoryMethod(AbstractAutowireCapableBeanFactory.java:1336)
	at org.springframework.beans.factory.support.AbstractAutowireCapableBeanFactory.createBeanInstance(AbstractAutowireCapableBeanFactory.java:1166)
	at org.springframework.beans.factory.support.AbstractAutowireCapableBeanFactory.doCreateBean(AbstractAutowireCapableBeanFactory.java:563)
	at org.springframework.beans.factory.support.AbstractAutowireCapableBeanFactory.createBean(AbstractAutowireCapableBeanFactory.java:523)
	at org.springframework.beans.factory.support.AbstractBeanFactory.lambda$doGetBean$1(AbstractBeanFactory.java:364)
	at org.springframework.cloud.context.scope.GenericScope$BeanLifecycleWrapper.getBean(GenericScope.java:375)
	at org.springframework.cloud.context.scope.GenericScope.get(GenericScope.java:179)
	at org.springframework.beans.factory.support.AbstractBeanFactory.doGetBean(AbstractBeanFactory.java:361)
	at org.springframework.beans.factory.support.AbstractBeanFactory.getBean(AbstractBeanFactory.java:199)
	at org.springframework.aop.target.SimpleBeanTargetSource.getTarget(SimpleBeanTargetSource.java:35)
	at org.springframework.cloud.netflix.eureka.serviceregistry.EurekaRegistration.getTargetObject(EurekaRegistration.java:128)
	at org.springframework.cloud.netflix.eureka.serviceregistry.EurekaRegistration.getEurekaClient(EurekaRegistration.java:116)
	at java.base/jdk.internal.reflect.DirectMethodHandleAccessor.invoke(DirectMethodHandleAccessor.java:103)
	at java.base/java.lang.reflect.Method.invoke(Method.java:580)
	at org.springframework.util.ReflectionUtils.invokeMethod(ReflectionUtils.java:281)
	at org.springframework.cloud.context.scope.GenericScope$LockedScopedProxyFactoryBean.invoke(GenericScope.java:482)
	at org.springframework.aop.framework.ReflectiveMethodInvocation.proceed(ReflectiveMethodInvocation.java:184)
	at org.springframework.aop.framework.CglibAopProxy$CglibMethodInvocation.proceed(CglibAopProxy.java:765)
	at org.springframework.aop.framework.CglibAopProxy$DynamicAdvisedInterceptor.intercept(CglibAopProxy.java:717)
	at org.springframework.cloud.netflix.eureka.serviceregistry.EurekaRegistration$$SpringCGLIB$$0.getEurekaClient(<generated>)
	at org.springframework.cloud.netflix.eureka.serviceregistry.EurekaServiceRegistry.maybeInitializeClient(EurekaServiceRegistry.java:83)
	at org.springframework.cloud.netflix.eureka.serviceregistry.EurekaServiceRegistry.register(EurekaServiceRegistry.java:66)
	at org.springframework.cloud.netflix.eureka.serviceregistry.EurekaAutoServiceRegistration.start(EurekaAutoServiceRegistration.java:89)
	at org.springframework.context.support.DefaultLifecycleProcessor.doStart(DefaultLifecycleProcessor.java:284)
	at org.springframework.context.support.DefaultLifecycleProcessor$LifecycleGroup.start(DefaultLifecycleProcessor.java:467)
	at java.base/java.lang.Iterable.forEach(Iterable.java:75)
	at org.springframework.context.support.DefaultLifecycleProcessor.startBeans(DefaultLifecycleProcessor.java:256)
	at org.springframework.context.support.DefaultLifecycleProcessor.onRefresh(DefaultLifecycleProcessor.java:201)
	at org.springframework.context.support.AbstractApplicationContext.finishRefresh(AbstractApplicationContext.java:965)
	at org.springframework.context.support.AbstractApplicationContext.refresh(AbstractApplicationContext.java:619)
	at org.springframework.boot.SpringApplication.refresh(SpringApplication.java:753)
	at org.springframework.boot.SpringApplication.refreshContext(SpringApplication.java:455)
	at org.springframework.boot.SpringApplication.run(SpringApplication.java:323)
	at org.springframework.boot.test.context.SpringBootContextLoader.lambda$loadContext$3(SpringBootContextLoader.java:137)
	at org.springframework.util.function.ThrowingSupplier.get(ThrowingSupplier.java:58)
	at org.springframework.util.function.ThrowingSupplier.get(ThrowingSupplier.java:46)
	at org.springframework.boot.SpringApplication.withHook(SpringApplication.java:1442)
	at org.springframework.boot.test.context.SpringBootContextLoader$ContextLoaderHook.run(SpringBootContextLoader.java:552)
	at org.springframework.boot.test.context.SpringBootContextLoader.loadContext(SpringBootContextLoader.java:137)
	at org.springframework.boot.test.context.SpringBootContextLoader.loadContext(SpringBootContextLoader.java:108)
	at org.springframework.test.context.cache.DefaultCacheAwareContextLoaderDelegate.loadContextInternal(DefaultCacheAwareContextLoaderDelegate.java:225)
	at org.springframework.test.context.cache.DefaultCacheAwareContextLoaderDelegate.loadContext(DefaultCacheAwareContextLoaderDelegate.java:152)
	at org.springframework.test.context.support.DefaultTestContext.getApplicationContext(DefaultTestContext.java:130)
	at org.springframework.test.context.web.ServletTestExecutionListener.setUpRequestContextIfNecessary(ServletTestExecutionListener.java:191)
	at org.springframework.test.context.web.ServletTestExecutionListener.prepareTestInstance(ServletTestExecutionListener.java:130)
	at org.springframework.test.context.TestContextManager.prepareTestInstance(TestContextManager.java:247)
	at org.springframework.test.context.junit.jupiter.SpringExtension.postProcessTestInstance(SpringExtension.java:163)
	at org.junit.jupiter.engine.descriptor.ClassBasedTestDescriptor.lambda$invokeTestInstancePostProcessors$10(ClassBasedTestDescriptor.java:378)
	at org.junit.jupiter.engine.descriptor.ClassBasedTestDescriptor.executeAndMaskThrowable(ClassBasedTestDescriptor.java:383)
	at org.junit.jupiter.engine.descriptor.ClassBasedTestDescriptor.lambda$invokeTestInstancePostProcessors$11(ClassBasedTestDescriptor.java:378)
	at java.base/java.util.stream.ReferencePipeline$3$1.accept(ReferencePipeline.java:197)
	at java.base/java.util.stream.ReferencePipeline$2$1.accept(ReferencePipeline.java:179)
	at java.base/java.util.ArrayList$ArrayListSpliterator.forEachRemaining(ArrayList.java:1708)
	at java.base/java.util.stream.AbstractPipeline.copyInto(AbstractPipeline.java:509)
	at java.base/java.util.stream.AbstractPipeline.wrapAndCopyInto(AbstractPipeline.java:499)
	at java.base/java.util.stream.StreamSpliterators$WrappingSpliterator.forEachRemaining(StreamSpliterators.java:310)
	at java.base/java.util.stream.Streams$ConcatSpliterator.forEachRemaining(Streams.java:735)
	at java.base/java.util.stream.Streams$ConcatSpliterator.forEachRemaining(Streams.java:734)
	at java.base/java.util.stream.ReferencePipeline$Head.forEach(ReferencePipeline.java:762)
	at org.junit.jupiter.engine.descriptor.ClassBasedTestDescriptor.invokeTestInstancePostProcessors(ClassBasedTestDescriptor.java:377)
	at org.junit.jupiter.engine.descriptor.ClassBasedTestDescriptor.lambda$instantiateAndPostProcessTestInstance$6(ClassBasedTestDescriptor.java:290)
	at org.junit.platform.engine.support.hierarchical.ThrowableCollector.execute(ThrowableCollector.java:73)
	at org.junit.jupiter.engine.descriptor.ClassBasedTestDescriptor.instantiateAndPostProcessTestInstance(ClassBasedTestDescriptor.java:289)
	at org.junit.jupiter.engine.descriptor.ClassBasedTestDescriptor.lambda$testInstancesProvider$4(ClassBasedTestDescriptor.java:279)
	at java.base/java.util.Optional.orElseGet(Optional.java:364)
	at org.junit.jupiter.engine.descriptor.ClassBasedTestDescriptor.lambda$testInstancesProvider$5(ClassBasedTestDescriptor.java:278)
	at org.junit.jupiter.engine.execution.TestInstancesProvider.getTestInstances(TestInstancesProvider.java:31)
	at org.junit.jupiter.engine.descriptor.TestMethodTestDescriptor.lambda$prepare$0(TestMethodTestDescriptor.java:106)
	at org.junit.platform.engine.support.hierarchical.ThrowableCollector.execute(ThrowableCollector.java:73)
	at org.junit.jupiter.engine.descriptor.TestMethodTestDescriptor.prepare(TestMethodTestDescriptor.java:105)
	at org.junit.jupiter.engine.descriptor.TestMethodTestDescriptor.prepare(TestMethodTestDescriptor.java:69)
	at org.junit.platform.engine.support.hierarchical.NodeTestTask.lambda$prepare$2(NodeTestTask.java:123)
	at org.junit.platform.engine.support.hierarchical.ThrowableCollector.execute(ThrowableCollector.java:73)
	at org.junit.platform.engine.support.hierarchical.NodeTestTask.prepare(NodeTestTask.java:123)
	at org.junit.platform.engine.support.hierarchical.NodeTestTask.execute(NodeTestTask.java:90)
	at java.base/java.util.ArrayList.forEach(ArrayList.java:1596)
	at org.junit.platform.engine.support.hierarchical.SameThreadHierarchicalTestExecutorService.invokeAll(SameThreadHierarchicalTestExecutorService.java:41)
	at org.junit.platform.engine.support.hierarchical.NodeTestTask.lambda$executeRecursively$6(NodeTestTask.java:155)
	at org.junit.platform.engine.support.hierarchical.ThrowableCollector.execute(ThrowableCollector.java:73)
	at org.junit.platform.engine.support.hierarchical.NodeTestTask.lambda$executeRecursively$8(NodeTestTask.java:141)
	at org.junit.platform.engine.support.hierarchical.Node.around(Node.java:137)
	at org.junit.platform.engine.support.hierarchical.NodeTestTask.lambda$executeRecursively$9(NodeTestTask.java:139)
	at org.junit.platform.engine.support.hierarchical.ThrowableCollector.execute(ThrowableCollector.java:73)
	at org.junit.platform.engine.support.hierarchical.NodeTestTask.executeRecursively(NodeTestTask.java:138)
	at org.junit.platform.engine.support.hierarchical.NodeTestTask.execute(NodeTestTask.java:95)
	at java.base/java.util.ArrayList.forEach(ArrayList.java:1596)
	at org.junit.platform.engine.support.hierarchical.SameThreadHierarchicalTestExecutorService.invokeAll(SameThreadHierarchicalTestExecutorService.java:41)
	at org.junit.platform.engine.support.hierarchical.NodeTestTask.lambda$executeRecursively$6(NodeTestTask.java:155)
	at org.junit.platform.engine.support.hierarchical.ThrowableCollector.execute(ThrowableCollector.java:73)
	at org.junit.platform.engine.support.hierarchical.NodeTestTask.lambda$executeRecursively$8(NodeTestTask.java:141)
	at org.junit.platform.engine.support.hierarchical.Node.around(Node.java:137)
	at org.junit.platform.engine.support.hierarchical.NodeTestTask.lambda$executeRecursively$9(NodeTestTask.java:139)
	at org.junit.platform.engine.support.hierarchical.ThrowableCollector.execute(ThrowableCollector.java:73)
	at org.junit.platform.engine.support.hierarchical.NodeTestTask.executeRecursively(NodeTestTask.java:138)
	at org.junit.platform.engine.support.hierarchical.NodeTestTask.execute(NodeTestTask.java:95)
	at org.junit.platform.engine.support.hierarchical.SameThreadHierarchicalTestExecutorService.submit(SameThreadHierarchicalTestExecutorService.java:35)
	at org.junit.platform.engine.support.hierarchical.HierarchicalTestExecutor.execute(HierarchicalTestExecutor.java:57)
	at org.junit.platform.engine.support.hierarchical.HierarchicalTestEngine.execute(HierarchicalTestEngine.java:54)
	at org.junit.platform.launcher.core.EngineExecutionOrchestrator.execute(EngineExecutionOrchestrator.java:198)
	at org.junit.platform.launcher.core.EngineExecutionOrchestrator.execute(EngineExecutionOrchestrator.java:169)
	at org.junit.platform.launcher.core.EngineExecutionOrchestrator.execute(EngineExecutionOrchestrator.java:93)
	at org.junit.platform.launcher.core.EngineExecutionOrchestrator.lambda$execute$0(EngineExecutionOrchestrator.java:58)
	at org.junit.platform.launcher.core.EngineExecutionOrchestrator.withInterceptedStreams(EngineExecutionOrchestrator.java:141)
	at org.junit.platform.launcher.core.EngineExecutionOrchestrator.execute(EngineExecutionOrchestrator.java:57)
	at org.junit.platform.launcher.core.DefaultLauncher.execute(DefaultLauncher.java:103)
	at org.junit.platform.launcher.core.DefaultLauncher.execute(DefaultLauncher.java:85)
	at org.junit.platform.launcher.core.DelegatingLauncher.execute(DelegatingLauncher.java:47)
	at org.apache.maven.surefire.junitplatform.LazyLauncher.execute(LazyLauncher.java:56)
	at org.apache.maven.surefire.junitplatform.JUnitPlatformProvider.execute(JUnitPlatformProvider.java:184)
	at org.apache.maven.surefire.junitplatform.JUnitPlatformProvider.invokeAllTests(JUnitPlatformProvider.java:148)
	at org.apache.maven.surefire.junitplatform.JUnitPlatformProvider.invoke(JUnitPlatformProvider.java:122)
	at org.apache.maven.surefire.booter.ForkedBooter.runSuitesInProcess(ForkedBooter.java:385)
	at org.apache.maven.surefire.booter.ForkedBooter.execute(ForkedBooter.java:162)
	at org.apache.maven.surefire.booter.ForkedBooter.run(ForkedBooter.java:507)
	at org.apache.maven.surefire.booter.ForkedBooter.main(ForkedBooter.java:495)

2026-05-16T10:44:59.231+05:30  INFO 33552 --- [payment-service] [main] com.netflix.discovery.DiscoveryClient    : Initial registry fetch from primary servers failed
2026-05-16T10:44:59.231+05:30  WARN 33552 --- [payment-service] [main] com.netflix.discovery.DiscoveryClient    : Using default backup registry implementation which does not do anything.
2026-05-16T10:44:59.232+05:30  INFO 33552 --- [payment-service] [main] com.netflix.discovery.DiscoveryClient    : Initial registry fetch from backup servers failed
2026-05-16T10:44:59.234+05:30  INFO 33552 --- [payment-service] [main] com.netflix.discovery.DiscoveryClient    : Starting heartbeat executor: renew interval is: 30
2026-05-16T10:44:59.239+05:30  INFO 33552 --- [payment-service] [main] c.n.discovery.InstanceInfoReplicator     : InstanceInfoReplicator onDemand update allowed rate per min is 4
2026-05-16T10:44:59.248+05:30  INFO 33552 --- [payment-service] [main] com.netflix.discovery.DiscoveryClient    : Discovery Client initialized at timestamp 1778908499246 with initial instances count: 0
2026-05-16T10:44:59.260+05:30  INFO 33552 --- [payment-service] [main] o.s.c.n.e.s.EurekaServiceRegistry        : Registering application PAYMENT-SERVICE with eureka with status UP
2026-05-16T10:44:59.266+05:30  INFO 33552 --- [payment-service] [main] com.netflix.discovery.DiscoveryClient    : Saw local status change event StatusChangeEvent [timestamp=1778908499266, current=UP, previous=STARTING]
2026-05-16T10:44:59.270+05:30  INFO 33552 --- [payment-service] [DiscoveryClient-InstanceInfoReplicator-0] com.netflix.discovery.DiscoveryClient    : DiscoveryClient_PAYMENT-SERVICE/localhost:payment-service:8086: registering service...
2026-05-16T10:44:59.302+05:30  INFO 33552 --- [payment-service] [main] c.p.p.PaymentServiceApplicationTests     : Started PaymentServiceApplicationTests in 20.082 seconds (process running for 26.528)
2026-05-16T10:44:59.313+05:30  INFO 33552 --- [payment-service] [main] c.p.payment.PaymentServiceApplication    : Executing database migration to alter pass_balances.status column to VARCHAR...
2026-05-16T10:44:59.363+05:30  INFO 33552 --- [payment-service] [DiscoveryClient-InstanceInfoReplicator-0] c.n.d.s.t.d.RedirectingEurekaHttpClient  : Request execution error. endpoint=DefaultEndpoint{ serviceUrl='http://localhost:8761/eureka/}, exception=I/O error on POST request for "http://localhost:8761/eureka/apps/PAYMENT-SERVICE": Connect to http://localhost:8761 [localhost/127.0.0.1, localhost/0:0:0:0:0:0:0:1] failed: Connection refused: getsockopt stacktrace=org.springframework.web.client.ResourceAccessException: I/O error on POST request for "http://localhost:8761/eureka/apps/PAYMENT-SERVICE": Connect to http://localhost:8761 [localhost/127.0.0.1, localhost/0:0:0:0:0:0:0:1] failed: Connection refused: getsockopt
	at org.springframework.web.client.RestTemplate.createResourceAccessException(RestTemplate.java:905)
	at org.springframework.web.client.RestTemplate.doExecute(RestTemplate.java:885)
	at org.springframework.web.client.RestTemplate.execute(RestTemplate.java:781)
	at org.springframework.web.client.RestTemplate.exchange(RestTemplate.java:663)
	at org.springframework.cloud.netflix.eureka.http.RestTemplateEurekaHttpClient.register(RestTemplateEurekaHttpClient.java:77)
	at com.netflix.discovery.shared.transport.decorator.EurekaHttpClientDecorator$1.execute(EurekaHttpClientDecorator.java:59)
	at com.netflix.discovery.shared.transport.decorator.RedirectingEurekaHttpClient.executeOnNewServer(RedirectingEurekaHttpClient.java:121)
	at com.netflix.discovery.shared.transport.decorator.RedirectingEurekaHttpClient.execute(RedirectingEurekaHttpClient.java:80)
	at com.netflix.discovery.shared.transport.decorator.EurekaHttpClientDecorator.register(EurekaHttpClientDecorator.java:56)
	at com.netflix.discovery.shared.transport.decorator.EurekaHttpClientDecorator$1.execute(EurekaHttpClientDecorator.java:59)
	at com.netflix.discovery.shared.transport.decorator.RetryableEurekaHttpClient.execute(RetryableEurekaHttpClient.java:120)
	at com.netflix.discovery.shared.transport.decorator.EurekaHttpClientDecorator.register(EurekaHttpClientDecorator.java:56)
	at com.netflix.discovery.shared.transport.decorator.EurekaHttpClientDecorator$1.execute(EurekaHttpClientDecorator.java:59)
	at com.netflix.discovery.shared.transport.decorator.SessionedEurekaHttpClient.execute(SessionedEurekaHttpClient.java:77)
	at com.netflix.discovery.shared.transport.decorator.EurekaHttpClientDecorator.register(EurekaHttpClientDecorator.java:56)
	at com.netflix.discovery.DiscoveryClient.register(DiscoveryClient.java:820)
	at com.netflix.discovery.InstanceInfoReplicator.run(InstanceInfoReplicator.java:121)
	at com.netflix.discovery.InstanceInfoReplicator$1.run(InstanceInfoReplicator.java:101)
	at java.base/java.util.concurrent.Executors$RunnableAdapter.call(Executors.java:572)
	at java.base/java.util.concurrent.FutureTask.run(FutureTask.java:317)
	at java.base/java.util.concurrent.ScheduledThreadPoolExecutor$ScheduledFutureTask.run(ScheduledThreadPoolExecutor.java:304)
	at java.base/java.util.concurrent.ThreadPoolExecutor.runWorker(ThreadPoolExecutor.java:1144)
	at java.base/java.util.concurrent.ThreadPoolExecutor$Worker.run(ThreadPoolExecutor.java:642)
	at java.base/java.lang.Thread.run(Thread.java:1583)
Caused by: org.apache.hc.client5.http.HttpHostConnectException: Connect to http://localhost:8761 [localhost/127.0.0.1, localhost/0:0:0:0:0:0:0:1] failed: Connection refused: getsockopt
	at java.base/sun.nio.ch.Net.pollConnect(Native Method)
	at java.base/sun.nio.ch.Net.pollConnectNow(Net.java:690)
	at java.base/sun.nio.ch.NioSocketImpl.timedFinishConnect(NioSocketImpl.java:542)
	at java.base/sun.nio.ch.NioSocketImpl.connect(NioSocketImpl.java:592)
	at java.base/java.net.SocksSocketImpl.connect(SocksSocketImpl.java:327)
	at java.base/java.net.Socket.connect(Socket.java:751)
	at org.apache.hc.client5.http.socket.PlainConnectionSocketFactory.lambda$connectSocket$0(PlainConnectionSocketFactory.java:85)
	at java.base/java.security.AccessController.doPrivileged(AccessController.java:571)
	at org.apache.hc.client5.http.socket.PlainConnectionSocketFactory.connectSocket(PlainConnectionSocketFactory.java:84)
	at org.apache.hc.client5.http.socket.ConnectionSocketFactory.connectSocket(ConnectionSocketFactory.java:113)
	at org.apache.hc.client5.http.impl.io.DefaultHttpClientConnectionOperator.connect(DefaultHttpClientConnectionOperator.java:181)
	at org.apache.hc.client5.http.impl.io.PoolingHttpClientConnectionManager.connect(PoolingHttpClientConnectionManager.java:447)
	at org.apache.hc.client5.http.impl.classic.InternalExecRuntime.connectEndpoint(InternalExecRuntime.java:162)
	at org.apache.hc.client5.http.impl.classic.InternalExecRuntime.connectEndpoint(InternalExecRuntime.java:172)
	at org.apache.hc.client5.http.impl.classic.ConnectExec.execute(ConnectExec.java:142)
	at org.apache.hc.client5.http.impl.classic.ExecChainElement.execute(ExecChainElement.java:51)
	at org.apache.hc.client5.http.impl.classic.ProtocolExec.execute(ProtocolExec.java:192)
	at org.apache.hc.client5.http.impl.classic.ExecChainElement.execute(ExecChainElement.java:51)
	at org.apache.hc.client5.http.impl.classic.HttpRequestRetryExec.execute(HttpRequestRetryExec.java:96)
	at org.apache.hc.client5.http.impl.classic.ExecChainElement.execute(ExecChainElement.java:51)
	at org.apache.hc.client5.http.impl.classic.ContentCompressionExec.execute(ContentCompressionExec.java:152)
	at org.apache.hc.client5.http.impl.classic.ExecChainElement.execute(ExecChainElement.java:51)
	at org.apache.hc.client5.http.impl.classic.RedirectExec.execute(RedirectExec.java:115)
	at org.apache.hc.client5.http.impl.classic.ExecChainElement.execute(ExecChainElement.java:51)
	at org.apache.hc.client5.http.impl.classic.InternalHttpClient.doExecute(InternalHttpClient.java:170)
	at org.apache.hc.client5.http.impl.classic.CloseableHttpClient.execute(CloseableHttpClient.java:87)
	at org.apache.hc.client5.http.impl.classic.CloseableHttpClient.execute(CloseableHttpClient.java:55)
	at org.apache.hc.client5.http.classic.HttpClient.executeOpen(HttpClient.java:183)
	at org.springframework.http.client.HttpComponentsClientHttpRequest.executeInternal(HttpComponentsClientHttpRequest.java:95)
	at org.springframework.http.client.AbstractStreamingClientHttpRequest.executeInternal(AbstractStreamingClientHttpRequest.java:70)
	at org.springframework.http.client.AbstractClientHttpRequest.execute(AbstractClientHttpRequest.java:66)
	at org.springframework.http.client.InterceptingClientHttpRequest$InterceptingRequestExecution.execute(InterceptingClientHttpRequest.java:101)
	at org.springframework.cloud.netflix.eureka.http.RestTemplateTransportClientFactory.lambda$restTemplate$0(RestTemplateTransportClientFactory.java:143)
	at org.springframework.http.client.InterceptingClientHttpRequest$InterceptingRequestExecution.execute(InterceptingClientHttpRequest.java:87)
	at org.springframework.http.client.InterceptingClientHttpRequest.executeInternal(InterceptingClientHttpRequest.java:71)
	at org.springframework.http.client.AbstractBufferingClientHttpRequest.executeInternal(AbstractBufferingClientHttpRequest.java:48)
	at org.springframework.http.client.AbstractClientHttpRequest.execute(AbstractClientHttpRequest.java:66)
	at org.springframework.web.client.RestTemplate.doExecute(RestTemplate.java:879)
	... 22 more

2026-05-16T10:44:59.364+05:30  WARN 33552 --- [payment-service] [DiscoveryClient-InstanceInfoReplicator-0] c.n.d.s.t.d.RetryableEurekaHttpClient    : Request execution failed with message: I/O error on POST request for "http://localhost:8761/eureka/apps/PAYMENT-SERVICE": Connect to http://localhost:8761 [localhost/127.0.0.1, localhost/0:0:0:0:0:0:0:1] failed: Connection refused: getsockopt
2026-05-16T10:44:59.364+05:30  WARN 33552 --- [payment-service] [DiscoveryClient-InstanceInfoReplicator-0] com.netflix.discovery.DiscoveryClient    : DiscoveryClient_PAYMENT-SERVICE/localhost:payment-service:8086 - registration failed Cannot execute request on any known server

com.netflix.discovery.shared.transport.TransportException: Cannot execute request on any known server
	at com.netflix.discovery.shared.transport.decorator.RetryableEurekaHttpClient.execute(RetryableEurekaHttpClient.java:112) ~[eureka-client-2.0.2.jar:2.0.2]
	at com.netflix.discovery.shared.transport.decorator.EurekaHttpClientDecorator.register(EurekaHttpClientDecorator.java:56) ~[eureka-client-2.0.2.jar:2.0.2]
	at com.netflix.discovery.shared.transport.decorator.EurekaHttpClientDecorator$1.execute(EurekaHttpClientDecorator.java:59) ~[eureka-client-2.0.2.jar:2.0.2]
	at com.netflix.discovery.shared.transport.decorator.SessionedEurekaHttpClient.execute(SessionedEurekaHttpClient.java:77) ~[eureka-client-2.0.2.jar:2.0.2]
	at com.netflix.discovery.shared.transport.decorator.EurekaHttpClientDecorator.register(EurekaHttpClientDecorator.java:56) ~[eureka-client-2.0.2.jar:2.0.2]
	at com.netflix.discovery.DiscoveryClient.register(DiscoveryClient.java:820) ~[eureka-client-2.0.2.jar:2.0.2]
	at com.netflix.discovery.InstanceInfoReplicator.run(InstanceInfoReplicator.java:121) ~[eureka-client-2.0.2.jar:2.0.2]
	at com.netflix.discovery.InstanceInfoReplicator$1.run(InstanceInfoReplicator.java:101) ~[eureka-client-2.0.2.jar:2.0.2]
	at java.base/java.util.concurrent.Executors$RunnableAdapter.call(Executors.java:572) ~[na:na]
	at java.base/java.util.concurrent.FutureTask.run(FutureTask.java:317) ~[na:na]
	at java.base/java.util.concurrent.ScheduledThreadPoolExecutor$ScheduledFutureTask.run(ScheduledThreadPoolExecutor.java:304) ~[na:na]
	at java.base/java.util.concurrent.ThreadPoolExecutor.runWorker(ThreadPoolExecutor.java:1144) ~[na:na]
	at java.base/java.util.concurrent.ThreadPoolExecutor$Worker.run(ThreadPoolExecutor.java:642) ~[na:na]
	at java.base/java.lang.Thread.run(Thread.java:1583) ~[na:na]

2026-05-16T10:44:59.369+05:30  WARN 33552 --- [payment-service] [DiscoveryClient-InstanceInfoReplicator-0] c.n.discovery.InstanceInfoReplicator     : There was a problem with the instance info replicator

com.netflix.discovery.shared.transport.TransportException: Cannot execute request on any known server
	at com.netflix.discovery.shared.transport.decorator.RetryableEurekaHttpClient.execute(RetryableEurekaHttpClient.java:112) ~[eureka-client-2.0.2.jar:2.0.2]
	at com.netflix.discovery.shared.transport.decorator.EurekaHttpClientDecorator.register(EurekaHttpClientDecorator.java:56) ~[eureka-client-2.0.2.jar:2.0.2]
	at com.netflix.discovery.shared.transport.decorator.EurekaHttpClientDecorator$1.execute(EurekaHttpClientDecorator.java:59) ~[eureka-client-2.0.2.jar:2.0.2]
	at com.netflix.discovery.shared.transport.decorator.SessionedEurekaHttpClient.execute(SessionedEurekaHttpClient.java:77) ~[eureka-client-2.0.2.jar:2.0.2]
	at com.netflix.discovery.shared.transport.decorator.EurekaHttpClientDecorator.register(EurekaHttpClientDecorator.java:56) ~[eureka-client-2.0.2.jar:2.0.2]
	at com.netflix.discovery.DiscoveryClient.register(DiscoveryClient.java:820) ~[eureka-client-2.0.2.jar:2.0.2]
	at com.netflix.discovery.InstanceInfoReplicator.run(InstanceInfoReplicator.java:121) ~[eureka-client-2.0.2.jar:2.0.2]
	at com.netflix.discovery.InstanceInfoReplicator$1.run(InstanceInfoReplicator.java:101) ~[eureka-client-2.0.2.jar:2.0.2]
	at java.base/java.util.concurrent.Executors$RunnableAdapter.call(Executors.java:572) ~[na:na]
	at java.base/java.util.concurrent.FutureTask.run(FutureTask.java:317) ~[na:na]
	at java.base/java.util.concurrent.ScheduledThreadPoolExecutor$ScheduledFutureTask.run(ScheduledThreadPoolExecutor.java:304) ~[na:na]
	at java.base/java.util.concurrent.ThreadPoolExecutor.runWorker(ThreadPoolExecutor.java:1144) ~[na:na]
	at java.base/java.util.concurrent.ThreadPoolExecutor$Worker.run(ThreadPoolExecutor.java:642) ~[na:na]
	at java.base/java.lang.Thread.run(Thread.java:1583) ~[na:na]

2026-05-16T10:44:59.412+05:30  INFO 33552 --- [payment-service] [main] c.p.payment.PaymentServiceApplication    : Migration successful.
2026-05-16T10:44:59.417+05:30 ERROR 33552 --- [payment-service] [registrationTask1] o.s.s.s.TaskUtils$LoggingErrorHandler    : Unexpected error occurred in scheduled task

java.lang.IllegalStateException: couldn't determine local port. Please set spring.boot.admin.client.instance.service-base-url.
	at de.codecentric.boot.admin.client.registration.DefaultApplicationFactory.getLocalServerPort(DefaultApplicationFactory.java:205) ~[spring-boot-admin-client-3.2.3.jar:3.2.3]
	at de.codecentric.boot.admin.client.registration.DefaultApplicationFactory.getServiceBaseUrl(DefaultApplicationFactory.java:109) ~[spring-boot-admin-client-3.2.3.jar:3.2.3]
	at de.codecentric.boot.admin.client.registration.ServletApplicationFactory.getServiceUrl(ServletApplicationFactory.java:62) ~[spring-boot-admin-client-3.2.3.jar:3.2.3]
	at de.codecentric.boot.admin.client.registration.ServletApplicationFactory.getManagementBaseUrl(ServletApplicationFactory.java:77) ~[spring-boot-admin-client-3.2.3.jar:3.2.3]
	at de.codecentric.boot.admin.client.registration.DefaultApplicationFactory.getHealthUrl(DefaultApplicationFactory.java:165) ~[spring-boot-admin-client-3.2.3.jar:3.2.3]
	at de.codecentric.boot.admin.client.registration.DefaultApplicationFactory.createApplication(DefaultApplicationFactory.java:80) ~[spring-boot-admin-client-3.2.3.jar:3.2.3]
	at de.codecentric.boot.admin.client.registration.DefaultApplicationRegistrator.register(DefaultApplicationRegistrator.java:56) ~[spring-boot-admin-client-3.2.3.jar:3.2.3]
	at org.springframework.scheduling.support.DelegatingErrorHandlingRunnable.run(DelegatingErrorHandlingRunnable.java:54) ~[spring-context-6.1.1.jar:6.1.1]
	at java.base/java.util.concurrent.Executors$RunnableAdapter.call(Executors.java:572) ~[na:na]
	at java.base/java.util.concurrent.FutureTask.runAndReset(FutureTask.java:358) ~[na:na]
	at java.base/java.util.concurrent.ScheduledThreadPoolExecutor$ScheduledFutureTask.run(ScheduledThreadPoolExecutor.java:305) ~[na:na]
	at java.base/java.util.concurrent.ThreadPoolExecutor.runWorker(ThreadPoolExecutor.java:1144) ~[na:na]
	at java.base/java.util.concurrent.ThreadPoolExecutor$Worker.run(ThreadPoolExecutor.java:642) ~[na:na]
	at java.base/java.lang.Thread.run(Thread.java:1583) ~[na:na]

2026-05-16T10:44:59.864+05:30 DEBUG 33552 --- [payment-service] [main] c.p.payment.security.JwtAuthFilter       : Authenticated: test@test.com [ROLE_DRIVER]
2026-05-16T10:44:59.874+05:30 ERROR 33552 --- [payment-service] [main] c.p.payment.security.JwtAuthFilter       : JWT filter error: Test Exception
2026-05-16T10:44:59.879+05:30 DEBUG 33552 --- [payment-service] [main] c.p.payment.security.JwtAuthFilter       : Authenticated: test@test.com [ROLE_DRIVER]
2026-05-16T10:45:00.503+05:30  INFO 33552 --- [payment-service] [main] c.p.payment.service.PaymentServiceImpl   : Processing refund for booking: 100
2026-05-16T10:45:00.506+05:30  INFO 33552 --- [payment-service] [main] c.p.payment.service.PaymentServiceImpl   : Razorpay refund created: refund_123
2026-05-16T10:45:00.516+05:30  INFO 33552 --- [payment-service] [main] c.p.payment.service.PaymentServiceImpl   : Processing refund for booking: 100
2026-05-16T10:45:00.516+05:30  INFO 33552 --- [payment-service] [main] c.p.payment.service.PaymentServiceImpl   : Razorpay refund created: refund_123
2026-05-16T10:45:00.603+05:30  INFO 33552 --- [payment-service] [main] c.p.payment.service.PaymentServiceImpl   : Creating Razorpay order for booking: 100 amount: Rs.150.0
2026-05-16T10:45:00.605+05:30  INFO 33552 --- [payment-service] [main] c.p.payment.service.PaymentServiceImpl   : Razorpay order created: order_123
2026-05-16T10:45:00.612+05:30  INFO 33552 --- [payment-service] [main] c.p.payment.service.PaymentServiceImpl   : Processing refund for booking: 999
2026-05-16T10:45:00.699+05:30  INFO 33552 --- [payment-service] [main] c.p.payment.service.PaymentServiceImpl   : Verifying payment for order: order_123
2026-05-16T10:45:00.701+05:30  INFO 33552 --- [payment-service] [main] c.p.payment.service.PaymentServiceImpl   : Payment 1 verified and marked as PAID
2026-05-16T10:45:00.726+05:30  INFO 33552 --- [payment-service] [main] c.p.payment.service.PaymentServiceImpl   : Creating Razorpay order for booking: 100 amount: Rs.150.0
2026-05-16T10:45:00.734+05:30  INFO 33552 --- [payment-service] [main] c.p.payment.service.PaymentServiceImpl   : Verifying payment for order: order_123
2026-05-16T10:45:00.735+05:30  INFO 33552 --- [payment-service] [main] c.p.payment.service.PaymentServiceImpl   : Payment 1 verified and marked as PAID
2026-05-16T10:45:00.741+05:30  INFO 33552 --- [payment-service] [main] c.p.payment.service.PaymentServiceImpl   : Verifying payment for order: order_123
2026-05-16T10:45:00.742+05:30  INFO 33552 --- [payment-service] [main] c.p.payment.service.PaymentServiceImpl   : Payment 1 verified and marked as PAID
2026-05-16T10:45:00.752+05:30  INFO 33552 --- [payment-service] [main] c.p.payment.service.PaymentServiceImpl   : Receipt missing for payment 1, regenerating...
2026-05-16T10:45:00.771+05:30  INFO 33552 --- [payment-service] [main] c.p.payment.service.PaymentServiceImpl   : Verifying payment for order: order_123
2026-05-16T10:45:00.771+05:30  WARN 33552 --- [payment-service] [main] c.p.payment.service.PaymentServiceImpl   : Invalid signature for order: order_123
2026-05-16T10:45:00.775+05:30  INFO 33552 --- [payment-service] [main] c.p.payment.service.PaymentServiceImpl   : Processing refund for booking: 100
2026-05-16T10:45:00.786+05:30  INFO 33552 --- [payment-service] [main] c.p.payment.service.PaymentServiceImpl   : Processing refund for booking: 100
2026-05-16T10:45:00.787+05:30 ERROR 33552 --- [payment-service] [main] c.p.payment.service.PaymentServiceImpl   : Refund failed for payment 1: Razorpay error
2026-05-16T10:45:00.792+05:30  INFO 33552 --- [payment-service] [main] c.p.payment.service.PaymentServiceImpl   : Receipt missing for payment 1, regenerating...
2026-05-16T10:45:00.797+05:30  INFO 33552 --- [payment-service] [main] c.p.payment.service.PaymentServiceImpl   : Creating Razorpay order for booking: 100 amount: Rs.150.0
2026-05-16T10:45:00.798+05:30 ERROR 33552 --- [payment-service] [main] c.p.payment.service.PaymentServiceImpl   : Razorpay order creation failed: Razorpay error
2026-05-16T10:45:00.803+05:30  INFO 33552 --- [payment-service] [main] c.p.payment.service.PaymentServiceImpl   : Verifying payment for order: order_123
2026-05-16T10:45:00.804+05:30  WARN 33552 --- [payment-service] [main] c.p.payment.service.PaymentServiceImpl   : Could not fetch payment method from Razorpay: Fetch error
2026-05-16T10:45:00.805+05:30  INFO 33552 --- [payment-service] [main] c.p.payment.service.PaymentServiceImpl   : Payment 1 verified and marked as PAID
2026-05-16T10:45:00.810+05:30  INFO 33552 --- [payment-service] [main] c.p.payment.service.PaymentServiceImpl   : Verifying payment for order: order_123
2026-05-16T10:45:00.812+05:30  INFO 33552 --- [payment-service] [main] c.p.payment.service.PaymentServiceImpl   : Payment 1 verified and marked as PAID
2026-05-16T10:45:00.817+05:30  INFO 33552 --- [payment-service] [main] c.p.payment.service.PaymentServiceImpl   : Verifying payment for order: order_not_found
2026-05-16T10:45:01.299+05:30  INFO 33552 --- [payment-service] [main] c.p.payment.service.ReceiptService       : Receipt generated: C:\Users\Hp\AppData\Local\Temp\junit5163987516259852962\ParkEase_Receipt_1.pdf
2026-05-16T10:45:01.314+05:30 ERROR 33552 --- [payment-service] [main] c.p.payment.service.ReceiptService       : Failed to create receipts directory: Z:\non_existent_drive\invalid: Unable to determine if root directory exists
2026-05-16T10:45:01.315+05:30 ERROR 33552 --- [payment-service] [main] c.p.payment.service.ReceiptService       : Failed to generate receipt for payment 1: Z:\non_existent_drive\invalid\ParkEase_Receipt_1.pdf (The system cannot find the path specified)
2026-05-16T10:45:01.435+05:30  WARN 33552 --- [payment-service] [main] com.parkease.payment.util.JwtUtil        : JWT invalid: JWT expired at 2026-05-16T05:14:56Z. Current time: 2026-05-16T05:15:01Z, a difference of 5434 milliseconds.  Allowed clock skew: 0 milliseconds.
2026-05-16T10:45:01.442+05:30  WARN 33552 --- [payment-service] [main] com.parkease.payment.util.JwtUtil        : JWT invalid: JWT strings must contain exactly 2 period characters. Found: 0
2026-05-16T10:45:01.477+05:30  INFO 33552 --- [payment-service] [SpringApplicationShutdownHook] o.s.c.n.e.s.EurekaServiceRegistry        : Unregistering application PAYMENT-SERVICE with eureka with status DOWN
2026-05-16T10:45:01.477+05:30  INFO 33552 --- [payment-service] [SpringApplicationShutdownHook] com.netflix.discovery.DiscoveryClient    : Saw local status change event StatusChangeEvent [timestamp=1778908501477, current=DOWN, previous=UP]
2026-05-16T10:45:01.479+05:30  INFO 33552 --- [payment-service] [DiscoveryClient-InstanceInfoReplicator-0] com.netflix.discovery.DiscoveryClient    : DiscoveryClient_PAYMENT-SERVICE/localhost:payment-service:8086: registering service...
2026-05-16T10:45:01.507+05:30  INFO 33552 --- [payment-service] [DiscoveryClient-InstanceInfoReplicator-0] c.n.d.s.t.d.RedirectingEurekaHttpClient  : Request execution error. endpoint=DefaultEndpoint{ serviceUrl='http://localhost:8761/eureka/}, exception=I/O error on POST request for "http://localhost:8761/eureka/apps/PAYMENT-SERVICE": Socket closed stacktrace=org.springframework.web.client.ResourceAccessException: I/O error on POST request for "http://localhost:8761/eureka/apps/PAYMENT-SERVICE": Socket closed
	at org.springframework.web.client.RestTemplate.createResourceAccessException(RestTemplate.java:905)
	at org.springframework.web.client.RestTemplate.doExecute(RestTemplate.java:885)
	at org.springframework.web.client.RestTemplate.execute(RestTemplate.java:781)
	at org.springframework.web.client.RestTemplate.exchange(RestTemplate.java:663)
	at org.springframework.cloud.netflix.eureka.http.RestTemplateEurekaHttpClient.register(RestTemplateEurekaHttpClient.java:77)
	at com.netflix.discovery.shared.transport.decorator.EurekaHttpClientDecorator$1.execute(EurekaHttpClientDecorator.java:59)
	at com.netflix.discovery.shared.transport.decorator.RedirectingEurekaHttpClient.executeOnNewServer(RedirectingEurekaHttpClient.java:121)
	at com.netflix.discovery.shared.transport.decorator.RedirectingEurekaHttpClient.execute(RedirectingEurekaHttpClient.java:80)
	at com.netflix.discovery.shared.transport.decorator.EurekaHttpClientDecorator.register(EurekaHttpClientDecorator.java:56)
	at com.netflix.discovery.shared.transport.decorator.EurekaHttpClientDecorator$1.execute(EurekaHttpClientDecorator.java:59)
	at com.netflix.discovery.shared.transport.decorator.RetryableEurekaHttpClient.execute(RetryableEurekaHttpClient.java:120)
	at com.netflix.discovery.shared.transport.decorator.EurekaHttpClientDecorator.register(EurekaHttpClientDecorator.java:56)
	at com.netflix.discovery.shared.transport.decorator.EurekaHttpClientDecorator$1.execute(EurekaHttpClientDecorator.java:59)
	at com.netflix.discovery.shared.transport.decorator.SessionedEurekaHttpClient.execute(SessionedEurekaHttpClient.java:77)
	at com.netflix.discovery.shared.transport.decorator.EurekaHttpClientDecorator.register(EurekaHttpClientDecorator.java:56)
	at com.netflix.discovery.DiscoveryClient.register(DiscoveryClient.java:820)
	at com.netflix.discovery.InstanceInfoReplicator.run(InstanceInfoReplicator.java:121)
	at com.netflix.discovery.InstanceInfoReplicator$1.run(InstanceInfoReplicator.java:101)
	at java.base/java.util.concurrent.Executors$RunnableAdapter.call(Executors.java:572)
	at java.base/java.util.concurrent.FutureTask.run(FutureTask.java:317)
	at java.base/java.util.concurrent.ScheduledThreadPoolExecutor$ScheduledFutureTask.run(ScheduledThreadPoolExecutor.java:304)
	at java.base/java.util.concurrent.ThreadPoolExecutor.runWorker(ThreadPoolExecutor.java:1144)
	at java.base/java.util.concurrent.ThreadPoolExecutor$Worker.run(ThreadPoolExecutor.java:642)
	at java.base/java.lang.Thread.run(Thread.java:1583)
Caused by: java.net.SocketException: Socket closed
	at java.base/sun.nio.ch.NioSocketImpl.beginConnect(NioSocketImpl.java:498)
	at java.base/sun.nio.ch.NioSocketImpl.connect(NioSocketImpl.java:580)
	at java.base/java.net.SocksSocketImpl.connect(SocksSocketImpl.java:327)
	at java.base/java.net.Socket.connect(Socket.java:751)
	at org.apache.hc.client5.http.socket.PlainConnectionSocketFactory.lambda$connectSocket$0(PlainConnectionSocketFactory.java:85)
	at java.base/java.security.AccessController.doPrivileged(AccessController.java:571)
	at org.apache.hc.client5.http.socket.PlainConnectionSocketFactory.connectSocket(PlainConnectionSocketFactory.java:84)
	at org.apache.hc.client5.http.socket.ConnectionSocketFactory.connectSocket(ConnectionSocketFactory.java:113)
	at org.apache.hc.client5.http.impl.io.DefaultHttpClientConnectionOperator.connect(DefaultHttpClientConnectionOperator.java:181)
	at org.apache.hc.client5.http.impl.io.PoolingHttpClientConnectionManager.connect(PoolingHttpClientConnectionManager.java:447)
	at org.apache.hc.client5.http.impl.classic.InternalExecRuntime.connectEndpoint(InternalExecRuntime.java:162)
	at org.apache.hc.client5.http.impl.classic.InternalExecRuntime.connectEndpoint(InternalExecRuntime.java:172)
	at org.apache.hc.client5.http.impl.classic.ConnectExec.execute(ConnectExec.java:142)
	at org.apache.hc.client5.http.impl.classic.ExecChainElement.execute(ExecChainElement.java:51)
	at org.apache.hc.client5.http.impl.classic.ProtocolExec.execute(ProtocolExec.java:192)
	at org.apache.hc.client5.http.impl.classic.ExecChainElement.execute(ExecChainElement.java:51)
	at org.apache.hc.client5.http.impl.classic.HttpRequestRetryExec.execute(HttpRequestRetryExec.java:96)
	at org.apache.hc.client5.http.impl.classic.ExecChainElement.execute(ExecChainElement.java:51)
	at org.apache.hc.client5.http.impl.classic.ContentCompressionExec.execute(ContentCompressionExec.java:152)
	at org.apache.hc.client5.http.impl.classic.ExecChainElement.execute(ExecChainElement.java:51)
	at org.apache.hc.client5.http.impl.classic.RedirectExec.execute(RedirectExec.java:115)
	at org.apache.hc.client5.http.impl.classic.ExecChainElement.execute(ExecChainElement.java:51)
	at org.apache.hc.client5.http.impl.classic.InternalHttpClient.doExecute(InternalHttpClient.java:170)
	at org.apache.hc.client5.http.impl.classic.CloseableHttpClient.execute(CloseableHttpClient.java:87)
	at org.apache.hc.client5.http.impl.classic.CloseableHttpClient.execute(CloseableHttpClient.java:55)
	at org.apache.hc.client5.http.classic.HttpClient.executeOpen(HttpClient.java:183)
	at org.springframework.http.client.HttpComponentsClientHttpRequest.executeInternal(HttpComponentsClientHttpRequest.java:95)
	at org.springframework.http.client.AbstractStreamingClientHttpRequest.executeInternal(AbstractStreamingClientHttpRequest.java:70)
	at org.springframework.http.client.AbstractClientHttpRequest.execute(AbstractClientHttpRequest.java:66)
	at org.springframework.http.client.InterceptingClientHttpRequest$InterceptingRequestExecution.execute(InterceptingClientHttpRequest.java:101)
	at org.springframework.cloud.netflix.eureka.http.RestTemplateTransportClientFactory.lambda$restTemplate$0(RestTemplateTransportClientFactory.java:143)
	at org.springframework.http.client.InterceptingClientHttpRequest$InterceptingRequestExecution.execute(InterceptingClientHttpRequest.java:87)
	at org.springframework.http.client.InterceptingClientHttpRequest.executeInternal(InterceptingClientHttpRequest.java:71)
	at org.springframework.http.client.AbstractBufferingClientHttpRequest.executeInternal(AbstractBufferingClientHttpRequest.java:48)
	at org.springframework.http.client.AbstractClientHttpRequest.execute(AbstractClientHttpRequest.java:66)
	at org.springframework.web.client.RestTemplate.doExecute(RestTemplate.java:879)
	... 22 more

2026-05-16T10:45:01.507+05:30  WARN 33552 --- [payment-service] [DiscoveryClient-InstanceInfoReplicator-0] c.n.d.s.t.d.RetryableEurekaHttpClient    : Request execution failed with message: I/O error on POST request for "http://localhost:8761/eureka/apps/PAYMENT-SERVICE": Socket closed
2026-05-16T10:45:01.507+05:30  WARN 33552 --- [payment-service] [DiscoveryClient-InstanceInfoReplicator-0] com.netflix.discovery.DiscoveryClient    : DiscoveryClient_PAYMENT-SERVICE/localhost:payment-service:8086 - registration failed Cannot execute request on any known server

com.netflix.discovery.shared.transport.TransportException: Cannot execute request on any known server
	at com.netflix.discovery.shared.transport.decorator.RetryableEurekaHttpClient.execute(RetryableEurekaHttpClient.java:112) ~[eureka-client-2.0.2.jar:2.0.2]
	at com.netflix.discovery.shared.transport.decorator.EurekaHttpClientDecorator.register(EurekaHttpClientDecorator.java:56) ~[eureka-client-2.0.2.jar:2.0.2]
	at com.netflix.discovery.shared.transport.decorator.EurekaHttpClientDecorator$1.execute(EurekaHttpClientDecorator.java:59) ~[eureka-client-2.0.2.jar:2.0.2]
	at com.netflix.discovery.shared.transport.decorator.SessionedEurekaHttpClient.execute(SessionedEurekaHttpClient.java:77) ~[eureka-client-2.0.2.jar:2.0.2]
	at com.netflix.discovery.shared.transport.decorator.EurekaHttpClientDecorator.register(EurekaHttpClientDecorator.java:56) ~[eureka-client-2.0.2.jar:2.0.2]
	at com.netflix.discovery.DiscoveryClient.register(DiscoveryClient.java:820) ~[eureka-client-2.0.2.jar:2.0.2]
	at com.netflix.discovery.InstanceInfoReplicator.run(InstanceInfoReplicator.java:121) ~[eureka-client-2.0.2.jar:2.0.2]
	at com.netflix.discovery.InstanceInfoReplicator$1.run(InstanceInfoReplicator.java:101) ~[eureka-client-2.0.2.jar:2.0.2]
	at java.base/java.util.concurrent.Executors$RunnableAdapter.call(Executors.java:572) ~[na:na]
	at java.base/java.util.concurrent.FutureTask.run(FutureTask.java:317) ~[na:na]
	at java.base/java.util.concurrent.ScheduledThreadPoolExecutor$ScheduledFutureTask.run(ScheduledThreadPoolExecutor.java:304) ~[na:na]
	at java.base/java.util.concurrent.ThreadPoolExecutor.runWorker(ThreadPoolExecutor.java:1144) ~[na:na]
	at java.base/java.util.concurrent.ThreadPoolExecutor$Worker.run(ThreadPoolExecutor.java:642) ~[na:na]
	at java.base/java.lang.Thread.run(Thread.java:1583) ~[na:na]

2026-05-16T10:45:01.508+05:30  WARN 33552 --- [payment-service] [DiscoveryClient-InstanceInfoReplicator-0] c.n.discovery.InstanceInfoReplicator     : There was a problem with the instance info replicator

com.netflix.discovery.shared.transport.TransportException: Cannot execute request on any known server
	at com.netflix.discovery.shared.transport.decorator.RetryableEurekaHttpClient.execute(RetryableEurekaHttpClient.java:112) ~[eureka-client-2.0.2.jar:2.0.2]
	at com.netflix.discovery.shared.transport.decorator.EurekaHttpClientDecorator.register(EurekaHttpClientDecorator.java:56) ~[eureka-client-2.0.2.jar:2.0.2]
	at com.netflix.discovery.shared.transport.decorator.EurekaHttpClientDecorator$1.execute(EurekaHttpClientDecorator.java:59) ~[eureka-client-2.0.2.jar:2.0.2]
	at com.netflix.discovery.shared.transport.decorator.SessionedEurekaHttpClient.execute(SessionedEurekaHttpClient.java:77) ~[eureka-client-2.0.2.jar:2.0.2]
	at com.netflix.discovery.shared.transport.decorator.EurekaHttpClientDecorator.register(EurekaHttpClientDecorator.java:56) ~[eureka-client-2.0.2.jar:2.0.2]
	at com.netflix.discovery.DiscoveryClient.register(DiscoveryClient.java:820) ~[eureka-client-2.0.2.jar:2.0.2]
	at com.netflix.discovery.InstanceInfoReplicator.run(InstanceInfoReplicator.java:121) ~[eureka-client-2.0.2.jar:2.0.2]
	at com.netflix.discovery.InstanceInfoReplicator$1.run(InstanceInfoReplicator.java:101) ~[eureka-client-2.0.2.jar:2.0.2]
	at java.base/java.util.concurrent.Executors$RunnableAdapter.call(Executors.java:572) ~[na:na]
	at java.base/java.util.concurrent.FutureTask.run(FutureTask.java:317) ~[na:na]
	at java.base/java.util.concurrent.ScheduledThreadPoolExecutor$ScheduledFutureTask.run(ScheduledThreadPoolExecutor.java:304) ~[na:na]
	at java.base/java.util.concurrent.ThreadPoolExecutor.runWorker(ThreadPoolExecutor.java:1144) ~[na:na]
	at java.base/java.util.concurrent.ThreadPoolExecutor$Worker.run(ThreadPoolExecutor.java:642) ~[na:na]
	at java.base/java.lang.Thread.run(Thread.java:1583) ~[na:na]

2026-05-16T10:45:01.518+05:30  INFO 33552 --- [payment-service] [SpringApplicationShutdownHook] j.LocalContainerEntityManagerFactoryBean : Closing JPA EntityManagerFactory for persistence unit 'default'
2026-05-16T10:45:01.522+05:30  INFO 33552 --- [payment-service] [SpringApplicationShutdownHook] com.zaxxer.hikari.HikariDataSource       : HikariPool-1 - Shutdown initiated...
2026-05-16T10:45:01.948+05:30  INFO 33552 --- [payment-service] [SpringApplicationShutdownHook] com.zaxxer.hikari.HikariDataSource       : HikariPool-1 - Shutdown completed.
2026-05-16T10:45:01.949+05:30  INFO 33552 --- [payment-service] [SpringApplicationShutdownHook] com.netflix.discovery.DiscoveryClient    : Shutting down DiscoveryClient ...
2026-05-16T10:45:04.955+05:30  INFO 33552 --- [payment-service] [SpringApplicationShutdownHook] com.netflix.discovery.DiscoveryClient    : Unregistering ...
2026-05-16T10:45:04.966+05:30  INFO 33552 --- [payment-service] [SpringApplicationShutdownHook] c.n.d.s.t.d.RedirectingEurekaHttpClient  : Request execution error. endpoint=DefaultEndpoint{ serviceUrl='http://localhost:8761/eureka/}, exception=Connection pool shut down stacktrace=java.lang.IllegalStateException: Connection pool shut down
	at org.apache.hc.core5.util.Asserts.check(Asserts.java:38)
	at org.apache.hc.core5.pool.StrictConnPool.lease(StrictConnPool.java:176)
	at org.apache.hc.client5.http.impl.io.PoolingHttpClientConnectionManager.lease(PoolingHttpClientConnectionManager.java:298)
	at org.apache.hc.client5.http.impl.classic.InternalExecRuntime.acquireEndpoint(InternalExecRuntime.java:103)
	at org.apache.hc.client5.http.impl.classic.ConnectExec.execute(ConnectExec.java:125)
	at org.apache.hc.client5.http.impl.classic.ExecChainElement.execute(ExecChainElement.java:51)
	at org.apache.hc.client5.http.impl.classic.ProtocolExec.execute(ProtocolExec.java:192)
	at org.apache.hc.client5.http.impl.classic.ExecChainElement.execute(ExecChainElement.java:51)
	at org.apache.hc.client5.http.impl.classic.HttpRequestRetryExec.execute(HttpRequestRetryExec.java:96)
	at org.apache.hc.client5.http.impl.classic.ExecChainElement.execute(ExecChainElement.java:51)
	at org.apache.hc.client5.http.impl.classic.ContentCompressionExec.execute(ContentCompressionExec.java:152)
	at org.apache.hc.client5.http.impl.classic.ExecChainElement.execute(ExecChainElement.java:51)
	at org.apache.hc.client5.http.impl.classic.RedirectExec.execute(RedirectExec.java:115)
	at org.apache.hc.client5.http.impl.classic.ExecChainElement.execute(ExecChainElement.java:51)
	at org.apache.hc.client5.http.impl.classic.InternalHttpClient.doExecute(InternalHttpClient.java:170)
	at org.apache.hc.client5.http.impl.classic.CloseableHttpClient.execute(CloseableHttpClient.java:87)
	at org.apache.hc.client5.http.impl.classic.CloseableHttpClient.execute(CloseableHttpClient.java:55)
	at org.apache.hc.client5.http.classic.HttpClient.executeOpen(HttpClient.java:183)
	at org.springframework.http.client.HttpComponentsClientHttpRequest.executeInternal(HttpComponentsClientHttpRequest.java:95)
	at org.springframework.http.client.AbstractStreamingClientHttpRequest.executeInternal(AbstractStreamingClientHttpRequest.java:70)
	at org.springframework.http.client.AbstractClientHttpRequest.execute(AbstractClientHttpRequest.java:66)
	at org.springframework.http.client.InterceptingClientHttpRequest$InterceptingRequestExecution.execute(InterceptingClientHttpRequest.java:101)
	at org.springframework.cloud.netflix.eureka.http.RestTemplateTransportClientFactory.lambda$restTemplate$0(RestTemplateTransportClientFactory.java:143)
	at org.springframework.http.client.InterceptingClientHttpRequest$InterceptingRequestExecution.execute(InterceptingClientHttpRequest.java:87)
	at org.springframework.http.client.InterceptingClientHttpRequest.executeInternal(InterceptingClientHttpRequest.java:71)
	at org.springframework.http.client.AbstractBufferingClientHttpRequest.executeInternal(AbstractBufferingClientHttpRequest.java:48)
	at org.springframework.http.client.AbstractClientHttpRequest.execute(AbstractClientHttpRequest.java:66)
	at org.springframework.web.client.RestTemplate.doExecute(RestTemplate.java:879)
	at org.springframework.web.client.RestTemplate.execute(RestTemplate.java:781)
	at org.springframework.web.client.RestTemplate.exchange(RestTemplate.java:663)
	at org.springframework.cloud.netflix.eureka.http.RestTemplateEurekaHttpClient.cancel(RestTemplateEurekaHttpClient.java:87)
	at com.netflix.discovery.shared.transport.decorator.EurekaHttpClientDecorator$2.execute(EurekaHttpClientDecorator.java:74)
	at com.netflix.discovery.shared.transport.decorator.RedirectingEurekaHttpClient.executeOnNewServer(RedirectingEurekaHttpClient.java:121)
	at com.netflix.discovery.shared.transport.decorator.RedirectingEurekaHttpClient.execute(RedirectingEurekaHttpClient.java:80)
	at com.netflix.discovery.shared.transport.decorator.EurekaHttpClientDecorator.cancel(EurekaHttpClientDecorator.java:71)
	at com.netflix.discovery.shared.transport.decorator.EurekaHttpClientDecorator$2.execute(EurekaHttpClientDecorator.java:74)
	at com.netflix.discovery.shared.transport.decorator.RetryableEurekaHttpClient.execute(RetryableEurekaHttpClient.java:120)
	at com.netflix.discovery.shared.transport.decorator.EurekaHttpClientDecorator.cancel(EurekaHttpClientDecorator.java:71)
	at com.netflix.discovery.shared.transport.decorator.EurekaHttpClientDecorator$2.execute(EurekaHttpClientDecorator.java:74)
	at com.netflix.discovery.shared.transport.decorator.SessionedEurekaHttpClient.execute(SessionedEurekaHttpClient.java:77)
	at com.netflix.discovery.shared.transport.decorator.EurekaHttpClientDecorator.cancel(EurekaHttpClientDecorator.java:71)
	at com.netflix.discovery.DiscoveryClient.unregister(DiscoveryClient.java:916)
	at com.netflix.discovery.DiscoveryClient.shutdown(DiscoveryClient.java:892)
	at java.base/jdk.internal.reflect.DirectMethodHandleAccessor.invoke(DirectMethodHandleAccessor.java:103)
	at java.base/java.lang.reflect.Method.invoke(Method.java:580)
	at org.springframework.beans.factory.annotation.InitDestroyAnnotationBeanPostProcessor$LifecycleMethod.invoke(InitDestroyAnnotationBeanPostProcessor.java:457)
	at org.springframework.beans.factory.annotation.InitDestroyAnnotationBeanPostProcessor$LifecycleMetadata.invokeDestroyMethods(InitDestroyAnnotationBeanPostProcessor.java:415)
	at org.springframework.beans.factory.annotation.InitDestroyAnnotationBeanPostProcessor.postProcessBeforeDestruction(InitDestroyAnnotationBeanPostProcessor.java:239)
	at org.springframework.beans.factory.support.DisposableBeanAdapter.destroy(DisposableBeanAdapter.java:202)
	at org.springframework.beans.factory.support.DisposableBeanAdapter.run(DisposableBeanAdapter.java:195)
	at org.springframework.cloud.context.scope.GenericScope$BeanLifecycleWrapper.destroy(GenericScope.java:389)
	at org.springframework.cloud.context.scope.GenericScope.destroy(GenericScope.java:136)
	at org.springframework.beans.factory.support.DisposableBeanAdapter.destroy(DisposableBeanAdapter.java:211)
	at org.springframework.beans.factory.support.DefaultSingletonBeanRegistry.destroyBean(DefaultSingletonBeanRegistry.java:587)
	at org.springframework.beans.factory.support.DefaultSingletonBeanRegistry.destroySingleton(DefaultSingletonBeanRegistry.java:559)
	at org.springframework.beans.factory.support.DefaultListableBeanFactory.destroySingleton(DefaultListableBeanFactory.java:1200)
	at org.springframework.beans.factory.support.DefaultSingletonBeanRegistry.destroySingletons(DefaultSingletonBeanRegistry.java:520)
	at org.springframework.beans.factory.support.DefaultListableBeanFactory.destroySingletons(DefaultListableBeanFactory.java:1193)
	at org.springframework.context.support.AbstractApplicationContext.destroyBeans(AbstractApplicationContext.java:1125)
	at org.springframework.context.support.AbstractApplicationContext.doClose(AbstractApplicationContext.java:1086)
	at org.springframework.context.support.AbstractApplicationContext.close(AbstractApplicationContext.java:1037)
	at org.springframework.boot.SpringApplicationShutdownHook.closeAndWait(SpringApplicationShutdownHook.java:145)
	at java.base/java.lang.Iterable.forEach(Iterable.java:75)
	at org.springframework.boot.SpringApplicationShutdownHook.run(SpringApplicationShutdownHook.java:114)
	at java.base/java.lang.Thread.run(Thread.java:1583)

2026-05-16T10:45:04.966+05:30  WARN 33552 --- [payment-service] [SpringApplicationShutdownHook] c.n.d.s.t.d.RetryableEurekaHttpClient    : Request execution failed with message: Connection pool shut down
2026-05-16T10:45:04.966+05:30 ERROR 33552 --- [payment-service] [SpringApplicationShutdownHook] com.netflix.discovery.DiscoveryClient    : DiscoveryClient_PAYMENT-SERVICE/localhost:payment-service:8086 - de-registration failedCannot execute request on any known server

com.netflix.discovery.shared.transport.TransportException: Cannot execute request on any known server
	at com.netflix.discovery.shared.transport.decorator.RetryableEurekaHttpClient.execute(RetryableEurekaHttpClient.java:112) ~[eureka-client-2.0.2.jar:2.0.2]
	at com.netflix.discovery.shared.transport.decorator.EurekaHttpClientDecorator.cancel(EurekaHttpClientDecorator.java:71) ~[eureka-client-2.0.2.jar:2.0.2]
	at com.netflix.discovery.shared.transport.decorator.EurekaHttpClientDecorator$2.execute(EurekaHttpClientDecorator.java:74) ~[eureka-client-2.0.2.jar:2.0.2]
	at com.netflix.discovery.shared.transport.decorator.SessionedEurekaHttpClient.execute(SessionedEurekaHttpClient.java:77) ~[eureka-client-2.0.2.jar:2.0.2]
	at com.netflix.discovery.shared.transport.decorator.EurekaHttpClientDecorator.cancel(EurekaHttpClientDecorator.java:71) ~[eureka-client-2.0.2.jar:2.0.2]
	at com.netflix.discovery.DiscoveryClient.unregister(DiscoveryClient.java:916) ~[eureka-client-2.0.2.jar:2.0.2]
	at com.netflix.discovery.DiscoveryClient.shutdown(DiscoveryClient.java:892) ~[eureka-client-2.0.2.jar:2.0.2]
	at java.base/jdk.internal.reflect.DirectMethodHandleAccessor.invoke(DirectMethodHandleAccessor.java:103) ~[na:na]
	at java.base/java.lang.reflect.Method.invoke(Method.java:580) ~[na:na]
	at org.springframework.beans.factory.annotation.InitDestroyAnnotationBeanPostProcessor$LifecycleMethod.invoke(InitDestroyAnnotationBeanPostProcessor.java:457) ~[spring-beans-6.1.1.jar:6.1.1]
	at org.springframework.beans.factory.annotation.InitDestroyAnnotationBeanPostProcessor$LifecycleMetadata.invokeDestroyMethods(InitDestroyAnnotationBeanPostProcessor.java:415) ~[spring-beans-6.1.1.jar:6.1.1]
	at org.springframework.beans.factory.annotation.InitDestroyAnnotationBeanPostProcessor.postProcessBeforeDestruction(InitDestroyAnnotationBeanPostProcessor.java:239) ~[spring-beans-6.1.1.jar:6.1.1]
	at org.springframework.beans.factory.support.DisposableBeanAdapter.destroy(DisposableBeanAdapter.java:202) ~[spring-beans-6.1.1.jar:6.1.1]
	at org.springframework.beans.factory.support.DisposableBeanAdapter.run(DisposableBeanAdapter.java:195) ~[spring-beans-6.1.1.jar:6.1.1]
	at org.springframework.cloud.context.scope.GenericScope$BeanLifecycleWrapper.destroy(GenericScope.java:389) ~[spring-cloud-context-4.1.2.jar:4.1.2]
	at org.springframework.cloud.context.scope.GenericScope.destroy(GenericScope.java:136) ~[spring-cloud-context-4.1.2.jar:4.1.2]
	at org.springframework.beans.factory.support.DisposableBeanAdapter.destroy(DisposableBeanAdapter.java:211) ~[spring-beans-6.1.1.jar:6.1.1]
	at org.springframework.beans.factory.support.DefaultSingletonBeanRegistry.destroyBean(DefaultSingletonBeanRegistry.java:587) ~[spring-beans-6.1.1.jar:6.1.1]
	at org.springframework.beans.factory.support.DefaultSingletonBeanRegistry.destroySingleton(DefaultSingletonBeanRegistry.java:559) ~[spring-beans-6.1.1.jar:6.1.1]
	at org.springframework.beans.factory.support.DefaultListableBeanFactory.destroySingleton(DefaultListableBeanFactory.java:1200) ~[spring-beans-6.1.1.jar:6.1.1]
	at org.springframework.beans.factory.support.DefaultSingletonBeanRegistry.destroySingletons(DefaultSingletonBeanRegistry.java:520) ~[spring-beans-6.1.1.jar:6.1.1]
	at org.springframework.beans.factory.support.DefaultListableBeanFactory.destroySingletons(DefaultListableBeanFactory.java:1193) ~[spring-beans-6.1.1.jar:6.1.1]
	at org.springframework.context.support.AbstractApplicationContext.destroyBeans(AbstractApplicationContext.java:1125) ~[spring-context-6.1.1.jar:6.1.1]
	at org.springframework.context.support.AbstractApplicationContext.doClose(AbstractApplicationContext.java:1086) ~[spring-context-6.1.1.jar:6.1.1]
	at org.springframework.context.support.AbstractApplicationContext.close(AbstractApplicationContext.java:1037) ~[spring-context-6.1.1.jar:6.1.1]
	at org.springframework.boot.SpringApplicationShutdownHook.closeAndWait(SpringApplicationShutdownHook.java:145) ~[spring-boot-3.2.0.jar:3.2.0]
	at java.base/java.lang.Iterable.forEach(Iterable.java:75) ~[na:na]
	at org.springframework.boot.SpringApplicationShutdownHook.run(SpringApplicationShutdownHook.java:114) ~[spring-boot-3.2.0.jar:3.2.0]
	at java.base/java.lang.Thread.run(Thread.java:1583) ~[na:na]

2026-05-16T10:45:04.977+05:30  INFO 33552 --- [payment-service] [SpringApplicationShutdownHook] com.netflix.discovery.DiscoveryClient    : Completed shut down of DiscoveryClient
2026-05-16T11:05:42.721+05:30  WARN 44732 --- [payment-service] [main] ory$DuplicateJsonObjectContextCustomizer : 

Found multiple occurrences of org.json.JSONObject on the class path:

	jar:file:/C:/Users/Hp/.m2/repository/org/json/json/20180130/json-20180130.jar!/org/json/JSONObject.class
	jar:file:/C:/Users/Hp/.m2/repository/com/vaadin/external/google/android-json/0.0.20131108.vaadin1/android-json-0.0.20131108.vaadin1.jar!/org/json/JSONObject.class

You may wish to exclude one of them to ensure predictable runtime behavior

2026-05-16T11:05:42.798+05:30  INFO 44732 --- [payment-service] [main] c.p.p.PaymentServiceApplicationTests     : Starting PaymentServiceApplicationTests using Java 21.0.10 with PID 44732 (started by Hp in C:\Users\Hp\Desktop\Parkease-Backend\payment-service)
2026-05-16T11:05:42.798+05:30 DEBUG 44732 --- [payment-service] [main] c.p.p.PaymentServiceApplicationTests     : Running with Spring Boot v3.2.0, Spring v6.1.1
2026-05-16T11:05:42.799+05:30  INFO 44732 --- [payment-service] [main] c.p.p.PaymentServiceApplicationTests     : No active profile set, falling back to 1 default profile: "default"
2026-05-16T11:05:46.006+05:30  INFO 44732 --- [payment-service] [main] .s.d.r.c.RepositoryConfigurationDelegate : Bootstrapping Spring Data JPA repositories in DEFAULT mode.
2026-05-16T11:05:46.256+05:30  INFO 44732 --- [payment-service] [main] .s.d.r.c.RepositoryConfigurationDelegate : Finished Spring Data repository scanning in 211 ms. Found 3 JPA repository interfaces.
2026-05-16T11:05:47.272+05:30  INFO 44732 --- [payment-service] [main] o.s.cloud.context.scope.GenericScope     : BeanFactory id=a6e8a90a-1a59-3898-95b0-95f633c348b2
2026-05-16T11:05:48.421+05:30  WARN 44732 --- [payment-service] [main] trationDelegate$BeanPostProcessorChecker : Bean 'org.springframework.cloud.client.loadbalancer.LoadBalancerAutoConfiguration$DeferringLoadBalancerInterceptorConfig' of type [org.springframework.cloud.client.loadbalancer.LoadBalancerAutoConfiguration$DeferringLoadBalancerInterceptorConfig] is not eligible for getting processed by all BeanPostProcessors (for example: not eligible for auto-proxying). The currently created BeanPostProcessor [lbRestClientPostProcessor] is declared through a non-static factory method on that class; consider declaring it as static instead.
2026-05-16T11:05:48.431+05:30  WARN 44732 --- [payment-service] [main] trationDelegate$BeanPostProcessorChecker : Bean 'deferringLoadBalancerInterceptor' of type [org.springframework.cloud.client.loadbalancer.DeferringLoadBalancerInterceptor] is not eligible for getting processed by all BeanPostProcessors (for example: not eligible for auto-proxying). Is this bean getting eagerly injected into a currently created BeanPostProcessor [lbRestClientPostProcessor]? Check the corresponding BeanPostProcessor declaration and its dependencies.
2026-05-16T11:05:48.953+05:30  INFO 44732 --- [payment-service] [main] o.hibernate.jpa.internal.util.LogHelper  : HHH000204: Processing PersistenceUnitInfo [name: default]
2026-05-16T11:05:49.134+05:30  INFO 44732 --- [payment-service] [main] org.hibernate.Version                    : HHH000412: Hibernate ORM core version 6.3.1.Final
2026-05-16T11:05:49.207+05:30  INFO 44732 --- [payment-service] [main] o.h.c.internal.RegionFactoryInitiator    : HHH000026: Second-level cache disabled
2026-05-16T11:05:49.405+05:30  INFO 44732 --- [payment-service] [main] o.s.o.j.p.SpringPersistenceUnitInfo      : No LoadTimeWeaver setup: ignoring JPA class transformer
2026-05-16T11:05:49.448+05:30  INFO 44732 --- [payment-service] [main] com.zaxxer.hikari.HikariDataSource       : HikariPool-1 - Starting...
2026-05-16T11:05:49.748+05:30  INFO 44732 --- [payment-service] [main] com.zaxxer.hikari.pool.HikariPool        : HikariPool-1 - Added connection com.mysql.cj.jdbc.ConnectionImpl@574352c
2026-05-16T11:05:49.752+05:30  INFO 44732 --- [payment-service] [main] com.zaxxer.hikari.HikariDataSource       : HikariPool-1 - Start completed.
2026-05-16T11:05:49.851+05:30  WARN 44732 --- [payment-service] [main] org.hibernate.orm.deprecation            : HHH90000025: MySQLDialect does not need to be specified explicitly using 'hibernate.dialect' (remove the property setting and it will be selected by default)
2026-05-16T11:05:51.629+05:30  INFO 44732 --- [payment-service] [main] o.h.e.t.j.p.i.JtaPlatformInitiator       : HHH000489: No JTA platform available (set 'hibernate.transaction.jta.platform' to enable JTA platform integration)
2026-05-16T11:05:51.722+05:30  INFO 44732 --- [payment-service] [main] j.LocalContainerEntityManagerFactoryBean : Initialized JPA EntityManagerFactory for persistence unit 'default'
2026-05-16T11:05:52.803+05:30  INFO 44732 --- [payment-service] [main] c.p.payment.config.RazorpayConfig        : Initializing Razorpay client with key: rzp_test...
2026-05-16T11:05:53.966+05:30  INFO 44732 --- [payment-service] [main] o.s.d.j.r.query.QueryEnhancerFactory     : Hibernate is in classpath; If applicable, HQL parser will be used.
2026-05-16T11:05:55.153+05:30  WARN 44732 --- [payment-service] [main] JpaBaseConfiguration$JpaWebConfiguration : spring.jpa.open-in-view is enabled by default. Therefore, database queries may be performed during view rendering. Explicitly configure spring.jpa.open-in-view to disable this warning
2026-05-16T11:05:55.287+05:30  WARN 44732 --- [payment-service] [main] .s.s.UserDetailsServiceAutoConfiguration : 

Using generated security password: 8c7ec816-af42-4e01-bfbc-7473b4fa74ef

This generated password is for development use only. Your security configuration must be updated before running your application in production.

2026-05-16T11:05:57.060+05:30  INFO 44732 --- [payment-service] [main] o.s.cloud.commons.util.InetUtils         : Cannot determine local hostname
2026-05-16T11:05:57.429+05:30  INFO 44732 --- [payment-service] [main] o.s.b.a.e.web.EndpointLinksResolver      : Exposing 17 endpoint(s) beneath base path '/actuator'
2026-05-16T11:05:57.521+05:30  INFO 44732 --- [payment-service] [main] o.s.s.web.DefaultSecurityFilterChain     : Will secure any request with [org.springframework.security.web.session.DisableEncodeUrlFilter@29610703, org.springframework.security.web.context.request.async.WebAsyncManagerIntegrationFilter@7928eb2f, org.springframework.security.web.context.SecurityContextHolderFilter@784748d5, org.springframework.security.web.header.HeaderWriterFilter@3671b82a, org.springframework.web.filter.CorsFilter@5d66fba2, org.springframework.security.web.authentication.logout.LogoutFilter@1eb438d9, com.parkease.payment.security.JwtAuthFilter@4e01c6c5, org.springframework.security.web.savedrequest.RequestCacheAwareFilter@3b79c0a4, org.springframework.security.web.servletapi.SecurityContextHolderAwareRequestFilter@79db4507, org.springframework.security.web.authentication.AnonymousAuthenticationFilter@161ce9d4, org.springframework.security.web.session.SessionManagementFilter@2615f502, org.springframework.security.web.access.ExceptionTranslationFilter@504c3af5, org.springframework.security.web.access.intercept.AuthorizationFilter@6ab9b09e]
2026-05-16T11:05:59.651+05:30  INFO 44732 --- [payment-service] [main] o.s.cloud.commons.util.InetUtils         : Cannot determine local hostname
2026-05-16T11:05:59.667+05:30  INFO 44732 --- [payment-service] [main] DiscoveryClientOptionalArgsConfiguration : Eureka HTTP Client uses RestTemplate.
2026-05-16T11:05:59.785+05:30  WARN 44732 --- [payment-service] [main] iguration$LoadBalancerCaffeineWarnLogger : Spring Cloud LoadBalancer is currently working with the default cache. While this cache implementation is useful for development and tests, it's recommended to use Caffeine cache in production.You can switch to using Caffeine cache, by adding it and org.springframework.cache.caffeine.CaffeineCacheManager to the classpath.
2026-05-16T11:05:59.885+05:30  INFO 44732 --- [payment-service] [main] o.s.c.n.eureka.InstanceInfoFactory       : Setting initial instance status as: STARTING
2026-05-16T11:06:00.006+05:30  INFO 44732 --- [payment-service] [main] com.netflix.discovery.DiscoveryClient    : Initializing Eureka in region us-east-1
2026-05-16T11:06:00.015+05:30  INFO 44732 --- [payment-service] [main] c.n.d.s.r.aws.ConfigClusterResolver      : Resolving eureka endpoints via configuration
2026-05-16T11:06:00.054+05:30  INFO 44732 --- [payment-service] [main] com.netflix.discovery.DiscoveryClient    : Disable delta property : false
2026-05-16T11:06:00.054+05:30  INFO 44732 --- [payment-service] [main] com.netflix.discovery.DiscoveryClient    : Single vip registry refresh property : null
2026-05-16T11:06:00.054+05:30  INFO 44732 --- [payment-service] [main] com.netflix.discovery.DiscoveryClient    : Force full registry fetch : false
2026-05-16T11:06:00.054+05:30  INFO 44732 --- [payment-service] [main] com.netflix.discovery.DiscoveryClient    : Application is null : false
2026-05-16T11:06:00.054+05:30  INFO 44732 --- [payment-service] [main] com.netflix.discovery.DiscoveryClient    : Registered Applications size is zero : true
2026-05-16T11:06:00.055+05:30  INFO 44732 --- [payment-service] [main] com.netflix.discovery.DiscoveryClient    : Application version is -1: true
2026-05-16T11:06:00.055+05:30  INFO 44732 --- [payment-service] [main] com.netflix.discovery.DiscoveryClient    : Getting all instance registry info from the eureka server
2026-05-16T11:06:00.203+05:30  INFO 44732 --- [payment-service] [main] c.n.d.s.t.d.RedirectingEurekaHttpClient  : Request execution error. endpoint=DefaultEndpoint{ serviceUrl='http://localhost:8761/eureka/}, exception=I/O error on GET request for "http://localhost:8761/eureka/apps/": Connect to http://localhost:8761 [localhost/127.0.0.1, localhost/0:0:0:0:0:0:0:1] failed: Connection refused: getsockopt stacktrace=org.springframework.web.client.ResourceAccessException: I/O error on GET request for "http://localhost:8761/eureka/apps/": Connect to http://localhost:8761 [localhost/127.0.0.1, localhost/0:0:0:0:0:0:0:1] failed: Connection refused: getsockopt
	at org.springframework.web.client.RestTemplate.createResourceAccessException(RestTemplate.java:905)
	at org.springframework.web.client.RestTemplate.doExecute(RestTemplate.java:885)
	at org.springframework.web.client.RestTemplate.execute(RestTemplate.java:781)
	at org.springframework.web.client.RestTemplate.exchange(RestTemplate.java:663)
	at org.springframework.cloud.netflix.eureka.http.RestTemplateEurekaHttpClient.getApplicationsInternal(RestTemplateEurekaHttpClient.java:145)
	at org.springframework.cloud.netflix.eureka.http.RestTemplateEurekaHttpClient.getApplications(RestTemplateEurekaHttpClient.java:135)
	at com.netflix.discovery.shared.transport.decorator.EurekaHttpClientDecorator$6.execute(EurekaHttpClientDecorator.java:137)
	at com.netflix.discovery.shared.transport.decorator.RedirectingEurekaHttpClient.executeOnNewServer(RedirectingEurekaHttpClient.java:121)
	at com.netflix.discovery.shared.transport.decorator.RedirectingEurekaHttpClient.execute(RedirectingEurekaHttpClient.java:80)
	at com.netflix.discovery.shared.transport.decorator.EurekaHttpClientDecorator.getApplications(EurekaHttpClientDecorator.java:134)
	at com.netflix.discovery.shared.transport.decorator.EurekaHttpClientDecorator$6.execute(EurekaHttpClientDecorator.java:137)
	at com.netflix.discovery.shared.transport.decorator.RetryableEurekaHttpClient.execute(RetryableEurekaHttpClient.java:120)
	at com.netflix.discovery.shared.transport.decorator.EurekaHttpClientDecorator.getApplications(EurekaHttpClientDecorator.java:134)
	at com.netflix.discovery.shared.transport.decorator.EurekaHttpClientDecorator$6.execute(EurekaHttpClientDecorator.java:137)
	at com.netflix.discovery.shared.transport.decorator.SessionedEurekaHttpClient.execute(SessionedEurekaHttpClient.java:77)
	at com.netflix.discovery.shared.transport.decorator.EurekaHttpClientDecorator.getApplications(EurekaHttpClientDecorator.java:134)
	at com.netflix.discovery.DiscoveryClient.getAndStoreFullRegistry(DiscoveryClient.java:1045)
	at com.netflix.discovery.DiscoveryClient.fetchRegistry(DiscoveryClient.java:958)
	at com.netflix.discovery.DiscoveryClient.<init>(DiscoveryClient.java:396)
	at com.netflix.discovery.DiscoveryClient.<init>(DiscoveryClient.java:247)
	at com.netflix.discovery.DiscoveryClient.<init>(DiscoveryClient.java:242)
	at org.springframework.cloud.netflix.eureka.CloudEurekaClient.<init>(CloudEurekaClient.java:68)
	at org.springframework.cloud.netflix.eureka.EurekaClientAutoConfiguration$RefreshableEurekaClientConfiguration.eurekaClient(EurekaClientAutoConfiguration.java:321)
	at java.base/jdk.internal.reflect.DirectMethodHandleAccessor.invoke(DirectMethodHandleAccessor.java:103)
	at java.base/java.lang.reflect.Method.invoke(Method.java:580)
	at org.springframework.beans.factory.support.SimpleInstantiationStrategy.instantiate(SimpleInstantiationStrategy.java:140)
	at org.springframework.beans.factory.support.ConstructorResolver.instantiate(ConstructorResolver.java:651)
	at org.springframework.beans.factory.support.ConstructorResolver.instantiateUsingFactoryMethod(ConstructorResolver.java:643)
	at org.springframework.beans.factory.support.AbstractAutowireCapableBeanFactory.instantiateUsingFactoryMethod(AbstractAutowireCapableBeanFactory.java:1336)
	at org.springframework.beans.factory.support.AbstractAutowireCapableBeanFactory.createBeanInstance(AbstractAutowireCapableBeanFactory.java:1166)
	at org.springframework.beans.factory.support.AbstractAutowireCapableBeanFactory.doCreateBean(AbstractAutowireCapableBeanFactory.java:563)
	at org.springframework.beans.factory.support.AbstractAutowireCapableBeanFactory.createBean(AbstractAutowireCapableBeanFactory.java:523)
	at org.springframework.beans.factory.support.AbstractBeanFactory.lambda$doGetBean$1(AbstractBeanFactory.java:364)
	at org.springframework.cloud.context.scope.GenericScope$BeanLifecycleWrapper.getBean(GenericScope.java:375)
	at org.springframework.cloud.context.scope.GenericScope.get(GenericScope.java:179)
	at org.springframework.beans.factory.support.AbstractBeanFactory.doGetBean(AbstractBeanFactory.java:361)
	at org.springframework.beans.factory.support.AbstractBeanFactory.getBean(AbstractBeanFactory.java:199)
	at org.springframework.aop.target.SimpleBeanTargetSource.getTarget(SimpleBeanTargetSource.java:35)
	at org.springframework.cloud.netflix.eureka.serviceregistry.EurekaRegistration.getTargetObject(EurekaRegistration.java:128)
	at org.springframework.cloud.netflix.eureka.serviceregistry.EurekaRegistration.getEurekaClient(EurekaRegistration.java:116)
	at java.base/jdk.internal.reflect.DirectMethodHandleAccessor.invoke(DirectMethodHandleAccessor.java:103)
	at java.base/java.lang.reflect.Method.invoke(Method.java:580)
	at org.springframework.util.ReflectionUtils.invokeMethod(ReflectionUtils.java:281)
	at org.springframework.cloud.context.scope.GenericScope$LockedScopedProxyFactoryBean.invoke(GenericScope.java:482)
	at org.springframework.aop.framework.ReflectiveMethodInvocation.proceed(ReflectiveMethodInvocation.java:184)
	at org.springframework.aop.framework.CglibAopProxy$CglibMethodInvocation.proceed(CglibAopProxy.java:765)
	at org.springframework.aop.framework.CglibAopProxy$DynamicAdvisedInterceptor.intercept(CglibAopProxy.java:717)
	at org.springframework.cloud.netflix.eureka.serviceregistry.EurekaRegistration$$SpringCGLIB$$0.getEurekaClient(<generated>)
	at org.springframework.cloud.netflix.eureka.serviceregistry.EurekaServiceRegistry.maybeInitializeClient(EurekaServiceRegistry.java:83)
	at org.springframework.cloud.netflix.eureka.serviceregistry.EurekaServiceRegistry.register(EurekaServiceRegistry.java:66)
	at org.springframework.cloud.netflix.eureka.serviceregistry.EurekaAutoServiceRegistration.start(EurekaAutoServiceRegistration.java:89)
	at org.springframework.context.support.DefaultLifecycleProcessor.doStart(DefaultLifecycleProcessor.java:284)
	at org.springframework.context.support.DefaultLifecycleProcessor$LifecycleGroup.start(DefaultLifecycleProcessor.java:467)
	at java.base/java.lang.Iterable.forEach(Iterable.java:75)
	at org.springframework.context.support.DefaultLifecycleProcessor.startBeans(DefaultLifecycleProcessor.java:256)
	at org.springframework.context.support.DefaultLifecycleProcessor.onRefresh(DefaultLifecycleProcessor.java:201)
	at org.springframework.context.support.AbstractApplicationContext.finishRefresh(AbstractApplicationContext.java:965)
	at org.springframework.context.support.AbstractApplicationContext.refresh(AbstractApplicationContext.java:619)
	at org.springframework.boot.SpringApplication.refresh(SpringApplication.java:753)
	at org.springframework.boot.SpringApplication.refreshContext(SpringApplication.java:455)
	at org.springframework.boot.SpringApplication.run(SpringApplication.java:323)
	at org.springframework.boot.test.context.SpringBootContextLoader.lambda$loadContext$3(SpringBootContextLoader.java:137)
	at org.springframework.util.function.ThrowingSupplier.get(ThrowingSupplier.java:58)
	at org.springframework.util.function.ThrowingSupplier.get(ThrowingSupplier.java:46)
	at org.springframework.boot.SpringApplication.withHook(SpringApplication.java:1442)
	at org.springframework.boot.test.context.SpringBootContextLoader$ContextLoaderHook.run(SpringBootContextLoader.java:552)
	at org.springframework.boot.test.context.SpringBootContextLoader.loadContext(SpringBootContextLoader.java:137)
	at org.springframework.boot.test.context.SpringBootContextLoader.loadContext(SpringBootContextLoader.java:108)
	at org.springframework.test.context.cache.DefaultCacheAwareContextLoaderDelegate.loadContextInternal(DefaultCacheAwareContextLoaderDelegate.java:225)
	at org.springframework.test.context.cache.DefaultCacheAwareContextLoaderDelegate.loadContext(DefaultCacheAwareContextLoaderDelegate.java:152)
	at org.springframework.test.context.support.DefaultTestContext.getApplicationContext(DefaultTestContext.java:130)
	at org.springframework.test.context.web.ServletTestExecutionListener.setUpRequestContextIfNecessary(ServletTestExecutionListener.java:191)
	at org.springframework.test.context.web.ServletTestExecutionListener.prepareTestInstance(ServletTestExecutionListener.java:130)
	at org.springframework.test.context.TestContextManager.prepareTestInstance(TestContextManager.java:247)
	at org.springframework.test.context.junit.jupiter.SpringExtension.postProcessTestInstance(SpringExtension.java:163)
	at org.junit.jupiter.engine.descriptor.ClassBasedTestDescriptor.lambda$invokeTestInstancePostProcessors$10(ClassBasedTestDescriptor.java:378)
	at org.junit.jupiter.engine.descriptor.ClassBasedTestDescriptor.executeAndMaskThrowable(ClassBasedTestDescriptor.java:383)
	at org.junit.jupiter.engine.descriptor.ClassBasedTestDescriptor.lambda$invokeTestInstancePostProcessors$11(ClassBasedTestDescriptor.java:378)
	at java.base/java.util.stream.ReferencePipeline$3$1.accept(ReferencePipeline.java:197)
	at java.base/java.util.stream.ReferencePipeline$2$1.accept(ReferencePipeline.java:179)
	at java.base/java.util.ArrayList$ArrayListSpliterator.forEachRemaining(ArrayList.java:1708)
	at java.base/java.util.stream.AbstractPipeline.copyInto(AbstractPipeline.java:509)
	at java.base/java.util.stream.AbstractPipeline.wrapAndCopyInto(AbstractPipeline.java:499)
	at java.base/java.util.stream.StreamSpliterators$WrappingSpliterator.forEachRemaining(StreamSpliterators.java:310)
	at java.base/java.util.stream.Streams$ConcatSpliterator.forEachRemaining(Streams.java:735)
	at java.base/java.util.stream.Streams$ConcatSpliterator.forEachRemaining(Streams.java:734)
	at java.base/java.util.stream.ReferencePipeline$Head.forEach(ReferencePipeline.java:762)
	at org.junit.jupiter.engine.descriptor.ClassBasedTestDescriptor.invokeTestInstancePostProcessors(ClassBasedTestDescriptor.java:377)
	at org.junit.jupiter.engine.descriptor.ClassBasedTestDescriptor.lambda$instantiateAndPostProcessTestInstance$6(ClassBasedTestDescriptor.java:290)
	at org.junit.platform.engine.support.hierarchical.ThrowableCollector.execute(ThrowableCollector.java:73)
	at org.junit.jupiter.engine.descriptor.ClassBasedTestDescriptor.instantiateAndPostProcessTestInstance(ClassBasedTestDescriptor.java:289)
	at org.junit.jupiter.engine.descriptor.ClassBasedTestDescriptor.lambda$testInstancesProvider$4(ClassBasedTestDescriptor.java:279)
	at java.base/java.util.Optional.orElseGet(Optional.java:364)
	at org.junit.jupiter.engine.descriptor.ClassBasedTestDescriptor.lambda$testInstancesProvider$5(ClassBasedTestDescriptor.java:278)
	at org.junit.jupiter.engine.execution.TestInstancesProvider.getTestInstances(TestInstancesProvider.java:31)
	at org.junit.jupiter.engine.descriptor.TestMethodTestDescriptor.lambda$prepare$0(TestMethodTestDescriptor.java:106)
	at org.junit.platform.engine.support.hierarchical.ThrowableCollector.execute(ThrowableCollector.java:73)
	at org.junit.jupiter.engine.descriptor.TestMethodTestDescriptor.prepare(TestMethodTestDescriptor.java:105)
	at org.junit.jupiter.engine.descriptor.TestMethodTestDescriptor.prepare(TestMethodTestDescriptor.java:69)
	at org.junit.platform.engine.support.hierarchical.NodeTestTask.lambda$prepare$2(NodeTestTask.java:123)
	at org.junit.platform.engine.support.hierarchical.ThrowableCollector.execute(ThrowableCollector.java:73)
	at org.junit.platform.engine.support.hierarchical.NodeTestTask.prepare(NodeTestTask.java:123)
	at org.junit.platform.engine.support.hierarchical.NodeTestTask.execute(NodeTestTask.java:90)
	at java.base/java.util.ArrayList.forEach(ArrayList.java:1596)
	at org.junit.platform.engine.support.hierarchical.SameThreadHierarchicalTestExecutorService.invokeAll(SameThreadHierarchicalTestExecutorService.java:41)
	at org.junit.platform.engine.support.hierarchical.NodeTestTask.lambda$executeRecursively$6(NodeTestTask.java:155)
	at org.junit.platform.engine.support.hierarchical.ThrowableCollector.execute(ThrowableCollector.java:73)
	at org.junit.platform.engine.support.hierarchical.NodeTestTask.lambda$executeRecursively$8(NodeTestTask.java:141)
	at org.junit.platform.engine.support.hierarchical.Node.around(Node.java:137)
	at org.junit.platform.engine.support.hierarchical.NodeTestTask.lambda$executeRecursively$9(NodeTestTask.java:139)
	at org.junit.platform.engine.support.hierarchical.ThrowableCollector.execute(ThrowableCollector.java:73)
	at org.junit.platform.engine.support.hierarchical.NodeTestTask.executeRecursively(NodeTestTask.java:138)
	at org.junit.platform.engine.support.hierarchical.NodeTestTask.execute(NodeTestTask.java:95)
	at java.base/java.util.ArrayList.forEach(ArrayList.java:1596)
	at org.junit.platform.engine.support.hierarchical.SameThreadHierarchicalTestExecutorService.invokeAll(SameThreadHierarchicalTestExecutorService.java:41)
	at org.junit.platform.engine.support.hierarchical.NodeTestTask.lambda$executeRecursively$6(NodeTestTask.java:155)
	at org.junit.platform.engine.support.hierarchical.ThrowableCollector.execute(ThrowableCollector.java:73)
	at org.junit.platform.engine.support.hierarchical.NodeTestTask.lambda$executeRecursively$8(NodeTestTask.java:141)
	at org.junit.platform.engine.support.hierarchical.Node.around(Node.java:137)
	at org.junit.platform.engine.support.hierarchical.NodeTestTask.lambda$executeRecursively$9(NodeTestTask.java:139)
	at org.junit.platform.engine.support.hierarchical.ThrowableCollector.execute(ThrowableCollector.java:73)
	at org.junit.platform.engine.support.hierarchical.NodeTestTask.executeRecursively(NodeTestTask.java:138)
	at org.junit.platform.engine.support.hierarchical.NodeTestTask.execute(NodeTestTask.java:95)
	at org.junit.platform.engine.support.hierarchical.SameThreadHierarchicalTestExecutorService.submit(SameThreadHierarchicalTestExecutorService.java:35)
	at org.junit.platform.engine.support.hierarchical.HierarchicalTestExecutor.execute(HierarchicalTestExecutor.java:57)
	at org.junit.platform.engine.support.hierarchical.HierarchicalTestEngine.execute(HierarchicalTestEngine.java:54)
	at org.junit.platform.launcher.core.EngineExecutionOrchestrator.execute(EngineExecutionOrchestrator.java:198)
	at org.junit.platform.launcher.core.EngineExecutionOrchestrator.execute(EngineExecutionOrchestrator.java:169)
	at org.junit.platform.launcher.core.EngineExecutionOrchestrator.execute(EngineExecutionOrchestrator.java:93)
	at org.junit.platform.launcher.core.EngineExecutionOrchestrator.lambda$execute$0(EngineExecutionOrchestrator.java:58)
	at org.junit.platform.launcher.core.EngineExecutionOrchestrator.withInterceptedStreams(EngineExecutionOrchestrator.java:141)
	at org.junit.platform.launcher.core.EngineExecutionOrchestrator.execute(EngineExecutionOrchestrator.java:57)
	at org.junit.platform.launcher.core.DefaultLauncher.execute(DefaultLauncher.java:103)
	at org.junit.platform.launcher.core.DefaultLauncher.execute(DefaultLauncher.java:85)
	at org.junit.platform.launcher.core.DelegatingLauncher.execute(DelegatingLauncher.java:47)
	at org.apache.maven.surefire.junitplatform.LazyLauncher.execute(LazyLauncher.java:56)
	at org.apache.maven.surefire.junitplatform.JUnitPlatformProvider.execute(JUnitPlatformProvider.java:184)
	at org.apache.maven.surefire.junitplatform.JUnitPlatformProvider.invokeAllTests(JUnitPlatformProvider.java:148)
	at org.apache.maven.surefire.junitplatform.JUnitPlatformProvider.invoke(JUnitPlatformProvider.java:122)
	at org.apache.maven.surefire.booter.ForkedBooter.runSuitesInProcess(ForkedBooter.java:385)
	at org.apache.maven.surefire.booter.ForkedBooter.execute(ForkedBooter.java:162)
	at org.apache.maven.surefire.booter.ForkedBooter.run(ForkedBooter.java:507)
	at org.apache.maven.surefire.booter.ForkedBooter.main(ForkedBooter.java:495)
Caused by: org.apache.hc.client5.http.HttpHostConnectException: Connect to http://localhost:8761 [localhost/127.0.0.1, localhost/0:0:0:0:0:0:0:1] failed: Connection refused: getsockopt
	at java.base/sun.nio.ch.Net.pollConnect(Native Method)
	at java.base/sun.nio.ch.Net.pollConnectNow(Net.java:690)
	at java.base/sun.nio.ch.NioSocketImpl.timedFinishConnect(NioSocketImpl.java:542)
	at java.base/sun.nio.ch.NioSocketImpl.connect(NioSocketImpl.java:592)
	at java.base/java.net.SocksSocketImpl.connect(SocksSocketImpl.java:327)
	at java.base/java.net.Socket.connect(Socket.java:751)
	at org.apache.hc.client5.http.socket.PlainConnectionSocketFactory.lambda$connectSocket$0(PlainConnectionSocketFactory.java:85)
	at java.base/java.security.AccessController.doPrivileged(AccessController.java:571)
	at org.apache.hc.client5.http.socket.PlainConnectionSocketFactory.connectSocket(PlainConnectionSocketFactory.java:84)
	at org.apache.hc.client5.http.socket.ConnectionSocketFactory.connectSocket(ConnectionSocketFactory.java:113)
	at org.apache.hc.client5.http.impl.io.DefaultHttpClientConnectionOperator.connect(DefaultHttpClientConnectionOperator.java:181)
	at org.apache.hc.client5.http.impl.io.PoolingHttpClientConnectionManager.connect(PoolingHttpClientConnectionManager.java:447)
	at org.apache.hc.client5.http.impl.classic.InternalExecRuntime.connectEndpoint(InternalExecRuntime.java:162)
	at org.apache.hc.client5.http.impl.classic.InternalExecRuntime.connectEndpoint(InternalExecRuntime.java:172)
	at org.apache.hc.client5.http.impl.classic.ConnectExec.execute(ConnectExec.java:142)
	at org.apache.hc.client5.http.impl.classic.ExecChainElement.execute(ExecChainElement.java:51)
	at org.apache.hc.client5.http.impl.classic.ProtocolExec.execute(ProtocolExec.java:192)
	at org.apache.hc.client5.http.impl.classic.ExecChainElement.execute(ExecChainElement.java:51)
	at org.apache.hc.client5.http.impl.classic.HttpRequestRetryExec.execute(HttpRequestRetryExec.java:96)
	at org.apache.hc.client5.http.impl.classic.ExecChainElement.execute(ExecChainElement.java:51)
	at org.apache.hc.client5.http.impl.classic.ContentCompressionExec.execute(ContentCompressionExec.java:152)
	at org.apache.hc.client5.http.impl.classic.ExecChainElement.execute(ExecChainElement.java:51)
	at org.apache.hc.client5.http.impl.classic.RedirectExec.execute(RedirectExec.java:115)
	at org.apache.hc.client5.http.impl.classic.ExecChainElement.execute(ExecChainElement.java:51)
	at org.apache.hc.client5.http.impl.classic.InternalHttpClient.doExecute(InternalHttpClient.java:170)
	at org.apache.hc.client5.http.impl.classic.CloseableHttpClient.execute(CloseableHttpClient.java:87)
	at org.apache.hc.client5.http.impl.classic.CloseableHttpClient.execute(CloseableHttpClient.java:55)
	at org.apache.hc.client5.http.classic.HttpClient.executeOpen(HttpClient.java:183)
	at org.springframework.http.client.HttpComponentsClientHttpRequest.executeInternal(HttpComponentsClientHttpRequest.java:95)
	at org.springframework.http.client.AbstractStreamingClientHttpRequest.executeInternal(AbstractStreamingClientHttpRequest.java:70)
	at org.springframework.http.client.AbstractClientHttpRequest.execute(AbstractClientHttpRequest.java:66)
	at org.springframework.http.client.InterceptingClientHttpRequest$InterceptingRequestExecution.execute(InterceptingClientHttpRequest.java:101)
	at org.springframework.cloud.netflix.eureka.http.RestTemplateTransportClientFactory.lambda$restTemplate$0(RestTemplateTransportClientFactory.java:143)
	at org.springframework.http.client.InterceptingClientHttpRequest$InterceptingRequestExecution.execute(InterceptingClientHttpRequest.java:87)
	at org.springframework.http.client.InterceptingClientHttpRequest.executeInternal(InterceptingClientHttpRequest.java:71)
	at org.springframework.http.client.AbstractBufferingClientHttpRequest.executeInternal(AbstractBufferingClientHttpRequest.java:48)
	at org.springframework.http.client.AbstractClientHttpRequest.execute(AbstractClientHttpRequest.java:66)
	at org.springframework.web.client.RestTemplate.doExecute(RestTemplate.java:879)
	... 141 more

2026-05-16T11:06:00.205+05:30  WARN 44732 --- [payment-service] [main] c.n.d.s.t.d.RetryableEurekaHttpClient    : Request execution failed with message: I/O error on GET request for "http://localhost:8761/eureka/apps/": Connect to http://localhost:8761 [localhost/127.0.0.1, localhost/0:0:0:0:0:0:0:1] failed: Connection refused: getsockopt
2026-05-16T11:06:00.205+05:30  INFO 44732 --- [payment-service] [main] com.netflix.discovery.DiscoveryClient    : DiscoveryClient_PAYMENT-SERVICE/localhost:payment-service:8086 - was unable to refresh its cache! This periodic background refresh will be retried in 30 seconds. status = Cannot execute request on any known server stacktrace = com.netflix.discovery.shared.transport.TransportException: Cannot execute request on any known server
	at com.netflix.discovery.shared.transport.decorator.RetryableEurekaHttpClient.execute(RetryableEurekaHttpClient.java:112)
	at com.netflix.discovery.shared.transport.decorator.EurekaHttpClientDecorator.getApplications(EurekaHttpClientDecorator.java:134)
	at com.netflix.discovery.shared.transport.decorator.EurekaHttpClientDecorator$6.execute(EurekaHttpClientDecorator.java:137)
	at com.netflix.discovery.shared.transport.decorator.SessionedEurekaHttpClient.execute(SessionedEurekaHttpClient.java:77)
	at com.netflix.discovery.shared.transport.decorator.EurekaHttpClientDecorator.getApplications(EurekaHttpClientDecorator.java:134)
	at com.netflix.discovery.DiscoveryClient.getAndStoreFullRegistry(DiscoveryClient.java:1045)
	at com.netflix.discovery.DiscoveryClient.fetchRegistry(DiscoveryClient.java:958)
	at com.netflix.discovery.DiscoveryClient.<init>(DiscoveryClient.java:396)
	at com.netflix.discovery.DiscoveryClient.<init>(DiscoveryClient.java:247)
	at com.netflix.discovery.DiscoveryClient.<init>(DiscoveryClient.java:242)
	at org.springframework.cloud.netflix.eureka.CloudEurekaClient.<init>(CloudEurekaClient.java:68)
	at org.springframework.cloud.netflix.eureka.EurekaClientAutoConfiguration$RefreshableEurekaClientConfiguration.eurekaClient(EurekaClientAutoConfiguration.java:321)
	at java.base/jdk.internal.reflect.DirectMethodHandleAccessor.invoke(DirectMethodHandleAccessor.java:103)
	at java.base/java.lang.reflect.Method.invoke(Method.java:580)
	at org.springframework.beans.factory.support.SimpleInstantiationStrategy.instantiate(SimpleInstantiationStrategy.java:140)
	at org.springframework.beans.factory.support.ConstructorResolver.instantiate(ConstructorResolver.java:651)
	at org.springframework.beans.factory.support.ConstructorResolver.instantiateUsingFactoryMethod(ConstructorResolver.java:643)
	at org.springframework.beans.factory.support.AbstractAutowireCapableBeanFactory.instantiateUsingFactoryMethod(AbstractAutowireCapableBeanFactory.java:1336)
	at org.springframework.beans.factory.support.AbstractAutowireCapableBeanFactory.createBeanInstance(AbstractAutowireCapableBeanFactory.java:1166)
	at org.springframework.beans.factory.support.AbstractAutowireCapableBeanFactory.doCreateBean(AbstractAutowireCapableBeanFactory.java:563)
	at org.springframework.beans.factory.support.AbstractAutowireCapableBeanFactory.createBean(AbstractAutowireCapableBeanFactory.java:523)
	at org.springframework.beans.factory.support.AbstractBeanFactory.lambda$doGetBean$1(AbstractBeanFactory.java:364)
	at org.springframework.cloud.context.scope.GenericScope$BeanLifecycleWrapper.getBean(GenericScope.java:375)
	at org.springframework.cloud.context.scope.GenericScope.get(GenericScope.java:179)
	at org.springframework.beans.factory.support.AbstractBeanFactory.doGetBean(AbstractBeanFactory.java:361)
	at org.springframework.beans.factory.support.AbstractBeanFactory.getBean(AbstractBeanFactory.java:199)
	at org.springframework.aop.target.SimpleBeanTargetSource.getTarget(SimpleBeanTargetSource.java:35)
	at org.springframework.cloud.netflix.eureka.serviceregistry.EurekaRegistration.getTargetObject(EurekaRegistration.java:128)
	at org.springframework.cloud.netflix.eureka.serviceregistry.EurekaRegistration.getEurekaClient(EurekaRegistration.java:116)
	at java.base/jdk.internal.reflect.DirectMethodHandleAccessor.invoke(DirectMethodHandleAccessor.java:103)
	at java.base/java.lang.reflect.Method.invoke(Method.java:580)
	at org.springframework.util.ReflectionUtils.invokeMethod(ReflectionUtils.java:281)
	at org.springframework.cloud.context.scope.GenericScope$LockedScopedProxyFactoryBean.invoke(GenericScope.java:482)
	at org.springframework.aop.framework.ReflectiveMethodInvocation.proceed(ReflectiveMethodInvocation.java:184)
	at org.springframework.aop.framework.CglibAopProxy$CglibMethodInvocation.proceed(CglibAopProxy.java:765)
	at org.springframework.aop.framework.CglibAopProxy$DynamicAdvisedInterceptor.intercept(CglibAopProxy.java:717)
	at org.springframework.cloud.netflix.eureka.serviceregistry.EurekaRegistration$$SpringCGLIB$$0.getEurekaClient(<generated>)
	at org.springframework.cloud.netflix.eureka.serviceregistry.EurekaServiceRegistry.maybeInitializeClient(EurekaServiceRegistry.java:83)
	at org.springframework.cloud.netflix.eureka.serviceregistry.EurekaServiceRegistry.register(EurekaServiceRegistry.java:66)
	at org.springframework.cloud.netflix.eureka.serviceregistry.EurekaAutoServiceRegistration.start(EurekaAutoServiceRegistration.java:89)
	at org.springframework.context.support.DefaultLifecycleProcessor.doStart(DefaultLifecycleProcessor.java:284)
	at org.springframework.context.support.DefaultLifecycleProcessor$LifecycleGroup.start(DefaultLifecycleProcessor.java:467)
	at java.base/java.lang.Iterable.forEach(Iterable.java:75)
	at org.springframework.context.support.DefaultLifecycleProcessor.startBeans(DefaultLifecycleProcessor.java:256)
	at org.springframework.context.support.DefaultLifecycleProcessor.onRefresh(DefaultLifecycleProcessor.java:201)
	at org.springframework.context.support.AbstractApplicationContext.finishRefresh(AbstractApplicationContext.java:965)
	at org.springframework.context.support.AbstractApplicationContext.refresh(AbstractApplicationContext.java:619)
	at org.springframework.boot.SpringApplication.refresh(SpringApplication.java:753)
	at org.springframework.boot.SpringApplication.refreshContext(SpringApplication.java:455)
	at org.springframework.boot.SpringApplication.run(SpringApplication.java:323)
	at org.springframework.boot.test.context.SpringBootContextLoader.lambda$loadContext$3(SpringBootContextLoader.java:137)
	at org.springframework.util.function.ThrowingSupplier.get(ThrowingSupplier.java:58)
	at org.springframework.util.function.ThrowingSupplier.get(ThrowingSupplier.java:46)
	at org.springframework.boot.SpringApplication.withHook(SpringApplication.java:1442)
	at org.springframework.boot.test.context.SpringBootContextLoader$ContextLoaderHook.run(SpringBootContextLoader.java:552)
	at org.springframework.boot.test.context.SpringBootContextLoader.loadContext(SpringBootContextLoader.java:137)
	at org.springframework.boot.test.context.SpringBootContextLoader.loadContext(SpringBootContextLoader.java:108)
	at org.springframework.test.context.cache.DefaultCacheAwareContextLoaderDelegate.loadContextInternal(DefaultCacheAwareContextLoaderDelegate.java:225)
	at org.springframework.test.context.cache.DefaultCacheAwareContextLoaderDelegate.loadContext(DefaultCacheAwareContextLoaderDelegate.java:152)
	at org.springframework.test.context.support.DefaultTestContext.getApplicationContext(DefaultTestContext.java:130)
	at org.springframework.test.context.web.ServletTestExecutionListener.setUpRequestContextIfNecessary(ServletTestExecutionListener.java:191)
	at org.springframework.test.context.web.ServletTestExecutionListener.prepareTestInstance(ServletTestExecutionListener.java:130)
	at org.springframework.test.context.TestContextManager.prepareTestInstance(TestContextManager.java:247)
	at org.springframework.test.context.junit.jupiter.SpringExtension.postProcessTestInstance(SpringExtension.java:163)
	at org.junit.jupiter.engine.descriptor.ClassBasedTestDescriptor.lambda$invokeTestInstancePostProcessors$10(ClassBasedTestDescriptor.java:378)
	at org.junit.jupiter.engine.descriptor.ClassBasedTestDescriptor.executeAndMaskThrowable(ClassBasedTestDescriptor.java:383)
	at org.junit.jupiter.engine.descriptor.ClassBasedTestDescriptor.lambda$invokeTestInstancePostProcessors$11(ClassBasedTestDescriptor.java:378)
	at java.base/java.util.stream.ReferencePipeline$3$1.accept(ReferencePipeline.java:197)
	at java.base/java.util.stream.ReferencePipeline$2$1.accept(ReferencePipeline.java:179)
	at java.base/java.util.ArrayList$ArrayListSpliterator.forEachRemaining(ArrayList.java:1708)
	at java.base/java.util.stream.AbstractPipeline.copyInto(AbstractPipeline.java:509)
	at java.base/java.util.stream.AbstractPipeline.wrapAndCopyInto(AbstractPipeline.java:499)
	at java.base/java.util.stream.StreamSpliterators$WrappingSpliterator.forEachRemaining(StreamSpliterators.java:310)
	at java.base/java.util.stream.Streams$ConcatSpliterator.forEachRemaining(Streams.java:735)
	at java.base/java.util.stream.Streams$ConcatSpliterator.forEachRemaining(Streams.java:734)
	at java.base/java.util.stream.ReferencePipeline$Head.forEach(ReferencePipeline.java:762)
	at org.junit.jupiter.engine.descriptor.ClassBasedTestDescriptor.invokeTestInstancePostProcessors(ClassBasedTestDescriptor.java:377)
	at org.junit.jupiter.engine.descriptor.ClassBasedTestDescriptor.lambda$instantiateAndPostProcessTestInstance$6(ClassBasedTestDescriptor.java:290)
	at org.junit.platform.engine.support.hierarchical.ThrowableCollector.execute(ThrowableCollector.java:73)
	at org.junit.jupiter.engine.descriptor.ClassBasedTestDescriptor.instantiateAndPostProcessTestInstance(ClassBasedTestDescriptor.java:289)
	at org.junit.jupiter.engine.descriptor.ClassBasedTestDescriptor.lambda$testInstancesProvider$4(ClassBasedTestDescriptor.java:279)
	at java.base/java.util.Optional.orElseGet(Optional.java:364)
	at org.junit.jupiter.engine.descriptor.ClassBasedTestDescriptor.lambda$testInstancesProvider$5(ClassBasedTestDescriptor.java:278)
	at org.junit.jupiter.engine.execution.TestInstancesProvider.getTestInstances(TestInstancesProvider.java:31)
	at org.junit.jupiter.engine.descriptor.TestMethodTestDescriptor.lambda$prepare$0(TestMethodTestDescriptor.java:106)
	at org.junit.platform.engine.support.hierarchical.ThrowableCollector.execute(ThrowableCollector.java:73)
	at org.junit.jupiter.engine.descriptor.TestMethodTestDescriptor.prepare(TestMethodTestDescriptor.java:105)
	at org.junit.jupiter.engine.descriptor.TestMethodTestDescriptor.prepare(TestMethodTestDescriptor.java:69)
	at org.junit.platform.engine.support.hierarchical.NodeTestTask.lambda$prepare$2(NodeTestTask.java:123)
	at org.junit.platform.engine.support.hierarchical.ThrowableCollector.execute(ThrowableCollector.java:73)
	at org.junit.platform.engine.support.hierarchical.NodeTestTask.prepare(NodeTestTask.java:123)
	at org.junit.platform.engine.support.hierarchical.NodeTestTask.execute(NodeTestTask.java:90)
	at java.base/java.util.ArrayList.forEach(ArrayList.java:1596)
	at org.junit.platform.engine.support.hierarchical.SameThreadHierarchicalTestExecutorService.invokeAll(SameThreadHierarchicalTestExecutorService.java:41)
	at org.junit.platform.engine.support.hierarchical.NodeTestTask.lambda$executeRecursively$6(NodeTestTask.java:155)
	at org.junit.platform.engine.support.hierarchical.ThrowableCollector.execute(ThrowableCollector.java:73)
	at org.junit.platform.engine.support.hierarchical.NodeTestTask.lambda$executeRecursively$8(NodeTestTask.java:141)
	at org.junit.platform.engine.support.hierarchical.Node.around(Node.java:137)
	at org.junit.platform.engine.support.hierarchical.NodeTestTask.lambda$executeRecursively$9(NodeTestTask.java:139)
	at org.junit.platform.engine.support.hierarchical.ThrowableCollector.execute(ThrowableCollector.java:73)
	at org.junit.platform.engine.support.hierarchical.NodeTestTask.executeRecursively(NodeTestTask.java:138)
	at org.junit.platform.engine.support.hierarchical.NodeTestTask.execute(NodeTestTask.java:95)
	at java.base/java.util.ArrayList.forEach(ArrayList.java:1596)
	at org.junit.platform.engine.support.hierarchical.SameThreadHierarchicalTestExecutorService.invokeAll(SameThreadHierarchicalTestExecutorService.java:41)
	at org.junit.platform.engine.support.hierarchical.NodeTestTask.lambda$executeRecursively$6(NodeTestTask.java:155)
	at org.junit.platform.engine.support.hierarchical.ThrowableCollector.execute(ThrowableCollector.java:73)
	at org.junit.platform.engine.support.hierarchical.NodeTestTask.lambda$executeRecursively$8(NodeTestTask.java:141)
	at org.junit.platform.engine.support.hierarchical.Node.around(Node.java:137)
	at org.junit.platform.engine.support.hierarchical.NodeTestTask.lambda$executeRecursively$9(NodeTestTask.java:139)
	at org.junit.platform.engine.support.hierarchical.ThrowableCollector.execute(ThrowableCollector.java:73)
	at org.junit.platform.engine.support.hierarchical.NodeTestTask.executeRecursively(NodeTestTask.java:138)
	at org.junit.platform.engine.support.hierarchical.NodeTestTask.execute(NodeTestTask.java:95)
	at org.junit.platform.engine.support.hierarchical.SameThreadHierarchicalTestExecutorService.submit(SameThreadHierarchicalTestExecutorService.java:35)
	at org.junit.platform.engine.support.hierarchical.HierarchicalTestExecutor.execute(HierarchicalTestExecutor.java:57)
	at org.junit.platform.engine.support.hierarchical.HierarchicalTestEngine.execute(HierarchicalTestEngine.java:54)
	at org.junit.platform.launcher.core.EngineExecutionOrchestrator.execute(EngineExecutionOrchestrator.java:198)
	at org.junit.platform.launcher.core.EngineExecutionOrchestrator.execute(EngineExecutionOrchestrator.java:169)
	at org.junit.platform.launcher.core.EngineExecutionOrchestrator.execute(EngineExecutionOrchestrator.java:93)
	at org.junit.platform.launcher.core.EngineExecutionOrchestrator.lambda$execute$0(EngineExecutionOrchestrator.java:58)
	at org.junit.platform.launcher.core.EngineExecutionOrchestrator.withInterceptedStreams(EngineExecutionOrchestrator.java:141)
	at org.junit.platform.launcher.core.EngineExecutionOrchestrator.execute(EngineExecutionOrchestrator.java:57)
	at org.junit.platform.launcher.core.DefaultLauncher.execute(DefaultLauncher.java:103)
	at org.junit.platform.launcher.core.DefaultLauncher.execute(DefaultLauncher.java:85)
	at org.junit.platform.launcher.core.DelegatingLauncher.execute(DelegatingLauncher.java:47)
	at org.apache.maven.surefire.junitplatform.LazyLauncher.execute(LazyLauncher.java:56)
	at org.apache.maven.surefire.junitplatform.JUnitPlatformProvider.execute(JUnitPlatformProvider.java:184)
	at org.apache.maven.surefire.junitplatform.JUnitPlatformProvider.invokeAllTests(JUnitPlatformProvider.java:148)
	at org.apache.maven.surefire.junitplatform.JUnitPlatformProvider.invoke(JUnitPlatformProvider.java:122)
	at org.apache.maven.surefire.booter.ForkedBooter.runSuitesInProcess(ForkedBooter.java:385)
	at org.apache.maven.surefire.booter.ForkedBooter.execute(ForkedBooter.java:162)
	at org.apache.maven.surefire.booter.ForkedBooter.run(ForkedBooter.java:507)
	at org.apache.maven.surefire.booter.ForkedBooter.main(ForkedBooter.java:495)

2026-05-16T11:06:00.206+05:30  INFO 44732 --- [payment-service] [main] com.netflix.discovery.DiscoveryClient    : Initial registry fetch from primary servers failed
2026-05-16T11:06:00.206+05:30  WARN 44732 --- [payment-service] [main] com.netflix.discovery.DiscoveryClient    : Using default backup registry implementation which does not do anything.
2026-05-16T11:06:00.206+05:30  INFO 44732 --- [payment-service] [main] com.netflix.discovery.DiscoveryClient    : Initial registry fetch from backup servers failed
2026-05-16T11:06:00.208+05:30  INFO 44732 --- [payment-service] [main] com.netflix.discovery.DiscoveryClient    : Starting heartbeat executor: renew interval is: 30
2026-05-16T11:06:00.212+05:30  INFO 44732 --- [payment-service] [main] c.n.discovery.InstanceInfoReplicator     : InstanceInfoReplicator onDemand update allowed rate per min is 4
2026-05-16T11:06:00.218+05:30  INFO 44732 --- [payment-service] [main] com.netflix.discovery.DiscoveryClient    : Discovery Client initialized at timestamp 1778909760217 with initial instances count: 0
2026-05-16T11:06:00.225+05:30  INFO 44732 --- [payment-service] [main] o.s.c.n.e.s.EurekaServiceRegistry        : Registering application PAYMENT-SERVICE with eureka with status UP
2026-05-16T11:06:00.226+05:30  INFO 44732 --- [payment-service] [main] com.netflix.discovery.DiscoveryClient    : Saw local status change event StatusChangeEvent [timestamp=1778909760226, current=UP, previous=STARTING]
2026-05-16T11:06:00.230+05:30  INFO 44732 --- [payment-service] [DiscoveryClient-InstanceInfoReplicator-0] com.netflix.discovery.DiscoveryClient    : DiscoveryClient_PAYMENT-SERVICE/localhost:payment-service:8086: registering service...
2026-05-16T11:06:00.269+05:30  INFO 44732 --- [payment-service] [main] c.p.p.PaymentServiceApplicationTests     : Started PaymentServiceApplicationTests in 20.441 seconds (process running for 31.716)
2026-05-16T11:06:00.275+05:30  INFO 44732 --- [payment-service] [DiscoveryClient-InstanceInfoReplicator-0] c.n.d.s.t.d.RedirectingEurekaHttpClient  : Request execution error. endpoint=DefaultEndpoint{ serviceUrl='http://localhost:8761/eureka/}, exception=I/O error on POST request for "http://localhost:8761/eureka/apps/PAYMENT-SERVICE": Connect to http://localhost:8761 [localhost/127.0.0.1, localhost/0:0:0:0:0:0:0:1] failed: Connection refused: getsockopt stacktrace=org.springframework.web.client.ResourceAccessException: I/O error on POST request for "http://localhost:8761/eureka/apps/PAYMENT-SERVICE": Connect to http://localhost:8761 [localhost/127.0.0.1, localhost/0:0:0:0:0:0:0:1] failed: Connection refused: getsockopt
	at org.springframework.web.client.RestTemplate.createResourceAccessException(RestTemplate.java:905)
	at org.springframework.web.client.RestTemplate.doExecute(RestTemplate.java:885)
	at org.springframework.web.client.RestTemplate.execute(RestTemplate.java:781)
	at org.springframework.web.client.RestTemplate.exchange(RestTemplate.java:663)
	at org.springframework.cloud.netflix.eureka.http.RestTemplateEurekaHttpClient.register(RestTemplateEurekaHttpClient.java:77)
	at com.netflix.discovery.shared.transport.decorator.EurekaHttpClientDecorator$1.execute(EurekaHttpClientDecorator.java:59)
	at com.netflix.discovery.shared.transport.decorator.RedirectingEurekaHttpClient.executeOnNewServer(RedirectingEurekaHttpClient.java:121)
	at com.netflix.discovery.shared.transport.decorator.RedirectingEurekaHttpClient.execute(RedirectingEurekaHttpClient.java:80)
	at com.netflix.discovery.shared.transport.decorator.EurekaHttpClientDecorator.register(EurekaHttpClientDecorator.java:56)
	at com.netflix.discovery.shared.transport.decorator.EurekaHttpClientDecorator$1.execute(EurekaHttpClientDecorator.java:59)
	at com.netflix.discovery.shared.transport.decorator.RetryableEurekaHttpClient.execute(RetryableEurekaHttpClient.java:120)
	at com.netflix.discovery.shared.transport.decorator.EurekaHttpClientDecorator.register(EurekaHttpClientDecorator.java:56)
	at com.netflix.discovery.shared.transport.decorator.EurekaHttpClientDecorator$1.execute(EurekaHttpClientDecorator.java:59)
	at com.netflix.discovery.shared.transport.decorator.SessionedEurekaHttpClient.execute(SessionedEurekaHttpClient.java:77)
	at com.netflix.discovery.shared.transport.decorator.EurekaHttpClientDecorator.register(EurekaHttpClientDecorator.java:56)
	at com.netflix.discovery.DiscoveryClient.register(DiscoveryClient.java:820)
	at com.netflix.discovery.InstanceInfoReplicator.run(InstanceInfoReplicator.java:121)
	at com.netflix.discovery.InstanceInfoReplicator$1.run(InstanceInfoReplicator.java:101)
	at java.base/java.util.concurrent.Executors$RunnableAdapter.call(Executors.java:572)
	at java.base/java.util.concurrent.FutureTask.run(FutureTask.java:317)
	at java.base/java.util.concurrent.ScheduledThreadPoolExecutor$ScheduledFutureTask.run(ScheduledThreadPoolExecutor.java:304)
	at java.base/java.util.concurrent.ThreadPoolExecutor.runWorker(ThreadPoolExecutor.java:1144)
	at java.base/java.util.concurrent.ThreadPoolExecutor$Worker.run(ThreadPoolExecutor.java:642)
	at java.base/java.lang.Thread.run(Thread.java:1583)
Caused by: org.apache.hc.client5.http.HttpHostConnectException: Connect to http://localhost:8761 [localhost/127.0.0.1, localhost/0:0:0:0:0:0:0:1] failed: Connection refused: getsockopt
	at java.base/sun.nio.ch.Net.pollConnect(Native Method)
	at java.base/sun.nio.ch.Net.pollConnectNow(Net.java:690)
	at java.base/sun.nio.ch.NioSocketImpl.timedFinishConnect(NioSocketImpl.java:542)
	at java.base/sun.nio.ch.NioSocketImpl.connect(NioSocketImpl.java:592)
	at java.base/java.net.SocksSocketImpl.connect(SocksSocketImpl.java:327)
	at java.base/java.net.Socket.connect(Socket.java:751)
	at org.apache.hc.client5.http.socket.PlainConnectionSocketFactory.lambda$connectSocket$0(PlainConnectionSocketFactory.java:85)
	at java.base/java.security.AccessController.doPrivileged(AccessController.java:571)
	at org.apache.hc.client5.http.socket.PlainConnectionSocketFactory.connectSocket(PlainConnectionSocketFactory.java:84)
	at org.apache.hc.client5.http.socket.ConnectionSocketFactory.connectSocket(ConnectionSocketFactory.java:113)
	at org.apache.hc.client5.http.impl.io.DefaultHttpClientConnectionOperator.connect(DefaultHttpClientConnectionOperator.java:181)
	at org.apache.hc.client5.http.impl.io.PoolingHttpClientConnectionManager.connect(PoolingHttpClientConnectionManager.java:447)
	at org.apache.hc.client5.http.impl.classic.InternalExecRuntime.connectEndpoint(InternalExecRuntime.java:162)
	at org.apache.hc.client5.http.impl.classic.InternalExecRuntime.connectEndpoint(InternalExecRuntime.java:172)
	at org.apache.hc.client5.http.impl.classic.ConnectExec.execute(ConnectExec.java:142)
	at org.apache.hc.client5.http.impl.classic.ExecChainElement.execute(ExecChainElement.java:51)
	at org.apache.hc.client5.http.impl.classic.ProtocolExec.execute(ProtocolExec.java:192)
	at org.apache.hc.client5.http.impl.classic.ExecChainElement.execute(ExecChainElement.java:51)
	at org.apache.hc.client5.http.impl.classic.HttpRequestRetryExec.execute(HttpRequestRetryExec.java:96)
	at org.apache.hc.client5.http.impl.classic.ExecChainElement.execute(ExecChainElement.java:51)
	at org.apache.hc.client5.http.impl.classic.ContentCompressionExec.execute(ContentCompressionExec.java:152)
	at org.apache.hc.client5.http.impl.classic.ExecChainElement.execute(ExecChainElement.java:51)
	at org.apache.hc.client5.http.impl.classic.RedirectExec.execute(RedirectExec.java:115)
	at org.apache.hc.client5.http.impl.classic.ExecChainElement.execute(ExecChainElement.java:51)
	at org.apache.hc.client5.http.impl.classic.InternalHttpClient.doExecute(InternalHttpClient.java:170)
	at org.apache.hc.client5.http.impl.classic.CloseableHttpClient.execute(CloseableHttpClient.java:87)
	at org.apache.hc.client5.http.impl.classic.CloseableHttpClient.execute(CloseableHttpClient.java:55)
	at org.apache.hc.client5.http.classic.HttpClient.executeOpen(HttpClient.java:183)
	at org.springframework.http.client.HttpComponentsClientHttpRequest.executeInternal(HttpComponentsClientHttpRequest.java:95)
	at org.springframework.http.client.AbstractStreamingClientHttpRequest.executeInternal(AbstractStreamingClientHttpRequest.java:70)
	at org.springframework.http.client.AbstractClientHttpRequest.execute(AbstractClientHttpRequest.java:66)
	at org.springframework.http.client.InterceptingClientHttpRequest$InterceptingRequestExecution.execute(InterceptingClientHttpRequest.java:101)
	at org.springframework.cloud.netflix.eureka.http.RestTemplateTransportClientFactory.lambda$restTemplate$0(RestTemplateTransportClientFactory.java:143)
	at org.springframework.http.client.InterceptingClientHttpRequest$InterceptingRequestExecution.execute(InterceptingClientHttpRequest.java:87)
	at org.springframework.http.client.InterceptingClientHttpRequest.executeInternal(InterceptingClientHttpRequest.java:71)
	at org.springframework.http.client.AbstractBufferingClientHttpRequest.executeInternal(AbstractBufferingClientHttpRequest.java:48)
	at org.springframework.http.client.AbstractClientHttpRequest.execute(AbstractClientHttpRequest.java:66)
	at org.springframework.web.client.RestTemplate.doExecute(RestTemplate.java:879)
	... 22 more

2026-05-16T11:06:00.276+05:30  WARN 44732 --- [payment-service] [DiscoveryClient-InstanceInfoReplicator-0] c.n.d.s.t.d.RetryableEurekaHttpClient    : Request execution failed with message: I/O error on POST request for "http://localhost:8761/eureka/apps/PAYMENT-SERVICE": Connect to http://localhost:8761 [localhost/127.0.0.1, localhost/0:0:0:0:0:0:0:1] failed: Connection refused: getsockopt
2026-05-16T11:06:00.276+05:30  WARN 44732 --- [payment-service] [DiscoveryClient-InstanceInfoReplicator-0] com.netflix.discovery.DiscoveryClient    : DiscoveryClient_PAYMENT-SERVICE/localhost:payment-service:8086 - registration failed Cannot execute request on any known server

com.netflix.discovery.shared.transport.TransportException: Cannot execute request on any known server
	at com.netflix.discovery.shared.transport.decorator.RetryableEurekaHttpClient.execute(RetryableEurekaHttpClient.java:112) ~[eureka-client-2.0.2.jar:2.0.2]
	at com.netflix.discovery.shared.transport.decorator.EurekaHttpClientDecorator.register(EurekaHttpClientDecorator.java:56) ~[eureka-client-2.0.2.jar:2.0.2]
	at com.netflix.discovery.shared.transport.decorator.EurekaHttpClientDecorator$1.execute(EurekaHttpClientDecorator.java:59) ~[eureka-client-2.0.2.jar:2.0.2]
	at com.netflix.discovery.shared.transport.decorator.SessionedEurekaHttpClient.execute(SessionedEurekaHttpClient.java:77) ~[eureka-client-2.0.2.jar:2.0.2]
	at com.netflix.discovery.shared.transport.decorator.EurekaHttpClientDecorator.register(EurekaHttpClientDecorator.java:56) ~[eureka-client-2.0.2.jar:2.0.2]
	at com.netflix.discovery.DiscoveryClient.register(DiscoveryClient.java:820) ~[eureka-client-2.0.2.jar:2.0.2]
	at com.netflix.discovery.InstanceInfoReplicator.run(InstanceInfoReplicator.java:121) ~[eureka-client-2.0.2.jar:2.0.2]
	at com.netflix.discovery.InstanceInfoReplicator$1.run(InstanceInfoReplicator.java:101) ~[eureka-client-2.0.2.jar:2.0.2]
	at java.base/java.util.concurrent.Executors$RunnableAdapter.call(Executors.java:572) ~[na:na]
	at java.base/java.util.concurrent.FutureTask.run(FutureTask.java:317) ~[na:na]
	at java.base/java.util.concurrent.ScheduledThreadPoolExecutor$ScheduledFutureTask.run(ScheduledThreadPoolExecutor.java:304) ~[na:na]
	at java.base/java.util.concurrent.ThreadPoolExecutor.runWorker(ThreadPoolExecutor.java:1144) ~[na:na]
	at java.base/java.util.concurrent.ThreadPoolExecutor$Worker.run(ThreadPoolExecutor.java:642) ~[na:na]
	at java.base/java.lang.Thread.run(Thread.java:1583) ~[na:na]

2026-05-16T11:06:00.280+05:30  WARN 44732 --- [payment-service] [DiscoveryClient-InstanceInfoReplicator-0] c.n.discovery.InstanceInfoReplicator     : There was a problem with the instance info replicator

com.netflix.discovery.shared.transport.TransportException: Cannot execute request on any known server
	at com.netflix.discovery.shared.transport.decorator.RetryableEurekaHttpClient.execute(RetryableEurekaHttpClient.java:112) ~[eureka-client-2.0.2.jar:2.0.2]
	at com.netflix.discovery.shared.transport.decorator.EurekaHttpClientDecorator.register(EurekaHttpClientDecorator.java:56) ~[eureka-client-2.0.2.jar:2.0.2]
	at com.netflix.discovery.shared.transport.decorator.EurekaHttpClientDecorator$1.execute(EurekaHttpClientDecorator.java:59) ~[eureka-client-2.0.2.jar:2.0.2]
	at com.netflix.discovery.shared.transport.decorator.SessionedEurekaHttpClient.execute(SessionedEurekaHttpClient.java:77) ~[eureka-client-2.0.2.jar:2.0.2]
	at com.netflix.discovery.shared.transport.decorator.EurekaHttpClientDecorator.register(EurekaHttpClientDecorator.java:56) ~[eureka-client-2.0.2.jar:2.0.2]
	at com.netflix.discovery.DiscoveryClient.register(DiscoveryClient.java:820) ~[eureka-client-2.0.2.jar:2.0.2]
	at com.netflix.discovery.InstanceInfoReplicator.run(InstanceInfoReplicator.java:121) ~[eureka-client-2.0.2.jar:2.0.2]
	at com.netflix.discovery.InstanceInfoReplicator$1.run(InstanceInfoReplicator.java:101) ~[eureka-client-2.0.2.jar:2.0.2]
	at java.base/java.util.concurrent.Executors$RunnableAdapter.call(Executors.java:572) ~[na:na]
	at java.base/java.util.concurrent.FutureTask.run(FutureTask.java:317) ~[na:na]
	at java.base/java.util.concurrent.ScheduledThreadPoolExecutor$ScheduledFutureTask.run(ScheduledThreadPoolExecutor.java:304) ~[na:na]
	at java.base/java.util.concurrent.ThreadPoolExecutor.runWorker(ThreadPoolExecutor.java:1144) ~[na:na]
	at java.base/java.util.concurrent.ThreadPoolExecutor$Worker.run(ThreadPoolExecutor.java:642) ~[na:na]
	at java.base/java.lang.Thread.run(Thread.java:1583) ~[na:na]

2026-05-16T11:06:00.281+05:30  INFO 44732 --- [payment-service] [main] c.p.payment.PaymentServiceApplication    : Executing database migration to alter pass_balances.status column to VARCHAR...
2026-05-16T11:06:00.378+05:30  INFO 44732 --- [payment-service] [main] c.p.payment.PaymentServiceApplication    : Migration successful.
2026-05-16T11:06:00.381+05:30 ERROR 44732 --- [payment-service] [registrationTask1] o.s.s.s.TaskUtils$LoggingErrorHandler    : Unexpected error occurred in scheduled task

java.lang.IllegalStateException: couldn't determine local port. Please set spring.boot.admin.client.instance.service-base-url.
	at de.codecentric.boot.admin.client.registration.DefaultApplicationFactory.getLocalServerPort(DefaultApplicationFactory.java:205) ~[spring-boot-admin-client-3.2.3.jar:3.2.3]
	at de.codecentric.boot.admin.client.registration.DefaultApplicationFactory.getServiceBaseUrl(DefaultApplicationFactory.java:109) ~[spring-boot-admin-client-3.2.3.jar:3.2.3]
	at de.codecentric.boot.admin.client.registration.ServletApplicationFactory.getServiceUrl(ServletApplicationFactory.java:62) ~[spring-boot-admin-client-3.2.3.jar:3.2.3]
	at de.codecentric.boot.admin.client.registration.ServletApplicationFactory.getManagementBaseUrl(ServletApplicationFactory.java:77) ~[spring-boot-admin-client-3.2.3.jar:3.2.3]
	at de.codecentric.boot.admin.client.registration.DefaultApplicationFactory.getHealthUrl(DefaultApplicationFactory.java:165) ~[spring-boot-admin-client-3.2.3.jar:3.2.3]
	at de.codecentric.boot.admin.client.registration.DefaultApplicationFactory.createApplication(DefaultApplicationFactory.java:80) ~[spring-boot-admin-client-3.2.3.jar:3.2.3]
	at de.codecentric.boot.admin.client.registration.DefaultApplicationRegistrator.register(DefaultApplicationRegistrator.java:56) ~[spring-boot-admin-client-3.2.3.jar:3.2.3]
	at org.springframework.scheduling.support.DelegatingErrorHandlingRunnable.run(DelegatingErrorHandlingRunnable.java:54) ~[spring-context-6.1.1.jar:6.1.1]
	at java.base/java.util.concurrent.Executors$RunnableAdapter.call(Executors.java:572) ~[na:na]
	at java.base/java.util.concurrent.FutureTask.runAndReset(FutureTask.java:358) ~[na:na]
	at java.base/java.util.concurrent.ScheduledThreadPoolExecutor$ScheduledFutureTask.run(ScheduledThreadPoolExecutor.java:305) ~[na:na]
	at java.base/java.util.concurrent.ThreadPoolExecutor.runWorker(ThreadPoolExecutor.java:1144) ~[na:na]
	at java.base/java.util.concurrent.ThreadPoolExecutor$Worker.run(ThreadPoolExecutor.java:642) ~[na:na]
	at java.base/java.lang.Thread.run(Thread.java:1583) ~[na:na]

2026-05-16T11:06:00.783+05:30 DEBUG 44732 --- [payment-service] [main] c.p.payment.security.JwtAuthFilter       : Authenticated: test@test.com [ROLE_DRIVER]
2026-05-16T11:06:00.793+05:30 ERROR 44732 --- [payment-service] [main] c.p.payment.security.JwtAuthFilter       : JWT filter error: Test Exception
2026-05-16T11:06:00.799+05:30 DEBUG 44732 --- [payment-service] [main] c.p.payment.security.JwtAuthFilter       : Authenticated: test@test.com [ROLE_DRIVER]
2026-05-16T11:06:01.398+05:30  INFO 44732 --- [payment-service] [main] c.p.payment.service.PaymentServiceImpl   : Processing refund for booking: 100
2026-05-16T11:06:01.410+05:30  INFO 44732 --- [payment-service] [main] c.p.payment.service.PaymentServiceImpl   : Razorpay refund created: refund_123
2026-05-16T11:06:01.418+05:30  INFO 44732 --- [payment-service] [main] c.p.payment.service.PaymentServiceImpl   : Processing refund for booking: 100
2026-05-16T11:06:01.418+05:30  INFO 44732 --- [payment-service] [main] c.p.payment.service.PaymentServiceImpl   : Razorpay refund created: refund_123
2026-05-16T11:06:01.496+05:30  INFO 44732 --- [payment-service] [main] c.p.payment.service.PaymentServiceImpl   : Creating Razorpay order for booking: 100 amount: Rs.150.0
2026-05-16T11:06:01.497+05:30  INFO 44732 --- [payment-service] [main] c.p.payment.service.PaymentServiceImpl   : Razorpay order created: order_123
2026-05-16T11:06:01.505+05:30  INFO 44732 --- [payment-service] [main] c.p.payment.service.PaymentServiceImpl   : Processing refund for booking: 999
2026-05-16T11:06:01.582+05:30  INFO 44732 --- [payment-service] [main] c.p.payment.service.PaymentServiceImpl   : Verifying payment for order: order_123
2026-05-16T11:06:01.584+05:30  INFO 44732 --- [payment-service] [main] c.p.payment.service.PaymentServiceImpl   : Payment 1 verified and marked as PAID
2026-05-16T11:06:01.610+05:30  INFO 44732 --- [payment-service] [main] c.p.payment.service.PaymentServiceImpl   : Creating Razorpay order for booking: 100 amount: Rs.150.0
2026-05-16T11:06:01.616+05:30  INFO 44732 --- [payment-service] [main] c.p.payment.service.PaymentServiceImpl   : Verifying payment for order: order_123
2026-05-16T11:06:01.617+05:30  INFO 44732 --- [payment-service] [main] c.p.payment.service.PaymentServiceImpl   : Payment 1 verified and marked as PAID
2026-05-16T11:06:01.625+05:30  INFO 44732 --- [payment-service] [main] c.p.payment.service.PaymentServiceImpl   : Verifying payment for order: order_123
2026-05-16T11:06:01.626+05:30  INFO 44732 --- [payment-service] [main] c.p.payment.service.PaymentServiceImpl   : Payment 1 verified and marked as PAID
2026-05-16T11:06:01.636+05:30  INFO 44732 --- [payment-service] [main] c.p.payment.service.PaymentServiceImpl   : Receipt missing for payment 1, regenerating...
2026-05-16T11:06:01.660+05:30  INFO 44732 --- [payment-service] [main] c.p.payment.service.PaymentServiceImpl   : Verifying payment for order: order_123
2026-05-16T11:06:01.661+05:30  WARN 44732 --- [payment-service] [main] c.p.payment.service.PaymentServiceImpl   : Invalid signature for order: order_123
2026-05-16T11:06:01.667+05:30  INFO 44732 --- [payment-service] [main] c.p.payment.service.PaymentServiceImpl   : Processing refund for booking: 100
2026-05-16T11:06:01.678+05:30  INFO 44732 --- [payment-service] [main] c.p.payment.service.PaymentServiceImpl   : Processing refund for booking: 100
2026-05-16T11:06:01.679+05:30 ERROR 44732 --- [payment-service] [main] c.p.payment.service.PaymentServiceImpl   : Refund failed for payment 1: Razorpay error
2026-05-16T11:06:01.684+05:30  INFO 44732 --- [payment-service] [main] c.p.payment.service.PaymentServiceImpl   : Receipt missing for payment 1, regenerating...
2026-05-16T11:06:01.690+05:30  INFO 44732 --- [payment-service] [main] c.p.payment.service.PaymentServiceImpl   : Creating Razorpay order for booking: 100 amount: Rs.150.0
2026-05-16T11:06:01.692+05:30 ERROR 44732 --- [payment-service] [main] c.p.payment.service.PaymentServiceImpl   : Razorpay order creation failed: Razorpay error
2026-05-16T11:06:01.699+05:30  INFO 44732 --- [payment-service] [main] c.p.payment.service.PaymentServiceImpl   : Verifying payment for order: order_123
2026-05-16T11:06:01.700+05:30  WARN 44732 --- [payment-service] [main] c.p.payment.service.PaymentServiceImpl   : Could not fetch payment method from Razorpay: Fetch error
2026-05-16T11:06:01.701+05:30  INFO 44732 --- [payment-service] [main] c.p.payment.service.PaymentServiceImpl   : Payment 1 verified and marked as PAID
2026-05-16T11:06:01.709+05:30  INFO 44732 --- [payment-service] [main] c.p.payment.service.PaymentServiceImpl   : Verifying payment for order: order_123
2026-05-16T11:06:01.710+05:30  INFO 44732 --- [payment-service] [main] c.p.payment.service.PaymentServiceImpl   : Payment 1 verified and marked as PAID
2026-05-16T11:06:01.716+05:30  INFO 44732 --- [payment-service] [main] c.p.payment.service.PaymentServiceImpl   : Verifying payment for order: order_not_found
2026-05-16T11:06:02.163+05:30  INFO 44732 --- [payment-service] [main] c.p.payment.service.ReceiptService       : Receipt generated: C:\Users\Hp\AppData\Local\Temp\junit11612320881561687338\ParkEase_Receipt_1.pdf
2026-05-16T11:06:02.174+05:30 ERROR 44732 --- [payment-service] [main] c.p.payment.service.ReceiptService       : Failed to create receipts directory: Z:\non_existent_drive\invalid: Unable to determine if root directory exists
2026-05-16T11:06:02.174+05:30 ERROR 44732 --- [payment-service] [main] c.p.payment.service.ReceiptService       : Failed to generate receipt for payment 1: Z:\non_existent_drive\invalid\ParkEase_Receipt_1.pdf (The system cannot find the path specified)
2026-05-16T11:06:02.271+05:30  WARN 44732 --- [payment-service] [main] com.parkease.payment.util.JwtUtil        : JWT invalid: JWT expired at 2026-05-16T05:35:57Z. Current time: 2026-05-16T05:36:02Z, a difference of 5269 milliseconds.  Allowed clock skew: 0 milliseconds.
2026-05-16T11:06:02.277+05:30  WARN 44732 --- [payment-service] [main] com.parkease.payment.util.JwtUtil        : JWT invalid: JWT strings must contain exactly 2 period characters. Found: 0
2026-05-16T11:06:02.318+05:30  INFO 44732 --- [payment-service] [SpringApplicationShutdownHook] o.s.c.n.e.s.EurekaServiceRegistry        : Unregistering application PAYMENT-SERVICE with eureka with status DOWN
2026-05-16T11:06:02.319+05:30  INFO 44732 --- [payment-service] [SpringApplicationShutdownHook] com.netflix.discovery.DiscoveryClient    : Saw local status change event StatusChangeEvent [timestamp=1778909762319, current=DOWN, previous=UP]
2026-05-16T11:06:02.319+05:30  INFO 44732 --- [payment-service] [DiscoveryClient-InstanceInfoReplicator-0] com.netflix.discovery.DiscoveryClient    : DiscoveryClient_PAYMENT-SERVICE/localhost:payment-service:8086: registering service...
2026-05-16T11:06:02.337+05:30  INFO 44732 --- [payment-service] [DiscoveryClient-InstanceInfoReplicator-0] c.n.d.s.t.d.RedirectingEurekaHttpClient  : Request execution error. endpoint=DefaultEndpoint{ serviceUrl='http://localhost:8761/eureka/}, exception=I/O error on POST request for "http://localhost:8761/eureka/apps/PAYMENT-SERVICE": Socket closed stacktrace=org.springframework.web.client.ResourceAccessException: I/O error on POST request for "http://localhost:8761/eureka/apps/PAYMENT-SERVICE": Socket closed
	at org.springframework.web.client.RestTemplate.createResourceAccessException(RestTemplate.java:905)
	at org.springframework.web.client.RestTemplate.doExecute(RestTemplate.java:885)
	at org.springframework.web.client.RestTemplate.execute(RestTemplate.java:781)
	at org.springframework.web.client.RestTemplate.exchange(RestTemplate.java:663)
	at org.springframework.cloud.netflix.eureka.http.RestTemplateEurekaHttpClient.register(RestTemplateEurekaHttpClient.java:77)
	at com.netflix.discovery.shared.transport.decorator.EurekaHttpClientDecorator$1.execute(EurekaHttpClientDecorator.java:59)
	at com.netflix.discovery.shared.transport.decorator.RedirectingEurekaHttpClient.executeOnNewServer(RedirectingEurekaHttpClient.java:121)
	at com.netflix.discovery.shared.transport.decorator.RedirectingEurekaHttpClient.execute(RedirectingEurekaHttpClient.java:80)
	at com.netflix.discovery.shared.transport.decorator.EurekaHttpClientDecorator.register(EurekaHttpClientDecorator.java:56)
	at com.netflix.discovery.shared.transport.decorator.EurekaHttpClientDecorator$1.execute(EurekaHttpClientDecorator.java:59)
	at com.netflix.discovery.shared.transport.decorator.RetryableEurekaHttpClient.execute(RetryableEurekaHttpClient.java:120)
	at com.netflix.discovery.shared.transport.decorator.EurekaHttpClientDecorator.register(EurekaHttpClientDecorator.java:56)
	at com.netflix.discovery.shared.transport.decorator.EurekaHttpClientDecorator$1.execute(EurekaHttpClientDecorator.java:59)
	at com.netflix.discovery.shared.transport.decorator.SessionedEurekaHttpClient.execute(SessionedEurekaHttpClient.java:77)
	at com.netflix.discovery.shared.transport.decorator.EurekaHttpClientDecorator.register(EurekaHttpClientDecorator.java:56)
	at com.netflix.discovery.DiscoveryClient.register(DiscoveryClient.java:820)
	at com.netflix.discovery.InstanceInfoReplicator.run(InstanceInfoReplicator.java:121)
	at com.netflix.discovery.InstanceInfoReplicator$1.run(InstanceInfoReplicator.java:101)
	at java.base/java.util.concurrent.Executors$RunnableAdapter.call(Executors.java:572)
	at java.base/java.util.concurrent.FutureTask.run(FutureTask.java:317)
	at java.base/java.util.concurrent.ScheduledThreadPoolExecutor$ScheduledFutureTask.run(ScheduledThreadPoolExecutor.java:304)
	at java.base/java.util.concurrent.ThreadPoolExecutor.runWorker(ThreadPoolExecutor.java:1144)
	at java.base/java.util.concurrent.ThreadPoolExecutor$Worker.run(ThreadPoolExecutor.java:642)
	at java.base/java.lang.Thread.run(Thread.java:1583)
Caused by: java.net.SocketException: Socket closed
	at java.base/sun.nio.ch.NioSocketImpl.endConnect(NioSocketImpl.java:531)
	at java.base/sun.nio.ch.NioSocketImpl.connect(NioSocketImpl.java:604)
	at java.base/java.net.SocksSocketImpl.connect(SocksSocketImpl.java:327)
	at java.base/java.net.Socket.connect(Socket.java:751)
	at org.apache.hc.client5.http.socket.PlainConnectionSocketFactory.lambda$connectSocket$0(PlainConnectionSocketFactory.java:85)
	at java.base/java.security.AccessController.doPrivileged(AccessController.java:571)
	at org.apache.hc.client5.http.socket.PlainConnectionSocketFactory.connectSocket(PlainConnectionSocketFactory.java:84)
	at org.apache.hc.client5.http.socket.ConnectionSocketFactory.connectSocket(ConnectionSocketFactory.java:113)
	at org.apache.hc.client5.http.impl.io.DefaultHttpClientConnectionOperator.connect(DefaultHttpClientConnectionOperator.java:181)
	at org.apache.hc.client5.http.impl.io.PoolingHttpClientConnectionManager.connect(PoolingHttpClientConnectionManager.java:447)
	at org.apache.hc.client5.http.impl.classic.InternalExecRuntime.connectEndpoint(InternalExecRuntime.java:162)
	at org.apache.hc.client5.http.impl.classic.InternalExecRuntime.connectEndpoint(InternalExecRuntime.java:172)
	at org.apache.hc.client5.http.impl.classic.ConnectExec.execute(ConnectExec.java:142)
	at org.apache.hc.client5.http.impl.classic.ExecChainElement.execute(ExecChainElement.java:51)
	at org.apache.hc.client5.http.impl.classic.ProtocolExec.execute(ProtocolExec.java:192)
	at org.apache.hc.client5.http.impl.classic.ExecChainElement.execute(ExecChainElement.java:51)
	at org.apache.hc.client5.http.impl.classic.HttpRequestRetryExec.execute(HttpRequestRetryExec.java:96)
	at org.apache.hc.client5.http.impl.classic.ExecChainElement.execute(ExecChainElement.java:51)
	at org.apache.hc.client5.http.impl.classic.ContentCompressionExec.execute(ContentCompressionExec.java:152)
	at org.apache.hc.client5.http.impl.classic.ExecChainElement.execute(ExecChainElement.java:51)
	at org.apache.hc.client5.http.impl.classic.RedirectExec.execute(RedirectExec.java:115)
	at org.apache.hc.client5.http.impl.classic.ExecChainElement.execute(ExecChainElement.java:51)
	at org.apache.hc.client5.http.impl.classic.InternalHttpClient.doExecute(InternalHttpClient.java:170)
	at org.apache.hc.client5.http.impl.classic.CloseableHttpClient.execute(CloseableHttpClient.java:87)
	at org.apache.hc.client5.http.impl.classic.CloseableHttpClient.execute(CloseableHttpClient.java:55)
	at org.apache.hc.client5.http.classic.HttpClient.executeOpen(HttpClient.java:183)
	at org.springframework.http.client.HttpComponentsClientHttpRequest.executeInternal(HttpComponentsClientHttpRequest.java:95)
	at org.springframework.http.client.AbstractStreamingClientHttpRequest.executeInternal(AbstractStreamingClientHttpRequest.java:70)
	at org.springframework.http.client.AbstractClientHttpRequest.execute(AbstractClientHttpRequest.java:66)
	at org.springframework.http.client.InterceptingClientHttpRequest$InterceptingRequestExecution.execute(InterceptingClientHttpRequest.java:101)
	at org.springframework.cloud.netflix.eureka.http.RestTemplateTransportClientFactory.lambda$restTemplate$0(RestTemplateTransportClientFactory.java:143)
	at org.springframework.http.client.InterceptingClientHttpRequest$InterceptingRequestExecution.execute(InterceptingClientHttpRequest.java:87)
	at org.springframework.http.client.InterceptingClientHttpRequest.executeInternal(InterceptingClientHttpRequest.java:71)
	at org.springframework.http.client.AbstractBufferingClientHttpRequest.executeInternal(AbstractBufferingClientHttpRequest.java:48)
	at org.springframework.http.client.AbstractClientHttpRequest.execute(AbstractClientHttpRequest.java:66)
	at org.springframework.web.client.RestTemplate.doExecute(RestTemplate.java:879)
	... 22 more

2026-05-16T11:06:02.338+05:30  WARN 44732 --- [payment-service] [DiscoveryClient-InstanceInfoReplicator-0] c.n.d.s.t.d.RetryableEurekaHttpClient    : Request execution failed with message: I/O error on POST request for "http://localhost:8761/eureka/apps/PAYMENT-SERVICE": Socket closed
2026-05-16T11:06:02.338+05:30  WARN 44732 --- [payment-service] [DiscoveryClient-InstanceInfoReplicator-0] com.netflix.discovery.DiscoveryClient    : DiscoveryClient_PAYMENT-SERVICE/localhost:payment-service:8086 - registration failed Cannot execute request on any known server

com.netflix.discovery.shared.transport.TransportException: Cannot execute request on any known server
	at com.netflix.discovery.shared.transport.decorator.RetryableEurekaHttpClient.execute(RetryableEurekaHttpClient.java:112) ~[eureka-client-2.0.2.jar:2.0.2]
	at com.netflix.discovery.shared.transport.decorator.EurekaHttpClientDecorator.register(EurekaHttpClientDecorator.java:56) ~[eureka-client-2.0.2.jar:2.0.2]
	at com.netflix.discovery.shared.transport.decorator.EurekaHttpClientDecorator$1.execute(EurekaHttpClientDecorator.java:59) ~[eureka-client-2.0.2.jar:2.0.2]
	at com.netflix.discovery.shared.transport.decorator.SessionedEurekaHttpClient.execute(SessionedEurekaHttpClient.java:77) ~[eureka-client-2.0.2.jar:2.0.2]
	at com.netflix.discovery.shared.transport.decorator.EurekaHttpClientDecorator.register(EurekaHttpClientDecorator.java:56) ~[eureka-client-2.0.2.jar:2.0.2]
	at com.netflix.discovery.DiscoveryClient.register(DiscoveryClient.java:820) ~[eureka-client-2.0.2.jar:2.0.2]
	at com.netflix.discovery.InstanceInfoReplicator.run(InstanceInfoReplicator.java:121) ~[eureka-client-2.0.2.jar:2.0.2]
	at com.netflix.discovery.InstanceInfoReplicator$1.run(InstanceInfoReplicator.java:101) ~[eureka-client-2.0.2.jar:2.0.2]
	at java.base/java.util.concurrent.Executors$RunnableAdapter.call(Executors.java:572) ~[na:na]
	at java.base/java.util.concurrent.FutureTask.run(FutureTask.java:317) ~[na:na]
	at java.base/java.util.concurrent.ScheduledThreadPoolExecutor$ScheduledFutureTask.run(ScheduledThreadPoolExecutor.java:304) ~[na:na]
	at java.base/java.util.concurrent.ThreadPoolExecutor.runWorker(ThreadPoolExecutor.java:1144) ~[na:na]
	at java.base/java.util.concurrent.ThreadPoolExecutor$Worker.run(ThreadPoolExecutor.java:642) ~[na:na]
	at java.base/java.lang.Thread.run(Thread.java:1583) ~[na:na]

2026-05-16T11:06:02.350+05:30  WARN 44732 --- [payment-service] [DiscoveryClient-InstanceInfoReplicator-0] c.n.discovery.InstanceInfoReplicator     : There was a problem with the instance info replicator

com.netflix.discovery.shared.transport.TransportException: Cannot execute request on any known server
	at com.netflix.discovery.shared.transport.decorator.RetryableEurekaHttpClient.execute(RetryableEurekaHttpClient.java:112) ~[eureka-client-2.0.2.jar:2.0.2]
	at com.netflix.discovery.shared.transport.decorator.EurekaHttpClientDecorator.register(EurekaHttpClientDecorator.java:56) ~[eureka-client-2.0.2.jar:2.0.2]
	at com.netflix.discovery.shared.transport.decorator.EurekaHttpClientDecorator$1.execute(EurekaHttpClientDecorator.java:59) ~[eureka-client-2.0.2.jar:2.0.2]
	at com.netflix.discovery.shared.transport.decorator.SessionedEurekaHttpClient.execute(SessionedEurekaHttpClient.java:77) ~[eureka-client-2.0.2.jar:2.0.2]
	at com.netflix.discovery.shared.transport.decorator.EurekaHttpClientDecorator.register(EurekaHttpClientDecorator.java:56) ~[eureka-client-2.0.2.jar:2.0.2]
	at com.netflix.discovery.DiscoveryClient.register(DiscoveryClient.java:820) ~[eureka-client-2.0.2.jar:2.0.2]
	at com.netflix.discovery.InstanceInfoReplicator.run(InstanceInfoReplicator.java:121) ~[eureka-client-2.0.2.jar:2.0.2]
	at com.netflix.discovery.InstanceInfoReplicator$1.run(InstanceInfoReplicator.java:101) ~[eureka-client-2.0.2.jar:2.0.2]
	at java.base/java.util.concurrent.Executors$RunnableAdapter.call(Executors.java:572) ~[na:na]
	at java.base/java.util.concurrent.FutureTask.run(FutureTask.java:317) ~[na:na]
	at java.base/java.util.concurrent.ScheduledThreadPoolExecutor$ScheduledFutureTask.run(ScheduledThreadPoolExecutor.java:304) ~[na:na]
	at java.base/java.util.concurrent.ThreadPoolExecutor.runWorker(ThreadPoolExecutor.java:1144) ~[na:na]
	at java.base/java.util.concurrent.ThreadPoolExecutor$Worker.run(ThreadPoolExecutor.java:642) ~[na:na]
	at java.base/java.lang.Thread.run(Thread.java:1583) ~[na:na]

2026-05-16T11:06:02.361+05:30  INFO 44732 --- [payment-service] [SpringApplicationShutdownHook] j.LocalContainerEntityManagerFactoryBean : Closing JPA EntityManagerFactory for persistence unit 'default'
2026-05-16T11:06:02.365+05:30  INFO 44732 --- [payment-service] [SpringApplicationShutdownHook] com.zaxxer.hikari.HikariDataSource       : HikariPool-1 - Shutdown initiated...
2026-05-16T11:06:02.725+05:30  INFO 44732 --- [payment-service] [SpringApplicationShutdownHook] com.zaxxer.hikari.HikariDataSource       : HikariPool-1 - Shutdown completed.
2026-05-16T11:06:02.726+05:30  INFO 44732 --- [payment-service] [SpringApplicationShutdownHook] com.netflix.discovery.DiscoveryClient    : Shutting down DiscoveryClient ...
2026-05-16T11:06:05.731+05:30  INFO 44732 --- [payment-service] [SpringApplicationShutdownHook] com.netflix.discovery.DiscoveryClient    : Unregistering ...
2026-05-16T11:06:05.738+05:30  INFO 44732 --- [payment-service] [SpringApplicationShutdownHook] c.n.d.s.t.d.RedirectingEurekaHttpClient  : Request execution error. endpoint=DefaultEndpoint{ serviceUrl='http://localhost:8761/eureka/}, exception=Connection pool shut down stacktrace=java.lang.IllegalStateException: Connection pool shut down
	at org.apache.hc.core5.util.Asserts.check(Asserts.java:38)
	at org.apache.hc.core5.pool.StrictConnPool.lease(StrictConnPool.java:176)
	at org.apache.hc.client5.http.impl.io.PoolingHttpClientConnectionManager.lease(PoolingHttpClientConnectionManager.java:298)
	at org.apache.hc.client5.http.impl.classic.InternalExecRuntime.acquireEndpoint(InternalExecRuntime.java:103)
	at org.apache.hc.client5.http.impl.classic.ConnectExec.execute(ConnectExec.java:125)
	at org.apache.hc.client5.http.impl.classic.ExecChainElement.execute(ExecChainElement.java:51)
	at org.apache.hc.client5.http.impl.classic.ProtocolExec.execute(ProtocolExec.java:192)
	at org.apache.hc.client5.http.impl.classic.ExecChainElement.execute(ExecChainElement.java:51)
	at org.apache.hc.client5.http.impl.classic.HttpRequestRetryExec.execute(HttpRequestRetryExec.java:96)
	at org.apache.hc.client5.http.impl.classic.ExecChainElement.execute(ExecChainElement.java:51)
	at org.apache.hc.client5.http.impl.classic.ContentCompressionExec.execute(ContentCompressionExec.java:152)
	at org.apache.hc.client5.http.impl.classic.ExecChainElement.execute(ExecChainElement.java:51)
	at org.apache.hc.client5.http.impl.classic.RedirectExec.execute(RedirectExec.java:115)
	at org.apache.hc.client5.http.impl.classic.ExecChainElement.execute(ExecChainElement.java:51)
	at org.apache.hc.client5.http.impl.classic.InternalHttpClient.doExecute(InternalHttpClient.java:170)
	at org.apache.hc.client5.http.impl.classic.CloseableHttpClient.execute(CloseableHttpClient.java:87)
	at org.apache.hc.client5.http.impl.classic.CloseableHttpClient.execute(CloseableHttpClient.java:55)
	at org.apache.hc.client5.http.classic.HttpClient.executeOpen(HttpClient.java:183)
	at org.springframework.http.client.HttpComponentsClientHttpRequest.executeInternal(HttpComponentsClientHttpRequest.java:95)
	at org.springframework.http.client.AbstractStreamingClientHttpRequest.executeInternal(AbstractStreamingClientHttpRequest.java:70)
	at org.springframework.http.client.AbstractClientHttpRequest.execute(AbstractClientHttpRequest.java:66)
	at org.springframework.http.client.InterceptingClientHttpRequest$InterceptingRequestExecution.execute(InterceptingClientHttpRequest.java:101)
	at org.springframework.cloud.netflix.eureka.http.RestTemplateTransportClientFactory.lambda$restTemplate$0(RestTemplateTransportClientFactory.java:143)
	at org.springframework.http.client.InterceptingClientHttpRequest$InterceptingRequestExecution.execute(InterceptingClientHttpRequest.java:87)
	at org.springframework.http.client.InterceptingClientHttpRequest.executeInternal(InterceptingClientHttpRequest.java:71)
	at org.springframework.http.client.AbstractBufferingClientHttpRequest.executeInternal(AbstractBufferingClientHttpRequest.java:48)
	at org.springframework.http.client.AbstractClientHttpRequest.execute(AbstractClientHttpRequest.java:66)
	at org.springframework.web.client.RestTemplate.doExecute(RestTemplate.java:879)
	at org.springframework.web.client.RestTemplate.execute(RestTemplate.java:781)
	at org.springframework.web.client.RestTemplate.exchange(RestTemplate.java:663)
	at org.springframework.cloud.netflix.eureka.http.RestTemplateEurekaHttpClient.cancel(RestTemplateEurekaHttpClient.java:87)
	at com.netflix.discovery.shared.transport.decorator.EurekaHttpClientDecorator$2.execute(EurekaHttpClientDecorator.java:74)
	at com.netflix.discovery.shared.transport.decorator.RedirectingEurekaHttpClient.executeOnNewServer(RedirectingEurekaHttpClient.java:121)
	at com.netflix.discovery.shared.transport.decorator.RedirectingEurekaHttpClient.execute(RedirectingEurekaHttpClient.java:80)
	at com.netflix.discovery.shared.transport.decorator.EurekaHttpClientDecorator.cancel(EurekaHttpClientDecorator.java:71)
	at com.netflix.discovery.shared.transport.decorator.EurekaHttpClientDecorator$2.execute(EurekaHttpClientDecorator.java:74)
	at com.netflix.discovery.shared.transport.decorator.RetryableEurekaHttpClient.execute(RetryableEurekaHttpClient.java:120)
	at com.netflix.discovery.shared.transport.decorator.EurekaHttpClientDecorator.cancel(EurekaHttpClientDecorator.java:71)
	at com.netflix.discovery.shared.transport.decorator.EurekaHttpClientDecorator$2.execute(EurekaHttpClientDecorator.java:74)
	at com.netflix.discovery.shared.transport.decorator.SessionedEurekaHttpClient.execute(SessionedEurekaHttpClient.java:77)
	at com.netflix.discovery.shared.transport.decorator.EurekaHttpClientDecorator.cancel(EurekaHttpClientDecorator.java:71)
	at com.netflix.discovery.DiscoveryClient.unregister(DiscoveryClient.java:916)
	at com.netflix.discovery.DiscoveryClient.shutdown(DiscoveryClient.java:892)
	at java.base/jdk.internal.reflect.DirectMethodHandleAccessor.invoke(DirectMethodHandleAccessor.java:103)
	at java.base/java.lang.reflect.Method.invoke(Method.java:580)
	at org.springframework.beans.factory.annotation.InitDestroyAnnotationBeanPostProcessor$LifecycleMethod.invoke(InitDestroyAnnotationBeanPostProcessor.java:457)
	at org.springframework.beans.factory.annotation.InitDestroyAnnotationBeanPostProcessor$LifecycleMetadata.invokeDestroyMethods(InitDestroyAnnotationBeanPostProcessor.java:415)
	at org.springframework.beans.factory.annotation.InitDestroyAnnotationBeanPostProcessor.postProcessBeforeDestruction(InitDestroyAnnotationBeanPostProcessor.java:239)
	at org.springframework.beans.factory.support.DisposableBeanAdapter.destroy(DisposableBeanAdapter.java:202)
	at org.springframework.beans.factory.support.DisposableBeanAdapter.run(DisposableBeanAdapter.java:195)
	at org.springframework.cloud.context.scope.GenericScope$BeanLifecycleWrapper.destroy(GenericScope.java:389)
	at org.springframework.cloud.context.scope.GenericScope.destroy(GenericScope.java:136)
	at org.springframework.beans.factory.support.DisposableBeanAdapter.destroy(DisposableBeanAdapter.java:211)
	at org.springframework.beans.factory.support.DefaultSingletonBeanRegistry.destroyBean(DefaultSingletonBeanRegistry.java:587)
	at org.springframework.beans.factory.support.DefaultSingletonBeanRegistry.destroySingleton(DefaultSingletonBeanRegistry.java:559)
	at org.springframework.beans.factory.support.DefaultListableBeanFactory.destroySingleton(DefaultListableBeanFactory.java:1200)
	at org.springframework.beans.factory.support.DefaultSingletonBeanRegistry.destroySingletons(DefaultSingletonBeanRegistry.java:520)
	at org.springframework.beans.factory.support.DefaultListableBeanFactory.destroySingletons(DefaultListableBeanFactory.java:1193)
	at org.springframework.context.support.AbstractApplicationContext.destroyBeans(AbstractApplicationContext.java:1125)
	at org.springframework.context.support.AbstractApplicationContext.doClose(AbstractApplicationContext.java:1086)
	at org.springframework.context.support.AbstractApplicationContext.close(AbstractApplicationContext.java:1037)
	at org.springframework.boot.SpringApplicationShutdownHook.closeAndWait(SpringApplicationShutdownHook.java:145)
	at java.base/java.lang.Iterable.forEach(Iterable.java:75)
	at org.springframework.boot.SpringApplicationShutdownHook.run(SpringApplicationShutdownHook.java:114)
	at java.base/java.lang.Thread.run(Thread.java:1583)

2026-05-16T11:06:05.738+05:30  WARN 44732 --- [payment-service] [SpringApplicationShutdownHook] c.n.d.s.t.d.RetryableEurekaHttpClient    : Request execution failed with message: Connection pool shut down
2026-05-16T11:06:05.738+05:30 ERROR 44732 --- [payment-service] [SpringApplicationShutdownHook] com.netflix.discovery.DiscoveryClient    : DiscoveryClient_PAYMENT-SERVICE/localhost:payment-service:8086 - de-registration failedCannot execute request on any known server

com.netflix.discovery.shared.transport.TransportException: Cannot execute request on any known server
	at com.netflix.discovery.shared.transport.decorator.RetryableEurekaHttpClient.execute(RetryableEurekaHttpClient.java:112) ~[eureka-client-2.0.2.jar:2.0.2]
	at com.netflix.discovery.shared.transport.decorator.EurekaHttpClientDecorator.cancel(EurekaHttpClientDecorator.java:71) ~[eureka-client-2.0.2.jar:2.0.2]
	at com.netflix.discovery.shared.transport.decorator.EurekaHttpClientDecorator$2.execute(EurekaHttpClientDecorator.java:74) ~[eureka-client-2.0.2.jar:2.0.2]
	at com.netflix.discovery.shared.transport.decorator.SessionedEurekaHttpClient.execute(SessionedEurekaHttpClient.java:77) ~[eureka-client-2.0.2.jar:2.0.2]
	at com.netflix.discovery.shared.transport.decorator.EurekaHttpClientDecorator.cancel(EurekaHttpClientDecorator.java:71) ~[eureka-client-2.0.2.jar:2.0.2]
	at com.netflix.discovery.DiscoveryClient.unregister(DiscoveryClient.java:916) ~[eureka-client-2.0.2.jar:2.0.2]
	at com.netflix.discovery.DiscoveryClient.shutdown(DiscoveryClient.java:892) ~[eureka-client-2.0.2.jar:2.0.2]
	at java.base/jdk.internal.reflect.DirectMethodHandleAccessor.invoke(DirectMethodHandleAccessor.java:103) ~[na:na]
	at java.base/java.lang.reflect.Method.invoke(Method.java:580) ~[na:na]
	at org.springframework.beans.factory.annotation.InitDestroyAnnotationBeanPostProcessor$LifecycleMethod.invoke(InitDestroyAnnotationBeanPostProcessor.java:457) ~[spring-beans-6.1.1.jar:6.1.1]
	at org.springframework.beans.factory.annotation.InitDestroyAnnotationBeanPostProcessor$LifecycleMetadata.invokeDestroyMethods(InitDestroyAnnotationBeanPostProcessor.java:415) ~[spring-beans-6.1.1.jar:6.1.1]
	at org.springframework.beans.factory.annotation.InitDestroyAnnotationBeanPostProcessor.postProcessBeforeDestruction(InitDestroyAnnotationBeanPostProcessor.java:239) ~[spring-beans-6.1.1.jar:6.1.1]
	at org.springframework.beans.factory.support.DisposableBeanAdapter.destroy(DisposableBeanAdapter.java:202) ~[spring-beans-6.1.1.jar:6.1.1]
	at org.springframework.beans.factory.support.DisposableBeanAdapter.run(DisposableBeanAdapter.java:195) ~[spring-beans-6.1.1.jar:6.1.1]
	at org.springframework.cloud.context.scope.GenericScope$BeanLifecycleWrapper.destroy(GenericScope.java:389) ~[spring-cloud-context-4.1.2.jar:4.1.2]
	at org.springframework.cloud.context.scope.GenericScope.destroy(GenericScope.java:136) ~[spring-cloud-context-4.1.2.jar:4.1.2]
	at org.springframework.beans.factory.support.DisposableBeanAdapter.destroy(DisposableBeanAdapter.java:211) ~[spring-beans-6.1.1.jar:6.1.1]
	at org.springframework.beans.factory.support.DefaultSingletonBeanRegistry.destroyBean(DefaultSingletonBeanRegistry.java:587) ~[spring-beans-6.1.1.jar:6.1.1]
	at org.springframework.beans.factory.support.DefaultSingletonBeanRegistry.destroySingleton(DefaultSingletonBeanRegistry.java:559) ~[spring-beans-6.1.1.jar:6.1.1]
	at org.springframework.beans.factory.support.DefaultListableBeanFactory.destroySingleton(DefaultListableBeanFactory.java:1200) ~[spring-beans-6.1.1.jar:6.1.1]
	at org.springframework.beans.factory.support.DefaultSingletonBeanRegistry.destroySingletons(DefaultSingletonBeanRegistry.java:520) ~[spring-beans-6.1.1.jar:6.1.1]
	at org.springframework.beans.factory.support.DefaultListableBeanFactory.destroySingletons(DefaultListableBeanFactory.java:1193) ~[spring-beans-6.1.1.jar:6.1.1]
	at org.springframework.context.support.AbstractApplicationContext.destroyBeans(AbstractApplicationContext.java:1125) ~[spring-context-6.1.1.jar:6.1.1]
	at org.springframework.context.support.AbstractApplicationContext.doClose(AbstractApplicationContext.java:1086) ~[spring-context-6.1.1.jar:6.1.1]
	at org.springframework.context.support.AbstractApplicationContext.close(AbstractApplicationContext.java:1037) ~[spring-context-6.1.1.jar:6.1.1]
	at org.springframework.boot.SpringApplicationShutdownHook.closeAndWait(SpringApplicationShutdownHook.java:145) ~[spring-boot-3.2.0.jar:3.2.0]
	at java.base/java.lang.Iterable.forEach(Iterable.java:75) ~[na:na]
	at org.springframework.boot.SpringApplicationShutdownHook.run(SpringApplicationShutdownHook.java:114) ~[spring-boot-3.2.0.jar:3.2.0]
	at java.base/java.lang.Thread.run(Thread.java:1583) ~[na:na]

2026-05-16T11:06:05.743+05:30  INFO 44732 --- [payment-service] [SpringApplicationShutdownHook] com.netflix.discovery.DiscoveryClient    : Completed shut down of DiscoveryClient
2026-05-16T11:12:16.271+05:30  INFO 39800 --- [payment-service] [main] c.p.payment.PaymentServiceApplication    : Starting PaymentServiceApplication using Java 18.0.2 with PID 39800 (C:\Users\Hp\Desktop\Parkease-Backend\payment-service\target\classes started by Hp in C:\Users\Hp\Desktop\Parkease-Backend\payment-service)
2026-05-16T11:12:16.277+05:30 DEBUG 39800 --- [payment-service] [main] c.p.payment.PaymentServiceApplication    : Running with Spring Boot v3.2.0, Spring v6.1.1
2026-05-16T11:12:16.296+05:30  INFO 39800 --- [payment-service] [main] c.p.payment.PaymentServiceApplication    : No active profile set, falling back to 1 default profile: "default"
2026-05-16T11:12:20.178+05:30  INFO 39800 --- [payment-service] [main] .s.d.r.c.RepositoryConfigurationDelegate : Bootstrapping Spring Data JPA repositories in DEFAULT mode.
2026-05-16T11:12:20.487+05:30  INFO 39800 --- [payment-service] [main] .s.d.r.c.RepositoryConfigurationDelegate : Finished Spring Data repository scanning in 297 ms. Found 3 JPA repository interfaces.
2026-05-16T11:12:21.170+05:30  INFO 39800 --- [payment-service] [main] o.s.cloud.context.scope.GenericScope     : BeanFactory id=a1b7dd5f-d034-3c7b-b5e7-c9b722771e75
2026-05-16T11:12:22.243+05:30  WARN 39800 --- [payment-service] [main] trationDelegate$BeanPostProcessorChecker : Bean 'org.springframework.cloud.client.loadbalancer.LoadBalancerAutoConfiguration$DeferringLoadBalancerInterceptorConfig' of type [org.springframework.cloud.client.loadbalancer.LoadBalancerAutoConfiguration$DeferringLoadBalancerInterceptorConfig] is not eligible for getting processed by all BeanPostProcessors (for example: not eligible for auto-proxying). The currently created BeanPostProcessor [lbRestClientPostProcessor] is declared through a non-static factory method on that class; consider declaring it as static instead.
2026-05-16T11:12:22.252+05:30  WARN 39800 --- [payment-service] [main] trationDelegate$BeanPostProcessorChecker : Bean 'deferringLoadBalancerInterceptor' of type [org.springframework.cloud.client.loadbalancer.DeferringLoadBalancerInterceptor] is not eligible for getting processed by all BeanPostProcessors (for example: not eligible for auto-proxying). Is this bean getting eagerly injected into a currently created BeanPostProcessor [lbRestClientPostProcessor]? Check the corresponding BeanPostProcessor declaration and its dependencies.
2026-05-16T11:12:23.031+05:30  INFO 39800 --- [payment-service] [main] o.s.b.w.embedded.tomcat.TomcatWebServer  : Tomcat initialized with port 8086 (http)
2026-05-16T11:12:23.048+05:30  INFO 39800 --- [payment-service] [main] o.apache.catalina.core.StandardService   : Starting service [Tomcat]
2026-05-16T11:12:23.048+05:30  INFO 39800 --- [payment-service] [main] o.apache.catalina.core.StandardEngine    : Starting Servlet engine: [Apache Tomcat/10.1.16]
2026-05-16T11:12:23.218+05:30  INFO 39800 --- [payment-service] [main] o.a.c.c.C.[Tomcat].[localhost].[/]       : Initializing Spring embedded WebApplicationContext
2026-05-16T11:12:23.220+05:30  INFO 39800 --- [payment-service] [main] w.s.c.ServletWebServerApplicationContext : Root WebApplicationContext: initialization completed in 6722 ms
2026-05-16T11:12:23.932+05:30 DEBUG 39800 --- [payment-service] [main] c.p.payment.security.JwtAuthFilter       : Filter 'jwtAuthFilter' configured for use
2026-05-16T11:12:24.385+05:30  INFO 39800 --- [payment-service] [main] o.hibernate.jpa.internal.util.LogHelper  : HHH000204: Processing PersistenceUnitInfo [name: default]
2026-05-16T11:12:24.548+05:30  INFO 39800 --- [payment-service] [main] org.hibernate.Version                    : HHH000412: Hibernate ORM core version 6.3.1.Final
2026-05-16T11:12:24.637+05:30  INFO 39800 --- [payment-service] [main] o.h.c.internal.RegionFactoryInitiator    : HHH000026: Second-level cache disabled
2026-05-16T11:12:25.253+05:30  INFO 39800 --- [payment-service] [main] o.s.o.j.p.SpringPersistenceUnitInfo      : No LoadTimeWeaver setup: ignoring JPA class transformer
2026-05-16T11:12:25.308+05:30  INFO 39800 --- [payment-service] [main] com.zaxxer.hikari.HikariDataSource       : HikariPool-1 - Starting...
2026-05-16T11:12:25.698+05:30  INFO 39800 --- [payment-service] [main] com.zaxxer.hikari.pool.HikariPool        : HikariPool-1 - Added connection com.mysql.cj.jdbc.ConnectionImpl@4423692a
2026-05-16T11:12:25.702+05:30  INFO 39800 --- [payment-service] [main] com.zaxxer.hikari.HikariDataSource       : HikariPool-1 - Start completed.
2026-05-16T11:12:25.805+05:30  WARN 39800 --- [payment-service] [main] org.hibernate.orm.deprecation            : HHH90000025: MySQLDialect does not need to be specified explicitly using 'hibernate.dialect' (remove the property setting and it will be selected by default)
2026-05-16T11:12:28.808+05:30  INFO 39800 --- [payment-service] [main] o.h.e.t.j.p.i.JtaPlatformInitiator       : HHH000489: No JTA platform available (set 'hibernate.transaction.jta.platform' to enable JTA platform integration)
2026-05-16T11:12:29.010+05:30  INFO 39800 --- [payment-service] [main] j.LocalContainerEntityManagerFactoryBean : Initialized JPA EntityManagerFactory for persistence unit 'default'
2026-05-16T11:12:30.173+05:30  INFO 39800 --- [payment-service] [main] c.p.payment.config.RazorpayConfig        : Initializing Razorpay client with key: rzp_test...
2026-05-16T11:12:31.274+05:30  INFO 39800 --- [payment-service] [main] o.s.d.j.r.query.QueryEnhancerFactory     : Hibernate is in classpath; If applicable, HQL parser will be used.
2026-05-16T11:12:32.227+05:30  WARN 39800 --- [payment-service] [main] JpaBaseConfiguration$JpaWebConfiguration : spring.jpa.open-in-view is enabled by default. Therefore, database queries may be performed during view rendering. Explicitly configure spring.jpa.open-in-view to disable this warning
2026-05-16T11:12:32.327+05:30  WARN 39800 --- [payment-service] [main] .s.s.UserDetailsServiceAutoConfiguration : 

Using generated security password: 82e11f98-8976-4993-9b67-7ec3d8b00532

This generated password is for development use only. Your security configuration must be updated before running your application in production.

2026-05-16T11:12:34.673+05:30  INFO 39800 --- [payment-service] [main] o.s.cloud.commons.util.InetUtils         : Cannot determine local hostname
2026-05-16T11:12:35.144+05:30  INFO 39800 --- [payment-service] [main] o.s.b.a.e.web.EndpointLinksResolver      : Exposing 17 endpoint(s) beneath base path '/actuator'
2026-05-16T11:12:35.338+05:30  INFO 39800 --- [payment-service] [main] o.s.s.web.DefaultSecurityFilterChain     : Will secure any request with [org.springframework.security.web.session.DisableEncodeUrlFilter@67a725fe, org.springframework.security.web.context.request.async.WebAsyncManagerIntegrationFilter@adb1197, org.springframework.security.web.context.SecurityContextHolderFilter@592e1c4f, org.springframework.security.web.header.HeaderWriterFilter@53b3cd9b, org.springframework.web.filter.CorsFilter@58f0d3b6, org.springframework.security.web.authentication.logout.LogoutFilter@6ec73d87, com.parkease.payment.security.JwtAuthFilter@e7d0db2, org.springframework.security.web.savedrequest.RequestCacheAwareFilter@428c9250, org.springframework.security.web.servletapi.SecurityContextHolderAwareRequestFilter@55ecf961, org.springframework.security.web.authentication.AnonymousAuthenticationFilter@e124366, org.springframework.security.web.session.SessionManagementFilter@4d5a21cc, org.springframework.security.web.access.ExceptionTranslationFilter@32561cd5, org.springframework.security.web.access.intercept.AuthorizationFilter@6ecd9708]
2026-05-16T11:12:38.631+05:30  INFO 39800 --- [payment-service] [main] o.s.cloud.commons.util.InetUtils         : Cannot determine local hostname
2026-05-16T11:12:38.671+05:30  INFO 39800 --- [payment-service] [main] DiscoveryClientOptionalArgsConfiguration : Eureka HTTP Client uses RestTemplate.
2026-05-16T11:12:38.885+05:30  WARN 39800 --- [payment-service] [main] iguration$LoadBalancerCaffeineWarnLogger : Spring Cloud LoadBalancer is currently working with the default cache. While this cache implementation is useful for development and tests, it's recommended to use Caffeine cache in production.You can switch to using Caffeine cache, by adding it and org.springframework.cache.caffeine.CaffeineCacheManager to the classpath.
2026-05-16T11:12:39.138+05:30  INFO 39800 --- [payment-service] [main] o.s.c.n.eureka.InstanceInfoFactory       : Setting initial instance status as: STARTING
2026-05-16T11:12:39.219+05:30  INFO 39800 --- [payment-service] [main] com.netflix.discovery.DiscoveryClient    : Initializing Eureka in region us-east-1
2026-05-16T11:12:39.228+05:30  INFO 39800 --- [payment-service] [main] c.n.d.s.r.aws.ConfigClusterResolver      : Resolving eureka endpoints via configuration
2026-05-16T11:12:39.264+05:30  INFO 39800 --- [payment-service] [main] com.netflix.discovery.DiscoveryClient    : Disable delta property : false
2026-05-16T11:12:39.264+05:30  INFO 39800 --- [payment-service] [main] com.netflix.discovery.DiscoveryClient    : Single vip registry refresh property : null
2026-05-16T11:12:39.264+05:30  INFO 39800 --- [payment-service] [main] com.netflix.discovery.DiscoveryClient    : Force full registry fetch : false
2026-05-16T11:12:39.264+05:30  INFO 39800 --- [payment-service] [main] com.netflix.discovery.DiscoveryClient    : Application is null : false
2026-05-16T11:12:39.264+05:30  INFO 39800 --- [payment-service] [main] com.netflix.discovery.DiscoveryClient    : Registered Applications size is zero : true
2026-05-16T11:12:39.264+05:30  INFO 39800 --- [payment-service] [main] com.netflix.discovery.DiscoveryClient    : Application version is -1: true
2026-05-16T11:12:39.264+05:30  INFO 39800 --- [payment-service] [main] com.netflix.discovery.DiscoveryClient    : Getting all instance registry info from the eureka server
2026-05-16T11:12:39.630+05:30  INFO 39800 --- [payment-service] [main] com.netflix.discovery.DiscoveryClient    : The response status is 200
2026-05-16T11:12:39.636+05:30  INFO 39800 --- [payment-service] [main] com.netflix.discovery.DiscoveryClient    : Starting heartbeat executor: renew interval is: 30
2026-05-16T11:12:39.639+05:30  INFO 39800 --- [payment-service] [main] c.n.discovery.InstanceInfoReplicator     : InstanceInfoReplicator onDemand update allowed rate per min is 4
2026-05-16T11:12:39.648+05:30  INFO 39800 --- [payment-service] [main] com.netflix.discovery.DiscoveryClient    : Discovery Client initialized at timestamp 1778910159646 with initial instances count: 1
2026-05-16T11:12:39.664+05:30  INFO 39800 --- [payment-service] [main] o.s.c.n.e.s.EurekaServiceRegistry        : Registering application PAYMENT-SERVICE with eureka with status UP
2026-05-16T11:12:39.666+05:30  INFO 39800 --- [payment-service] [main] com.netflix.discovery.DiscoveryClient    : Saw local status change event StatusChangeEvent [timestamp=1778910159666, current=UP, previous=STARTING]
2026-05-16T11:12:39.670+05:30  INFO 39800 --- [payment-service] [DiscoveryClient-InstanceInfoReplicator-0] com.netflix.discovery.DiscoveryClient    : DiscoveryClient_PAYMENT-SERVICE/localhost:payment-service:8086: registering service...
2026-05-16T11:12:39.722+05:30  INFO 39800 --- [payment-service] [main] o.s.b.w.embedded.tomcat.TomcatWebServer  : Tomcat started on port 8086 (http) with context path ''
2026-05-16T11:12:39.723+05:30  INFO 39800 --- [payment-service] [main] .s.c.n.e.s.EurekaAutoServiceRegistration : Updating port to 8086
2026-05-16T11:12:39.741+05:30  INFO 39800 --- [payment-service] [DiscoveryClient-InstanceInfoReplicator-0] com.netflix.discovery.DiscoveryClient    : DiscoveryClient_PAYMENT-SERVICE/localhost:payment-service:8086 - registration status: 204
2026-05-16T11:12:41.074+05:30  INFO 39800 --- [payment-service] [main] o.s.cloud.commons.util.InetUtils         : Cannot determine local hostname
2026-05-16T11:12:41.110+05:30  INFO 39800 --- [payment-service] [main] c.p.payment.PaymentServiceApplication    : Started PaymentServiceApplication in 27.73 seconds (process running for 30.712)
2026-05-16T11:12:41.127+05:30  INFO 39800 --- [payment-service] [main] c.p.payment.PaymentServiceApplication    : Executing database migration to alter pass_balances.status column to VARCHAR...
2026-05-16T11:12:41.208+05:30  INFO 39800 --- [payment-service] [main] c.p.payment.PaymentServiceApplication    : Migration successful.
2026-05-16T11:12:41.388+05:30  INFO 39800 --- [payment-service] [registrationTask1] d.c.b.a.c.r.ApplicationRegistrator       : Application registered itself as 656b08829af6
2026-05-16T11:12:41.481+05:30  INFO 39800 --- [payment-service] [http-nio-8086-exec-1] o.a.c.c.C.[Tomcat].[localhost].[/]       : Initializing Spring DispatcherServlet 'dispatcherServlet'
2026-05-16T11:12:41.482+05:30  INFO 39800 --- [payment-service] [http-nio-8086-exec-1] o.s.web.servlet.DispatcherServlet        : Initializing Servlet 'dispatcherServlet'
2026-05-16T11:12:41.487+05:30  INFO 39800 --- [payment-service] [http-nio-8086-exec-1] o.s.web.servlet.DispatcherServlet        : Completed initialization in 4 ms
2026-05-16T11:12:41.544+05:30  WARN 39800 --- [payment-service] [http-nio-8086-exec-1] o.s.w.s.h.HandlerMappingIntrospector     : Cache miss for REQUEST dispatch to '/actuator/health' (previous null). Performing CorsConfiguration lookup. This is logged once only at WARN level, and every time at TRACE.
2026-05-16T11:12:41.564+05:30  WARN 39800 --- [payment-service] [http-nio-8086-exec-1] o.s.w.s.h.HandlerMappingIntrospector     : Cache miss for REQUEST dispatch to '/actuator/health' (previous null). Performing MatchableHandlerMapping lookup. This is logged once only at WARN level, and every time at TRACE.
2026-05-16T11:12:41.614+05:30  INFO 39800 --- [payment-service] [http-nio-8086-exec-1] o.s.a.r.c.CachingConnectionFactory       : Attempting to connect to: [localhost:5672]
2026-05-16T11:12:41.717+05:30  INFO 39800 --- [payment-service] [http-nio-8086-exec-1] o.s.a.r.c.CachingConnectionFactory       : Created new connection: rabbitConnectionFactory#3b6d94fc:0/SimpleConnection@46ad23e8 [delegate=amqp://guest@127.0.0.1:5672/, localPort=51837]
2026-05-16T11:13:43.414+05:30 DEBUG 39800 --- [payment-service] [http-nio-8086-exec-9] c.p.payment.security.JwtAuthFilter       : Authenticated: aryanborkar03@gmail.com [ROLE_DRIVER]
2026-05-16T11:13:43.414+05:30 DEBUG 39800 --- [payment-service] [http-nio-8086-exec-7] c.p.payment.security.JwtAuthFilter       : Authenticated: aryanborkar03@gmail.com [ROLE_DRIVER]
2026-05-16T11:13:43.414+05:30 DEBUG 39800 --- [payment-service] [http-nio-8086-exec-5] c.p.payment.security.JwtAuthFilter       : Authenticated: aryanborkar03@gmail.com [ROLE_DRIVER]
2026-05-16T11:13:43.424+05:30  INFO 39800 --- [payment-service] [http-nio-8086-exec-5] c.p.payment.controller.PassController    : GET /api/pass/my - driver: aryanborkar03@gmail.com
2026-05-16T11:13:43.424+05:30  INFO 39800 --- [payment-service] [http-nio-8086-exec-9] c.p.payment.controller.PassController    : GET /api/pass/transactions - driver: aryanborkar03@gmail.com
2026-05-16T11:13:43.424+05:30  INFO 39800 --- [payment-service] [http-nio-8086-exec-7] c.p.p.controller.PaymentController       : GET /api/payments/my - driver: aryanborkar03@gmail.com
2026-05-16T11:13:45.355+05:30 DEBUG 39800 --- [payment-service] [http-nio-8086-exec-10] c.p.payment.security.JwtAuthFilter       : Authenticated: aryanborkar03@gmail.com [ROLE_DRIVER]
2026-05-16T11:13:45.363+05:30  INFO 39800 --- [payment-service] [http-nio-8086-exec-10] c.p.payment.controller.PassController    : GET /api/pass/my - driver: aryanborkar03@gmail.com
2026-05-16T11:13:46.510+05:30 DEBUG 39800 --- [payment-service] [http-nio-8086-exec-1] c.p.payment.security.JwtAuthFilter       : Authenticated: aryanborkar03@gmail.com [ROLE_DRIVER]
2026-05-16T11:13:46.510+05:30 DEBUG 39800 --- [payment-service] [http-nio-8086-exec-3] c.p.payment.security.JwtAuthFilter       : Authenticated: aryanborkar03@gmail.com [ROLE_DRIVER]
2026-05-16T11:13:46.510+05:30 DEBUG 39800 --- [payment-service] [http-nio-8086-exec-4] c.p.payment.security.JwtAuthFilter       : Authenticated: aryanborkar03@gmail.com [ROLE_DRIVER]
2026-05-16T11:13:46.514+05:30  INFO 39800 --- [payment-service] [http-nio-8086-exec-4] c.p.payment.controller.PassController    : GET /api/pass/transactions - driver: aryanborkar03@gmail.com
2026-05-16T11:13:46.513+05:30  INFO 39800 --- [payment-service] [http-nio-8086-exec-1] c.p.payment.controller.PassController    : GET /api/pass/my - driver: aryanborkar03@gmail.com
2026-05-16T11:13:46.514+05:30  INFO 39800 --- [payment-service] [http-nio-8086-exec-3] c.p.p.controller.PaymentController       : GET /api/payments/my - driver: aryanborkar03@gmail.com
2026-05-16T11:13:47.585+05:30 DEBUG 39800 --- [payment-service] [http-nio-8086-exec-2] c.p.payment.security.JwtAuthFilter       : Authenticated: aryanborkar03@gmail.com [ROLE_DRIVER]
2026-05-16T11:13:47.587+05:30  INFO 39800 --- [payment-service] [http-nio-8086-exec-2] c.p.payment.controller.PassController    : GET /api/pass/my - driver: aryanborkar03@gmail.com
2026-05-16T11:13:48.975+05:30 DEBUG 39800 --- [payment-service] [http-nio-8086-exec-8] c.p.payment.security.JwtAuthFilter       : Authenticated: aryanborkar03@gmail.com [ROLE_DRIVER]
2026-05-16T11:13:48.975+05:30 DEBUG 39800 --- [payment-service] [http-nio-8086-exec-6] c.p.payment.security.JwtAuthFilter       : Authenticated: aryanborkar03@gmail.com [ROLE_DRIVER]
2026-05-16T11:13:48.975+05:30 DEBUG 39800 --- [payment-service] [http-nio-8086-exec-9] c.p.payment.security.JwtAuthFilter       : Authenticated: aryanborkar03@gmail.com [ROLE_DRIVER]
2026-05-16T11:13:48.978+05:30  INFO 39800 --- [payment-service] [http-nio-8086-exec-6] c.p.payment.controller.PassController    : GET /api/pass/transactions - driver: aryanborkar03@gmail.com
2026-05-16T11:13:48.978+05:30  INFO 39800 --- [payment-service] [http-nio-8086-exec-8] c.p.payment.controller.PassController    : GET /api/pass/my - driver: aryanborkar03@gmail.com
2026-05-16T11:13:48.978+05:30  INFO 39800 --- [payment-service] [http-nio-8086-exec-9] c.p.p.controller.PaymentController       : GET /api/payments/my - driver: aryanborkar03@gmail.com
2026-05-16T11:13:52.165+05:30 DEBUG 39800 --- [payment-service] [http-nio-8086-exec-7] c.p.payment.security.JwtAuthFilter       : Authenticated: aryanborkar03@gmail.com [ROLE_DRIVER]
2026-05-16T11:13:52.169+05:30  INFO 39800 --- [payment-service] [http-nio-8086-exec-7] c.p.p.controller.PaymentController       : GET /api/payments/67/receipt - driver: aryanborkar03@gmail.com
2026-05-16T11:14:02.253+05:30 DEBUG 39800 --- [payment-service] [http-nio-8086-exec-10] c.p.payment.security.JwtAuthFilter       : Authenticated: admin@parkease.com [ROLE_ADMIN]
2026-05-16T11:14:02.270+05:30  INFO 39800 --- [payment-service] [http-nio-8086-exec-10] c.p.p.controller.PaymentController       : GET /api/payments/admin/all
2026-05-16T11:14:02.299+05:30 DEBUG 39800 --- [payment-service] [http-nio-8086-exec-4] c.p.payment.security.JwtAuthFilter       : Authenticated: admin@parkease.com [ROLE_ADMIN]
2026-05-16T11:14:02.302+05:30  INFO 39800 --- [payment-service] [http-nio-8086-exec-4] c.p.p.controller.PaymentController       : GET /api/payments/admin/all
2026-05-16T11:14:10.099+05:30 DEBUG 39800 --- [payment-service] [http-nio-8086-exec-3] c.p.payment.security.JwtAuthFilter       : Authenticated: admin@parkease.com [ROLE_ADMIN]
2026-05-16T11:14:10.102+05:30  INFO 39800 --- [payment-service] [http-nio-8086-exec-3] c.p.p.controller.PaymentController       : GET /api/payments/admin/all
2026-05-16T11:14:10.120+05:30 DEBUG 39800 --- [payment-service] [http-nio-8086-exec-2] c.p.payment.security.JwtAuthFilter       : Authenticated: admin@parkease.com [ROLE_ADMIN]
2026-05-16T11:14:10.123+05:30  INFO 39800 --- [payment-service] [http-nio-8086-exec-2] c.p.p.controller.PaymentController       : GET /api/payments/admin/all
2026-05-16T11:14:12.532+05:30 DEBUG 39800 --- [payment-service] [http-nio-8086-exec-6] c.p.payment.security.JwtAuthFilter       : Authenticated: admin@parkease.com [ROLE_ADMIN]
2026-05-16T11:14:12.535+05:30  INFO 39800 --- [payment-service] [http-nio-8086-exec-6] c.p.p.controller.PaymentController       : GET /api/payments/admin/all
2026-05-16T11:14:12.553+05:30 DEBUG 39800 --- [payment-service] [http-nio-8086-exec-8] c.p.payment.security.JwtAuthFilter       : Authenticated: admin@parkease.com [ROLE_ADMIN]
2026-05-16T11:14:12.556+05:30  INFO 39800 --- [payment-service] [http-nio-8086-exec-8] c.p.p.controller.PaymentController       : GET /api/payments/admin/all
2026-05-16T11:17:39.270+05:30  INFO 39800 --- [payment-service] [AsyncResolver-bootstrap-executor-0] c.n.d.s.r.aws.ConfigClusterResolver      : Resolving eureka endpoints via configuration
2026-05-16T11:17:45.505+05:30  WARN 35404 --- [payment-service] [main] ory$DuplicateJsonObjectContextCustomizer : 

Found multiple occurrences of org.json.JSONObject on the class path:

	jar:file:/C:/Users/Hp/.m2/repository/org/json/json/20180130/json-20180130.jar!/org/json/JSONObject.class
	jar:file:/C:/Users/Hp/.m2/repository/com/vaadin/external/google/android-json/0.0.20131108.vaadin1/android-json-0.0.20131108.vaadin1.jar!/org/json/JSONObject.class

You may wish to exclude one of them to ensure predictable runtime behavior

2026-05-16T11:17:45.564+05:30  INFO 35404 --- [payment-service] [main] c.p.p.PaymentServiceApplicationTests     : Starting PaymentServiceApplicationTests using Java 21.0.10 with PID 35404 (started by Hp in C:\Users\Hp\Desktop\Parkease-Backend\payment-service)
2026-05-16T11:17:45.565+05:30 DEBUG 35404 --- [payment-service] [main] c.p.p.PaymentServiceApplicationTests     : Running with Spring Boot v3.2.0, Spring v6.1.1
2026-05-16T11:17:45.566+05:30  INFO 35404 --- [payment-service] [main] c.p.p.PaymentServiceApplicationTests     : No active profile set, falling back to 1 default profile: "default"
2026-05-16T11:17:48.207+05:30  INFO 35404 --- [payment-service] [main] .s.d.r.c.RepositoryConfigurationDelegate : Bootstrapping Spring Data JPA repositories in DEFAULT mode.
2026-05-16T11:17:48.359+05:30  INFO 35404 --- [payment-service] [main] .s.d.r.c.RepositoryConfigurationDelegate : Finished Spring Data repository scanning in 132 ms. Found 3 JPA repository interfaces.
2026-05-16T11:17:48.940+05:30  INFO 35404 --- [payment-service] [main] o.s.cloud.context.scope.GenericScope     : BeanFactory id=a6e8a90a-1a59-3898-95b0-95f633c348b2
2026-05-16T11:17:49.835+05:30  WARN 35404 --- [payment-service] [main] trationDelegate$BeanPostProcessorChecker : Bean 'org.springframework.cloud.client.loadbalancer.LoadBalancerAutoConfiguration$DeferringLoadBalancerInterceptorConfig' of type [org.springframework.cloud.client.loadbalancer.LoadBalancerAutoConfiguration$DeferringLoadBalancerInterceptorConfig] is not eligible for getting processed by all BeanPostProcessors (for example: not eligible for auto-proxying). The currently created BeanPostProcessor [lbRestClientPostProcessor] is declared through a non-static factory method on that class; consider declaring it as static instead.
2026-05-16T11:17:49.842+05:30  WARN 35404 --- [payment-service] [main] trationDelegate$BeanPostProcessorChecker : Bean 'deferringLoadBalancerInterceptor' of type [org.springframework.cloud.client.loadbalancer.DeferringLoadBalancerInterceptor] is not eligible for getting processed by all BeanPostProcessors (for example: not eligible for auto-proxying). Is this bean getting eagerly injected into a currently created BeanPostProcessor [lbRestClientPostProcessor]? Check the corresponding BeanPostProcessor declaration and its dependencies.
2026-05-16T11:17:50.233+05:30  INFO 35404 --- [payment-service] [main] o.hibernate.jpa.internal.util.LogHelper  : HHH000204: Processing PersistenceUnitInfo [name: default]
2026-05-16T11:17:50.371+05:30  INFO 35404 --- [payment-service] [main] org.hibernate.Version                    : HHH000412: Hibernate ORM core version 6.3.1.Final
2026-05-16T11:17:50.447+05:30  INFO 35404 --- [payment-service] [main] o.h.c.internal.RegionFactoryInitiator    : HHH000026: Second-level cache disabled
2026-05-16T11:17:50.664+05:30  INFO 35404 --- [payment-service] [main] o.s.o.j.p.SpringPersistenceUnitInfo      : No LoadTimeWeaver setup: ignoring JPA class transformer
2026-05-16T11:17:50.716+05:30  INFO 35404 --- [payment-service] [main] com.zaxxer.hikari.HikariDataSource       : HikariPool-1 - Starting...
2026-05-16T11:17:51.037+05:30  INFO 35404 --- [payment-service] [main] com.zaxxer.hikari.pool.HikariPool        : HikariPool-1 - Added connection com.mysql.cj.jdbc.ConnectionImpl@5f7e6a0b
2026-05-16T11:17:51.040+05:30  INFO 35404 --- [payment-service] [main] com.zaxxer.hikari.HikariDataSource       : HikariPool-1 - Start completed.
2026-05-16T11:17:51.143+05:30  WARN 35404 --- [payment-service] [main] org.hibernate.orm.deprecation            : HHH90000025: MySQLDialect does not need to be specified explicitly using 'hibernate.dialect' (remove the property setting and it will be selected by default)
2026-05-16T11:17:52.781+05:30  INFO 35404 --- [payment-service] [main] o.h.e.t.j.p.i.JtaPlatformInitiator       : HHH000489: No JTA platform available (set 'hibernate.transaction.jta.platform' to enable JTA platform integration)
2026-05-16T11:17:52.868+05:30  INFO 35404 --- [payment-service] [main] j.LocalContainerEntityManagerFactoryBean : Initialized JPA EntityManagerFactory for persistence unit 'default'
2026-05-16T11:17:53.921+05:30  INFO 35404 --- [payment-service] [main] c.p.payment.config.RazorpayConfig        : Initializing Razorpay client with key: rzp_test...
2026-05-16T11:17:55.181+05:30  INFO 35404 --- [payment-service] [main] o.s.d.j.r.query.QueryEnhancerFactory     : Hibernate is in classpath; If applicable, HQL parser will be used.
2026-05-16T11:17:56.684+05:30  WARN 35404 --- [payment-service] [main] JpaBaseConfiguration$JpaWebConfiguration : spring.jpa.open-in-view is enabled by default. Therefore, database queries may be performed during view rendering. Explicitly configure spring.jpa.open-in-view to disable this warning
2026-05-16T11:17:56.818+05:30  WARN 35404 --- [payment-service] [main] .s.s.UserDetailsServiceAutoConfiguration : 

Using generated security password: 0776556b-95f1-4603-a652-ab11e7942a5b

This generated password is for development use only. Your security configuration must be updated before running your application in production.

2026-05-16T11:17:58.664+05:30  INFO 35404 --- [payment-service] [main] o.s.cloud.commons.util.InetUtils         : Cannot determine local hostname
2026-05-16T11:17:59.074+05:30  INFO 35404 --- [payment-service] [main] o.s.b.a.e.web.EndpointLinksResolver      : Exposing 17 endpoint(s) beneath base path '/actuator'
2026-05-16T11:17:59.192+05:30  INFO 35404 --- [payment-service] [main] o.s.s.web.DefaultSecurityFilterChain     : Will secure any request with [org.springframework.security.web.session.DisableEncodeUrlFilter@3ab83e1a, org.springframework.security.web.context.request.async.WebAsyncManagerIntegrationFilter@302d7e7c, org.springframework.security.web.context.SecurityContextHolderFilter@26353025, org.springframework.security.web.header.HeaderWriterFilter@3b79c0a4, org.springframework.web.filter.CorsFilter@71e06002, org.springframework.security.web.authentication.logout.LogoutFilter@3a4c8be2, com.parkease.payment.security.JwtAuthFilter@93a6a7d, org.springframework.security.web.savedrequest.RequestCacheAwareFilter@727f8227, org.springframework.security.web.servletapi.SecurityContextHolderAwareRequestFilter@16408892, org.springframework.security.web.authentication.AnonymousAuthenticationFilter@e3c87e6, org.springframework.security.web.session.SessionManagementFilter@13757fd5, org.springframework.security.web.access.ExceptionTranslationFilter@7437d55d, org.springframework.security.web.access.intercept.AuthorizationFilter@4776fe23]
2026-05-16T11:18:01.755+05:30  INFO 35404 --- [payment-service] [main] o.s.cloud.commons.util.InetUtils         : Cannot determine local hostname
2026-05-16T11:18:01.780+05:30  INFO 35404 --- [payment-service] [main] DiscoveryClientOptionalArgsConfiguration : Eureka HTTP Client uses RestTemplate.
2026-05-16T11:18:01.925+05:30  WARN 35404 --- [payment-service] [main] iguration$LoadBalancerCaffeineWarnLogger : Spring Cloud LoadBalancer is currently working with the default cache. While this cache implementation is useful for development and tests, it's recommended to use Caffeine cache in production.You can switch to using Caffeine cache, by adding it and org.springframework.cache.caffeine.CaffeineCacheManager to the classpath.
2026-05-16T11:18:02.064+05:30  INFO 35404 --- [payment-service] [main] o.s.c.n.eureka.InstanceInfoFactory       : Setting initial instance status as: STARTING
2026-05-16T11:18:02.263+05:30  INFO 35404 --- [payment-service] [main] com.netflix.discovery.DiscoveryClient    : Initializing Eureka in region us-east-1
2026-05-16T11:18:02.272+05:30  INFO 35404 --- [payment-service] [main] c.n.d.s.r.aws.ConfigClusterResolver      : Resolving eureka endpoints via configuration
2026-05-16T11:18:02.325+05:30  INFO 35404 --- [payment-service] [main] com.netflix.discovery.DiscoveryClient    : Disable delta property : false
2026-05-16T11:18:02.325+05:30  INFO 35404 --- [payment-service] [main] com.netflix.discovery.DiscoveryClient    : Single vip registry refresh property : null
2026-05-16T11:18:02.325+05:30  INFO 35404 --- [payment-service] [main] com.netflix.discovery.DiscoveryClient    : Force full registry fetch : false
2026-05-16T11:18:02.325+05:30  INFO 35404 --- [payment-service] [main] com.netflix.discovery.DiscoveryClient    : Application is null : false
2026-05-16T11:18:02.325+05:30  INFO 35404 --- [payment-service] [main] com.netflix.discovery.DiscoveryClient    : Registered Applications size is zero : true
2026-05-16T11:18:02.325+05:30  INFO 35404 --- [payment-service] [main] com.netflix.discovery.DiscoveryClient    : Application version is -1: true
2026-05-16T11:18:02.326+05:30  INFO 35404 --- [payment-service] [main] com.netflix.discovery.DiscoveryClient    : Getting all instance registry info from the eureka server
2026-05-16T11:18:02.599+05:30  INFO 35404 --- [payment-service] [main] com.netflix.discovery.DiscoveryClient    : The response status is 200
2026-05-16T11:18:02.604+05:30  INFO 35404 --- [payment-service] [main] com.netflix.discovery.DiscoveryClient    : Starting heartbeat executor: renew interval is: 30
2026-05-16T11:18:02.608+05:30  INFO 35404 --- [payment-service] [main] c.n.discovery.InstanceInfoReplicator     : InstanceInfoReplicator onDemand update allowed rate per min is 4
2026-05-16T11:18:02.616+05:30  INFO 35404 --- [payment-service] [main] com.netflix.discovery.DiscoveryClient    : Discovery Client initialized at timestamp 1778910482615 with initial instances count: 9
2026-05-16T11:18:02.628+05:30  INFO 35404 --- [payment-service] [main] o.s.c.n.e.s.EurekaServiceRegistry        : Registering application PAYMENT-SERVICE with eureka with status UP
2026-05-16T11:18:02.629+05:30  INFO 35404 --- [payment-service] [main] com.netflix.discovery.DiscoveryClient    : Saw local status change event StatusChangeEvent [timestamp=1778910482629, current=UP, previous=STARTING]
2026-05-16T11:18:02.632+05:30  INFO 35404 --- [payment-service] [DiscoveryClient-InstanceInfoReplicator-0] com.netflix.discovery.DiscoveryClient    : DiscoveryClient_PAYMENT-SERVICE/localhost:payment-service:8086: registering service...
2026-05-16T11:18:02.669+05:30  INFO 35404 --- [payment-service] [main] c.p.p.PaymentServiceApplicationTests     : Started PaymentServiceApplicationTests in 19.013 seconds (process running for 28.53)
2026-05-16T11:18:02.678+05:30  INFO 35404 --- [payment-service] [DiscoveryClient-InstanceInfoReplicator-0] com.netflix.discovery.DiscoveryClient    : DiscoveryClient_PAYMENT-SERVICE/localhost:payment-service:8086 - registration status: 204
2026-05-16T11:18:02.684+05:30  INFO 35404 --- [payment-service] [main] c.p.payment.PaymentServiceApplication    : Executing database migration to alter pass_balances.status column to VARCHAR...
2026-05-16T11:18:02.747+05:30  INFO 35404 --- [payment-service] [main] c.p.payment.PaymentServiceApplication    : Migration successful.
2026-05-16T11:18:02.754+05:30 ERROR 35404 --- [payment-service] [registrationTask1] o.s.s.s.TaskUtils$LoggingErrorHandler    : Unexpected error occurred in scheduled task

java.lang.IllegalStateException: couldn't determine local port. Please set spring.boot.admin.client.instance.service-base-url.
	at de.codecentric.boot.admin.client.registration.DefaultApplicationFactory.getLocalServerPort(DefaultApplicationFactory.java:205) ~[spring-boot-admin-client-3.2.3.jar:3.2.3]
	at de.codecentric.boot.admin.client.registration.DefaultApplicationFactory.getServiceBaseUrl(DefaultApplicationFactory.java:109) ~[spring-boot-admin-client-3.2.3.jar:3.2.3]
	at de.codecentric.boot.admin.client.registration.ServletApplicationFactory.getServiceUrl(ServletApplicationFactory.java:62) ~[spring-boot-admin-client-3.2.3.jar:3.2.3]
	at de.codecentric.boot.admin.client.registration.ServletApplicationFactory.getManagementBaseUrl(ServletApplicationFactory.java:77) ~[spring-boot-admin-client-3.2.3.jar:3.2.3]
	at de.codecentric.boot.admin.client.registration.DefaultApplicationFactory.getHealthUrl(DefaultApplicationFactory.java:165) ~[spring-boot-admin-client-3.2.3.jar:3.2.3]
	at de.codecentric.boot.admin.client.registration.DefaultApplicationFactory.createApplication(DefaultApplicationFactory.java:80) ~[spring-boot-admin-client-3.2.3.jar:3.2.3]
	at de.codecentric.boot.admin.client.registration.DefaultApplicationRegistrator.register(DefaultApplicationRegistrator.java:56) ~[spring-boot-admin-client-3.2.3.jar:3.2.3]
	at org.springframework.scheduling.support.DelegatingErrorHandlingRunnable.run(DelegatingErrorHandlingRunnable.java:54) ~[spring-context-6.1.1.jar:6.1.1]
	at java.base/java.util.concurrent.Executors$RunnableAdapter.call(Executors.java:572) ~[na:na]
	at java.base/java.util.concurrent.FutureTask.runAndReset(FutureTask.java:358) ~[na:na]
	at java.base/java.util.concurrent.ScheduledThreadPoolExecutor$ScheduledFutureTask.run(ScheduledThreadPoolExecutor.java:305) ~[na:na]
	at java.base/java.util.concurrent.ThreadPoolExecutor.runWorker(ThreadPoolExecutor.java:1144) ~[na:na]
	at java.base/java.util.concurrent.ThreadPoolExecutor$Worker.run(ThreadPoolExecutor.java:642) ~[na:na]
	at java.base/java.lang.Thread.run(Thread.java:1583) ~[na:na]

2026-05-16T11:18:03.316+05:30 DEBUG 35404 --- [payment-service] [main] c.p.payment.security.JwtAuthFilter       : Authenticated: test@test.com [ROLE_DRIVER]
2026-05-16T11:18:03.324+05:30 ERROR 35404 --- [payment-service] [main] c.p.payment.security.JwtAuthFilter       : JWT filter error: Test Exception
2026-05-16T11:18:03.330+05:30 DEBUG 35404 --- [payment-service] [main] c.p.payment.security.JwtAuthFilter       : Authenticated: test@test.com [ROLE_DRIVER]
2026-05-16T11:18:04.112+05:30  INFO 35404 --- [payment-service] [main] c.p.payment.service.PaymentServiceImpl   : Processing refund for booking: 100
2026-05-16T11:18:04.116+05:30  INFO 35404 --- [payment-service] [main] c.p.payment.service.PaymentServiceImpl   : Razorpay refund created: refund_123
2026-05-16T11:18:04.125+05:30  INFO 35404 --- [payment-service] [main] c.p.payment.service.PaymentServiceImpl   : Processing refund for booking: 100
2026-05-16T11:18:04.127+05:30  INFO 35404 --- [payment-service] [main] c.p.payment.service.PaymentServiceImpl   : Razorpay refund created: refund_123
2026-05-16T11:18:04.220+05:30  INFO 35404 --- [payment-service] [main] c.p.payment.service.PaymentServiceImpl   : Creating Razorpay order for booking: 100 amount: Rs.150.0
2026-05-16T11:18:04.221+05:30  INFO 35404 --- [payment-service] [main] c.p.payment.service.PaymentServiceImpl   : Razorpay order created: order_123
2026-05-16T11:18:04.226+05:30  INFO 35404 --- [payment-service] [main] c.p.payment.service.PaymentServiceImpl   : Processing refund for booking: 999
2026-05-16T11:18:04.316+05:30  INFO 35404 --- [payment-service] [main] c.p.payment.service.PaymentServiceImpl   : Verifying payment for order: order_123
2026-05-16T11:18:04.318+05:30  INFO 35404 --- [payment-service] [main] c.p.payment.service.PaymentServiceImpl   : Payment 1 verified and marked as PAID
2026-05-16T11:18:04.341+05:30  INFO 35404 --- [payment-service] [main] c.p.payment.service.PaymentServiceImpl   : Creating Razorpay order for booking: 100 amount: Rs.150.0
2026-05-16T11:18:04.348+05:30  INFO 35404 --- [payment-service] [main] c.p.payment.service.PaymentServiceImpl   : Verifying payment for order: order_123
2026-05-16T11:18:04.349+05:30  INFO 35404 --- [payment-service] [main] c.p.payment.service.PaymentServiceImpl   : Payment 1 verified and marked as PAID
2026-05-16T11:18:04.357+05:30  INFO 35404 --- [payment-service] [main] c.p.payment.service.PaymentServiceImpl   : Verifying payment for order: order_123
2026-05-16T11:18:04.357+05:30  INFO 35404 --- [payment-service] [main] c.p.payment.service.PaymentServiceImpl   : Payment 1 verified and marked as PAID
2026-05-16T11:18:04.367+05:30  INFO 35404 --- [payment-service] [main] c.p.payment.service.PaymentServiceImpl   : Receipt missing for payment 1, regenerating...
2026-05-16T11:18:04.387+05:30  INFO 35404 --- [payment-service] [main] c.p.payment.service.PaymentServiceImpl   : Verifying payment for order: order_123
2026-05-16T11:18:04.388+05:30  WARN 35404 --- [payment-service] [main] c.p.payment.service.PaymentServiceImpl   : Invalid signature for order: order_123
2026-05-16T11:18:04.393+05:30  INFO 35404 --- [payment-service] [main] c.p.payment.service.PaymentServiceImpl   : Processing refund for booking: 100
2026-05-16T11:18:04.404+05:30  INFO 35404 --- [payment-service] [main] c.p.payment.service.PaymentServiceImpl   : Processing refund for booking: 100
2026-05-16T11:18:04.406+05:30 ERROR 35404 --- [payment-service] [main] c.p.payment.service.PaymentServiceImpl   : Refund failed for payment 1: Razorpay error
2026-05-16T11:18:04.411+05:30  INFO 35404 --- [payment-service] [main] c.p.payment.service.PaymentServiceImpl   : Receipt missing for payment 1, regenerating...
2026-05-16T11:18:04.418+05:30  INFO 35404 --- [payment-service] [main] c.p.payment.service.PaymentServiceImpl   : Creating Razorpay order for booking: 100 amount: Rs.150.0
2026-05-16T11:18:04.419+05:30 ERROR 35404 --- [payment-service] [main] c.p.payment.service.PaymentServiceImpl   : Razorpay order creation failed: Razorpay error
2026-05-16T11:18:04.424+05:30  INFO 35404 --- [payment-service] [main] c.p.payment.service.PaymentServiceImpl   : Verifying payment for order: order_123
2026-05-16T11:18:04.425+05:30  WARN 35404 --- [payment-service] [main] c.p.payment.service.PaymentServiceImpl   : Could not fetch payment method from Razorpay: Fetch error
2026-05-16T11:18:04.425+05:30  INFO 35404 --- [payment-service] [main] c.p.payment.service.PaymentServiceImpl   : Payment 1 verified and marked as PAID
2026-05-16T11:18:04.431+05:30  INFO 35404 --- [payment-service] [main] c.p.payment.service.PaymentServiceImpl   : Verifying payment for order: order_123
2026-05-16T11:18:04.431+05:30  INFO 35404 --- [payment-service] [main] c.p.payment.service.PaymentServiceImpl   : Payment 1 verified and marked as PAID
2026-05-16T11:18:04.438+05:30  INFO 35404 --- [payment-service] [main] c.p.payment.service.PaymentServiceImpl   : Verifying payment for order: order_not_found
2026-05-16T11:18:04.976+05:30  INFO 35404 --- [payment-service] [main] c.p.payment.service.ReceiptService       : Receipt generated: C:\Users\Hp\AppData\Local\Temp\junit7860144129911324012\ParkEase_Receipt_1.pdf
2026-05-16T11:18:04.989+05:30 ERROR 35404 --- [payment-service] [main] c.p.payment.service.ReceiptService       : Failed to create receipts directory: Z:\non_existent_drive\invalid: Unable to determine if root directory exists
2026-05-16T11:18:04.989+05:30 ERROR 35404 --- [payment-service] [main] c.p.payment.service.ReceiptService       : Failed to generate receipt for payment 1: Z:\non_existent_drive\invalid\ParkEase_Receipt_1.pdf (The system cannot find the path specified)
2026-05-16T11:18:05.081+05:30  WARN 35404 --- [payment-service] [main] com.parkease.payment.util.JwtUtil        : JWT invalid: JWT expired at 2026-05-16T05:48:00Z. Current time: 2026-05-16T05:48:05Z, a difference of 5080 milliseconds.  Allowed clock skew: 0 milliseconds.
2026-05-16T11:18:05.089+05:30  WARN 35404 --- [payment-service] [main] com.parkease.payment.util.JwtUtil        : JWT invalid: JWT strings must contain exactly 2 period characters. Found: 0
2026-05-16T11:18:05.148+05:30  INFO 35404 --- [payment-service] [SpringApplicationShutdownHook] o.s.c.n.e.s.EurekaServiceRegistry        : Unregistering application PAYMENT-SERVICE with eureka with status DOWN
2026-05-16T11:18:05.150+05:30  INFO 35404 --- [payment-service] [SpringApplicationShutdownHook] com.netflix.discovery.DiscoveryClient    : Saw local status change event StatusChangeEvent [timestamp=1778910485148, current=DOWN, previous=UP]
2026-05-16T11:18:05.150+05:30  INFO 35404 --- [payment-service] [DiscoveryClient-InstanceInfoReplicator-0] com.netflix.discovery.DiscoveryClient    : DiscoveryClient_PAYMENT-SERVICE/localhost:payment-service:8086: registering service...
2026-05-16T11:18:05.163+05:30  INFO 35404 --- [payment-service] [DiscoveryClient-InstanceInfoReplicator-0] com.netflix.discovery.DiscoveryClient    : DiscoveryClient_PAYMENT-SERVICE/localhost:payment-service:8086 - registration status: 204
2026-05-16T11:18:05.685+05:30  INFO 35404 --- [payment-service] [SpringApplicationShutdownHook] j.LocalContainerEntityManagerFactoryBean : Closing JPA EntityManagerFactory for persistence unit 'default'
2026-05-16T11:18:05.689+05:30  INFO 35404 --- [payment-service] [SpringApplicationShutdownHook] com.zaxxer.hikari.HikariDataSource       : HikariPool-1 - Shutdown initiated...
2026-05-16T11:18:05.699+05:30  INFO 35404 --- [payment-service] [SpringApplicationShutdownHook] com.zaxxer.hikari.HikariDataSource       : HikariPool-1 - Shutdown completed.
2026-05-16T11:18:05.699+05:30  INFO 35404 --- [payment-service] [SpringApplicationShutdownHook] com.netflix.discovery.DiscoveryClient    : Shutting down DiscoveryClient ...
2026-05-16T11:18:08.709+05:30  INFO 35404 --- [payment-service] [SpringApplicationShutdownHook] com.netflix.discovery.DiscoveryClient    : Unregistering ...
2026-05-16T11:18:08.716+05:30  INFO 35404 --- [payment-service] [SpringApplicationShutdownHook] c.n.d.s.t.d.RedirectingEurekaHttpClient  : Request execution error. endpoint=DefaultEndpoint{ serviceUrl='http://localhost:8761/eureka/} exception=Connection pool shut down stacktrace=java.lang.IllegalStateException: Connection pool shut down
	at org.apache.hc.core5.util.Asserts.check(Asserts.java:38)
	at org.apache.hc.core5.pool.StrictConnPool.lease(StrictConnPool.java:176)
	at org.apache.hc.client5.http.impl.io.PoolingHttpClientConnectionManager.lease(PoolingHttpClientConnectionManager.java:298)
	at org.apache.hc.client5.http.impl.classic.InternalExecRuntime.acquireEndpoint(InternalExecRuntime.java:103)
	at org.apache.hc.client5.http.impl.classic.ConnectExec.execute(ConnectExec.java:125)
	at org.apache.hc.client5.http.impl.classic.ExecChainElement.execute(ExecChainElement.java:51)
	at org.apache.hc.client5.http.impl.classic.ProtocolExec.execute(ProtocolExec.java:192)
	at org.apache.hc.client5.http.impl.classic.ExecChainElement.execute(ExecChainElement.java:51)
	at org.apache.hc.client5.http.impl.classic.HttpRequestRetryExec.execute(HttpRequestRetryExec.java:96)
	at org.apache.hc.client5.http.impl.classic.ExecChainElement.execute(ExecChainElement.java:51)
	at org.apache.hc.client5.http.impl.classic.ContentCompressionExec.execute(ContentCompressionExec.java:152)
	at org.apache.hc.client5.http.impl.classic.ExecChainElement.execute(ExecChainElement.java:51)
	at org.apache.hc.client5.http.impl.classic.RedirectExec.execute(RedirectExec.java:115)
	at org.apache.hc.client5.http.impl.classic.ExecChainElement.execute(ExecChainElement.java:51)
	at org.apache.hc.client5.http.impl.classic.InternalHttpClient.doExecute(InternalHttpClient.java:170)
	at org.apache.hc.client5.http.impl.classic.CloseableHttpClient.execute(CloseableHttpClient.java:87)
	at org.apache.hc.client5.http.impl.classic.CloseableHttpClient.execute(CloseableHttpClient.java:55)
	at org.apache.hc.client5.http.classic.HttpClient.executeOpen(HttpClient.java:183)
	at org.springframework.http.client.HttpComponentsClientHttpRequest.executeInternal(HttpComponentsClientHttpRequest.java:95)
	at org.springframework.http.client.AbstractStreamingClientHttpRequest.executeInternal(AbstractStreamingClientHttpRequest.java:70)
	at org.springframework.http.client.AbstractClientHttpRequest.execute(AbstractClientHttpRequest.java:66)
	at org.springframework.http.client.InterceptingClientHttpRequest$InterceptingRequestExecution.execute(InterceptingClientHttpRequest.java:101)
	at org.springframework.cloud.netflix.eureka.http.RestTemplateTransportClientFactory.lambda$restTemplate$0(RestTemplateTransportClientFactory.java:143)
	at org.springframework.http.client.InterceptingClientHttpRequest$InterceptingRequestExecution.execute(InterceptingClientHttpRequest.java:87)
	at org.springframework.http.client.InterceptingClientHttpRequest.executeInternal(InterceptingClientHttpRequest.java:71)
	at org.springframework.http.client.AbstractBufferingClientHttpRequest.executeInternal(AbstractBufferingClientHttpRequest.java:48)
	at org.springframework.http.client.AbstractClientHttpRequest.execute(AbstractClientHttpRequest.java:66)
	at org.springframework.web.client.RestTemplate.doExecute(RestTemplate.java:879)
	at org.springframework.web.client.RestTemplate.execute(RestTemplate.java:781)
	at org.springframework.web.client.RestTemplate.exchange(RestTemplate.java:663)
	at org.springframework.cloud.netflix.eureka.http.RestTemplateEurekaHttpClient.cancel(RestTemplateEurekaHttpClient.java:87)
	at com.netflix.discovery.shared.transport.decorator.EurekaHttpClientDecorator$2.execute(EurekaHttpClientDecorator.java:74)
	at com.netflix.discovery.shared.transport.decorator.RedirectingEurekaHttpClient.execute(RedirectingEurekaHttpClient.java:91)
	at com.netflix.discovery.shared.transport.decorator.EurekaHttpClientDecorator.cancel(EurekaHttpClientDecorator.java:71)
	at com.netflix.discovery.shared.transport.decorator.EurekaHttpClientDecorator$2.execute(EurekaHttpClientDecorator.java:74)
	at com.netflix.discovery.shared.transport.decorator.RetryableEurekaHttpClient.execute(RetryableEurekaHttpClient.java:120)
	at com.netflix.discovery.shared.transport.decorator.EurekaHttpClientDecorator.cancel(EurekaHttpClientDecorator.java:71)
	at com.netflix.discovery.shared.transport.decorator.EurekaHttpClientDecorator$2.execute(EurekaHttpClientDecorator.java:74)
	at com.netflix.discovery.shared.transport.decorator.SessionedEurekaHttpClient.execute(SessionedEurekaHttpClient.java:77)
	at com.netflix.discovery.shared.transport.decorator.EurekaHttpClientDecorator.cancel(EurekaHttpClientDecorator.java:71)
	at com.netflix.discovery.DiscoveryClient.unregister(DiscoveryClient.java:916)
	at com.netflix.discovery.DiscoveryClient.shutdown(DiscoveryClient.java:892)
	at java.base/jdk.internal.reflect.DirectMethodHandleAccessor.invoke(DirectMethodHandleAccessor.java:103)
	at java.base/java.lang.reflect.Method.invoke(Method.java:580)
	at org.springframework.beans.factory.annotation.InitDestroyAnnotationBeanPostProcessor$LifecycleMethod.invoke(InitDestroyAnnotationBeanPostProcessor.java:457)
	at org.springframework.beans.factory.annotation.InitDestroyAnnotationBeanPostProcessor$LifecycleMetadata.invokeDestroyMethods(InitDestroyAnnotationBeanPostProcessor.java:415)
	at org.springframework.beans.factory.annotation.InitDestroyAnnotationBeanPostProcessor.postProcessBeforeDestruction(InitDestroyAnnotationBeanPostProcessor.java:239)
	at org.springframework.beans.factory.support.DisposableBeanAdapter.destroy(DisposableBeanAdapter.java:202)
	at org.springframework.beans.factory.support.DisposableBeanAdapter.run(DisposableBeanAdapter.java:195)
	at org.springframework.cloud.context.scope.GenericScope$BeanLifecycleWrapper.destroy(GenericScope.java:389)
	at org.springframework.cloud.context.scope.GenericScope.destroy(GenericScope.java:136)
	at org.springframework.beans.factory.support.DisposableBeanAdapter.destroy(DisposableBeanAdapter.java:211)
	at org.springframework.beans.factory.support.DefaultSingletonBeanRegistry.destroyBean(DefaultSingletonBeanRegistry.java:587)
	at org.springframework.beans.factory.support.DefaultSingletonBeanRegistry.destroySingleton(DefaultSingletonBeanRegistry.java:559)
	at org.springframework.beans.factory.support.DefaultListableBeanFactory.destroySingleton(DefaultListableBeanFactory.java:1200)
	at org.springframework.beans.factory.support.DefaultSingletonBeanRegistry.destroySingletons(DefaultSingletonBeanRegistry.java:520)
	at org.springframework.beans.factory.support.DefaultListableBeanFactory.destroySingletons(DefaultListableBeanFactory.java:1193)
	at org.springframework.context.support.AbstractApplicationContext.destroyBeans(AbstractApplicationContext.java:1125)
	at org.springframework.context.support.AbstractApplicationContext.doClose(AbstractApplicationContext.java:1086)
	at org.springframework.context.support.AbstractApplicationContext.close(AbstractApplicationContext.java:1037)
	at org.springframework.boot.SpringApplicationShutdownHook.closeAndWait(SpringApplicationShutdownHook.java:145)
	at java.base/java.lang.Iterable.forEach(Iterable.java:75)
	at org.springframework.boot.SpringApplicationShutdownHook.run(SpringApplicationShutdownHook.java:114)
	at java.base/java.lang.Thread.run(Thread.java:1583)

2026-05-16T11:18:08.716+05:30  WARN 35404 --- [payment-service] [SpringApplicationShutdownHook] c.n.d.s.t.d.RetryableEurekaHttpClient    : Request execution failed with message: Connection pool shut down
2026-05-16T11:18:08.722+05:30  INFO 35404 --- [payment-service] [SpringApplicationShutdownHook] c.n.d.s.t.d.RedirectingEurekaHttpClient  : Request execution error. endpoint=DefaultEndpoint{ serviceUrl='http://localhost:8761/eureka/}, exception=Connection pool shut down stacktrace=java.lang.IllegalStateException: Connection pool shut down
	at org.apache.hc.core5.util.Asserts.check(Asserts.java:38)
	at org.apache.hc.core5.pool.StrictConnPool.lease(StrictConnPool.java:176)
	at org.apache.hc.client5.http.impl.io.PoolingHttpClientConnectionManager.lease(PoolingHttpClientConnectionManager.java:298)
	at org.apache.hc.client5.http.impl.classic.InternalExecRuntime.acquireEndpoint(InternalExecRuntime.java:103)
	at org.apache.hc.client5.http.impl.classic.ConnectExec.execute(ConnectExec.java:125)
	at org.apache.hc.client5.http.impl.classic.ExecChainElement.execute(ExecChainElement.java:51)
	at org.apache.hc.client5.http.impl.classic.ProtocolExec.execute(ProtocolExec.java:192)
	at org.apache.hc.client5.http.impl.classic.ExecChainElement.execute(ExecChainElement.java:51)
	at org.apache.hc.client5.http.impl.classic.HttpRequestRetryExec.execute(HttpRequestRetryExec.java:96)
	at org.apache.hc.client5.http.impl.classic.ExecChainElement.execute(ExecChainElement.java:51)
	at org.apache.hc.client5.http.impl.classic.ContentCompressionExec.execute(ContentCompressionExec.java:152)
	at org.apache.hc.client5.http.impl.classic.ExecChainElement.execute(ExecChainElement.java:51)
	at org.apache.hc.client5.http.impl.classic.RedirectExec.execute(RedirectExec.java:115)
	at org.apache.hc.client5.http.impl.classic.ExecChainElement.execute(ExecChainElement.java:51)
	at org.apache.hc.client5.http.impl.classic.InternalHttpClient.doExecute(InternalHttpClient.java:170)
	at org.apache.hc.client5.http.impl.classic.CloseableHttpClient.execute(CloseableHttpClient.java:87)
	at org.apache.hc.client5.http.impl.classic.CloseableHttpClient.execute(CloseableHttpClient.java:55)
	at org.apache.hc.client5.http.classic.HttpClient.executeOpen(HttpClient.java:183)
	at org.springframework.http.client.HttpComponentsClientHttpRequest.executeInternal(HttpComponentsClientHttpRequest.java:95)
	at org.springframework.http.client.AbstractStreamingClientHttpRequest.executeInternal(AbstractStreamingClientHttpRequest.java:70)
	at org.springframework.http.client.AbstractClientHttpRequest.execute(AbstractClientHttpRequest.java:66)
	at org.springframework.http.client.InterceptingClientHttpRequest$InterceptingRequestExecution.execute(InterceptingClientHttpRequest.java:101)
	at org.springframework.cloud.netflix.eureka.http.RestTemplateTransportClientFactory.lambda$restTemplate$0(RestTemplateTransportClientFactory.java:143)
	at org.springframework.http.client.InterceptingClientHttpRequest$InterceptingRequestExecution.execute(InterceptingClientHttpRequest.java:87)
	at org.springframework.http.client.InterceptingClientHttpRequest.executeInternal(InterceptingClientHttpRequest.java:71)
	at org.springframework.http.client.AbstractBufferingClientHttpRequest.executeInternal(AbstractBufferingClientHttpRequest.java:48)
	at org.springframework.http.client.AbstractClientHttpRequest.execute(AbstractClientHttpRequest.java:66)
	at org.springframework.web.client.RestTemplate.doExecute(RestTemplate.java:879)
	at org.springframework.web.client.RestTemplate.execute(RestTemplate.java:781)
	at org.springframework.web.client.RestTemplate.exchange(RestTemplate.java:663)
	at org.springframework.cloud.netflix.eureka.http.RestTemplateEurekaHttpClient.cancel(RestTemplateEurekaHttpClient.java:87)
	at com.netflix.discovery.shared.transport.decorator.EurekaHttpClientDecorator$2.execute(EurekaHttpClientDecorator.java:74)
	at com.netflix.discovery.shared.transport.decorator.RedirectingEurekaHttpClient.executeOnNewServer(RedirectingEurekaHttpClient.java:121)
	at com.netflix.discovery.shared.transport.decorator.RedirectingEurekaHttpClient.execute(RedirectingEurekaHttpClient.java:80)
	at com.netflix.discovery.shared.transport.decorator.EurekaHttpClientDecorator.cancel(EurekaHttpClientDecorator.java:71)
	at com.netflix.discovery.shared.transport.decorator.EurekaHttpClientDecorator$2.execute(EurekaHttpClientDecorator.java:74)
	at com.netflix.discovery.shared.transport.decorator.RetryableEurekaHttpClient.execute(RetryableEurekaHttpClient.java:120)
	at com.netflix.discovery.shared.transport.decorator.EurekaHttpClientDecorator.cancel(EurekaHttpClientDecorator.java:71)
	at com.netflix.discovery.shared.transport.decorator.EurekaHttpClientDecorator$2.execute(EurekaHttpClientDecorator.java:74)
	at com.netflix.discovery.shared.transport.decorator.SessionedEurekaHttpClient.execute(SessionedEurekaHttpClient.java:77)
	at com.netflix.discovery.shared.transport.decorator.EurekaHttpClientDecorator.cancel(EurekaHttpClientDecorator.java:71)
	at com.netflix.discovery.DiscoveryClient.unregister(DiscoveryClient.java:916)
	at com.netflix.discovery.DiscoveryClient.shutdown(DiscoveryClient.java:892)
	at java.base/jdk.internal.reflect.DirectMethodHandleAccessor.invoke(DirectMethodHandleAccessor.java:103)
	at java.base/java.lang.reflect.Method.invoke(Method.java:580)
	at org.springframework.beans.factory.annotation.InitDestroyAnnotationBeanPostProcessor$LifecycleMethod.invoke(InitDestroyAnnotationBeanPostProcessor.java:457)
	at org.springframework.beans.factory.annotation.InitDestroyAnnotationBeanPostProcessor$LifecycleMetadata.invokeDestroyMethods(InitDestroyAnnotationBeanPostProcessor.java:415)
	at org.springframework.beans.factory.annotation.InitDestroyAnnotationBeanPostProcessor.postProcessBeforeDestruction(InitDestroyAnnotationBeanPostProcessor.java:239)
	at org.springframework.beans.factory.support.DisposableBeanAdapter.destroy(DisposableBeanAdapter.java:202)
	at org.springframework.beans.factory.support.DisposableBeanAdapter.run(DisposableBeanAdapter.java:195)
	at org.springframework.cloud.context.scope.GenericScope$BeanLifecycleWrapper.destroy(GenericScope.java:389)
	at org.springframework.cloud.context.scope.GenericScope.destroy(GenericScope.java:136)
	at org.springframework.beans.factory.support.DisposableBeanAdapter.destroy(DisposableBeanAdapter.java:211)
	at org.springframework.beans.factory.support.DefaultSingletonBeanRegistry.destroyBean(DefaultSingletonBeanRegistry.java:587)
	at org.springframework.beans.factory.support.DefaultSingletonBeanRegistry.destroySingleton(DefaultSingletonBeanRegistry.java:559)
	at org.springframework.beans.factory.support.DefaultListableBeanFactory.destroySingleton(DefaultListableBeanFactory.java:1200)
	at org.springframework.beans.factory.support.DefaultSingletonBeanRegistry.destroySingletons(DefaultSingletonBeanRegistry.java:520)
	at org.springframework.beans.factory.support.DefaultListableBeanFactory.destroySingletons(DefaultListableBeanFactory.java:1193)
	at org.springframework.context.support.AbstractApplicationContext.destroyBeans(AbstractApplicationContext.java:1125)
	at org.springframework.context.support.AbstractApplicationContext.doClose(AbstractApplicationContext.java:1086)
	at org.springframework.context.support.AbstractApplicationContext.close(AbstractApplicationContext.java:1037)
	at org.springframework.boot.SpringApplicationShutdownHook.closeAndWait(SpringApplicationShutdownHook.java:145)
	at java.base/java.lang.Iterable.forEach(Iterable.java:75)
	at org.springframework.boot.SpringApplicationShutdownHook.run(SpringApplicationShutdownHook.java:114)
	at java.base/java.lang.Thread.run(Thread.java:1583)

2026-05-16T11:18:08.722+05:30  WARN 35404 --- [payment-service] [SpringApplicationShutdownHook] c.n.d.s.t.d.RetryableEurekaHttpClient    : Request execution failed with message: Connection pool shut down
2026-05-16T11:18:08.722+05:30 ERROR 35404 --- [payment-service] [SpringApplicationShutdownHook] com.netflix.discovery.DiscoveryClient    : DiscoveryClient_PAYMENT-SERVICE/localhost:payment-service:8086 - de-registration failedCannot execute request on any known server

com.netflix.discovery.shared.transport.TransportException: Cannot execute request on any known server
	at com.netflix.discovery.shared.transport.decorator.RetryableEurekaHttpClient.execute(RetryableEurekaHttpClient.java:112) ~[eureka-client-2.0.2.jar:2.0.2]
	at com.netflix.discovery.shared.transport.decorator.EurekaHttpClientDecorator.cancel(EurekaHttpClientDecorator.java:71) ~[eureka-client-2.0.2.jar:2.0.2]
	at com.netflix.discovery.shared.transport.decorator.EurekaHttpClientDecorator$2.execute(EurekaHttpClientDecorator.java:74) ~[eureka-client-2.0.2.jar:2.0.2]
	at com.netflix.discovery.shared.transport.decorator.SessionedEurekaHttpClient.execute(SessionedEurekaHttpClient.java:77) ~[eureka-client-2.0.2.jar:2.0.2]
	at com.netflix.discovery.shared.transport.decorator.EurekaHttpClientDecorator.cancel(EurekaHttpClientDecorator.java:71) ~[eureka-client-2.0.2.jar:2.0.2]
	at com.netflix.discovery.DiscoveryClient.unregister(DiscoveryClient.java:916) ~[eureka-client-2.0.2.jar:2.0.2]
	at com.netflix.discovery.DiscoveryClient.shutdown(DiscoveryClient.java:892) ~[eureka-client-2.0.2.jar:2.0.2]
	at java.base/jdk.internal.reflect.DirectMethodHandleAccessor.invoke(DirectMethodHandleAccessor.java:103) ~[na:na]
	at java.base/java.lang.reflect.Method.invoke(Method.java:580) ~[na:na]
	at org.springframework.beans.factory.annotation.InitDestroyAnnotationBeanPostProcessor$LifecycleMethod.invoke(InitDestroyAnnotationBeanPostProcessor.java:457) ~[spring-beans-6.1.1.jar:6.1.1]
	at org.springframework.beans.factory.annotation.InitDestroyAnnotationBeanPostProcessor$LifecycleMetadata.invokeDestroyMethods(InitDestroyAnnotationBeanPostProcessor.java:415) ~[spring-beans-6.1.1.jar:6.1.1]
	at org.springframework.beans.factory.annotation.InitDestroyAnnotationBeanPostProcessor.postProcessBeforeDestruction(InitDestroyAnnotationBeanPostProcessor.java:239) ~[spring-beans-6.1.1.jar:6.1.1]
	at org.springframework.beans.factory.support.DisposableBeanAdapter.destroy(DisposableBeanAdapter.java:202) ~[spring-beans-6.1.1.jar:6.1.1]
	at org.springframework.beans.factory.support.DisposableBeanAdapter.run(DisposableBeanAdapter.java:195) ~[spring-beans-6.1.1.jar:6.1.1]
	at org.springframework.cloud.context.scope.GenericScope$BeanLifecycleWrapper.destroy(GenericScope.java:389) ~[spring-cloud-context-4.1.2.jar:4.1.2]
	at org.springframework.cloud.context.scope.GenericScope.destroy(GenericScope.java:136) ~[spring-cloud-context-4.1.2.jar:4.1.2]
	at org.springframework.beans.factory.support.DisposableBeanAdapter.destroy(DisposableBeanAdapter.java:211) ~[spring-beans-6.1.1.jar:6.1.1]
	at org.springframework.beans.factory.support.DefaultSingletonBeanRegistry.destroyBean(DefaultSingletonBeanRegistry.java:587) ~[spring-beans-6.1.1.jar:6.1.1]
	at org.springframework.beans.factory.support.DefaultSingletonBeanRegistry.destroySingleton(DefaultSingletonBeanRegistry.java:559) ~[spring-beans-6.1.1.jar:6.1.1]
	at org.springframework.beans.factory.support.DefaultListableBeanFactory.destroySingleton(DefaultListableBeanFactory.java:1200) ~[spring-beans-6.1.1.jar:6.1.1]
	at org.springframework.beans.factory.support.DefaultSingletonBeanRegistry.destroySingletons(DefaultSingletonBeanRegistry.java:520) ~[spring-beans-6.1.1.jar:6.1.1]
	at org.springframework.beans.factory.support.DefaultListableBeanFactory.destroySingletons(DefaultListableBeanFactory.java:1193) ~[spring-beans-6.1.1.jar:6.1.1]
	at org.springframework.context.support.AbstractApplicationContext.destroyBeans(AbstractApplicationContext.java:1125) ~[spring-context-6.1.1.jar:6.1.1]
	at org.springframework.context.support.AbstractApplicationContext.doClose(AbstractApplicationContext.java:1086) ~[spring-context-6.1.1.jar:6.1.1]
	at org.springframework.context.support.AbstractApplicationContext.close(AbstractApplicationContext.java:1037) ~[spring-context-6.1.1.jar:6.1.1]
	at org.springframework.boot.SpringApplicationShutdownHook.closeAndWait(SpringApplicationShutdownHook.java:145) ~[spring-boot-3.2.0.jar:3.2.0]
	at java.base/java.lang.Iterable.forEach(Iterable.java:75) ~[na:na]
	at org.springframework.boot.SpringApplicationShutdownHook.run(SpringApplicationShutdownHook.java:114) ~[spring-boot-3.2.0.jar:3.2.0]
	at java.base/java.lang.Thread.run(Thread.java:1583) ~[na:na]

2026-05-16T11:18:08.730+05:30  INFO 35404 --- [payment-service] [SpringApplicationShutdownHook] com.netflix.discovery.DiscoveryClient    : Completed shut down of DiscoveryClient
2026-05-16T11:22:39.272+05:30  INFO 39800 --- [payment-service] [AsyncResolver-bootstrap-executor-0] c.n.d.s.r.aws.ConfigClusterResolver      : Resolving eureka endpoints via configuration
2026-05-16T11:27:39.286+05:30  INFO 39800 --- [payment-service] [AsyncResolver-bootstrap-executor-0] c.n.d.s.r.aws.ConfigClusterResolver      : Resolving eureka endpoints via configuration
2026-05-16T11:30:41.282+05:30  WARN 20668 --- [payment-service] [main] ory$DuplicateJsonObjectContextCustomizer : 

Found multiple occurrences of org.json.JSONObject on the class path:

	jar:file:/C:/Users/Hp/.m2/repository/org/json/json/20180130/json-20180130.jar!/org/json/JSONObject.class
	jar:file:/C:/Users/Hp/.m2/repository/com/vaadin/external/google/android-json/0.0.20131108.vaadin1/android-json-0.0.20131108.vaadin1.jar!/org/json/JSONObject.class

You may wish to exclude one of them to ensure predictable runtime behavior

2026-05-16T11:30:41.361+05:30  INFO 20668 --- [payment-service] [main] c.p.p.PaymentServiceApplicationTests     : Starting PaymentServiceApplicationTests using Java 21.0.10 with PID 20668 (started by Hp in C:\Users\Hp\Desktop\Parkease-Backend\payment-service)
2026-05-16T11:30:41.362+05:30 DEBUG 20668 --- [payment-service] [main] c.p.p.PaymentServiceApplicationTests     : Running with Spring Boot v3.2.0, Spring v6.1.1
2026-05-16T11:30:41.363+05:30  INFO 20668 --- [payment-service] [main] c.p.p.PaymentServiceApplicationTests     : No active profile set, falling back to 1 default profile: "default"
2026-05-16T11:30:43.922+05:30  INFO 20668 --- [payment-service] [main] .s.d.r.c.RepositoryConfigurationDelegate : Bootstrapping Spring Data JPA repositories in DEFAULT mode.
2026-05-16T11:30:44.069+05:30  INFO 20668 --- [payment-service] [main] .s.d.r.c.RepositoryConfigurationDelegate : Finished Spring Data repository scanning in 131 ms. Found 3 JPA repository interfaces.
2026-05-16T11:30:44.631+05:30  INFO 20668 --- [payment-service] [main] o.s.cloud.context.scope.GenericScope     : BeanFactory id=fa746c78-4274-3410-82cb-e52e461e88e9
2026-05-16T11:30:45.522+05:30  WARN 20668 --- [payment-service] [main] trationDelegate$BeanPostProcessorChecker : Bean 'org.springframework.cloud.client.loadbalancer.LoadBalancerAutoConfiguration$DeferringLoadBalancerInterceptorConfig' of type [org.springframework.cloud.client.loadbalancer.LoadBalancerAutoConfiguration$DeferringLoadBalancerInterceptorConfig] is not eligible for getting processed by all BeanPostProcessors (for example: not eligible for auto-proxying). The currently created BeanPostProcessor [lbRestClientPostProcessor] is declared through a non-static factory method on that class; consider declaring it as static instead.
2026-05-16T11:30:45.530+05:30  WARN 20668 --- [payment-service] [main] trationDelegate$BeanPostProcessorChecker : Bean 'deferringLoadBalancerInterceptor' of type [org.springframework.cloud.client.loadbalancer.DeferringLoadBalancerInterceptor] is not eligible for getting processed by all BeanPostProcessors (for example: not eligible for auto-proxying). Is this bean getting eagerly injected into a currently created BeanPostProcessor [lbRestClientPostProcessor]? Check the corresponding BeanPostProcessor declaration and its dependencies.
2026-05-16T11:30:45.968+05:30  INFO 20668 --- [payment-service] [main] o.hibernate.jpa.internal.util.LogHelper  : HHH000204: Processing PersistenceUnitInfo [name: default]
2026-05-16T11:30:46.151+05:30  INFO 20668 --- [payment-service] [main] org.hibernate.Version                    : HHH000412: Hibernate ORM core version 6.3.1.Final
2026-05-16T11:30:46.266+05:30  INFO 20668 --- [payment-service] [main] o.h.c.internal.RegionFactoryInitiator    : HHH000026: Second-level cache disabled
2026-05-16T11:30:46.539+05:30  INFO 20668 --- [payment-service] [main] o.s.o.j.p.SpringPersistenceUnitInfo      : No LoadTimeWeaver setup: ignoring JPA class transformer
2026-05-16T11:30:46.601+05:30  INFO 20668 --- [payment-service] [main] com.zaxxer.hikari.HikariDataSource       : HikariPool-1 - Starting...
2026-05-16T11:30:47.070+05:30  INFO 20668 --- [payment-service] [main] com.zaxxer.hikari.pool.HikariPool        : HikariPool-1 - Added connection com.mysql.cj.jdbc.ConnectionImpl@1ed14ca1
2026-05-16T11:30:47.074+05:30  INFO 20668 --- [payment-service] [main] com.zaxxer.hikari.HikariDataSource       : HikariPool-1 - Start completed.
2026-05-16T11:30:47.204+05:30  WARN 20668 --- [payment-service] [main] org.hibernate.orm.deprecation            : HHH90000025: MySQLDialect does not need to be specified explicitly using 'hibernate.dialect' (remove the property setting and it will be selected by default)
2026-05-16T11:30:48.949+05:30  INFO 20668 --- [payment-service] [main] o.h.e.t.j.p.i.JtaPlatformInitiator       : HHH000489: No JTA platform available (set 'hibernate.transaction.jta.platform' to enable JTA platform integration)
2026-05-16T11:30:49.079+05:30  INFO 20668 --- [payment-service] [main] j.LocalContainerEntityManagerFactoryBean : Initialized JPA EntityManagerFactory for persistence unit 'default'
2026-05-16T11:30:50.245+05:30  INFO 20668 --- [payment-service] [main] c.p.payment.config.RazorpayConfig        : Initializing Razorpay client with key: rzp_test...
2026-05-16T11:30:51.653+05:30  INFO 20668 --- [payment-service] [main] o.s.d.j.r.query.QueryEnhancerFactory     : Hibernate is in classpath; If applicable, HQL parser will be used.
2026-05-16T11:30:53.267+05:30  WARN 20668 --- [payment-service] [main] JpaBaseConfiguration$JpaWebConfiguration : spring.jpa.open-in-view is enabled by default. Therefore, database queries may be performed during view rendering. Explicitly configure spring.jpa.open-in-view to disable this warning
2026-05-16T11:30:53.419+05:30  WARN 20668 --- [payment-service] [main] .s.s.UserDetailsServiceAutoConfiguration : 

Using generated security password: 163dd63a-bb9e-46de-9d68-99aa904f2923

This generated password is for development use only. Your security configuration must be updated before running your application in production.

2026-05-16T11:30:55.420+05:30  INFO 20668 --- [payment-service] [main] o.s.cloud.commons.util.InetUtils         : Cannot determine local hostname
2026-05-16T11:30:55.852+05:30  INFO 20668 --- [payment-service] [main] o.s.b.a.e.web.EndpointLinksResolver      : Exposing 17 endpoint(s) beneath base path '/actuator'
2026-05-16T11:30:55.984+05:30  INFO 20668 --- [payment-service] [main] o.s.s.web.DefaultSecurityFilterChain     : Will secure any request with [org.springframework.security.web.session.DisableEncodeUrlFilter@62c923e1, org.springframework.security.web.context.request.async.WebAsyncManagerIntegrationFilter@6f1e0641, org.springframework.security.web.context.SecurityContextHolderFilter@38982b40, org.springframework.security.web.header.HeaderWriterFilter@32857319, org.springframework.web.filter.CorsFilter@7e54634b, org.springframework.security.web.authentication.logout.LogoutFilter@4d1777dd, com.parkease.payment.security.JwtAuthFilter@50100b54, org.springframework.security.web.savedrequest.RequestCacheAwareFilter@1cb76301, org.springframework.security.web.servletapi.SecurityContextHolderAwareRequestFilter@3325a2cd, org.springframework.security.web.authentication.AnonymousAuthenticationFilter@5ac80203, org.springframework.security.web.session.SessionManagementFilter@753d7dea, org.springframework.security.web.access.ExceptionTranslationFilter@1eef4756, org.springframework.security.web.access.intercept.AuthorizationFilter@27b0b2aa]
2026-05-16T11:30:58.735+05:30  INFO 20668 --- [payment-service] [main] o.s.cloud.commons.util.InetUtils         : Cannot determine local hostname
2026-05-16T11:30:58.761+05:30  INFO 20668 --- [payment-service] [main] DiscoveryClientOptionalArgsConfiguration : Eureka HTTP Client uses RestTemplate.
2026-05-16T11:30:58.920+05:30  WARN 20668 --- [payment-service] [main] iguration$LoadBalancerCaffeineWarnLogger : Spring Cloud LoadBalancer is currently working with the default cache. While this cache implementation is useful for development and tests, it's recommended to use Caffeine cache in production.You can switch to using Caffeine cache, by adding it and org.springframework.cache.caffeine.CaffeineCacheManager to the classpath.
2026-05-16T11:30:59.024+05:30  INFO 20668 --- [payment-service] [main] o.s.c.n.eureka.InstanceInfoFactory       : Setting initial instance status as: STARTING
2026-05-16T11:30:59.213+05:30  INFO 20668 --- [payment-service] [main] com.netflix.discovery.DiscoveryClient    : Initializing Eureka in region us-east-1
2026-05-16T11:30:59.221+05:30  INFO 20668 --- [payment-service] [main] c.n.d.s.r.aws.ConfigClusterResolver      : Resolving eureka endpoints via configuration
2026-05-16T11:30:59.268+05:30  INFO 20668 --- [payment-service] [main] com.netflix.discovery.DiscoveryClient    : Disable delta property : false
2026-05-16T11:30:59.269+05:30  INFO 20668 --- [payment-service] [main] com.netflix.discovery.DiscoveryClient    : Single vip registry refresh property : null
2026-05-16T11:30:59.269+05:30  INFO 20668 --- [payment-service] [main] com.netflix.discovery.DiscoveryClient    : Force full registry fetch : false
2026-05-16T11:30:59.269+05:30  INFO 20668 --- [payment-service] [main] com.netflix.discovery.DiscoveryClient    : Application is null : false
2026-05-16T11:30:59.269+05:30  INFO 20668 --- [payment-service] [main] com.netflix.discovery.DiscoveryClient    : Registered Applications size is zero : true
2026-05-16T11:30:59.270+05:30  INFO 20668 --- [payment-service] [main] com.netflix.discovery.DiscoveryClient    : Application version is -1: true
2026-05-16T11:30:59.270+05:30  INFO 20668 --- [payment-service] [main] com.netflix.discovery.DiscoveryClient    : Getting all instance registry info from the eureka server
2026-05-16T11:30:59.545+05:30  INFO 20668 --- [payment-service] [main] com.netflix.discovery.DiscoveryClient    : The response status is 200
2026-05-16T11:30:59.550+05:30  INFO 20668 --- [payment-service] [main] com.netflix.discovery.DiscoveryClient    : Starting heartbeat executor: renew interval is: 30
2026-05-16T11:30:59.553+05:30  INFO 20668 --- [payment-service] [main] c.n.discovery.InstanceInfoReplicator     : InstanceInfoReplicator onDemand update allowed rate per min is 4
2026-05-16T11:30:59.560+05:30  INFO 20668 --- [payment-service] [main] com.netflix.discovery.DiscoveryClient    : Discovery Client initialized at timestamp 1778911259559 with initial instances count: 9
2026-05-16T11:30:59.572+05:30  INFO 20668 --- [payment-service] [main] o.s.c.n.e.s.EurekaServiceRegistry        : Registering application PAYMENT-SERVICE with eureka with status UP
2026-05-16T11:30:59.573+05:30  INFO 20668 --- [payment-service] [main] com.netflix.discovery.DiscoveryClient    : Saw local status change event StatusChangeEvent [timestamp=1778911259573, current=UP, previous=STARTING]
2026-05-16T11:30:59.576+05:30  INFO 20668 --- [payment-service] [DiscoveryClient-InstanceInfoReplicator-0] com.netflix.discovery.DiscoveryClient    : DiscoveryClient_PAYMENT-SERVICE/localhost:payment-service:8086: registering service...
2026-05-16T11:30:59.613+05:30  INFO 20668 --- [payment-service] [main] c.p.p.PaymentServiceApplicationTests     : Started PaymentServiceApplicationTests in 20.349 seconds (process running for 30.728)
2026-05-16T11:30:59.624+05:30  INFO 20668 --- [payment-service] [main] c.p.payment.PaymentServiceApplication    : Executing database migration to alter pass_balances.status column to VARCHAR...
2026-05-16T11:30:59.630+05:30  INFO 20668 --- [payment-service] [DiscoveryClient-InstanceInfoReplicator-0] com.netflix.discovery.DiscoveryClient    : DiscoveryClient_PAYMENT-SERVICE/localhost:payment-service:8086 - registration status: 204
2026-05-16T11:30:59.682+05:30  INFO 20668 --- [payment-service] [main] c.p.payment.PaymentServiceApplication    : Migration successful.
2026-05-16T11:30:59.687+05:30 ERROR 20668 --- [payment-service] [registrationTask1] o.s.s.s.TaskUtils$LoggingErrorHandler    : Unexpected error occurred in scheduled task

java.lang.IllegalStateException: couldn't determine local port. Please set spring.boot.admin.client.instance.service-base-url.
	at de.codecentric.boot.admin.client.registration.DefaultApplicationFactory.getLocalServerPort(DefaultApplicationFactory.java:205) ~[spring-boot-admin-client-3.2.3.jar:3.2.3]
	at de.codecentric.boot.admin.client.registration.DefaultApplicationFactory.getServiceBaseUrl(DefaultApplicationFactory.java:109) ~[spring-boot-admin-client-3.2.3.jar:3.2.3]
	at de.codecentric.boot.admin.client.registration.ServletApplicationFactory.getServiceUrl(ServletApplicationFactory.java:62) ~[spring-boot-admin-client-3.2.3.jar:3.2.3]
	at de.codecentric.boot.admin.client.registration.ServletApplicationFactory.getManagementBaseUrl(ServletApplicationFactory.java:77) ~[spring-boot-admin-client-3.2.3.jar:3.2.3]
	at de.codecentric.boot.admin.client.registration.DefaultApplicationFactory.getHealthUrl(DefaultApplicationFactory.java:165) ~[spring-boot-admin-client-3.2.3.jar:3.2.3]
	at de.codecentric.boot.admin.client.registration.DefaultApplicationFactory.createApplication(DefaultApplicationFactory.java:80) ~[spring-boot-admin-client-3.2.3.jar:3.2.3]
	at de.codecentric.boot.admin.client.registration.DefaultApplicationRegistrator.register(DefaultApplicationRegistrator.java:56) ~[spring-boot-admin-client-3.2.3.jar:3.2.3]
	at org.springframework.scheduling.support.DelegatingErrorHandlingRunnable.run(DelegatingErrorHandlingRunnable.java:54) ~[spring-context-6.1.1.jar:6.1.1]
	at java.base/java.util.concurrent.Executors$RunnableAdapter.call(Executors.java:572) ~[na:na]
	at java.base/java.util.concurrent.FutureTask.runAndReset(FutureTask.java:358) ~[na:na]
	at java.base/java.util.concurrent.ScheduledThreadPoolExecutor$ScheduledFutureTask.run(ScheduledThreadPoolExecutor.java:305) ~[na:na]
	at java.base/java.util.concurrent.ThreadPoolExecutor.runWorker(ThreadPoolExecutor.java:1144) ~[na:na]
	at java.base/java.util.concurrent.ThreadPoolExecutor$Worker.run(ThreadPoolExecutor.java:642) ~[na:na]
	at java.base/java.lang.Thread.run(Thread.java:1583) ~[na:na]

2026-05-16T11:31:00.158+05:30 DEBUG 20668 --- [payment-service] [main] c.p.payment.security.JwtAuthFilter       : Authenticated: test@test.com [ROLE_DRIVER]
2026-05-16T11:31:00.166+05:30 ERROR 20668 --- [payment-service] [main] c.p.payment.security.JwtAuthFilter       : JWT filter error: Test Exception
2026-05-16T11:31:00.171+05:30 DEBUG 20668 --- [payment-service] [main] c.p.payment.security.JwtAuthFilter       : Authenticated: test@test.com [ROLE_DRIVER]
2026-05-16T11:31:00.192+05:30 ERROR 20668 --- [payment-service] [main] c.p.payment.service.PassReceiptService   : Failed to create receipts directory: Z:\bad_path\invalid: Unable to determine if root directory exists
2026-05-16T11:31:00.319+05:30 ERROR 20668 --- [payment-service] [main] c.p.payment.service.PassReceiptService   : Failed to generate pass receipt for txn 11: Z:\bad_path\invalid\ParkEase_PassReceipt_11.pdf (The system cannot find the path specified)
2026-05-16T11:31:00.652+05:30  INFO 20668 --- [payment-service] [main] c.p.payment.service.PassReceiptService   : Pass receipt generated: C:\Users\Hp\AppData\Local\Temp\junit8445672987949370309\ParkEase_PassReceipt_12.pdf
2026-05-16T11:31:00.668+05:30  INFO 20668 --- [payment-service] [main] c.p.payment.service.PassReceiptService   : Pass receipt generated: C:\Users\Hp\AppData\Local\Temp\junit14082858599310275419\ParkEase_PassReceipt_10.pdf
2026-05-16T11:31:01.275+05:30  INFO 20668 --- [payment-service] [main] c.p.payment.service.PassServiceImpl      : Activating pass for driver: aryan@test.com order: order_pass_123
2026-05-16T11:31:01.276+05:30  INFO 20668 --- [payment-service] [main] c.p.payment.service.PassServiceImpl      : Pass 1 activated for driver: aryan@test.com, valid until: 2026-06-15T11:31:01.276665100
2026-05-16T11:31:01.283+05:30  INFO 20668 --- [payment-service] [main] c.p.payment.service.PassServiceImpl      : Processing pass payment for driver: aryan@test.com booking: 103
2026-05-16T11:31:01.298+05:30  INFO 20668 --- [payment-service] [main] c.p.payment.service.PassServiceImpl      : Processing pass payment for driver: aryan@test.com booking: 104
2026-05-16T11:31:01.298+05:30  INFO 20668 --- [payment-service] [main] c.p.payment.service.PassServiceImpl      : Pass payment recorded: PASS-B7C05F00-B904-4E6C-9FA5-B774D6586887 for booking: 104, remaining: 0
2026-05-16T11:31:01.306+05:30  INFO 20668 --- [payment-service] [main] c.p.payment.service.PassServiceImpl      : Cancelling pass for driver: aryan@test.com
2026-05-16T11:31:01.307+05:30  INFO 20668 --- [payment-service] [main] c.p.payment.service.PassServiceImpl      : Pass 1 cancelled by driver: aryan@test.com
2026-05-16T11:31:01.334+05:30  INFO 20668 --- [payment-service] [main] c.p.payment.service.PassServiceImpl      : Pass receipt missing for txn 10, regenerating...
2026-05-16T11:31:01.338+05:30  INFO 20668 --- [payment-service] [main] c.p.payment.service.PassServiceImpl      : Processing pass payment for driver: aryan@test.com booking: 100
2026-05-16T11:31:01.345+05:30  INFO 20668 --- [payment-service] [main] c.p.payment.service.PassServiceImpl      : Processing pass payment for driver: aryan@test.com booking: 102
2026-05-16T11:31:01.350+05:30  INFO 20668 --- [payment-service] [main] c.p.payment.service.PassServiceImpl      : Creating pass order for driver: aryan@test.com
2026-05-16T11:31:01.437+05:30  INFO 20668 --- [payment-service] [main] c.p.payment.service.PassServiceImpl      : Creating pass order for driver: aryan@test.com
2026-05-16T11:31:01.441+05:30  INFO 20668 --- [payment-service] [main] c.p.payment.service.PassServiceImpl      : Razorpay pass order created: order_pass_123 for driver: aryan@test.com
2026-05-16T11:31:01.446+05:30  INFO 20668 --- [payment-service] [main] c.p.payment.service.PassServiceImpl      : Pass 1 lazily expired for driver: aryan@test.com
2026-05-16T11:31:01.454+05:30  INFO 20668 --- [payment-service] [main] c.p.payment.service.PassServiceImpl      : Cancelling pass for driver: aryan@test.com
2026-05-16T11:31:01.472+05:30  INFO 20668 --- [payment-service] [main] c.p.payment.service.PassServiceImpl      : Pass 1 lazily expired for driver: aryan@test.com
2026-05-16T11:31:01.481+05:30  INFO 20668 --- [payment-service] [main] c.p.payment.service.PassServiceImpl      : Pass receipt missing for txn 10, regenerating...
2026-05-16T11:31:01.494+05:30  INFO 20668 --- [payment-service] [main] c.p.payment.service.PassServiceImpl      : Pass receipt missing for txn 10, regenerating...
2026-05-16T11:31:01.519+05:30  INFO 20668 --- [payment-service] [main] c.p.payment.service.PassServiceImpl      : Activating pass for driver: aryan@test.com order: order_pass_123
2026-05-16T11:31:01.519+05:30  INFO 20668 --- [payment-service] [main] c.p.payment.service.PassServiceImpl      : Cleaned up 1 old pass record(s) for driver: aryan@test.com
2026-05-16T11:31:01.521+05:30  INFO 20668 --- [payment-service] [main] c.p.payment.service.PassServiceImpl      : Pass 1 activated for driver: aryan@test.com, valid until: 2026-06-15T11:31:01.519754100
2026-05-16T11:31:01.525+05:30  INFO 20668 --- [payment-service] [main] c.p.payment.service.PassServiceImpl      : Processing pass payment for driver: aryan@test.com booking: 101
2026-05-16T11:31:01.530+05:30  INFO 20668 --- [payment-service] [main] c.p.payment.service.PassServiceImpl      : Creating pass order for driver: aryan@test.com
2026-05-16T11:31:01.531+05:30  INFO 20668 --- [payment-service] [main] c.p.payment.service.PassServiceImpl      : Razorpay pass order created: order_pass_456 for driver: aryan@test.com
2026-05-16T11:31:01.537+05:30  INFO 20668 --- [payment-service] [main] c.p.payment.service.PassServiceImpl      : Processing pass payment for driver: aryan@test.com booking: 100
2026-05-16T11:31:01.537+05:30  INFO 20668 --- [payment-service] [main] c.p.payment.service.PassServiceImpl      : Pass payment recorded: PASS-E80F3AC3-98A8-4C1D-BB63-5E78276BC33C for booking: 100, remaining: 144
2026-05-16T11:31:01.564+05:30  INFO 20668 --- [payment-service] [main] c.p.payment.service.PassServiceImpl      : Activating pass for driver: aryan@test.com order: order_pass_123
2026-05-16T11:31:01.573+05:30  INFO 20668 --- [payment-service] [main] c.p.payment.service.PassServiceImpl      : Creating pass order for driver: aryan@test.com
2026-05-16T11:31:01.574+05:30 ERROR 20668 --- [payment-service] [main] c.p.payment.service.PassServiceImpl      : Razorpay pass order creation failed: Network error
2026-05-16T11:31:01.579+05:30  INFO 20668 --- [payment-service] [main] c.p.payment.service.PassServiceImpl      : Cancelling pass for driver: aryan@test.com
2026-05-16T11:31:02.064+05:30  INFO 20668 --- [payment-service] [main] c.p.payment.service.PaymentServiceImpl   : Processing refund for booking: 100
2026-05-16T11:31:02.065+05:30  INFO 20668 --- [payment-service] [main] c.p.payment.service.PaymentServiceImpl   : Razorpay refund created: refund_123
2026-05-16T11:31:02.070+05:30  INFO 20668 --- [payment-service] [main] c.p.payment.service.PaymentServiceImpl   : Processing refund for booking: 100
2026-05-16T11:31:02.072+05:30  INFO 20668 --- [payment-service] [main] c.p.payment.service.PaymentServiceImpl   : Razorpay refund created: refund_123
2026-05-16T11:31:02.083+05:30  INFO 20668 --- [payment-service] [main] c.p.payment.service.PaymentServiceImpl   : Creating Razorpay order for booking: 100 amount: Rs.150.0
2026-05-16T11:31:02.084+05:30  INFO 20668 --- [payment-service] [main] c.p.payment.service.PaymentServiceImpl   : Razorpay order created: order_123
2026-05-16T11:31:02.088+05:30  INFO 20668 --- [payment-service] [main] c.p.payment.service.PaymentServiceImpl   : Processing refund for booking: 999
2026-05-16T11:31:02.176+05:30  INFO 20668 --- [payment-service] [main] c.p.payment.service.PaymentServiceImpl   : Verifying payment for order: order_123
2026-05-16T11:31:02.177+05:30  INFO 20668 --- [payment-service] [main] c.p.payment.service.PaymentServiceImpl   : Payment 1 verified and marked as PAID
2026-05-16T11:31:02.184+05:30  INFO 20668 --- [payment-service] [main] c.p.payment.service.PaymentServiceImpl   : Creating Razorpay order for booking: 100 amount: Rs.150.0
2026-05-16T11:31:02.190+05:30  INFO 20668 --- [payment-service] [main] c.p.payment.service.PaymentServiceImpl   : Verifying payment for order: order_123
2026-05-16T11:31:02.190+05:30  INFO 20668 --- [payment-service] [main] c.p.payment.service.PaymentServiceImpl   : Payment 1 verified and marked as PAID
2026-05-16T11:31:02.197+05:30  INFO 20668 --- [payment-service] [main] c.p.payment.service.PaymentServiceImpl   : Verifying payment for order: order_123
2026-05-16T11:31:02.197+05:30  INFO 20668 --- [payment-service] [main] c.p.payment.service.PaymentServiceImpl   : Payment 1 verified and marked as PAID
2026-05-16T11:31:02.205+05:30  INFO 20668 --- [payment-service] [main] c.p.payment.service.PaymentServiceImpl   : Receipt missing for payment 1, regenerating...
2026-05-16T11:31:02.220+05:30  INFO 20668 --- [payment-service] [main] c.p.payment.service.PaymentServiceImpl   : Verifying payment for order: order_123
2026-05-16T11:31:02.220+05:30  WARN 20668 --- [payment-service] [main] c.p.payment.service.PaymentServiceImpl   : Invalid signature for order: order_123
2026-05-16T11:31:02.224+05:30  INFO 20668 --- [payment-service] [main] c.p.payment.service.PaymentServiceImpl   : Processing refund for booking: 100
2026-05-16T11:31:02.233+05:30  INFO 20668 --- [payment-service] [main] c.p.payment.service.PaymentServiceImpl   : Processing refund for booking: 100
2026-05-16T11:31:02.234+05:30 ERROR 20668 --- [payment-service] [main] c.p.payment.service.PaymentServiceImpl   : Refund failed for payment 1: Razorpay error
2026-05-16T11:31:02.237+05:30  INFO 20668 --- [payment-service] [main] c.p.payment.service.PaymentServiceImpl   : Receipt missing for payment 1, regenerating...
2026-05-16T11:31:02.242+05:30  INFO 20668 --- [payment-service] [main] c.p.payment.service.PaymentServiceImpl   : Creating Razorpay order for booking: 100 amount: Rs.150.0
2026-05-16T11:31:02.243+05:30 ERROR 20668 --- [payment-service] [main] c.p.payment.service.PaymentServiceImpl   : Razorpay order creation failed: Razorpay error
2026-05-16T11:31:02.249+05:30  INFO 20668 --- [payment-service] [main] c.p.payment.service.PaymentServiceImpl   : Verifying payment for order: order_123
2026-05-16T11:31:02.249+05:30  WARN 20668 --- [payment-service] [main] c.p.payment.service.PaymentServiceImpl   : Could not fetch payment method from Razorpay: Fetch error
2026-05-16T11:31:02.249+05:30  INFO 20668 --- [payment-service] [main] c.p.payment.service.PaymentServiceImpl   : Payment 1 verified and marked as PAID
2026-05-16T11:31:02.254+05:30  INFO 20668 --- [payment-service] [main] c.p.payment.service.PaymentServiceImpl   : Verifying payment for order: order_123
2026-05-16T11:31:02.256+05:30  INFO 20668 --- [payment-service] [main] c.p.payment.service.PaymentServiceImpl   : Payment 1 verified and marked as PAID
2026-05-16T11:31:02.261+05:30  INFO 20668 --- [payment-service] [main] c.p.payment.service.PaymentServiceImpl   : Verifying payment for order: order_not_found
2026-05-16T11:31:02.278+05:30  INFO 20668 --- [payment-service] [main] c.p.payment.service.ReceiptService       : Receipt generated: C:\Users\Hp\AppData\Local\Temp\junit12644991536575509916\ParkEase_Receipt_3.pdf
2026-05-16T11:31:02.295+05:30  INFO 20668 --- [payment-service] [main] c.p.payment.service.ReceiptService       : Receipt generated: C:\Users\Hp\AppData\Local\Temp\junit7596123116981954867\ParkEase_Receipt_1.pdf
2026-05-16T11:31:02.299+05:30 ERROR 20668 --- [payment-service] [main] c.p.payment.service.ReceiptService       : Failed to create receipts directory: Z:\non_existent_drive\invalid: Unable to determine if root directory exists
2026-05-16T11:31:02.301+05:30 ERROR 20668 --- [payment-service] [main] c.p.payment.service.ReceiptService       : Failed to generate receipt for payment 1: Z:\non_existent_drive\invalid\ParkEase_Receipt_1.pdf (The system cannot find the path specified)
2026-05-16T11:31:02.314+05:30  INFO 20668 --- [payment-service] [main] c.p.payment.service.ReceiptService       : Receipt generated: C:\Users\Hp\AppData\Local\Temp\junit13168489350577940953\ParkEase_Receipt_2.pdf
2026-05-16T11:31:02.424+05:30  WARN 20668 --- [payment-service] [main] com.parkease.payment.util.JwtUtil        : JWT invalid: JWT expired at 2026-05-16T06:00:57Z. Current time: 2026-05-16T06:01:02Z, a difference of 5422 milliseconds.  Allowed clock skew: 0 milliseconds.
2026-05-16T11:31:02.431+05:30  WARN 20668 --- [payment-service] [main] com.parkease.payment.util.JwtUtil        : JWT invalid: JWT strings must contain exactly 2 period characters. Found: 0
2026-05-16T11:31:02.469+05:30  INFO 20668 --- [payment-service] [SpringApplicationShutdownHook] o.s.c.n.e.s.EurekaServiceRegistry        : Unregistering application PAYMENT-SERVICE with eureka with status DOWN
2026-05-16T11:31:02.469+05:30  INFO 20668 --- [payment-service] [SpringApplicationShutdownHook] com.netflix.discovery.DiscoveryClient    : Saw local status change event StatusChangeEvent [timestamp=1778911262469, current=DOWN, previous=UP]
2026-05-16T11:31:02.469+05:30  INFO 20668 --- [payment-service] [DiscoveryClient-InstanceInfoReplicator-0] com.netflix.discovery.DiscoveryClient    : DiscoveryClient_PAYMENT-SERVICE/localhost:payment-service:8086: registering service...
2026-05-16T11:31:02.484+05:30  INFO 20668 --- [payment-service] [DiscoveryClient-InstanceInfoReplicator-0] com.netflix.discovery.DiscoveryClient    : DiscoveryClient_PAYMENT-SERVICE/localhost:payment-service:8086 - registration status: 204
2026-05-16T11:31:03.003+05:30  INFO 20668 --- [payment-service] [SpringApplicationShutdownHook] j.LocalContainerEntityManagerFactoryBean : Closing JPA EntityManagerFactory for persistence unit 'default'
2026-05-16T11:31:03.006+05:30  INFO 20668 --- [payment-service] [SpringApplicationShutdownHook] com.zaxxer.hikari.HikariDataSource       : HikariPool-1 - Shutdown initiated...
2026-05-16T11:31:03.016+05:30  INFO 20668 --- [payment-service] [SpringApplicationShutdownHook] com.zaxxer.hikari.HikariDataSource       : HikariPool-1 - Shutdown completed.
2026-05-16T11:31:03.016+05:30  INFO 20668 --- [payment-service] [SpringApplicationShutdownHook] com.netflix.discovery.DiscoveryClient    : Shutting down DiscoveryClient ...
2026-05-16T11:31:06.021+05:30  INFO 20668 --- [payment-service] [SpringApplicationShutdownHook] com.netflix.discovery.DiscoveryClient    : Unregistering ...
2026-05-16T11:31:06.027+05:30  INFO 20668 --- [payment-service] [SpringApplicationShutdownHook] c.n.d.s.t.d.RedirectingEurekaHttpClient  : Request execution error. endpoint=DefaultEndpoint{ serviceUrl='http://localhost:8761/eureka/} exception=Connection pool shut down stacktrace=java.lang.IllegalStateException: Connection pool shut down
	at org.apache.hc.core5.util.Asserts.check(Asserts.java:38)
	at org.apache.hc.core5.pool.StrictConnPool.lease(StrictConnPool.java:176)
	at org.apache.hc.client5.http.impl.io.PoolingHttpClientConnectionManager.lease(PoolingHttpClientConnectionManager.java:298)
	at org.apache.hc.client5.http.impl.classic.InternalExecRuntime.acquireEndpoint(InternalExecRuntime.java:103)
	at org.apache.hc.client5.http.impl.classic.ConnectExec.execute(ConnectExec.java:125)
	at org.apache.hc.client5.http.impl.classic.ExecChainElement.execute(ExecChainElement.java:51)
	at org.apache.hc.client5.http.impl.classic.ProtocolExec.execute(ProtocolExec.java:192)
	at org.apache.hc.client5.http.impl.classic.ExecChainElement.execute(ExecChainElement.java:51)
	at org.apache.hc.client5.http.impl.classic.HttpRequestRetryExec.execute(HttpRequestRetryExec.java:96)
	at org.apache.hc.client5.http.impl.classic.ExecChainElement.execute(ExecChainElement.java:51)
	at org.apache.hc.client5.http.impl.classic.ContentCompressionExec.execute(ContentCompressionExec.java:152)
	at org.apache.hc.client5.http.impl.classic.ExecChainElement.execute(ExecChainElement.java:51)
	at org.apache.hc.client5.http.impl.classic.RedirectExec.execute(RedirectExec.java:115)
	at org.apache.hc.client5.http.impl.classic.ExecChainElement.execute(ExecChainElement.java:51)
	at org.apache.hc.client5.http.impl.classic.InternalHttpClient.doExecute(InternalHttpClient.java:170)
	at org.apache.hc.client5.http.impl.classic.CloseableHttpClient.execute(CloseableHttpClient.java:87)
	at org.apache.hc.client5.http.impl.classic.CloseableHttpClient.execute(CloseableHttpClient.java:55)
	at org.apache.hc.client5.http.classic.HttpClient.executeOpen(HttpClient.java:183)
	at org.springframework.http.client.HttpComponentsClientHttpRequest.executeInternal(HttpComponentsClientHttpRequest.java:95)
	at org.springframework.http.client.AbstractStreamingClientHttpRequest.executeInternal(AbstractStreamingClientHttpRequest.java:70)
	at org.springframework.http.client.AbstractClientHttpRequest.execute(AbstractClientHttpRequest.java:66)
	at org.springframework.http.client.InterceptingClientHttpRequest$InterceptingRequestExecution.execute(InterceptingClientHttpRequest.java:101)
	at org.springframework.cloud.netflix.eureka.http.RestTemplateTransportClientFactory.lambda$restTemplate$0(RestTemplateTransportClientFactory.java:143)
	at org.springframework.http.client.InterceptingClientHttpRequest$InterceptingRequestExecution.execute(InterceptingClientHttpRequest.java:87)
	at org.springframework.http.client.InterceptingClientHttpRequest.executeInternal(InterceptingClientHttpRequest.java:71)
	at org.springframework.http.client.AbstractBufferingClientHttpRequest.executeInternal(AbstractBufferingClientHttpRequest.java:48)
	at org.springframework.http.client.AbstractClientHttpRequest.execute(AbstractClientHttpRequest.java:66)
	at org.springframework.web.client.RestTemplate.doExecute(RestTemplate.java:879)
	at org.springframework.web.client.RestTemplate.execute(RestTemplate.java:781)
	at org.springframework.web.client.RestTemplate.exchange(RestTemplate.java:663)
	at org.springframework.cloud.netflix.eureka.http.RestTemplateEurekaHttpClient.cancel(RestTemplateEurekaHttpClient.java:87)
	at com.netflix.discovery.shared.transport.decorator.EurekaHttpClientDecorator$2.execute(EurekaHttpClientDecorator.java:74)
	at com.netflix.discovery.shared.transport.decorator.RedirectingEurekaHttpClient.execute(RedirectingEurekaHttpClient.java:91)
	at com.netflix.discovery.shared.transport.decorator.EurekaHttpClientDecorator.cancel(EurekaHttpClientDecorator.java:71)
	at com.netflix.discovery.shared.transport.decorator.EurekaHttpClientDecorator$2.execute(EurekaHttpClientDecorator.java:74)
	at com.netflix.discovery.shared.transport.decorator.RetryableEurekaHttpClient.execute(RetryableEurekaHttpClient.java:120)
	at com.netflix.discovery.shared.transport.decorator.EurekaHttpClientDecorator.cancel(EurekaHttpClientDecorator.java:71)
	at com.netflix.discovery.shared.transport.decorator.EurekaHttpClientDecorator$2.execute(EurekaHttpClientDecorator.java:74)
	at com.netflix.discovery.shared.transport.decorator.SessionedEurekaHttpClient.execute(SessionedEurekaHttpClient.java:77)
	at com.netflix.discovery.shared.transport.decorator.EurekaHttpClientDecorator.cancel(EurekaHttpClientDecorator.java:71)
	at com.netflix.discovery.DiscoveryClient.unregister(DiscoveryClient.java:916)
	at com.netflix.discovery.DiscoveryClient.shutdown(DiscoveryClient.java:892)
	at java.base/jdk.internal.reflect.DirectMethodHandleAccessor.invoke(DirectMethodHandleAccessor.java:103)
	at java.base/java.lang.reflect.Method.invoke(Method.java:580)
	at org.springframework.beans.factory.annotation.InitDestroyAnnotationBeanPostProcessor$LifecycleMethod.invoke(InitDestroyAnnotationBeanPostProcessor.java:457)
	at org.springframework.beans.factory.annotation.InitDestroyAnnotationBeanPostProcessor$LifecycleMetadata.invokeDestroyMethods(InitDestroyAnnotationBeanPostProcessor.java:415)
	at org.springframework.beans.factory.annotation.InitDestroyAnnotationBeanPostProcessor.postProcessBeforeDestruction(InitDestroyAnnotationBeanPostProcessor.java:239)
	at org.springframework.beans.factory.support.DisposableBeanAdapter.destroy(DisposableBeanAdapter.java:202)
	at org.springframework.beans.factory.support.DisposableBeanAdapter.run(DisposableBeanAdapter.java:195)
	at org.springframework.cloud.context.scope.GenericScope$BeanLifecycleWrapper.destroy(GenericScope.java:389)
	at org.springframework.cloud.context.scope.GenericScope.destroy(GenericScope.java:136)
	at org.springframework.beans.factory.support.DisposableBeanAdapter.destroy(DisposableBeanAdapter.java:211)
	at org.springframework.beans.factory.support.DefaultSingletonBeanRegistry.destroyBean(DefaultSingletonBeanRegistry.java:587)
	at org.springframework.beans.factory.support.DefaultSingletonBeanRegistry.destroySingleton(DefaultSingletonBeanRegistry.java:559)
	at org.springframework.beans.factory.support.DefaultListableBeanFactory.destroySingleton(DefaultListableBeanFactory.java:1200)
	at org.springframework.beans.factory.support.DefaultSingletonBeanRegistry.destroySingletons(DefaultSingletonBeanRegistry.java:520)
	at org.springframework.beans.factory.support.DefaultListableBeanFactory.destroySingletons(DefaultListableBeanFactory.java:1193)
	at org.springframework.context.support.AbstractApplicationContext.destroyBeans(AbstractApplicationContext.java:1125)
	at org.springframework.context.support.AbstractApplicationContext.doClose(AbstractApplicationContext.java:1086)
	at org.springframework.context.support.AbstractApplicationContext.close(AbstractApplicationContext.java:1037)
	at org.springframework.boot.SpringApplicationShutdownHook.closeAndWait(SpringApplicationShutdownHook.java:145)
	at java.base/java.lang.Iterable.forEach(Iterable.java:75)
	at org.springframework.boot.SpringApplicationShutdownHook.run(SpringApplicationShutdownHook.java:114)
	at java.base/java.lang.Thread.run(Thread.java:1583)

2026-05-16T11:31:06.027+05:30  WARN 20668 --- [payment-service] [SpringApplicationShutdownHook] c.n.d.s.t.d.RetryableEurekaHttpClient    : Request execution failed with message: Connection pool shut down
2026-05-16T11:31:06.033+05:30  INFO 20668 --- [payment-service] [SpringApplicationShutdownHook] c.n.d.s.t.d.RedirectingEurekaHttpClient  : Request execution error. endpoint=DefaultEndpoint{ serviceUrl='http://localhost:8761/eureka/}, exception=Connection pool shut down stacktrace=java.lang.IllegalStateException: Connection pool shut down
	at org.apache.hc.core5.util.Asserts.check(Asserts.java:38)
	at org.apache.hc.core5.pool.StrictConnPool.lease(StrictConnPool.java:176)
	at org.apache.hc.client5.http.impl.io.PoolingHttpClientConnectionManager.lease(PoolingHttpClientConnectionManager.java:298)
	at org.apache.hc.client5.http.impl.classic.InternalExecRuntime.acquireEndpoint(InternalExecRuntime.java:103)
	at org.apache.hc.client5.http.impl.classic.ConnectExec.execute(ConnectExec.java:125)
	at org.apache.hc.client5.http.impl.classic.ExecChainElement.execute(ExecChainElement.java:51)
	at org.apache.hc.client5.http.impl.classic.ProtocolExec.execute(ProtocolExec.java:192)
	at org.apache.hc.client5.http.impl.classic.ExecChainElement.execute(ExecChainElement.java:51)
	at org.apache.hc.client5.http.impl.classic.HttpRequestRetryExec.execute(HttpRequestRetryExec.java:96)
	at org.apache.hc.client5.http.impl.classic.ExecChainElement.execute(ExecChainElement.java:51)
	at org.apache.hc.client5.http.impl.classic.ContentCompressionExec.execute(ContentCompressionExec.java:152)
	at org.apache.hc.client5.http.impl.classic.ExecChainElement.execute(ExecChainElement.java:51)
	at org.apache.hc.client5.http.impl.classic.RedirectExec.execute(RedirectExec.java:115)
	at org.apache.hc.client5.http.impl.classic.ExecChainElement.execute(ExecChainElement.java:51)
	at org.apache.hc.client5.http.impl.classic.InternalHttpClient.doExecute(InternalHttpClient.java:170)
	at org.apache.hc.client5.http.impl.classic.CloseableHttpClient.execute(CloseableHttpClient.java:87)
	at org.apache.hc.client5.http.impl.classic.CloseableHttpClient.execute(CloseableHttpClient.java:55)
	at org.apache.hc.client5.http.classic.HttpClient.executeOpen(HttpClient.java:183)
	at org.springframework.http.client.HttpComponentsClientHttpRequest.executeInternal(HttpComponentsClientHttpRequest.java:95)
	at org.springframework.http.client.AbstractStreamingClientHttpRequest.executeInternal(AbstractStreamingClientHttpRequest.java:70)
	at org.springframework.http.client.AbstractClientHttpRequest.execute(AbstractClientHttpRequest.java:66)
	at org.springframework.http.client.InterceptingClientHttpRequest$InterceptingRequestExecution.execute(InterceptingClientHttpRequest.java:101)
	at org.springframework.cloud.netflix.eureka.http.RestTemplateTransportClientFactory.lambda$restTemplate$0(RestTemplateTransportClientFactory.java:143)
	at org.springframework.http.client.InterceptingClientHttpRequest$InterceptingRequestExecution.execute(InterceptingClientHttpRequest.java:87)
	at org.springframework.http.client.InterceptingClientHttpRequest.executeInternal(InterceptingClientHttpRequest.java:71)
	at org.springframework.http.client.AbstractBufferingClientHttpRequest.executeInternal(AbstractBufferingClientHttpRequest.java:48)
	at org.springframework.http.client.AbstractClientHttpRequest.execute(AbstractClientHttpRequest.java:66)
	at org.springframework.web.client.RestTemplate.doExecute(RestTemplate.java:879)
	at org.springframework.web.client.RestTemplate.execute(RestTemplate.java:781)
	at org.springframework.web.client.RestTemplate.exchange(RestTemplate.java:663)
	at org.springframework.cloud.netflix.eureka.http.RestTemplateEurekaHttpClient.cancel(RestTemplateEurekaHttpClient.java:87)
	at com.netflix.discovery.shared.transport.decorator.EurekaHttpClientDecorator$2.execute(EurekaHttpClientDecorator.java:74)
	at com.netflix.discovery.shared.transport.decorator.RedirectingEurekaHttpClient.executeOnNewServer(RedirectingEurekaHttpClient.java:121)
	at com.netflix.discovery.shared.transport.decorator.RedirectingEurekaHttpClient.execute(RedirectingEurekaHttpClient.java:80)
	at com.netflix.discovery.shared.transport.decorator.EurekaHttpClientDecorator.cancel(EurekaHttpClientDecorator.java:71)
	at com.netflix.discovery.shared.transport.decorator.EurekaHttpClientDecorator$2.execute(EurekaHttpClientDecorator.java:74)
	at com.netflix.discovery.shared.transport.decorator.RetryableEurekaHttpClient.execute(RetryableEurekaHttpClient.java:120)
	at com.netflix.discovery.shared.transport.decorator.EurekaHttpClientDecorator.cancel(EurekaHttpClientDecorator.java:71)
	at com.netflix.discovery.shared.transport.decorator.EurekaHttpClientDecorator$2.execute(EurekaHttpClientDecorator.java:74)
	at com.netflix.discovery.shared.transport.decorator.SessionedEurekaHttpClient.execute(SessionedEurekaHttpClient.java:77)
	at com.netflix.discovery.shared.transport.decorator.EurekaHttpClientDecorator.cancel(EurekaHttpClientDecorator.java:71)
	at com.netflix.discovery.DiscoveryClient.unregister(DiscoveryClient.java:916)
	at com.netflix.discovery.DiscoveryClient.shutdown(DiscoveryClient.java:892)
	at java.base/jdk.internal.reflect.DirectMethodHandleAccessor.invoke(DirectMethodHandleAccessor.java:103)
	at java.base/java.lang.reflect.Method.invoke(Method.java:580)
	at org.springframework.beans.factory.annotation.InitDestroyAnnotationBeanPostProcessor$LifecycleMethod.invoke(InitDestroyAnnotationBeanPostProcessor.java:457)
	at org.springframework.beans.factory.annotation.InitDestroyAnnotationBeanPostProcessor$LifecycleMetadata.invokeDestroyMethods(InitDestroyAnnotationBeanPostProcessor.java:415)
	at org.springframework.beans.factory.annotation.InitDestroyAnnotationBeanPostProcessor.postProcessBeforeDestruction(InitDestroyAnnotationBeanPostProcessor.java:239)
	at org.springframework.beans.factory.support.DisposableBeanAdapter.destroy(DisposableBeanAdapter.java:202)
	at org.springframework.beans.factory.support.DisposableBeanAdapter.run(DisposableBeanAdapter.java:195)
	at org.springframework.cloud.context.scope.GenericScope$BeanLifecycleWrapper.destroy(GenericScope.java:389)
	at org.springframework.cloud.context.scope.GenericScope.destroy(GenericScope.java:136)
	at org.springframework.beans.factory.support.DisposableBeanAdapter.destroy(DisposableBeanAdapter.java:211)
	at org.springframework.beans.factory.support.DefaultSingletonBeanRegistry.destroyBean(DefaultSingletonBeanRegistry.java:587)
	at org.springframework.beans.factory.support.DefaultSingletonBeanRegistry.destroySingleton(DefaultSingletonBeanRegistry.java:559)
	at org.springframework.beans.factory.support.DefaultListableBeanFactory.destroySingleton(DefaultListableBeanFactory.java:1200)
	at org.springframework.beans.factory.support.DefaultSingletonBeanRegistry.destroySingletons(DefaultSingletonBeanRegistry.java:520)
	at org.springframework.beans.factory.support.DefaultListableBeanFactory.destroySingletons(DefaultListableBeanFactory.java:1193)
	at org.springframework.context.support.AbstractApplicationContext.destroyBeans(AbstractApplicationContext.java:1125)
	at org.springframework.context.support.AbstractApplicationContext.doClose(AbstractApplicationContext.java:1086)
	at org.springframework.context.support.AbstractApplicationContext.close(AbstractApplicationContext.java:1037)
	at org.springframework.boot.SpringApplicationShutdownHook.closeAndWait(SpringApplicationShutdownHook.java:145)
	at java.base/java.lang.Iterable.forEach(Iterable.java:75)
	at org.springframework.boot.SpringApplicationShutdownHook.run(SpringApplicationShutdownHook.java:114)
	at java.base/java.lang.Thread.run(Thread.java:1583)

2026-05-16T11:31:06.033+05:30  WARN 20668 --- [payment-service] [SpringApplicationShutdownHook] c.n.d.s.t.d.RetryableEurekaHttpClient    : Request execution failed with message: Connection pool shut down
2026-05-16T11:31:06.034+05:30 ERROR 20668 --- [payment-service] [SpringApplicationShutdownHook] com.netflix.discovery.DiscoveryClient    : DiscoveryClient_PAYMENT-SERVICE/localhost:payment-service:8086 - de-registration failedCannot execute request on any known server

com.netflix.discovery.shared.transport.TransportException: Cannot execute request on any known server
	at com.netflix.discovery.shared.transport.decorator.RetryableEurekaHttpClient.execute(RetryableEurekaHttpClient.java:112) ~[eureka-client-2.0.2.jar:2.0.2]
	at com.netflix.discovery.shared.transport.decorator.EurekaHttpClientDecorator.cancel(EurekaHttpClientDecorator.java:71) ~[eureka-client-2.0.2.jar:2.0.2]
	at com.netflix.discovery.shared.transport.decorator.EurekaHttpClientDecorator$2.execute(EurekaHttpClientDecorator.java:74) ~[eureka-client-2.0.2.jar:2.0.2]
	at com.netflix.discovery.shared.transport.decorator.SessionedEurekaHttpClient.execute(SessionedEurekaHttpClient.java:77) ~[eureka-client-2.0.2.jar:2.0.2]
	at com.netflix.discovery.shared.transport.decorator.EurekaHttpClientDecorator.cancel(EurekaHttpClientDecorator.java:71) ~[eureka-client-2.0.2.jar:2.0.2]
	at com.netflix.discovery.DiscoveryClient.unregister(DiscoveryClient.java:916) ~[eureka-client-2.0.2.jar:2.0.2]
	at com.netflix.discovery.DiscoveryClient.shutdown(DiscoveryClient.java:892) ~[eureka-client-2.0.2.jar:2.0.2]
	at java.base/jdk.internal.reflect.DirectMethodHandleAccessor.invoke(DirectMethodHandleAccessor.java:103) ~[na:na]
	at java.base/java.lang.reflect.Method.invoke(Method.java:580) ~[na:na]
	at org.springframework.beans.factory.annotation.InitDestroyAnnotationBeanPostProcessor$LifecycleMethod.invoke(InitDestroyAnnotationBeanPostProcessor.java:457) ~[spring-beans-6.1.1.jar:6.1.1]
	at org.springframework.beans.factory.annotation.InitDestroyAnnotationBeanPostProcessor$LifecycleMetadata.invokeDestroyMethods(InitDestroyAnnotationBeanPostProcessor.java:415) ~[spring-beans-6.1.1.jar:6.1.1]
	at org.springframework.beans.factory.annotation.InitDestroyAnnotationBeanPostProcessor.postProcessBeforeDestruction(InitDestroyAnnotationBeanPostProcessor.java:239) ~[spring-beans-6.1.1.jar:6.1.1]
	at org.springframework.beans.factory.support.DisposableBeanAdapter.destroy(DisposableBeanAdapter.java:202) ~[spring-beans-6.1.1.jar:6.1.1]
	at org.springframework.beans.factory.support.DisposableBeanAdapter.run(DisposableBeanAdapter.java:195) ~[spring-beans-6.1.1.jar:6.1.1]
	at org.springframework.cloud.context.scope.GenericScope$BeanLifecycleWrapper.destroy(GenericScope.java:389) ~[spring-cloud-context-4.1.2.jar:4.1.2]
	at org.springframework.cloud.context.scope.GenericScope.destroy(GenericScope.java:136) ~[spring-cloud-context-4.1.2.jar:4.1.2]
	at org.springframework.beans.factory.support.DisposableBeanAdapter.destroy(DisposableBeanAdapter.java:211) ~[spring-beans-6.1.1.jar:6.1.1]
	at org.springframework.beans.factory.support.DefaultSingletonBeanRegistry.destroyBean(DefaultSingletonBeanRegistry.java:587) ~[spring-beans-6.1.1.jar:6.1.1]
	at org.springframework.beans.factory.support.DefaultSingletonBeanRegistry.destroySingleton(DefaultSingletonBeanRegistry.java:559) ~[spring-beans-6.1.1.jar:6.1.1]
	at org.springframework.beans.factory.support.DefaultListableBeanFactory.destroySingleton(DefaultListableBeanFactory.java:1200) ~[spring-beans-6.1.1.jar:6.1.1]
	at org.springframework.beans.factory.support.DefaultSingletonBeanRegistry.destroySingletons(DefaultSingletonBeanRegistry.java:520) ~[spring-beans-6.1.1.jar:6.1.1]
	at org.springframework.beans.factory.support.DefaultListableBeanFactory.destroySingletons(DefaultListableBeanFactory.java:1193) ~[spring-beans-6.1.1.jar:6.1.1]
	at org.springframework.context.support.AbstractApplicationContext.destroyBeans(AbstractApplicationContext.java:1125) ~[spring-context-6.1.1.jar:6.1.1]
	at org.springframework.context.support.AbstractApplicationContext.doClose(AbstractApplicationContext.java:1086) ~[spring-context-6.1.1.jar:6.1.1]
	at org.springframework.context.support.AbstractApplicationContext.close(AbstractApplicationContext.java:1037) ~[spring-context-6.1.1.jar:6.1.1]
	at org.springframework.boot.SpringApplicationShutdownHook.closeAndWait(SpringApplicationShutdownHook.java:145) ~[spring-boot-3.2.0.jar:3.2.0]
	at java.base/java.lang.Iterable.forEach(Iterable.java:75) ~[na:na]
	at org.springframework.boot.SpringApplicationShutdownHook.run(SpringApplicationShutdownHook.java:114) ~[spring-boot-3.2.0.jar:3.2.0]
	at java.base/java.lang.Thread.run(Thread.java:1583) ~[na:na]

2026-05-16T11:31:06.040+05:30  INFO 20668 --- [payment-service] [SpringApplicationShutdownHook] com.netflix.discovery.DiscoveryClient    : Completed shut down of DiscoveryClient
2026-05-16T11:32:39.293+05:30  INFO 39800 --- [payment-service] [AsyncResolver-bootstrap-executor-0] c.n.d.s.r.aws.ConfigClusterResolver      : Resolving eureka endpoints via configuration
2026-05-16T11:32:45.324+05:30  WARN 39496 --- [payment-service] [main] ory$DuplicateJsonObjectContextCustomizer : 

Found multiple occurrences of org.json.JSONObject on the class path:

	jar:file:/C:/Users/Hp/.m2/repository/org/json/json/20180130/json-20180130.jar!/org/json/JSONObject.class
	jar:file:/C:/Users/Hp/.m2/repository/com/vaadin/external/google/android-json/0.0.20131108.vaadin1/android-json-0.0.20131108.vaadin1.jar!/org/json/JSONObject.class

You may wish to exclude one of them to ensure predictable runtime behavior

2026-05-16T11:32:45.396+05:30  INFO 39496 --- [payment-service] [main] c.p.p.PaymentServiceApplicationTests     : Starting PaymentServiceApplicationTests using Java 21.0.10 with PID 39496 (started by Hp in C:\Users\Hp\Desktop\Parkease-Backend\payment-service)
2026-05-16T11:32:45.396+05:30 DEBUG 39496 --- [payment-service] [main] c.p.p.PaymentServiceApplicationTests     : Running with Spring Boot v3.2.0, Spring v6.1.1
2026-05-16T11:32:45.397+05:30  INFO 39496 --- [payment-service] [main] c.p.p.PaymentServiceApplicationTests     : No active profile set, falling back to 1 default profile: "default"
2026-05-16T11:32:47.940+05:30  INFO 39496 --- [payment-service] [main] .s.d.r.c.RepositoryConfigurationDelegate : Bootstrapping Spring Data JPA repositories in DEFAULT mode.
2026-05-16T11:32:48.093+05:30  INFO 39496 --- [payment-service] [main] .s.d.r.c.RepositoryConfigurationDelegate : Finished Spring Data repository scanning in 133 ms. Found 3 JPA repository interfaces.
2026-05-16T11:32:48.662+05:30  INFO 39496 --- [payment-service] [main] o.s.cloud.context.scope.GenericScope     : BeanFactory id=fa746c78-4274-3410-82cb-e52e461e88e9
2026-05-16T11:32:49.537+05:30  WARN 39496 --- [payment-service] [main] trationDelegate$BeanPostProcessorChecker : Bean 'org.springframework.cloud.client.loadbalancer.LoadBalancerAutoConfiguration$DeferringLoadBalancerInterceptorConfig' of type [org.springframework.cloud.client.loadbalancer.LoadBalancerAutoConfiguration$DeferringLoadBalancerInterceptorConfig] is not eligible for getting processed by all BeanPostProcessors (for example: not eligible for auto-proxying). The currently created BeanPostProcessor [lbRestClientPostProcessor] is declared through a non-static factory method on that class; consider declaring it as static instead.
2026-05-16T11:32:49.545+05:30  WARN 39496 --- [payment-service] [main] trationDelegate$BeanPostProcessorChecker : Bean 'deferringLoadBalancerInterceptor' of type [org.springframework.cloud.client.loadbalancer.DeferringLoadBalancerInterceptor] is not eligible for getting processed by all BeanPostProcessors (for example: not eligible for auto-proxying). Is this bean getting eagerly injected into a currently created BeanPostProcessor [lbRestClientPostProcessor]? Check the corresponding BeanPostProcessor declaration and its dependencies.
2026-05-16T11:32:49.974+05:30  INFO 39496 --- [payment-service] [main] o.hibernate.jpa.internal.util.LogHelper  : HHH000204: Processing PersistenceUnitInfo [name: default]
2026-05-16T11:32:50.106+05:30  INFO 39496 --- [payment-service] [main] org.hibernate.Version                    : HHH000412: Hibernate ORM core version 6.3.1.Final
2026-05-16T11:32:50.184+05:30  INFO 39496 --- [payment-service] [main] o.h.c.internal.RegionFactoryInitiator    : HHH000026: Second-level cache disabled
2026-05-16T11:32:50.426+05:30  INFO 39496 --- [payment-service] [main] o.s.o.j.p.SpringPersistenceUnitInfo      : No LoadTimeWeaver setup: ignoring JPA class transformer
2026-05-16T11:32:50.476+05:30  INFO 39496 --- [payment-service] [main] com.zaxxer.hikari.HikariDataSource       : HikariPool-1 - Starting...
2026-05-16T11:32:50.815+05:30  INFO 39496 --- [payment-service] [main] com.zaxxer.hikari.pool.HikariPool        : HikariPool-1 - Added connection com.mysql.cj.jdbc.ConnectionImpl@610a9ee2
2026-05-16T11:32:50.818+05:30  INFO 39496 --- [payment-service] [main] com.zaxxer.hikari.HikariDataSource       : HikariPool-1 - Start completed.
2026-05-16T11:32:50.924+05:30  WARN 39496 --- [payment-service] [main] org.hibernate.orm.deprecation            : HHH90000025: MySQLDialect does not need to be specified explicitly using 'hibernate.dialect' (remove the property setting and it will be selected by default)
2026-05-16T11:32:52.429+05:30  INFO 39496 --- [payment-service] [main] o.h.e.t.j.p.i.JtaPlatformInitiator       : HHH000489: No JTA platform available (set 'hibernate.transaction.jta.platform' to enable JTA platform integration)
2026-05-16T11:32:52.542+05:30  INFO 39496 --- [payment-service] [main] j.LocalContainerEntityManagerFactoryBean : Initialized JPA EntityManagerFactory for persistence unit 'default'
2026-05-16T11:32:53.575+05:30  INFO 39496 --- [payment-service] [main] c.p.payment.config.RazorpayConfig        : Initializing Razorpay client with key: rzp_test...
2026-05-16T11:32:54.675+05:30  INFO 39496 --- [payment-service] [main] o.s.d.j.r.query.QueryEnhancerFactory     : Hibernate is in classpath; If applicable, HQL parser will be used.
2026-05-16T11:32:56.023+05:30  WARN 39496 --- [payment-service] [main] JpaBaseConfiguration$JpaWebConfiguration : spring.jpa.open-in-view is enabled by default. Therefore, database queries may be performed during view rendering. Explicitly configure spring.jpa.open-in-view to disable this warning
2026-05-16T11:32:56.153+05:30  WARN 39496 --- [payment-service] [main] .s.s.UserDetailsServiceAutoConfiguration : 

Using generated security password: 628dbc31-09aa-467d-ad2e-17ee1be144d0

This generated password is for development use only. Your security configuration must be updated before running your application in production.

2026-05-16T11:32:58.014+05:30  INFO 39496 --- [payment-service] [main] o.s.cloud.commons.util.InetUtils         : Cannot determine local hostname
2026-05-16T11:32:58.423+05:30  INFO 39496 --- [payment-service] [main] o.s.b.a.e.web.EndpointLinksResolver      : Exposing 17 endpoint(s) beneath base path '/actuator'
2026-05-16T11:32:58.543+05:30  INFO 39496 --- [payment-service] [main] o.s.s.web.DefaultSecurityFilterChain     : Will secure any request with [org.springframework.security.web.session.DisableEncodeUrlFilter@5dc0c5fc, org.springframework.security.web.context.request.async.WebAsyncManagerIntegrationFilter@3369a851, org.springframework.security.web.context.SecurityContextHolderFilter@77731b4f, org.springframework.security.web.header.HeaderWriterFilter@753d7dea, org.springframework.web.filter.CorsFilter@3e61fb3, org.springframework.security.web.authentication.logout.LogoutFilter@477764f2, com.parkease.payment.security.JwtAuthFilter@2e757b, org.springframework.security.web.savedrequest.RequestCacheAwareFilter@5ec49986, org.springframework.security.web.servletapi.SecurityContextHolderAwareRequestFilter@29610703, org.springframework.security.web.authentication.AnonymousAuthenticationFilter@6d1e60b7, org.springframework.security.web.session.SessionManagementFilter@12892f1e, org.springframework.security.web.access.ExceptionTranslationFilter@2c257644, org.springframework.security.web.access.intercept.AuthorizationFilter@30ec4feb]
2026-05-16T11:33:01.006+05:30  INFO 39496 --- [payment-service] [main] o.s.cloud.commons.util.InetUtils         : Cannot determine local hostname
2026-05-16T11:33:01.027+05:30  INFO 39496 --- [payment-service] [main] DiscoveryClientOptionalArgsConfiguration : Eureka HTTP Client uses RestTemplate.
2026-05-16T11:33:01.159+05:30  WARN 39496 --- [payment-service] [main] iguration$LoadBalancerCaffeineWarnLogger : Spring Cloud LoadBalancer is currently working with the default cache. While this cache implementation is useful for development and tests, it's recommended to use Caffeine cache in production.You can switch to using Caffeine cache, by adding it and org.springframework.cache.caffeine.CaffeineCacheManager to the classpath.
2026-05-16T11:33:01.269+05:30  INFO 39496 --- [payment-service] [main] o.s.c.n.eureka.InstanceInfoFactory       : Setting initial instance status as: STARTING
2026-05-16T11:33:01.429+05:30  INFO 39496 --- [payment-service] [main] com.netflix.discovery.DiscoveryClient    : Initializing Eureka in region us-east-1
2026-05-16T11:33:01.437+05:30  INFO 39496 --- [payment-service] [main] c.n.d.s.r.aws.ConfigClusterResolver      : Resolving eureka endpoints via configuration
2026-05-16T11:33:01.479+05:30  INFO 39496 --- [payment-service] [main] com.netflix.discovery.DiscoveryClient    : Disable delta property : false
2026-05-16T11:33:01.479+05:30  INFO 39496 --- [payment-service] [main] com.netflix.discovery.DiscoveryClient    : Single vip registry refresh property : null
2026-05-16T11:33:01.479+05:30  INFO 39496 --- [payment-service] [main] com.netflix.discovery.DiscoveryClient    : Force full registry fetch : false
2026-05-16T11:33:01.479+05:30  INFO 39496 --- [payment-service] [main] com.netflix.discovery.DiscoveryClient    : Application is null : false
2026-05-16T11:33:01.479+05:30  INFO 39496 --- [payment-service] [main] com.netflix.discovery.DiscoveryClient    : Registered Applications size is zero : true
2026-05-16T11:33:01.479+05:30  INFO 39496 --- [payment-service] [main] com.netflix.discovery.DiscoveryClient    : Application version is -1: true
2026-05-16T11:33:01.479+05:30  INFO 39496 --- [payment-service] [main] com.netflix.discovery.DiscoveryClient    : Getting all instance registry info from the eureka server
2026-05-16T11:33:01.718+05:30  INFO 39496 --- [payment-service] [main] com.netflix.discovery.DiscoveryClient    : The response status is 200
2026-05-16T11:33:01.722+05:30  INFO 39496 --- [payment-service] [main] com.netflix.discovery.DiscoveryClient    : Starting heartbeat executor: renew interval is: 30
2026-05-16T11:33:01.725+05:30  INFO 39496 --- [payment-service] [main] c.n.discovery.InstanceInfoReplicator     : InstanceInfoReplicator onDemand update allowed rate per min is 4
2026-05-16T11:33:01.732+05:30  INFO 39496 --- [payment-service] [main] com.netflix.discovery.DiscoveryClient    : Discovery Client initialized at timestamp 1778911381731 with initial instances count: 9
2026-05-16T11:33:01.741+05:30  INFO 39496 --- [payment-service] [main] o.s.c.n.e.s.EurekaServiceRegistry        : Registering application PAYMENT-SERVICE with eureka with status UP
2026-05-16T11:33:01.742+05:30  INFO 39496 --- [payment-service] [main] com.netflix.discovery.DiscoveryClient    : Saw local status change event StatusChangeEvent [timestamp=1778911381742, current=UP, previous=STARTING]
2026-05-16T11:33:01.745+05:30  INFO 39496 --- [payment-service] [DiscoveryClient-InstanceInfoReplicator-0] com.netflix.discovery.DiscoveryClient    : DiscoveryClient_PAYMENT-SERVICE/localhost:payment-service:8086: registering service...
2026-05-16T11:33:01.776+05:30  INFO 39496 --- [payment-service] [main] c.p.p.PaymentServiceApplicationTests     : Started PaymentServiceApplicationTests in 18.282 seconds (process running for 28.077)
2026-05-16T11:33:01.781+05:30  INFO 39496 --- [payment-service] [DiscoveryClient-InstanceInfoReplicator-0] com.netflix.discovery.DiscoveryClient    : DiscoveryClient_PAYMENT-SERVICE/localhost:payment-service:8086 - registration status: 204
2026-05-16T11:33:01.786+05:30  INFO 39496 --- [payment-service] [main] c.p.payment.PaymentServiceApplication    : Executing database migration to alter pass_balances.status column to VARCHAR...
2026-05-16T11:33:01.825+05:30  INFO 39496 --- [payment-service] [main] c.p.payment.PaymentServiceApplication    : Migration successful.
2026-05-16T11:33:01.829+05:30 ERROR 39496 --- [payment-service] [registrationTask1] o.s.s.s.TaskUtils$LoggingErrorHandler    : Unexpected error occurred in scheduled task

java.lang.IllegalStateException: couldn't determine local port. Please set spring.boot.admin.client.instance.service-base-url.
	at de.codecentric.boot.admin.client.registration.DefaultApplicationFactory.getLocalServerPort(DefaultApplicationFactory.java:205) ~[spring-boot-admin-client-3.2.3.jar:3.2.3]
	at de.codecentric.boot.admin.client.registration.DefaultApplicationFactory.getServiceBaseUrl(DefaultApplicationFactory.java:109) ~[spring-boot-admin-client-3.2.3.jar:3.2.3]
	at de.codecentric.boot.admin.client.registration.ServletApplicationFactory.getServiceUrl(ServletApplicationFactory.java:62) ~[spring-boot-admin-client-3.2.3.jar:3.2.3]
	at de.codecentric.boot.admin.client.registration.ServletApplicationFactory.getManagementBaseUrl(ServletApplicationFactory.java:77) ~[spring-boot-admin-client-3.2.3.jar:3.2.3]
	at de.codecentric.boot.admin.client.registration.DefaultApplicationFactory.getHealthUrl(DefaultApplicationFactory.java:165) ~[spring-boot-admin-client-3.2.3.jar:3.2.3]
	at de.codecentric.boot.admin.client.registration.DefaultApplicationFactory.createApplication(DefaultApplicationFactory.java:80) ~[spring-boot-admin-client-3.2.3.jar:3.2.3]
	at de.codecentric.boot.admin.client.registration.DefaultApplicationRegistrator.register(DefaultApplicationRegistrator.java:56) ~[spring-boot-admin-client-3.2.3.jar:3.2.3]
	at org.springframework.scheduling.support.DelegatingErrorHandlingRunnable.run(DelegatingErrorHandlingRunnable.java:54) ~[spring-context-6.1.1.jar:6.1.1]
	at java.base/java.util.concurrent.Executors$RunnableAdapter.call(Executors.java:572) ~[na:na]
	at java.base/java.util.concurrent.FutureTask.runAndReset(FutureTask.java:358) ~[na:na]
	at java.base/java.util.concurrent.ScheduledThreadPoolExecutor$ScheduledFutureTask.run(ScheduledThreadPoolExecutor.java:305) ~[na:na]
	at java.base/java.util.concurrent.ThreadPoolExecutor.runWorker(ThreadPoolExecutor.java:1144) ~[na:na]
	at java.base/java.util.concurrent.ThreadPoolExecutor$Worker.run(ThreadPoolExecutor.java:642) ~[na:na]
	at java.base/java.lang.Thread.run(Thread.java:1583) ~[na:na]

2026-05-16T11:33:02.255+05:30 DEBUG 39496 --- [payment-service] [main] c.p.payment.security.JwtAuthFilter       : Authenticated: test@test.com [ROLE_DRIVER]
2026-05-16T11:33:02.264+05:30 ERROR 39496 --- [payment-service] [main] c.p.payment.security.JwtAuthFilter       : JWT filter error: Test Exception
2026-05-16T11:33:02.268+05:30 DEBUG 39496 --- [payment-service] [main] c.p.payment.security.JwtAuthFilter       : Authenticated: test@test.com [ROLE_DRIVER]
2026-05-16T11:33:02.289+05:30 ERROR 39496 --- [payment-service] [main] c.p.payment.service.PassReceiptService   : Failed to create receipts directory: Z:\bad_path\invalid: Unable to determine if root directory exists
2026-05-16T11:33:02.416+05:30 ERROR 39496 --- [payment-service] [main] c.p.payment.service.PassReceiptService   : Failed to generate pass receipt for txn 11: Z:\bad_path\invalid\ParkEase_PassReceipt_11.pdf (The system cannot find the path specified)
2026-05-16T11:33:02.706+05:30  INFO 39496 --- [payment-service] [main] c.p.payment.service.PassReceiptService   : Pass receipt generated: C:\Users\Hp\AppData\Local\Temp\junit7981267160794096173\ParkEase_PassReceipt_12.pdf
2026-05-16T11:33:02.724+05:30  INFO 39496 --- [payment-service] [main] c.p.payment.service.PassReceiptService   : Pass receipt generated: C:\Users\Hp\AppData\Local\Temp\junit695029897117859825\ParkEase_PassReceipt_10.pdf
2026-05-16T11:33:03.334+05:30  INFO 39496 --- [payment-service] [main] c.p.payment.service.PassServiceImpl      : Activating pass for driver: aryan@test.com order: order_pass_123
2026-05-16T11:33:03.334+05:30  INFO 39496 --- [payment-service] [main] c.p.payment.service.PassServiceImpl      : Pass 1 activated for driver: aryan@test.com, valid until: 2026-06-15T11:33:03.334847900
2026-05-16T11:33:03.341+05:30  INFO 39496 --- [payment-service] [main] c.p.payment.service.PassServiceImpl      : Processing pass payment for driver: aryan@test.com booking: 103
2026-05-16T11:33:03.353+05:30  INFO 39496 --- [payment-service] [main] c.p.payment.service.PassServiceImpl      : Processing pass payment for driver: aryan@test.com booking: 104
2026-05-16T11:33:03.356+05:30  INFO 39496 --- [payment-service] [main] c.p.payment.service.PassServiceImpl      : Pass payment recorded: PASS-908077E4-21F2-4D85-8953-CD69520F5CB0 for booking: 104, remaining: 0
2026-05-16T11:33:03.362+05:30  INFO 39496 --- [payment-service] [main] c.p.payment.service.PassServiceImpl      : Cancelling pass for driver: aryan@test.com
2026-05-16T11:33:03.363+05:30  INFO 39496 --- [payment-service] [main] c.p.payment.service.PassServiceImpl      : Pass 1 cancelled by driver: aryan@test.com
2026-05-16T11:33:03.368+05:30  INFO 39496 --- [payment-service] [main] c.p.payment.service.PassServiceImpl      : Scheduler expired 1 pass(es).
2026-05-16T11:33:03.377+05:30  INFO 39496 --- [payment-service] [main] c.p.payment.service.PassServiceImpl      : Pass receipt missing for txn 10, regenerating...
2026-05-16T11:33:03.384+05:30  INFO 39496 --- [payment-service] [main] c.p.payment.service.PassServiceImpl      : Processing pass payment for driver: aryan@test.com booking: 100
2026-05-16T11:33:03.390+05:30  INFO 39496 --- [payment-service] [main] c.p.payment.service.PassServiceImpl      : Processing pass payment for driver: aryan@test.com booking: 102
2026-05-16T11:33:03.395+05:30  INFO 39496 --- [payment-service] [main] c.p.payment.service.PassServiceImpl      : Creating pass order for driver: aryan@test.com
2026-05-16T11:33:03.471+05:30  INFO 39496 --- [payment-service] [main] c.p.payment.service.PassServiceImpl      : Creating pass order for driver: aryan@test.com
2026-05-16T11:33:03.475+05:30  INFO 39496 --- [payment-service] [main] c.p.payment.service.PassServiceImpl      : Razorpay pass order created: order_pass_123 for driver: aryan@test.com
2026-05-16T11:33:03.479+05:30  INFO 39496 --- [payment-service] [main] c.p.payment.service.PassServiceImpl      : Pass 1 lazily expired for driver: aryan@test.com
2026-05-16T11:33:03.487+05:30  INFO 39496 --- [payment-service] [main] c.p.payment.service.PassServiceImpl      : Cancelling pass for driver: aryan@test.com
2026-05-16T11:33:03.507+05:30  INFO 39496 --- [payment-service] [main] c.p.payment.service.PassServiceImpl      : Pass receipt missing for txn 10, regenerating...
2026-05-16T11:33:03.516+05:30  INFO 39496 --- [payment-service] [main] c.p.payment.service.PassServiceImpl      : Pass receipt missing for txn 10, regenerating...
2026-05-16T11:33:03.521+05:30  INFO 39496 --- [payment-service] [main] c.p.payment.service.PassServiceImpl      : Scheduler expired 1 pass(es).
2026-05-16T11:33:03.540+05:30  INFO 39496 --- [payment-service] [main] c.p.payment.service.PassServiceImpl      : Activating pass for driver: aryan@test.com order: order_pass_123
2026-05-16T11:33:03.541+05:30  INFO 39496 --- [payment-service] [main] c.p.payment.service.PassServiceImpl      : Cleaned up 1 old pass record(s) for driver: aryan@test.com
2026-05-16T11:33:03.541+05:30  INFO 39496 --- [payment-service] [main] c.p.payment.service.PassServiceImpl      : Pass 1 activated for driver: aryan@test.com, valid until: 2026-06-15T11:33:03.540668500
2026-05-16T11:33:03.546+05:30  INFO 39496 --- [payment-service] [main] c.p.payment.service.PassServiceImpl      : Processing pass payment for driver: aryan@test.com booking: 101
2026-05-16T11:33:03.551+05:30  INFO 39496 --- [payment-service] [main] c.p.payment.service.PassServiceImpl      : Creating pass order for driver: aryan@test.com
2026-05-16T11:33:03.552+05:30  INFO 39496 --- [payment-service] [main] c.p.payment.service.PassServiceImpl      : Razorpay pass order created: order_pass_456 for driver: aryan@test.com
2026-05-16T11:33:03.556+05:30  INFO 39496 --- [payment-service] [main] c.p.payment.service.PassServiceImpl      : Processing pass payment for driver: aryan@test.com booking: 100
2026-05-16T11:33:03.557+05:30  INFO 39496 --- [payment-service] [main] c.p.payment.service.PassServiceImpl      : Pass payment recorded: PASS-60D40B06-B468-4CB6-A9D9-279F449341E0 for booking: 100, remaining: 144
2026-05-16T11:33:03.566+05:30  INFO 39496 --- [payment-service] [main] c.p.payment.service.PassServiceImpl      : Activating pass for driver: aryan@test.com order: order_pass_123
2026-05-16T11:33:03.575+05:30  INFO 39496 --- [payment-service] [main] c.p.payment.service.PassServiceImpl      : Creating pass order for driver: aryan@test.com
2026-05-16T11:33:03.575+05:30 ERROR 39496 --- [payment-service] [main] c.p.payment.service.PassServiceImpl      : Razorpay pass order creation failed: Network error
2026-05-16T11:33:03.579+05:30  INFO 39496 --- [payment-service] [main] c.p.payment.service.PassServiceImpl      : Cancelling pass for driver: aryan@test.com
2026-05-16T11:33:03.995+05:30  INFO 39496 --- [payment-service] [main] c.p.payment.service.PaymentServiceImpl   : Processing refund for booking: 100
2026-05-16T11:33:03.995+05:30  INFO 39496 --- [payment-service] [main] c.p.payment.service.PaymentServiceImpl   : Razorpay refund created: refund_123
2026-05-16T11:33:04.001+05:30  INFO 39496 --- [payment-service] [main] c.p.payment.service.PaymentServiceImpl   : Processing refund for booking: 100
2026-05-16T11:33:04.003+05:30  INFO 39496 --- [payment-service] [main] c.p.payment.service.PaymentServiceImpl   : Razorpay refund created: refund_123
2026-05-16T11:33:04.015+05:30  INFO 39496 --- [payment-service] [main] c.p.payment.service.PaymentServiceImpl   : Creating Razorpay order for booking: 100 amount: Rs.150.0
2026-05-16T11:33:04.017+05:30  INFO 39496 --- [payment-service] [main] c.p.payment.service.PaymentServiceImpl   : Razorpay order created: order_123
2026-05-16T11:33:04.020+05:30  INFO 39496 --- [payment-service] [main] c.p.payment.service.PaymentServiceImpl   : Processing refund for booking: 999
2026-05-16T11:33:04.101+05:30  INFO 39496 --- [payment-service] [main] c.p.payment.service.PaymentServiceImpl   : Verifying payment for order: order_123
2026-05-16T11:33:04.103+05:30  INFO 39496 --- [payment-service] [main] c.p.payment.service.PaymentServiceImpl   : Payment 1 verified and marked as PAID
2026-05-16T11:33:04.110+05:30  INFO 39496 --- [payment-service] [main] c.p.payment.service.PaymentServiceImpl   : Creating Razorpay order for booking: 100 amount: Rs.150.0
2026-05-16T11:33:04.114+05:30  INFO 39496 --- [payment-service] [main] c.p.payment.service.PaymentServiceImpl   : Verifying payment for order: order_123
2026-05-16T11:33:04.115+05:30  INFO 39496 --- [payment-service] [main] c.p.payment.service.PaymentServiceImpl   : Payment 1 verified and marked as PAID
2026-05-16T11:33:04.121+05:30  INFO 39496 --- [payment-service] [main] c.p.payment.service.PaymentServiceImpl   : Verifying payment for order: order_123
2026-05-16T11:33:04.122+05:30  INFO 39496 --- [payment-service] [main] c.p.payment.service.PaymentServiceImpl   : Payment 1 verified and marked as PAID
2026-05-16T11:33:04.129+05:30  INFO 39496 --- [payment-service] [main] c.p.payment.service.PaymentServiceImpl   : Receipt missing for payment 1, regenerating...
2026-05-16T11:33:04.143+05:30  INFO 39496 --- [payment-service] [main] c.p.payment.service.PaymentServiceImpl   : Verifying payment for order: order_123
2026-05-16T11:33:04.143+05:30  WARN 39496 --- [payment-service] [main] c.p.payment.service.PaymentServiceImpl   : Invalid signature for order: order_123
2026-05-16T11:33:04.147+05:30  INFO 39496 --- [payment-service] [main] c.p.payment.service.PaymentServiceImpl   : Processing refund for booking: 100
2026-05-16T11:33:04.156+05:30  INFO 39496 --- [payment-service] [main] c.p.payment.service.PaymentServiceImpl   : Processing refund for booking: 100
2026-05-16T11:33:04.156+05:30 ERROR 39496 --- [payment-service] [main] c.p.payment.service.PaymentServiceImpl   : Refund failed for payment 1: Razorpay error
2026-05-16T11:33:04.161+05:30  INFO 39496 --- [payment-service] [main] c.p.payment.service.PaymentServiceImpl   : Receipt missing for payment 1, regenerating...
2026-05-16T11:33:04.164+05:30  INFO 39496 --- [payment-service] [main] c.p.payment.service.PaymentServiceImpl   : Creating Razorpay order for booking: 100 amount: Rs.150.0
2026-05-16T11:33:04.164+05:30 ERROR 39496 --- [payment-service] [main] c.p.payment.service.PaymentServiceImpl   : Razorpay order creation failed: Razorpay error
2026-05-16T11:33:04.170+05:30  INFO 39496 --- [payment-service] [main] c.p.payment.service.PaymentServiceImpl   : Verifying payment for order: order_123
2026-05-16T11:33:04.171+05:30  WARN 39496 --- [payment-service] [main] c.p.payment.service.PaymentServiceImpl   : Could not fetch payment method from Razorpay: Fetch error
2026-05-16T11:33:04.171+05:30  INFO 39496 --- [payment-service] [main] c.p.payment.service.PaymentServiceImpl   : Payment 1 verified and marked as PAID
2026-05-16T11:33:04.177+05:30  INFO 39496 --- [payment-service] [main] c.p.payment.service.PaymentServiceImpl   : Verifying payment for order: order_123
2026-05-16T11:33:04.177+05:30  INFO 39496 --- [payment-service] [main] c.p.payment.service.PaymentServiceImpl   : Payment 1 verified and marked as PAID
2026-05-16T11:33:04.180+05:30  INFO 39496 --- [payment-service] [main] c.p.payment.service.PaymentServiceImpl   : Verifying payment for order: order_not_found
2026-05-16T11:33:04.196+05:30  INFO 39496 --- [payment-service] [main] c.p.payment.service.ReceiptService       : Receipt generated: C:\Users\Hp\AppData\Local\Temp\junit15555815374197011910\ParkEase_Receipt_3.pdf
2026-05-16T11:33:04.213+05:30  INFO 39496 --- [payment-service] [main] c.p.payment.service.ReceiptService       : Receipt generated: C:\Users\Hp\AppData\Local\Temp\junit9324365290110469206\ParkEase_Receipt_1.pdf
2026-05-16T11:33:04.218+05:30 ERROR 39496 --- [payment-service] [main] c.p.payment.service.ReceiptService       : Failed to create receipts directory: Z:\non_existent_drive\invalid: Unable to determine if root directory exists
2026-05-16T11:33:04.219+05:30 ERROR 39496 --- [payment-service] [main] c.p.payment.service.ReceiptService       : Failed to generate receipt for payment 1: Z:\non_existent_drive\invalid\ParkEase_Receipt_1.pdf (The system cannot find the path specified)
2026-05-16T11:33:04.232+05:30  INFO 39496 --- [payment-service] [main] c.p.payment.service.ReceiptService       : Receipt generated: C:\Users\Hp\AppData\Local\Temp\junit79505058170541891\ParkEase_Receipt_2.pdf
2026-05-16T11:33:04.335+05:30  WARN 39496 --- [payment-service] [main] com.parkease.payment.util.JwtUtil        : JWT invalid: JWT expired at 2026-05-16T06:02:59Z. Current time: 2026-05-16T06:03:04Z, a difference of 5333 milliseconds.  Allowed clock skew: 0 milliseconds.
2026-05-16T11:33:04.342+05:30  WARN 39496 --- [payment-service] [main] com.parkease.payment.util.JwtUtil        : JWT invalid: JWT strings must contain exactly 2 period characters. Found: 0
2026-05-16T11:33:04.377+05:30  INFO 39496 --- [payment-service] [SpringApplicationShutdownHook] o.s.c.n.e.s.EurekaServiceRegistry        : Unregistering application PAYMENT-SERVICE with eureka with status DOWN
2026-05-16T11:33:04.377+05:30  INFO 39496 --- [payment-service] [SpringApplicationShutdownHook] com.netflix.discovery.DiscoveryClient    : Saw local status change event StatusChangeEvent [timestamp=1778911384377, current=DOWN, previous=UP]
2026-05-16T11:33:04.379+05:30  INFO 39496 --- [payment-service] [DiscoveryClient-InstanceInfoReplicator-0] com.netflix.discovery.DiscoveryClient    : DiscoveryClient_PAYMENT-SERVICE/localhost:payment-service:8086: registering service...
2026-05-16T11:33:04.389+05:30  INFO 39496 --- [payment-service] [DiscoveryClient-InstanceInfoReplicator-0] com.netflix.discovery.DiscoveryClient    : DiscoveryClient_PAYMENT-SERVICE/localhost:payment-service:8086 - registration status: 204
2026-05-16T11:33:04.865+05:30  INFO 39496 --- [payment-service] [SpringApplicationShutdownHook] j.LocalContainerEntityManagerFactoryBean : Closing JPA EntityManagerFactory for persistence unit 'default'
2026-05-16T11:33:04.867+05:30  INFO 39496 --- [payment-service] [SpringApplicationShutdownHook] com.zaxxer.hikari.HikariDataSource       : HikariPool-1 - Shutdown initiated...
2026-05-16T11:33:04.877+05:30  INFO 39496 --- [payment-service] [SpringApplicationShutdownHook] com.zaxxer.hikari.HikariDataSource       : HikariPool-1 - Shutdown completed.
2026-05-16T11:33:04.877+05:30  INFO 39496 --- [payment-service] [SpringApplicationShutdownHook] com.netflix.discovery.DiscoveryClient    : Shutting down DiscoveryClient ...
2026-05-16T11:33:07.880+05:30  INFO 39496 --- [payment-service] [SpringApplicationShutdownHook] com.netflix.discovery.DiscoveryClient    : Unregistering ...
2026-05-16T11:33:07.887+05:30  INFO 39496 --- [payment-service] [SpringApplicationShutdownHook] c.n.d.s.t.d.RedirectingEurekaHttpClient  : Request execution error. endpoint=DefaultEndpoint{ serviceUrl='http://localhost:8761/eureka/} exception=Connection pool shut down stacktrace=java.lang.IllegalStateException: Connection pool shut down
	at org.apache.hc.core5.util.Asserts.check(Asserts.java:38)
	at org.apache.hc.core5.pool.StrictConnPool.lease(StrictConnPool.java:176)
	at org.apache.hc.client5.http.impl.io.PoolingHttpClientConnectionManager.lease(PoolingHttpClientConnectionManager.java:298)
	at org.apache.hc.client5.http.impl.classic.InternalExecRuntime.acquireEndpoint(InternalExecRuntime.java:103)
	at org.apache.hc.client5.http.impl.classic.ConnectExec.execute(ConnectExec.java:125)
	at org.apache.hc.client5.http.impl.classic.ExecChainElement.execute(ExecChainElement.java:51)
	at org.apache.hc.client5.http.impl.classic.ProtocolExec.execute(ProtocolExec.java:192)
	at org.apache.hc.client5.http.impl.classic.ExecChainElement.execute(ExecChainElement.java:51)
	at org.apache.hc.client5.http.impl.classic.HttpRequestRetryExec.execute(HttpRequestRetryExec.java:96)
	at org.apache.hc.client5.http.impl.classic.ExecChainElement.execute(ExecChainElement.java:51)
	at org.apache.hc.client5.http.impl.classic.ContentCompressionExec.execute(ContentCompressionExec.java:152)
	at org.apache.hc.client5.http.impl.classic.ExecChainElement.execute(ExecChainElement.java:51)
	at org.apache.hc.client5.http.impl.classic.RedirectExec.execute(RedirectExec.java:115)
	at org.apache.hc.client5.http.impl.classic.ExecChainElement.execute(ExecChainElement.java:51)
	at org.apache.hc.client5.http.impl.classic.InternalHttpClient.doExecute(InternalHttpClient.java:170)
	at org.apache.hc.client5.http.impl.classic.CloseableHttpClient.execute(CloseableHttpClient.java:87)
	at org.apache.hc.client5.http.impl.classic.CloseableHttpClient.execute(CloseableHttpClient.java:55)
	at org.apache.hc.client5.http.classic.HttpClient.executeOpen(HttpClient.java:183)
	at org.springframework.http.client.HttpComponentsClientHttpRequest.executeInternal(HttpComponentsClientHttpRequest.java:95)
	at org.springframework.http.client.AbstractStreamingClientHttpRequest.executeInternal(AbstractStreamingClientHttpRequest.java:70)
	at org.springframework.http.client.AbstractClientHttpRequest.execute(AbstractClientHttpRequest.java:66)
	at org.springframework.http.client.InterceptingClientHttpRequest$InterceptingRequestExecution.execute(InterceptingClientHttpRequest.java:101)
	at org.springframework.cloud.netflix.eureka.http.RestTemplateTransportClientFactory.lambda$restTemplate$0(RestTemplateTransportClientFactory.java:143)
	at org.springframework.http.client.InterceptingClientHttpRequest$InterceptingRequestExecution.execute(InterceptingClientHttpRequest.java:87)
	at org.springframework.http.client.InterceptingClientHttpRequest.executeInternal(InterceptingClientHttpRequest.java:71)
	at org.springframework.http.client.AbstractBufferingClientHttpRequest.executeInternal(AbstractBufferingClientHttpRequest.java:48)
	at org.springframework.http.client.AbstractClientHttpRequest.execute(AbstractClientHttpRequest.java:66)
	at org.springframework.web.client.RestTemplate.doExecute(RestTemplate.java:879)
	at org.springframework.web.client.RestTemplate.execute(RestTemplate.java:781)
	at org.springframework.web.client.RestTemplate.exchange(RestTemplate.java:663)
	at org.springframework.cloud.netflix.eureka.http.RestTemplateEurekaHttpClient.cancel(RestTemplateEurekaHttpClient.java:87)
	at com.netflix.discovery.shared.transport.decorator.EurekaHttpClientDecorator$2.execute(EurekaHttpClientDecorator.java:74)
	at com.netflix.discovery.shared.transport.decorator.RedirectingEurekaHttpClient.execute(RedirectingEurekaHttpClient.java:91)
	at com.netflix.discovery.shared.transport.decorator.EurekaHttpClientDecorator.cancel(EurekaHttpClientDecorator.java:71)
	at com.netflix.discovery.shared.transport.decorator.EurekaHttpClientDecorator$2.execute(EurekaHttpClientDecorator.java:74)
	at com.netflix.discovery.shared.transport.decorator.RetryableEurekaHttpClient.execute(RetryableEurekaHttpClient.java:120)
	at com.netflix.discovery.shared.transport.decorator.EurekaHttpClientDecorator.cancel(EurekaHttpClientDecorator.java:71)
	at com.netflix.discovery.shared.transport.decorator.EurekaHttpClientDecorator$2.execute(EurekaHttpClientDecorator.java:74)
	at com.netflix.discovery.shared.transport.decorator.SessionedEurekaHttpClient.execute(SessionedEurekaHttpClient.java:77)
	at com.netflix.discovery.shared.transport.decorator.EurekaHttpClientDecorator.cancel(EurekaHttpClientDecorator.java:71)
	at com.netflix.discovery.DiscoveryClient.unregister(DiscoveryClient.java:916)
	at com.netflix.discovery.DiscoveryClient.shutdown(DiscoveryClient.java:892)
	at java.base/jdk.internal.reflect.DirectMethodHandleAccessor.invoke(DirectMethodHandleAccessor.java:103)
	at java.base/java.lang.reflect.Method.invoke(Method.java:580)
	at org.springframework.beans.factory.annotation.InitDestroyAnnotationBeanPostProcessor$LifecycleMethod.invoke(InitDestroyAnnotationBeanPostProcessor.java:457)
	at org.springframework.beans.factory.annotation.InitDestroyAnnotationBeanPostProcessor$LifecycleMetadata.invokeDestroyMethods(InitDestroyAnnotationBeanPostProcessor.java:415)
	at org.springframework.beans.factory.annotation.InitDestroyAnnotationBeanPostProcessor.postProcessBeforeDestruction(InitDestroyAnnotationBeanPostProcessor.java:239)
	at org.springframework.beans.factory.support.DisposableBeanAdapter.destroy(DisposableBeanAdapter.java:202)
	at org.springframework.beans.factory.support.DisposableBeanAdapter.run(DisposableBeanAdapter.java:195)
	at org.springframework.cloud.context.scope.GenericScope$BeanLifecycleWrapper.destroy(GenericScope.java:389)
	at org.springframework.cloud.context.scope.GenericScope.destroy(GenericScope.java:136)
	at org.springframework.beans.factory.support.DisposableBeanAdapter.destroy(DisposableBeanAdapter.java:211)
	at org.springframework.beans.factory.support.DefaultSingletonBeanRegistry.destroyBean(DefaultSingletonBeanRegistry.java:587)
	at org.springframework.beans.factory.support.DefaultSingletonBeanRegistry.destroySingleton(DefaultSingletonBeanRegistry.java:559)
	at org.springframework.beans.factory.support.DefaultListableBeanFactory.destroySingleton(DefaultListableBeanFactory.java:1200)
	at org.springframework.beans.factory.support.DefaultSingletonBeanRegistry.destroySingletons(DefaultSingletonBeanRegistry.java:520)
	at org.springframework.beans.factory.support.DefaultListableBeanFactory.destroySingletons(DefaultListableBeanFactory.java:1193)
	at org.springframework.context.support.AbstractApplicationContext.destroyBeans(AbstractApplicationContext.java:1125)
	at org.springframework.context.support.AbstractApplicationContext.doClose(AbstractApplicationContext.java:1086)
	at org.springframework.context.support.AbstractApplicationContext.close(AbstractApplicationContext.java:1037)
	at org.springframework.boot.SpringApplicationShutdownHook.closeAndWait(SpringApplicationShutdownHook.java:145)
	at java.base/java.lang.Iterable.forEach(Iterable.java:75)
	at org.springframework.boot.SpringApplicationShutdownHook.run(SpringApplicationShutdownHook.java:114)
	at java.base/java.lang.Thread.run(Thread.java:1583)

2026-05-16T11:33:07.888+05:30  WARN 39496 --- [payment-service] [SpringApplicationShutdownHook] c.n.d.s.t.d.RetryableEurekaHttpClient    : Request execution failed with message: Connection pool shut down
2026-05-16T11:33:07.893+05:30  INFO 39496 --- [payment-service] [SpringApplicationShutdownHook] c.n.d.s.t.d.RedirectingEurekaHttpClient  : Request execution error. endpoint=DefaultEndpoint{ serviceUrl='http://localhost:8761/eureka/}, exception=Connection pool shut down stacktrace=java.lang.IllegalStateException: Connection pool shut down
	at org.apache.hc.core5.util.Asserts.check(Asserts.java:38)
	at org.apache.hc.core5.pool.StrictConnPool.lease(StrictConnPool.java:176)
	at org.apache.hc.client5.http.impl.io.PoolingHttpClientConnectionManager.lease(PoolingHttpClientConnectionManager.java:298)
	at org.apache.hc.client5.http.impl.classic.InternalExecRuntime.acquireEndpoint(InternalExecRuntime.java:103)
	at org.apache.hc.client5.http.impl.classic.ConnectExec.execute(ConnectExec.java:125)
	at org.apache.hc.client5.http.impl.classic.ExecChainElement.execute(ExecChainElement.java:51)
	at org.apache.hc.client5.http.impl.classic.ProtocolExec.execute(ProtocolExec.java:192)
	at org.apache.hc.client5.http.impl.classic.ExecChainElement.execute(ExecChainElement.java:51)
	at org.apache.hc.client5.http.impl.classic.HttpRequestRetryExec.execute(HttpRequestRetryExec.java:96)
	at org.apache.hc.client5.http.impl.classic.ExecChainElement.execute(ExecChainElement.java:51)
	at org.apache.hc.client5.http.impl.classic.ContentCompressionExec.execute(ContentCompressionExec.java:152)
	at org.apache.hc.client5.http.impl.classic.ExecChainElement.execute(ExecChainElement.java:51)
	at org.apache.hc.client5.http.impl.classic.RedirectExec.execute(RedirectExec.java:115)
	at org.apache.hc.client5.http.impl.classic.ExecChainElement.execute(ExecChainElement.java:51)
	at org.apache.hc.client5.http.impl.classic.InternalHttpClient.doExecute(InternalHttpClient.java:170)
	at org.apache.hc.client5.http.impl.classic.CloseableHttpClient.execute(CloseableHttpClient.java:87)
	at org.apache.hc.client5.http.impl.classic.CloseableHttpClient.execute(CloseableHttpClient.java:55)
	at org.apache.hc.client5.http.classic.HttpClient.executeOpen(HttpClient.java:183)
	at org.springframework.http.client.HttpComponentsClientHttpRequest.executeInternal(HttpComponentsClientHttpRequest.java:95)
	at org.springframework.http.client.AbstractStreamingClientHttpRequest.executeInternal(AbstractStreamingClientHttpRequest.java:70)
	at org.springframework.http.client.AbstractClientHttpRequest.execute(AbstractClientHttpRequest.java:66)
	at org.springframework.http.client.InterceptingClientHttpRequest$InterceptingRequestExecution.execute(InterceptingClientHttpRequest.java:101)
	at org.springframework.cloud.netflix.eureka.http.RestTemplateTransportClientFactory.lambda$restTemplate$0(RestTemplateTransportClientFactory.java:143)
	at org.springframework.http.client.InterceptingClientHttpRequest$InterceptingRequestExecution.execute(InterceptingClientHttpRequest.java:87)
	at org.springframework.http.client.InterceptingClientHttpRequest.executeInternal(InterceptingClientHttpRequest.java:71)
	at org.springframework.http.client.AbstractBufferingClientHttpRequest.executeInternal(AbstractBufferingClientHttpRequest.java:48)
	at org.springframework.http.client.AbstractClientHttpRequest.execute(AbstractClientHttpRequest.java:66)
	at org.springframework.web.client.RestTemplate.doExecute(RestTemplate.java:879)
	at org.springframework.web.client.RestTemplate.execute(RestTemplate.java:781)
	at org.springframework.web.client.RestTemplate.exchange(RestTemplate.java:663)
	at org.springframework.cloud.netflix.eureka.http.RestTemplateEurekaHttpClient.cancel(RestTemplateEurekaHttpClient.java:87)
	at com.netflix.discovery.shared.transport.decorator.EurekaHttpClientDecorator$2.execute(EurekaHttpClientDecorator.java:74)
	at com.netflix.discovery.shared.transport.decorator.RedirectingEurekaHttpClient.executeOnNewServer(RedirectingEurekaHttpClient.java:121)
	at com.netflix.discovery.shared.transport.decorator.RedirectingEurekaHttpClient.execute(RedirectingEurekaHttpClient.java:80)
	at com.netflix.discovery.shared.transport.decorator.EurekaHttpClientDecorator.cancel(EurekaHttpClientDecorator.java:71)
	at com.netflix.discovery.shared.transport.decorator.EurekaHttpClientDecorator$2.execute(EurekaHttpClientDecorator.java:74)
	at com.netflix.discovery.shared.transport.decorator.RetryableEurekaHttpClient.execute(RetryableEurekaHttpClient.java:120)
	at com.netflix.discovery.shared.transport.decorator.EurekaHttpClientDecorator.cancel(EurekaHttpClientDecorator.java:71)
	at com.netflix.discovery.shared.transport.decorator.EurekaHttpClientDecorator$2.execute(EurekaHttpClientDecorator.java:74)
	at com.netflix.discovery.shared.transport.decorator.SessionedEurekaHttpClient.execute(SessionedEurekaHttpClient.java:77)
	at com.netflix.discovery.shared.transport.decorator.EurekaHttpClientDecorator.cancel(EurekaHttpClientDecorator.java:71)
	at com.netflix.discovery.DiscoveryClient.unregister(DiscoveryClient.java:916)
	at com.netflix.discovery.DiscoveryClient.shutdown(DiscoveryClient.java:892)
	at java.base/jdk.internal.reflect.DirectMethodHandleAccessor.invoke(DirectMethodHandleAccessor.java:103)
	at java.base/java.lang.reflect.Method.invoke(Method.java:580)
	at org.springframework.beans.factory.annotation.InitDestroyAnnotationBeanPostProcessor$LifecycleMethod.invoke(InitDestroyAnnotationBeanPostProcessor.java:457)
	at org.springframework.beans.factory.annotation.InitDestroyAnnotationBeanPostProcessor$LifecycleMetadata.invokeDestroyMethods(InitDestroyAnnotationBeanPostProcessor.java:415)
	at org.springframework.beans.factory.annotation.InitDestroyAnnotationBeanPostProcessor.postProcessBeforeDestruction(InitDestroyAnnotationBeanPostProcessor.java:239)
	at org.springframework.beans.factory.support.DisposableBeanAdapter.destroy(DisposableBeanAdapter.java:202)
	at org.springframework.beans.factory.support.DisposableBeanAdapter.run(DisposableBeanAdapter.java:195)
	at org.springframework.cloud.context.scope.GenericScope$BeanLifecycleWrapper.destroy(GenericScope.java:389)
	at org.springframework.cloud.context.scope.GenericScope.destroy(GenericScope.java:136)
	at org.springframework.beans.factory.support.DisposableBeanAdapter.destroy(DisposableBeanAdapter.java:211)
	at org.springframework.beans.factory.support.DefaultSingletonBeanRegistry.destroyBean(DefaultSingletonBeanRegistry.java:587)
	at org.springframework.beans.factory.support.DefaultSingletonBeanRegistry.destroySingleton(DefaultSingletonBeanRegistry.java:559)
	at org.springframework.beans.factory.support.DefaultListableBeanFactory.destroySingleton(DefaultListableBeanFactory.java:1200)
	at org.springframework.beans.factory.support.DefaultSingletonBeanRegistry.destroySingletons(DefaultSingletonBeanRegistry.java:520)
	at org.springframework.beans.factory.support.DefaultListableBeanFactory.destroySingletons(DefaultListableBeanFactory.java:1193)
	at org.springframework.context.support.AbstractApplicationContext.destroyBeans(AbstractApplicationContext.java:1125)
	at org.springframework.context.support.AbstractApplicationContext.doClose(AbstractApplicationContext.java:1086)
	at org.springframework.context.support.AbstractApplicationContext.close(AbstractApplicationContext.java:1037)
	at org.springframework.boot.SpringApplicationShutdownHook.closeAndWait(SpringApplicationShutdownHook.java:145)
	at java.base/java.lang.Iterable.forEach(Iterable.java:75)
	at org.springframework.boot.SpringApplicationShutdownHook.run(SpringApplicationShutdownHook.java:114)
	at java.base/java.lang.Thread.run(Thread.java:1583)

2026-05-16T11:33:07.893+05:30  WARN 39496 --- [payment-service] [SpringApplicationShutdownHook] c.n.d.s.t.d.RetryableEurekaHttpClient    : Request execution failed with message: Connection pool shut down
2026-05-16T11:33:07.894+05:30 ERROR 39496 --- [payment-service] [SpringApplicationShutdownHook] com.netflix.discovery.DiscoveryClient    : DiscoveryClient_PAYMENT-SERVICE/localhost:payment-service:8086 - de-registration failedCannot execute request on any known server

com.netflix.discovery.shared.transport.TransportException: Cannot execute request on any known server
	at com.netflix.discovery.shared.transport.decorator.RetryableEurekaHttpClient.execute(RetryableEurekaHttpClient.java:112) ~[eureka-client-2.0.2.jar:2.0.2]
	at com.netflix.discovery.shared.transport.decorator.EurekaHttpClientDecorator.cancel(EurekaHttpClientDecorator.java:71) ~[eureka-client-2.0.2.jar:2.0.2]
	at com.netflix.discovery.shared.transport.decorator.EurekaHttpClientDecorator$2.execute(EurekaHttpClientDecorator.java:74) ~[eureka-client-2.0.2.jar:2.0.2]
	at com.netflix.discovery.shared.transport.decorator.SessionedEurekaHttpClient.execute(SessionedEurekaHttpClient.java:77) ~[eureka-client-2.0.2.jar:2.0.2]
	at com.netflix.discovery.shared.transport.decorator.EurekaHttpClientDecorator.cancel(EurekaHttpClientDecorator.java:71) ~[eureka-client-2.0.2.jar:2.0.2]
	at com.netflix.discovery.DiscoveryClient.unregister(DiscoveryClient.java:916) ~[eureka-client-2.0.2.jar:2.0.2]
	at com.netflix.discovery.DiscoveryClient.shutdown(DiscoveryClient.java:892) ~[eureka-client-2.0.2.jar:2.0.2]
	at java.base/jdk.internal.reflect.DirectMethodHandleAccessor.invoke(DirectMethodHandleAccessor.java:103) ~[na:na]
	at java.base/java.lang.reflect.Method.invoke(Method.java:580) ~[na:na]
	at org.springframework.beans.factory.annotation.InitDestroyAnnotationBeanPostProcessor$LifecycleMethod.invoke(InitDestroyAnnotationBeanPostProcessor.java:457) ~[spring-beans-6.1.1.jar:6.1.1]
	at org.springframework.beans.factory.annotation.InitDestroyAnnotationBeanPostProcessor$LifecycleMetadata.invokeDestroyMethods(InitDestroyAnnotationBeanPostProcessor.java:415) ~[spring-beans-6.1.1.jar:6.1.1]
	at org.springframework.beans.factory.annotation.InitDestroyAnnotationBeanPostProcessor.postProcessBeforeDestruction(InitDestroyAnnotationBeanPostProcessor.java:239) ~[spring-beans-6.1.1.jar:6.1.1]
	at org.springframework.beans.factory.support.DisposableBeanAdapter.destroy(DisposableBeanAdapter.java:202) ~[spring-beans-6.1.1.jar:6.1.1]
	at org.springframework.beans.factory.support.DisposableBeanAdapter.run(DisposableBeanAdapter.java:195) ~[spring-beans-6.1.1.jar:6.1.1]
	at org.springframework.cloud.context.scope.GenericScope$BeanLifecycleWrapper.destroy(GenericScope.java:389) ~[spring-cloud-context-4.1.2.jar:4.1.2]
	at org.springframework.cloud.context.scope.GenericScope.destroy(GenericScope.java:136) ~[spring-cloud-context-4.1.2.jar:4.1.2]
	at org.springframework.beans.factory.support.DisposableBeanAdapter.destroy(DisposableBeanAdapter.java:211) ~[spring-beans-6.1.1.jar:6.1.1]
	at org.springframework.beans.factory.support.DefaultSingletonBeanRegistry.destroyBean(DefaultSingletonBeanRegistry.java:587) ~[spring-beans-6.1.1.jar:6.1.1]
	at org.springframework.beans.factory.support.DefaultSingletonBeanRegistry.destroySingleton(DefaultSingletonBeanRegistry.java:559) ~[spring-beans-6.1.1.jar:6.1.1]
	at org.springframework.beans.factory.support.DefaultListableBeanFactory.destroySingleton(DefaultListableBeanFactory.java:1200) ~[spring-beans-6.1.1.jar:6.1.1]
	at org.springframework.beans.factory.support.DefaultSingletonBeanRegistry.destroySingletons(DefaultSingletonBeanRegistry.java:520) ~[spring-beans-6.1.1.jar:6.1.1]
	at org.springframework.beans.factory.support.DefaultListableBeanFactory.destroySingletons(DefaultListableBeanFactory.java:1193) ~[spring-beans-6.1.1.jar:6.1.1]
	at org.springframework.context.support.AbstractApplicationContext.destroyBeans(AbstractApplicationContext.java:1125) ~[spring-context-6.1.1.jar:6.1.1]
	at org.springframework.context.support.AbstractApplicationContext.doClose(AbstractApplicationContext.java:1086) ~[spring-context-6.1.1.jar:6.1.1]
	at org.springframework.context.support.AbstractApplicationContext.close(AbstractApplicationContext.java:1037) ~[spring-context-6.1.1.jar:6.1.1]
	at org.springframework.boot.SpringApplicationShutdownHook.closeAndWait(SpringApplicationShutdownHook.java:145) ~[spring-boot-3.2.0.jar:3.2.0]
	at java.base/java.lang.Iterable.forEach(Iterable.java:75) ~[na:na]
	at org.springframework.boot.SpringApplicationShutdownHook.run(SpringApplicationShutdownHook.java:114) ~[spring-boot-3.2.0.jar:3.2.0]
	at java.base/java.lang.Thread.run(Thread.java:1583) ~[na:na]

2026-05-16T11:33:07.901+05:30  INFO 39496 --- [payment-service] [SpringApplicationShutdownHook] com.netflix.discovery.DiscoveryClient    : Completed shut down of DiscoveryClient
2026-05-16T11:36:02.416+05:30  WARN 35756 --- [payment-service] [main] ory$DuplicateJsonObjectContextCustomizer : 

Found multiple occurrences of org.json.JSONObject on the class path:

	jar:file:/C:/Users/Hp/.m2/repository/org/json/json/20180130/json-20180130.jar!/org/json/JSONObject.class
	jar:file:/C:/Users/Hp/.m2/repository/com/vaadin/external/google/android-json/0.0.20131108.vaadin1/android-json-0.0.20131108.vaadin1.jar!/org/json/JSONObject.class

You may wish to exclude one of them to ensure predictable runtime behavior

2026-05-16T11:36:02.476+05:30  INFO 35756 --- [payment-service] [main] c.p.p.PaymentServiceApplicationTests     : Starting PaymentServiceApplicationTests using Java 21.0.10 with PID 35756 (started by Hp in C:\Users\Hp\Desktop\Parkease-Backend\payment-service)
2026-05-16T11:36:02.476+05:30 DEBUG 35756 --- [payment-service] [main] c.p.p.PaymentServiceApplicationTests     : Running with Spring Boot v3.2.0, Spring v6.1.1
2026-05-16T11:36:02.478+05:30  INFO 35756 --- [payment-service] [main] c.p.p.PaymentServiceApplicationTests     : No active profile set, falling back to 1 default profile: "default"
2026-05-16T11:36:04.919+05:30  INFO 35756 --- [payment-service] [main] .s.d.r.c.RepositoryConfigurationDelegate : Bootstrapping Spring Data JPA repositories in DEFAULT mode.
2026-05-16T11:36:05.055+05:30  INFO 35756 --- [payment-service] [main] .s.d.r.c.RepositoryConfigurationDelegate : Finished Spring Data repository scanning in 116 ms. Found 3 JPA repository interfaces.
2026-05-16T11:36:05.650+05:30  INFO 35756 --- [payment-service] [main] o.s.cloud.context.scope.GenericScope     : BeanFactory id=fa746c78-4274-3410-82cb-e52e461e88e9
2026-05-16T11:36:06.508+05:30  WARN 35756 --- [payment-service] [main] trationDelegate$BeanPostProcessorChecker : Bean 'org.springframework.cloud.client.loadbalancer.LoadBalancerAutoConfiguration$DeferringLoadBalancerInterceptorConfig' of type [org.springframework.cloud.client.loadbalancer.LoadBalancerAutoConfiguration$DeferringLoadBalancerInterceptorConfig] is not eligible for getting processed by all BeanPostProcessors (for example: not eligible for auto-proxying). The currently created BeanPostProcessor [lbRestClientPostProcessor] is declared through a non-static factory method on that class; consider declaring it as static instead.
2026-05-16T11:36:06.515+05:30  WARN 35756 --- [payment-service] [main] trationDelegate$BeanPostProcessorChecker : Bean 'deferringLoadBalancerInterceptor' of type [org.springframework.cloud.client.loadbalancer.DeferringLoadBalancerInterceptor] is not eligible for getting processed by all BeanPostProcessors (for example: not eligible for auto-proxying). Is this bean getting eagerly injected into a currently created BeanPostProcessor [lbRestClientPostProcessor]? Check the corresponding BeanPostProcessor declaration and its dependencies.
2026-05-16T11:36:06.942+05:30  INFO 35756 --- [payment-service] [main] o.hibernate.jpa.internal.util.LogHelper  : HHH000204: Processing PersistenceUnitInfo [name: default]
2026-05-16T11:36:07.088+05:30  INFO 35756 --- [payment-service] [main] org.hibernate.Version                    : HHH000412: Hibernate ORM core version 6.3.1.Final
2026-05-16T11:36:07.175+05:30  INFO 35756 --- [payment-service] [main] o.h.c.internal.RegionFactoryInitiator    : HHH000026: Second-level cache disabled
2026-05-16T11:36:07.386+05:30  INFO 35756 --- [payment-service] [main] o.s.o.j.p.SpringPersistenceUnitInfo      : No LoadTimeWeaver setup: ignoring JPA class transformer
2026-05-16T11:36:07.440+05:30  INFO 35756 --- [payment-service] [main] com.zaxxer.hikari.HikariDataSource       : HikariPool-1 - Starting...
2026-05-16T11:36:07.806+05:30  INFO 35756 --- [payment-service] [main] com.zaxxer.hikari.pool.HikariPool        : HikariPool-1 - Added connection com.mysql.cj.jdbc.ConnectionImpl@16a13fc
2026-05-16T11:36:07.811+05:30  INFO 35756 --- [payment-service] [main] com.zaxxer.hikari.HikariDataSource       : HikariPool-1 - Start completed.
2026-05-16T11:36:07.918+05:30  WARN 35756 --- [payment-service] [main] org.hibernate.orm.deprecation            : HHH90000025: MySQLDialect does not need to be specified explicitly using 'hibernate.dialect' (remove the property setting and it will be selected by default)
2026-05-16T11:36:09.535+05:30  INFO 35756 --- [payment-service] [main] o.h.e.t.j.p.i.JtaPlatformInitiator       : HHH000489: No JTA platform available (set 'hibernate.transaction.jta.platform' to enable JTA platform integration)
2026-05-16T11:36:09.631+05:30  INFO 35756 --- [payment-service] [main] j.LocalContainerEntityManagerFactoryBean : Initialized JPA EntityManagerFactory for persistence unit 'default'
2026-05-16T11:36:10.781+05:30  INFO 35756 --- [payment-service] [main] c.p.payment.config.RazorpayConfig        : Initializing Razorpay client with key: rzp_test...
2026-05-16T11:36:11.986+05:30  INFO 35756 --- [payment-service] [main] o.s.d.j.r.query.QueryEnhancerFactory     : Hibernate is in classpath; If applicable, HQL parser will be used.
2026-05-16T11:36:13.523+05:30  WARN 35756 --- [payment-service] [main] JpaBaseConfiguration$JpaWebConfiguration : spring.jpa.open-in-view is enabled by default. Therefore, database queries may be performed during view rendering. Explicitly configure spring.jpa.open-in-view to disable this warning
2026-05-16T11:36:13.647+05:30  WARN 35756 --- [payment-service] [main] .s.s.UserDetailsServiceAutoConfiguration : 

Using generated security password: 270370c1-315f-4852-a461-abf87f73ce37

This generated password is for development use only. Your security configuration must be updated before running your application in production.

2026-05-16T11:36:15.509+05:30  INFO 35756 --- [payment-service] [main] o.s.cloud.commons.util.InetUtils         : Cannot determine local hostname
2026-05-16T11:36:15.896+05:30  INFO 35756 --- [payment-service] [main] o.s.b.a.e.web.EndpointLinksResolver      : Exposing 17 endpoint(s) beneath base path '/actuator'
2026-05-16T11:36:16.010+05:30  INFO 35756 --- [payment-service] [main] o.s.s.web.DefaultSecurityFilterChain     : Will secure any request with [org.springframework.security.web.session.DisableEncodeUrlFilter@7135e490, org.springframework.security.web.context.request.async.WebAsyncManagerIntegrationFilter@6e06d8f9, org.springframework.security.web.context.SecurityContextHolderFilter@54bfc137, org.springframework.security.web.header.HeaderWriterFilter@298e5201, org.springframework.web.filter.CorsFilter@3395b049, org.springframework.security.web.authentication.logout.LogoutFilter@3e70adb6, com.parkease.payment.security.JwtAuthFilter@5d09bd58, org.springframework.security.web.savedrequest.RequestCacheAwareFilter@215235b7, org.springframework.security.web.servletapi.SecurityContextHolderAwareRequestFilter@12892f1e, org.springframework.security.web.authentication.AnonymousAuthenticationFilter@29d77422, org.springframework.security.web.session.SessionManagementFilter@48be580b, org.springframework.security.web.access.ExceptionTranslationFilter@16408892, org.springframework.security.web.access.intercept.AuthorizationFilter@1e41f34a]
2026-05-16T11:36:18.409+05:30  INFO 35756 --- [payment-service] [main] o.s.cloud.commons.util.InetUtils         : Cannot determine local hostname
2026-05-16T11:36:18.430+05:30  INFO 35756 --- [payment-service] [main] DiscoveryClientOptionalArgsConfiguration : Eureka HTTP Client uses RestTemplate.
2026-05-16T11:36:18.554+05:30  WARN 35756 --- [payment-service] [main] iguration$LoadBalancerCaffeineWarnLogger : Spring Cloud LoadBalancer is currently working with the default cache. While this cache implementation is useful for development and tests, it's recommended to use Caffeine cache in production.You can switch to using Caffeine cache, by adding it and org.springframework.cache.caffeine.CaffeineCacheManager to the classpath.
2026-05-16T11:36:18.678+05:30  INFO 35756 --- [payment-service] [main] o.s.c.n.eureka.InstanceInfoFactory       : Setting initial instance status as: STARTING
2026-05-16T11:36:18.837+05:30  INFO 35756 --- [payment-service] [main] com.netflix.discovery.DiscoveryClient    : Initializing Eureka in region us-east-1
2026-05-16T11:36:18.846+05:30  INFO 35756 --- [payment-service] [main] c.n.d.s.r.aws.ConfigClusterResolver      : Resolving eureka endpoints via configuration
2026-05-16T11:36:18.889+05:30  INFO 35756 --- [payment-service] [main] com.netflix.discovery.DiscoveryClient    : Disable delta property : false
2026-05-16T11:36:18.889+05:30  INFO 35756 --- [payment-service] [main] com.netflix.discovery.DiscoveryClient    : Single vip registry refresh property : null
2026-05-16T11:36:18.889+05:30  INFO 35756 --- [payment-service] [main] com.netflix.discovery.DiscoveryClient    : Force full registry fetch : false
2026-05-16T11:36:18.889+05:30  INFO 35756 --- [payment-service] [main] com.netflix.discovery.DiscoveryClient    : Application is null : false
2026-05-16T11:36:18.889+05:30  INFO 35756 --- [payment-service] [main] com.netflix.discovery.DiscoveryClient    : Registered Applications size is zero : true
2026-05-16T11:36:18.889+05:30  INFO 35756 --- [payment-service] [main] com.netflix.discovery.DiscoveryClient    : Application version is -1: true
2026-05-16T11:36:18.889+05:30  INFO 35756 --- [payment-service] [main] com.netflix.discovery.DiscoveryClient    : Getting all instance registry info from the eureka server
2026-05-16T11:36:19.121+05:30  INFO 35756 --- [payment-service] [main] com.netflix.discovery.DiscoveryClient    : The response status is 200
2026-05-16T11:36:19.129+05:30  INFO 35756 --- [payment-service] [main] com.netflix.discovery.DiscoveryClient    : Starting heartbeat executor: renew interval is: 30
2026-05-16T11:36:19.133+05:30  INFO 35756 --- [payment-service] [main] c.n.discovery.InstanceInfoReplicator     : InstanceInfoReplicator onDemand update allowed rate per min is 4
2026-05-16T11:36:19.139+05:30  INFO 35756 --- [payment-service] [main] com.netflix.discovery.DiscoveryClient    : Discovery Client initialized at timestamp 1778911579138 with initial instances count: 9
2026-05-16T11:36:19.149+05:30  INFO 35756 --- [payment-service] [main] o.s.c.n.e.s.EurekaServiceRegistry        : Registering application PAYMENT-SERVICE with eureka with status UP
2026-05-16T11:36:19.149+05:30  INFO 35756 --- [payment-service] [main] com.netflix.discovery.DiscoveryClient    : Saw local status change event StatusChangeEvent [timestamp=1778911579149, current=UP, previous=STARTING]
2026-05-16T11:36:19.153+05:30  INFO 35756 --- [payment-service] [DiscoveryClient-InstanceInfoReplicator-0] com.netflix.discovery.DiscoveryClient    : DiscoveryClient_PAYMENT-SERVICE/localhost:payment-service:8086: registering service...
2026-05-16T11:36:19.187+05:30  INFO 35756 --- [payment-service] [main] c.p.p.PaymentServiceApplicationTests     : Started PaymentServiceApplicationTests in 18.558 seconds (process running for 28.053)
2026-05-16T11:36:19.191+05:30  INFO 35756 --- [payment-service] [DiscoveryClient-InstanceInfoReplicator-0] com.netflix.discovery.DiscoveryClient    : DiscoveryClient_PAYMENT-SERVICE/localhost:payment-service:8086 - registration status: 204
2026-05-16T11:36:19.197+05:30  INFO 35756 --- [payment-service] [main] c.p.payment.PaymentServiceApplication    : Executing database migration to alter pass_balances.status column to VARCHAR...
2026-05-16T11:36:19.256+05:30  INFO 35756 --- [payment-service] [main] c.p.payment.PaymentServiceApplication    : Migration successful.
2026-05-16T11:36:19.260+05:30 ERROR 35756 --- [payment-service] [registrationTask1] o.s.s.s.TaskUtils$LoggingErrorHandler    : Unexpected error occurred in scheduled task

java.lang.IllegalStateException: couldn't determine local port. Please set spring.boot.admin.client.instance.service-base-url.
	at de.codecentric.boot.admin.client.registration.DefaultApplicationFactory.getLocalServerPort(DefaultApplicationFactory.java:205) ~[spring-boot-admin-client-3.2.3.jar:3.2.3]
	at de.codecentric.boot.admin.client.registration.DefaultApplicationFactory.getServiceBaseUrl(DefaultApplicationFactory.java:109) ~[spring-boot-admin-client-3.2.3.jar:3.2.3]
	at de.codecentric.boot.admin.client.registration.ServletApplicationFactory.getServiceUrl(ServletApplicationFactory.java:62) ~[spring-boot-admin-client-3.2.3.jar:3.2.3]
	at de.codecentric.boot.admin.client.registration.ServletApplicationFactory.getManagementBaseUrl(ServletApplicationFactory.java:77) ~[spring-boot-admin-client-3.2.3.jar:3.2.3]
	at de.codecentric.boot.admin.client.registration.DefaultApplicationFactory.getHealthUrl(DefaultApplicationFactory.java:165) ~[spring-boot-admin-client-3.2.3.jar:3.2.3]
	at de.codecentric.boot.admin.client.registration.DefaultApplicationFactory.createApplication(DefaultApplicationFactory.java:80) ~[spring-boot-admin-client-3.2.3.jar:3.2.3]
	at de.codecentric.boot.admin.client.registration.DefaultApplicationRegistrator.register(DefaultApplicationRegistrator.java:56) ~[spring-boot-admin-client-3.2.3.jar:3.2.3]
	at org.springframework.scheduling.support.DelegatingErrorHandlingRunnable.run(DelegatingErrorHandlingRunnable.java:54) ~[spring-context-6.1.1.jar:6.1.1]
	at java.base/java.util.concurrent.Executors$RunnableAdapter.call(Executors.java:572) ~[na:na]
	at java.base/java.util.concurrent.FutureTask.runAndReset(FutureTask.java:358) ~[na:na]
	at java.base/java.util.concurrent.ScheduledThreadPoolExecutor$ScheduledFutureTask.run(ScheduledThreadPoolExecutor.java:305) ~[na:na]
	at java.base/java.util.concurrent.ThreadPoolExecutor.runWorker(ThreadPoolExecutor.java:1144) ~[na:na]
	at java.base/java.util.concurrent.ThreadPoolExecutor$Worker.run(ThreadPoolExecutor.java:642) ~[na:na]
	at java.base/java.lang.Thread.run(Thread.java:1583) ~[na:na]

2026-05-16T11:36:19.732+05:30 DEBUG 35756 --- [payment-service] [main] c.p.payment.security.JwtAuthFilter       : Authenticated: test@test.com [ROLE_DRIVER]
2026-05-16T11:36:19.741+05:30 ERROR 35756 --- [payment-service] [main] c.p.payment.security.JwtAuthFilter       : JWT filter error: Test Exception
2026-05-16T11:36:19.746+05:30 DEBUG 35756 --- [payment-service] [main] c.p.payment.security.JwtAuthFilter       : Authenticated: test@test.com [ROLE_DRIVER]
2026-05-16T11:36:19.765+05:30 ERROR 35756 --- [payment-service] [main] c.p.payment.service.PassReceiptService   : Failed to create receipts directory: Z:\bad_path\invalid: Unable to determine if root directory exists
2026-05-16T11:36:19.900+05:30 ERROR 35756 --- [payment-service] [main] c.p.payment.service.PassReceiptService   : Failed to generate pass receipt for txn 11: Z:\bad_path\invalid\ParkEase_PassReceipt_11.pdf (The system cannot find the path specified)
2026-05-16T11:36:20.200+05:30  INFO 35756 --- [payment-service] [main] c.p.payment.service.PassReceiptService   : Pass receipt generated: C:\Users\Hp\AppData\Local\Temp\junit12474448167013290426\ParkEase_PassReceipt_12.pdf
2026-05-16T11:36:20.216+05:30  INFO 35756 --- [payment-service] [main] c.p.payment.service.PassReceiptService   : Pass receipt generated: C:\Users\Hp\AppData\Local\Temp\junit10680980127196253450\ParkEase_PassReceipt_10.pdf
2026-05-16T11:36:20.927+05:30  INFO 35756 --- [payment-service] [main] c.p.payment.service.PassServiceImpl      : Activating pass for driver: aryan@test.com order: order_pass_123
2026-05-16T11:36:20.929+05:30  INFO 35756 --- [payment-service] [main] c.p.payment.service.PassServiceImpl      : Pass 1 activated for driver: aryan@test.com, valid until: 2026-06-15T11:36:20.929495600
2026-05-16T11:36:20.935+05:30  INFO 35756 --- [payment-service] [main] c.p.payment.service.PassServiceImpl      : Processing pass payment for driver: aryan@test.com booking: 103
2026-05-16T11:36:20.949+05:30  INFO 35756 --- [payment-service] [main] c.p.payment.service.PassServiceImpl      : Processing pass payment for driver: aryan@test.com booking: 104
2026-05-16T11:36:20.949+05:30  INFO 35756 --- [payment-service] [main] c.p.payment.service.PassServiceImpl      : Pass payment recorded: PASS-51868D4B-FE05-444C-B358-3EC1E1B9F4D6 for booking: 104, remaining: 0
2026-05-16T11:36:20.956+05:30  INFO 35756 --- [payment-service] [main] c.p.payment.service.PassServiceImpl      : Cancelling pass for driver: aryan@test.com
2026-05-16T11:36:20.957+05:30  INFO 35756 --- [payment-service] [main] c.p.payment.service.PassServiceImpl      : Pass 1 cancelled by driver: aryan@test.com
2026-05-16T11:36:20.963+05:30  INFO 35756 --- [payment-service] [main] c.p.payment.service.PassServiceImpl      : Scheduler expired 1 pass(es).
2026-05-16T11:36:20.973+05:30  INFO 35756 --- [payment-service] [main] c.p.payment.service.PassServiceImpl      : Pass receipt missing for txn 10, regenerating...
2026-05-16T11:36:20.977+05:30  INFO 35756 --- [payment-service] [main] c.p.payment.service.PassServiceImpl      : Processing pass payment for driver: aryan@test.com booking: 100
2026-05-16T11:36:20.984+05:30  INFO 35756 --- [payment-service] [main] c.p.payment.service.PassServiceImpl      : Processing pass payment for driver: aryan@test.com booking: 102
2026-05-16T11:36:20.989+05:30  INFO 35756 --- [payment-service] [main] c.p.payment.service.PassServiceImpl      : Creating pass order for driver: aryan@test.com
2026-05-16T11:36:21.070+05:30  INFO 35756 --- [payment-service] [main] c.p.payment.service.PassServiceImpl      : Creating pass order for driver: aryan@test.com
2026-05-16T11:36:21.072+05:30  INFO 35756 --- [payment-service] [main] c.p.payment.service.PassServiceImpl      : Razorpay pass order created: order_pass_123 for driver: aryan@test.com
2026-05-16T11:36:21.078+05:30  INFO 35756 --- [payment-service] [main] c.p.payment.service.PassServiceImpl      : Pass 1 lazily expired for driver: aryan@test.com
2026-05-16T11:36:21.085+05:30  INFO 35756 --- [payment-service] [main] c.p.payment.service.PassServiceImpl      : Cancelling pass for driver: aryan@test.com
2026-05-16T11:36:21.104+05:30  INFO 35756 --- [payment-service] [main] c.p.payment.service.PassServiceImpl      : Pass receipt missing for txn 10, regenerating...
2026-05-16T11:36:21.114+05:30  INFO 35756 --- [payment-service] [main] c.p.payment.service.PassServiceImpl      : Pass receipt missing for txn 10, regenerating...
2026-05-16T11:36:21.120+05:30  INFO 35756 --- [payment-service] [main] c.p.payment.service.PassServiceImpl      : Scheduler expired 1 pass(es).
2026-05-16T11:36:21.137+05:30  INFO 35756 --- [payment-service] [main] c.p.payment.service.PassServiceImpl      : Activating pass for driver: aryan@test.com order: order_pass_123
2026-05-16T11:36:21.138+05:30  INFO 35756 --- [payment-service] [main] c.p.payment.service.PassServiceImpl      : Cleaned up 1 old pass record(s) for driver: aryan@test.com
2026-05-16T11:36:21.139+05:30  INFO 35756 --- [payment-service] [main] c.p.payment.service.PassServiceImpl      : Pass 1 activated for driver: aryan@test.com, valid until: 2026-06-15T11:36:21.138722100
2026-05-16T11:36:21.143+05:30  INFO 35756 --- [payment-service] [main] c.p.payment.service.PassServiceImpl      : Processing pass payment for driver: aryan@test.com booking: 101
2026-05-16T11:36:21.148+05:30  INFO 35756 --- [payment-service] [main] c.p.payment.service.PassServiceImpl      : Creating pass order for driver: aryan@test.com
2026-05-16T11:36:21.148+05:30  INFO 35756 --- [payment-service] [main] c.p.payment.service.PassServiceImpl      : Razorpay pass order created: order_pass_456 for driver: aryan@test.com
2026-05-16T11:36:21.154+05:30  INFO 35756 --- [payment-service] [main] c.p.payment.service.PassServiceImpl      : Processing pass payment for driver: aryan@test.com booking: 100
2026-05-16T11:36:21.154+05:30  INFO 35756 --- [payment-service] [main] c.p.payment.service.PassServiceImpl      : Pass payment recorded: PASS-911EFA38-A8B6-4BFD-BE39-588B03307209 for booking: 100, remaining: 144
2026-05-16T11:36:21.162+05:30  INFO 35756 --- [payment-service] [main] c.p.payment.service.PassServiceImpl      : Activating pass for driver: aryan@test.com order: order_pass_123
2026-05-16T11:36:21.171+05:30  INFO 35756 --- [payment-service] [main] c.p.payment.service.PassServiceImpl      : Creating pass order for driver: aryan@test.com
2026-05-16T11:36:21.171+05:30 ERROR 35756 --- [payment-service] [main] c.p.payment.service.PassServiceImpl      : Razorpay pass order creation failed: Network error
2026-05-16T11:36:21.175+05:30  INFO 35756 --- [payment-service] [main] c.p.payment.service.PassServiceImpl      : Cancelling pass for driver: aryan@test.com
2026-05-16T11:36:21.645+05:30  INFO 35756 --- [payment-service] [main] c.p.payment.service.PaymentServiceImpl   : Processing refund for booking: 100
2026-05-16T11:36:21.646+05:30  INFO 35756 --- [payment-service] [main] c.p.payment.service.PaymentServiceImpl   : Razorpay refund created: refund_123
2026-05-16T11:36:21.653+05:30  INFO 35756 --- [payment-service] [main] c.p.payment.service.PaymentServiceImpl   : Processing refund for booking: 100
2026-05-16T11:36:21.654+05:30  INFO 35756 --- [payment-service] [main] c.p.payment.service.PaymentServiceImpl   : Razorpay refund created: refund_123
2026-05-16T11:36:21.666+05:30  INFO 35756 --- [payment-service] [main] c.p.payment.service.PaymentServiceImpl   : Creating Razorpay order for booking: 100 amount: Rs.150.0
2026-05-16T11:36:21.667+05:30  INFO 35756 --- [payment-service] [main] c.p.payment.service.PaymentServiceImpl   : Razorpay order created: order_123
2026-05-16T11:36:21.671+05:30  INFO 35756 --- [payment-service] [main] c.p.payment.service.PaymentServiceImpl   : Processing refund for booking: 999
2026-05-16T11:36:21.769+05:30  INFO 35756 --- [payment-service] [main] c.p.payment.service.PaymentServiceImpl   : Verifying payment for order: order_123
2026-05-16T11:36:21.770+05:30  INFO 35756 --- [payment-service] [main] c.p.payment.service.PaymentServiceImpl   : Payment 1 verified and marked as PAID
2026-05-16T11:36:21.779+05:30  INFO 35756 --- [payment-service] [main] c.p.payment.service.PaymentServiceImpl   : Creating Razorpay order for booking: 100 amount: Rs.150.0
2026-05-16T11:36:21.787+05:30  INFO 35756 --- [payment-service] [main] c.p.payment.service.PaymentServiceImpl   : Verifying payment for order: order_123
2026-05-16T11:36:21.788+05:30  INFO 35756 --- [payment-service] [main] c.p.payment.service.PaymentServiceImpl   : Payment 1 verified and marked as PAID
2026-05-16T11:36:21.793+05:30  INFO 35756 --- [payment-service] [main] c.p.payment.service.PaymentServiceImpl   : Verifying payment for order: order_123
2026-05-16T11:36:21.793+05:30  INFO 35756 --- [payment-service] [main] c.p.payment.service.PaymentServiceImpl   : Payment 1 verified and marked as PAID
2026-05-16T11:36:21.804+05:30  INFO 35756 --- [payment-service] [main] c.p.payment.service.PaymentServiceImpl   : Receipt missing for payment 1, regenerating...
2026-05-16T11:36:21.820+05:30  INFO 35756 --- [payment-service] [main] c.p.payment.service.PaymentServiceImpl   : Verifying payment for order: order_123
2026-05-16T11:36:21.820+05:30  WARN 35756 --- [payment-service] [main] c.p.payment.service.PaymentServiceImpl   : Invalid signature for order: order_123
2026-05-16T11:36:21.824+05:30  INFO 35756 --- [payment-service] [main] c.p.payment.service.PaymentServiceImpl   : Processing refund for booking: 100
2026-05-16T11:36:21.831+05:30  INFO 35756 --- [payment-service] [main] c.p.payment.service.PaymentServiceImpl   : Processing refund for booking: 100
2026-05-16T11:36:21.834+05:30 ERROR 35756 --- [payment-service] [main] c.p.payment.service.PaymentServiceImpl   : Refund failed for payment 1: Razorpay error
2026-05-16T11:36:21.837+05:30  INFO 35756 --- [payment-service] [main] c.p.payment.service.PaymentServiceImpl   : Receipt missing for payment 1, regenerating...
2026-05-16T11:36:21.840+05:30  INFO 35756 --- [payment-service] [main] c.p.payment.service.PaymentServiceImpl   : Creating Razorpay order for booking: 100 amount: Rs.150.0
2026-05-16T11:36:21.842+05:30 ERROR 35756 --- [payment-service] [main] c.p.payment.service.PaymentServiceImpl   : Razorpay order creation failed: Razorpay error
2026-05-16T11:36:21.847+05:30  INFO 35756 --- [payment-service] [main] c.p.payment.service.PaymentServiceImpl   : Verifying payment for order: order_123
2026-05-16T11:36:21.852+05:30  WARN 35756 --- [payment-service] [main] c.p.payment.service.PaymentServiceImpl   : Could not fetch payment method from Razorpay: Fetch error
2026-05-16T11:36:21.852+05:30  INFO 35756 --- [payment-service] [main] c.p.payment.service.PaymentServiceImpl   : Payment 1 verified and marked as PAID
2026-05-16T11:36:21.857+05:30  INFO 35756 --- [payment-service] [main] c.p.payment.service.PaymentServiceImpl   : Verifying payment for order: order_123
2026-05-16T11:36:21.859+05:30  INFO 35756 --- [payment-service] [main] c.p.payment.service.PaymentServiceImpl   : Payment 1 verified and marked as PAID
2026-05-16T11:36:21.863+05:30  INFO 35756 --- [payment-service] [main] c.p.payment.service.PaymentServiceImpl   : Verifying payment for order: order_not_found
2026-05-16T11:36:21.879+05:30  INFO 35756 --- [payment-service] [main] c.p.payment.service.ReceiptService       : Receipt generated: C:\Users\Hp\AppData\Local\Temp\junit14612222303204847525\ParkEase_Receipt_3.pdf
2026-05-16T11:36:21.897+05:30  INFO 35756 --- [payment-service] [main] c.p.payment.service.ReceiptService       : Receipt generated: C:\Users\Hp\AppData\Local\Temp\junit539645018632251329\ParkEase_Receipt_1.pdf
2026-05-16T11:36:21.904+05:30 ERROR 35756 --- [payment-service] [main] c.p.payment.service.ReceiptService       : Failed to create receipts directory: Z:\non_existent_drive\invalid: Unable to determine if root directory exists
2026-05-16T11:36:21.904+05:30 ERROR 35756 --- [payment-service] [main] c.p.payment.service.ReceiptService       : Failed to generate receipt for payment 1: Z:\non_existent_drive\invalid\ParkEase_Receipt_1.pdf (The system cannot find the path specified)
2026-05-16T11:36:21.916+05:30  INFO 35756 --- [payment-service] [main] c.p.payment.service.ReceiptService       : Receipt generated: C:\Users\Hp\AppData\Local\Temp\junit8170090865020538936\ParkEase_Receipt_2.pdf
2026-05-16T11:36:22.010+05:30  WARN 35756 --- [payment-service] [main] com.parkease.payment.util.JwtUtil        : JWT invalid: JWT expired at 2026-05-16T06:06:16Z. Current time: 2026-05-16T06:06:22Z, a difference of 6007 milliseconds.  Allowed clock skew: 0 milliseconds.
2026-05-16T11:36:22.016+05:30  WARN 35756 --- [payment-service] [main] com.parkease.payment.util.JwtUtil        : JWT invalid: JWT strings must contain exactly 2 period characters. Found: 0
2026-05-16T11:36:22.049+05:30  INFO 35756 --- [payment-service] [SpringApplicationShutdownHook] o.s.c.n.e.s.EurekaServiceRegistry        : Unregistering application PAYMENT-SERVICE with eureka with status DOWN
2026-05-16T11:36:22.049+05:30  INFO 35756 --- [payment-service] [SpringApplicationShutdownHook] com.netflix.discovery.DiscoveryClient    : Saw local status change event StatusChangeEvent [timestamp=1778911582049, current=DOWN, previous=UP]
2026-05-16T11:36:22.049+05:30  INFO 35756 --- [payment-service] [DiscoveryClient-InstanceInfoReplicator-0] com.netflix.discovery.DiscoveryClient    : DiscoveryClient_PAYMENT-SERVICE/localhost:payment-service:8086: registering service...
2026-05-16T11:36:22.066+05:30  INFO 35756 --- [payment-service] [DiscoveryClient-InstanceInfoReplicator-0] com.netflix.discovery.DiscoveryClient    : DiscoveryClient_PAYMENT-SERVICE/localhost:payment-service:8086 - registration status: 204
2026-05-16T11:36:22.434+05:30  INFO 35756 --- [payment-service] [SpringApplicationShutdownHook] j.LocalContainerEntityManagerFactoryBean : Closing JPA EntityManagerFactory for persistence unit 'default'
2026-05-16T11:36:22.436+05:30  INFO 35756 --- [payment-service] [SpringApplicationShutdownHook] com.zaxxer.hikari.HikariDataSource       : HikariPool-1 - Shutdown initiated...
2026-05-16T11:36:22.445+05:30  INFO 35756 --- [payment-service] [SpringApplicationShutdownHook] com.zaxxer.hikari.HikariDataSource       : HikariPool-1 - Shutdown completed.
2026-05-16T11:36:22.445+05:30  INFO 35756 --- [payment-service] [SpringApplicationShutdownHook] com.netflix.discovery.DiscoveryClient    : Shutting down DiscoveryClient ...
2026-05-16T11:36:25.456+05:30  INFO 35756 --- [payment-service] [SpringApplicationShutdownHook] com.netflix.discovery.DiscoveryClient    : Unregistering ...
2026-05-16T11:36:25.470+05:30  INFO 35756 --- [payment-service] [SpringApplicationShutdownHook] c.n.d.s.t.d.RedirectingEurekaHttpClient  : Request execution error. endpoint=DefaultEndpoint{ serviceUrl='http://localhost:8761/eureka/} exception=Connection pool shut down stacktrace=java.lang.IllegalStateException: Connection pool shut down
	at org.apache.hc.core5.util.Asserts.check(Asserts.java:38)
	at org.apache.hc.core5.pool.StrictConnPool.lease(StrictConnPool.java:176)
	at org.apache.hc.client5.http.impl.io.PoolingHttpClientConnectionManager.lease(PoolingHttpClientConnectionManager.java:298)
	at org.apache.hc.client5.http.impl.classic.InternalExecRuntime.acquireEndpoint(InternalExecRuntime.java:103)
	at org.apache.hc.client5.http.impl.classic.ConnectExec.execute(ConnectExec.java:125)
	at org.apache.hc.client5.http.impl.classic.ExecChainElement.execute(ExecChainElement.java:51)
	at org.apache.hc.client5.http.impl.classic.ProtocolExec.execute(ProtocolExec.java:192)
	at org.apache.hc.client5.http.impl.classic.ExecChainElement.execute(ExecChainElement.java:51)
	at org.apache.hc.client5.http.impl.classic.HttpRequestRetryExec.execute(HttpRequestRetryExec.java:96)
	at org.apache.hc.client5.http.impl.classic.ExecChainElement.execute(ExecChainElement.java:51)
	at org.apache.hc.client5.http.impl.classic.ContentCompressionExec.execute(ContentCompressionExec.java:152)
	at org.apache.hc.client5.http.impl.classic.ExecChainElement.execute(ExecChainElement.java:51)
	at org.apache.hc.client5.http.impl.classic.RedirectExec.execute(RedirectExec.java:115)
	at org.apache.hc.client5.http.impl.classic.ExecChainElement.execute(ExecChainElement.java:51)
	at org.apache.hc.client5.http.impl.classic.InternalHttpClient.doExecute(InternalHttpClient.java:170)
	at org.apache.hc.client5.http.impl.classic.CloseableHttpClient.execute(CloseableHttpClient.java:87)
	at org.apache.hc.client5.http.impl.classic.CloseableHttpClient.execute(CloseableHttpClient.java:55)
	at org.apache.hc.client5.http.classic.HttpClient.executeOpen(HttpClient.java:183)
	at org.springframework.http.client.HttpComponentsClientHttpRequest.executeInternal(HttpComponentsClientHttpRequest.java:95)
	at org.springframework.http.client.AbstractStreamingClientHttpRequest.executeInternal(AbstractStreamingClientHttpRequest.java:70)
	at org.springframework.http.client.AbstractClientHttpRequest.execute(AbstractClientHttpRequest.java:66)
	at org.springframework.http.client.InterceptingClientHttpRequest$InterceptingRequestExecution.execute(InterceptingClientHttpRequest.java:101)
	at org.springframework.cloud.netflix.eureka.http.RestTemplateTransportClientFactory.lambda$restTemplate$0(RestTemplateTransportClientFactory.java:143)
	at org.springframework.http.client.InterceptingClientHttpRequest$InterceptingRequestExecution.execute(InterceptingClientHttpRequest.java:87)
	at org.springframework.http.client.InterceptingClientHttpRequest.executeInternal(InterceptingClientHttpRequest.java:71)
	at org.springframework.http.client.AbstractBufferingClientHttpRequest.executeInternal(AbstractBufferingClientHttpRequest.java:48)
	at org.springframework.http.client.AbstractClientHttpRequest.execute(AbstractClientHttpRequest.java:66)
	at org.springframework.web.client.RestTemplate.doExecute(RestTemplate.java:879)
	at org.springframework.web.client.RestTemplate.execute(RestTemplate.java:781)
	at org.springframework.web.client.RestTemplate.exchange(RestTemplate.java:663)
	at org.springframework.cloud.netflix.eureka.http.RestTemplateEurekaHttpClient.cancel(RestTemplateEurekaHttpClient.java:87)
	at com.netflix.discovery.shared.transport.decorator.EurekaHttpClientDecorator$2.execute(EurekaHttpClientDecorator.java:74)
	at com.netflix.discovery.shared.transport.decorator.RedirectingEurekaHttpClient.execute(RedirectingEurekaHttpClient.java:91)
	at com.netflix.discovery.shared.transport.decorator.EurekaHttpClientDecorator.cancel(EurekaHttpClientDecorator.java:71)
	at com.netflix.discovery.shared.transport.decorator.EurekaHttpClientDecorator$2.execute(EurekaHttpClientDecorator.java:74)
	at com.netflix.discovery.shared.transport.decorator.RetryableEurekaHttpClient.execute(RetryableEurekaHttpClient.java:120)
	at com.netflix.discovery.shared.transport.decorator.EurekaHttpClientDecorator.cancel(EurekaHttpClientDecorator.java:71)
	at com.netflix.discovery.shared.transport.decorator.EurekaHttpClientDecorator$2.execute(EurekaHttpClientDecorator.java:74)
	at com.netflix.discovery.shared.transport.decorator.SessionedEurekaHttpClient.execute(SessionedEurekaHttpClient.java:77)
	at com.netflix.discovery.shared.transport.decorator.EurekaHttpClientDecorator.cancel(EurekaHttpClientDecorator.java:71)
	at com.netflix.discovery.DiscoveryClient.unregister(DiscoveryClient.java:916)
	at com.netflix.discovery.DiscoveryClient.shutdown(DiscoveryClient.java:892)
	at java.base/jdk.internal.reflect.DirectMethodHandleAccessor.invoke(DirectMethodHandleAccessor.java:103)
	at java.base/java.lang.reflect.Method.invoke(Method.java:580)
	at org.springframework.beans.factory.annotation.InitDestroyAnnotationBeanPostProcessor$LifecycleMethod.invoke(InitDestroyAnnotationBeanPostProcessor.java:457)
	at org.springframework.beans.factory.annotation.InitDestroyAnnotationBeanPostProcessor$LifecycleMetadata.invokeDestroyMethods(InitDestroyAnnotationBeanPostProcessor.java:415)
	at org.springframework.beans.factory.annotation.InitDestroyAnnotationBeanPostProcessor.postProcessBeforeDestruction(InitDestroyAnnotationBeanPostProcessor.java:239)
	at org.springframework.beans.factory.support.DisposableBeanAdapter.destroy(DisposableBeanAdapter.java:202)
	at org.springframework.beans.factory.support.DisposableBeanAdapter.run(DisposableBeanAdapter.java:195)
	at org.springframework.cloud.context.scope.GenericScope$BeanLifecycleWrapper.destroy(GenericScope.java:389)
	at org.springframework.cloud.context.scope.GenericScope.destroy(GenericScope.java:136)
	at org.springframework.beans.factory.support.DisposableBeanAdapter.destroy(DisposableBeanAdapter.java:211)
	at org.springframework.beans.factory.support.DefaultSingletonBeanRegistry.destroyBean(DefaultSingletonBeanRegistry.java:587)
	at org.springframework.beans.factory.support.DefaultSingletonBeanRegistry.destroySingleton(DefaultSingletonBeanRegistry.java:559)
	at org.springframework.beans.factory.support.DefaultListableBeanFactory.destroySingleton(DefaultListableBeanFactory.java:1200)
	at org.springframework.beans.factory.support.DefaultSingletonBeanRegistry.destroySingletons(DefaultSingletonBeanRegistry.java:520)
	at org.springframework.beans.factory.support.DefaultListableBeanFactory.destroySingletons(DefaultListableBeanFactory.java:1193)
	at org.springframework.context.support.AbstractApplicationContext.destroyBeans(AbstractApplicationContext.java:1125)
	at org.springframework.context.support.AbstractApplicationContext.doClose(AbstractApplicationContext.java:1086)
	at org.springframework.context.support.AbstractApplicationContext.close(AbstractApplicationContext.java:1037)
	at org.springframework.boot.SpringApplicationShutdownHook.closeAndWait(SpringApplicationShutdownHook.java:145)
	at java.base/java.lang.Iterable.forEach(Iterable.java:75)
	at org.springframework.boot.SpringApplicationShutdownHook.run(SpringApplicationShutdownHook.java:114)
	at java.base/java.lang.Thread.run(Thread.java:1583)

2026-05-16T11:36:25.472+05:30  WARN 35756 --- [payment-service] [SpringApplicationShutdownHook] c.n.d.s.t.d.RetryableEurekaHttpClient    : Request execution failed with message: Connection pool shut down
2026-05-16T11:36:25.476+05:30  INFO 35756 --- [payment-service] [SpringApplicationShutdownHook] c.n.d.s.t.d.RedirectingEurekaHttpClient  : Request execution error. endpoint=DefaultEndpoint{ serviceUrl='http://localhost:8761/eureka/}, exception=Connection pool shut down stacktrace=java.lang.IllegalStateException: Connection pool shut down
	at org.apache.hc.core5.util.Asserts.check(Asserts.java:38)
	at org.apache.hc.core5.pool.StrictConnPool.lease(StrictConnPool.java:176)
	at org.apache.hc.client5.http.impl.io.PoolingHttpClientConnectionManager.lease(PoolingHttpClientConnectionManager.java:298)
	at org.apache.hc.client5.http.impl.classic.InternalExecRuntime.acquireEndpoint(InternalExecRuntime.java:103)
	at org.apache.hc.client5.http.impl.classic.ConnectExec.execute(ConnectExec.java:125)
	at org.apache.hc.client5.http.impl.classic.ExecChainElement.execute(ExecChainElement.java:51)
	at org.apache.hc.client5.http.impl.classic.ProtocolExec.execute(ProtocolExec.java:192)
	at org.apache.hc.client5.http.impl.classic.ExecChainElement.execute(ExecChainElement.java:51)
	at org.apache.hc.client5.http.impl.classic.HttpRequestRetryExec.execute(HttpRequestRetryExec.java:96)
	at org.apache.hc.client5.http.impl.classic.ExecChainElement.execute(ExecChainElement.java:51)
	at org.apache.hc.client5.http.impl.classic.ContentCompressionExec.execute(ContentCompressionExec.java:152)
	at org.apache.hc.client5.http.impl.classic.ExecChainElement.execute(ExecChainElement.java:51)
	at org.apache.hc.client5.http.impl.classic.RedirectExec.execute(RedirectExec.java:115)
	at org.apache.hc.client5.http.impl.classic.ExecChainElement.execute(ExecChainElement.java:51)
	at org.apache.hc.client5.http.impl.classic.InternalHttpClient.doExecute(InternalHttpClient.java:170)
	at org.apache.hc.client5.http.impl.classic.CloseableHttpClient.execute(CloseableHttpClient.java:87)
	at org.apache.hc.client5.http.impl.classic.CloseableHttpClient.execute(CloseableHttpClient.java:55)
	at org.apache.hc.client5.http.classic.HttpClient.executeOpen(HttpClient.java:183)
	at org.springframework.http.client.HttpComponentsClientHttpRequest.executeInternal(HttpComponentsClientHttpRequest.java:95)
	at org.springframework.http.client.AbstractStreamingClientHttpRequest.executeInternal(AbstractStreamingClientHttpRequest.java:70)
	at org.springframework.http.client.AbstractClientHttpRequest.execute(AbstractClientHttpRequest.java:66)
	at org.springframework.http.client.InterceptingClientHttpRequest$InterceptingRequestExecution.execute(InterceptingClientHttpRequest.java:101)
	at org.springframework.cloud.netflix.eureka.http.RestTemplateTransportClientFactory.lambda$restTemplate$0(RestTemplateTransportClientFactory.java:143)
	at org.springframework.http.client.InterceptingClientHttpRequest$InterceptingRequestExecution.execute(InterceptingClientHttpRequest.java:87)
	at org.springframework.http.client.InterceptingClientHttpRequest.executeInternal(InterceptingClientHttpRequest.java:71)
	at org.springframework.http.client.AbstractBufferingClientHttpRequest.executeInternal(AbstractBufferingClientHttpRequest.java:48)
	at org.springframework.http.client.AbstractClientHttpRequest.execute(AbstractClientHttpRequest.java:66)
	at org.springframework.web.client.RestTemplate.doExecute(RestTemplate.java:879)
	at org.springframework.web.client.RestTemplate.execute(RestTemplate.java:781)
	at org.springframework.web.client.RestTemplate.exchange(RestTemplate.java:663)
	at org.springframework.cloud.netflix.eureka.http.RestTemplateEurekaHttpClient.cancel(RestTemplateEurekaHttpClient.java:87)
	at com.netflix.discovery.shared.transport.decorator.EurekaHttpClientDecorator$2.execute(EurekaHttpClientDecorator.java:74)
	at com.netflix.discovery.shared.transport.decorator.RedirectingEurekaHttpClient.executeOnNewServer(RedirectingEurekaHttpClient.java:121)
	at com.netflix.discovery.shared.transport.decorator.RedirectingEurekaHttpClient.execute(RedirectingEurekaHttpClient.java:80)
	at com.netflix.discovery.shared.transport.decorator.EurekaHttpClientDecorator.cancel(EurekaHttpClientDecorator.java:71)
	at com.netflix.discovery.shared.transport.decorator.EurekaHttpClientDecorator$2.execute(EurekaHttpClientDecorator.java:74)
	at com.netflix.discovery.shared.transport.decorator.RetryableEurekaHttpClient.execute(RetryableEurekaHttpClient.java:120)
	at com.netflix.discovery.shared.transport.decorator.EurekaHttpClientDecorator.cancel(EurekaHttpClientDecorator.java:71)
	at com.netflix.discovery.shared.transport.decorator.EurekaHttpClientDecorator$2.execute(EurekaHttpClientDecorator.java:74)
	at com.netflix.discovery.shared.transport.decorator.SessionedEurekaHttpClient.execute(SessionedEurekaHttpClient.java:77)
	at com.netflix.discovery.shared.transport.decorator.EurekaHttpClientDecorator.cancel(EurekaHttpClientDecorator.java:71)
	at com.netflix.discovery.DiscoveryClient.unregister(DiscoveryClient.java:916)
	at com.netflix.discovery.DiscoveryClient.shutdown(DiscoveryClient.java:892)
	at java.base/jdk.internal.reflect.DirectMethodHandleAccessor.invoke(DirectMethodHandleAccessor.java:103)
	at java.base/java.lang.reflect.Method.invoke(Method.java:580)
	at org.springframework.beans.factory.annotation.InitDestroyAnnotationBeanPostProcessor$LifecycleMethod.invoke(InitDestroyAnnotationBeanPostProcessor.java:457)
	at org.springframework.beans.factory.annotation.InitDestroyAnnotationBeanPostProcessor$LifecycleMetadata.invokeDestroyMethods(InitDestroyAnnotationBeanPostProcessor.java:415)
	at org.springframework.beans.factory.annotation.InitDestroyAnnotationBeanPostProcessor.postProcessBeforeDestruction(InitDestroyAnnotationBeanPostProcessor.java:239)
	at org.springframework.beans.factory.support.DisposableBeanAdapter.destroy(DisposableBeanAdapter.java:202)
	at org.springframework.beans.factory.support.DisposableBeanAdapter.run(DisposableBeanAdapter.java:195)
	at org.springframework.cloud.context.scope.GenericScope$BeanLifecycleWrapper.destroy(GenericScope.java:389)
	at org.springframework.cloud.context.scope.GenericScope.destroy(GenericScope.java:136)
	at org.springframework.beans.factory.support.DisposableBeanAdapter.destroy(DisposableBeanAdapter.java:211)
	at org.springframework.beans.factory.support.DefaultSingletonBeanRegistry.destroyBean(DefaultSingletonBeanRegistry.java:587)
	at org.springframework.beans.factory.support.DefaultSingletonBeanRegistry.destroySingleton(DefaultSingletonBeanRegistry.java:559)
	at org.springframework.beans.factory.support.DefaultListableBeanFactory.destroySingleton(DefaultListableBeanFactory.java:1200)
	at org.springframework.beans.factory.support.DefaultSingletonBeanRegistry.destroySingletons(DefaultSingletonBeanRegistry.java:520)
	at org.springframework.beans.factory.support.DefaultListableBeanFactory.destroySingletons(DefaultListableBeanFactory.java:1193)
	at org.springframework.context.support.AbstractApplicationContext.destroyBeans(AbstractApplicationContext.java:1125)
	at org.springframework.context.support.AbstractApplicationContext.doClose(AbstractApplicationContext.java:1086)
	at org.springframework.context.support.AbstractApplicationContext.close(AbstractApplicationContext.java:1037)
	at org.springframework.boot.SpringApplicationShutdownHook.closeAndWait(SpringApplicationShutdownHook.java:145)
	at java.base/java.lang.Iterable.forEach(Iterable.java:75)
	at org.springframework.boot.SpringApplicationShutdownHook.run(SpringApplicationShutdownHook.java:114)
	at java.base/java.lang.Thread.run(Thread.java:1583)

2026-05-16T11:36:25.476+05:30  WARN 35756 --- [payment-service] [SpringApplicationShutdownHook] c.n.d.s.t.d.RetryableEurekaHttpClient    : Request execution failed with message: Connection pool shut down
2026-05-16T11:36:25.476+05:30 ERROR 35756 --- [payment-service] [SpringApplicationShutdownHook] com.netflix.discovery.DiscoveryClient    : DiscoveryClient_PAYMENT-SERVICE/localhost:payment-service:8086 - de-registration failedCannot execute request on any known server

com.netflix.discovery.shared.transport.TransportException: Cannot execute request on any known server
	at com.netflix.discovery.shared.transport.decorator.RetryableEurekaHttpClient.execute(RetryableEurekaHttpClient.java:112) ~[eureka-client-2.0.2.jar:2.0.2]
	at com.netflix.discovery.shared.transport.decorator.EurekaHttpClientDecorator.cancel(EurekaHttpClientDecorator.java:71) ~[eureka-client-2.0.2.jar:2.0.2]
	at com.netflix.discovery.shared.transport.decorator.EurekaHttpClientDecorator$2.execute(EurekaHttpClientDecorator.java:74) ~[eureka-client-2.0.2.jar:2.0.2]
	at com.netflix.discovery.shared.transport.decorator.SessionedEurekaHttpClient.execute(SessionedEurekaHttpClient.java:77) ~[eureka-client-2.0.2.jar:2.0.2]
	at com.netflix.discovery.shared.transport.decorator.EurekaHttpClientDecorator.cancel(EurekaHttpClientDecorator.java:71) ~[eureka-client-2.0.2.jar:2.0.2]
	at com.netflix.discovery.DiscoveryClient.unregister(DiscoveryClient.java:916) ~[eureka-client-2.0.2.jar:2.0.2]
	at com.netflix.discovery.DiscoveryClient.shutdown(DiscoveryClient.java:892) ~[eureka-client-2.0.2.jar:2.0.2]
	at java.base/jdk.internal.reflect.DirectMethodHandleAccessor.invoke(DirectMethodHandleAccessor.java:103) ~[na:na]
	at java.base/java.lang.reflect.Method.invoke(Method.java:580) ~[na:na]
	at org.springframework.beans.factory.annotation.InitDestroyAnnotationBeanPostProcessor$LifecycleMethod.invoke(InitDestroyAnnotationBeanPostProcessor.java:457) ~[spring-beans-6.1.1.jar:6.1.1]
	at org.springframework.beans.factory.annotation.InitDestroyAnnotationBeanPostProcessor$LifecycleMetadata.invokeDestroyMethods(InitDestroyAnnotationBeanPostProcessor.java:415) ~[spring-beans-6.1.1.jar:6.1.1]
	at org.springframework.beans.factory.annotation.InitDestroyAnnotationBeanPostProcessor.postProcessBeforeDestruction(InitDestroyAnnotationBeanPostProcessor.java:239) ~[spring-beans-6.1.1.jar:6.1.1]
	at org.springframework.beans.factory.support.DisposableBeanAdapter.destroy(DisposableBeanAdapter.java:202) ~[spring-beans-6.1.1.jar:6.1.1]
	at org.springframework.beans.factory.support.DisposableBeanAdapter.run(DisposableBeanAdapter.java:195) ~[spring-beans-6.1.1.jar:6.1.1]
	at org.springframework.cloud.context.scope.GenericScope$BeanLifecycleWrapper.destroy(GenericScope.java:389) ~[spring-cloud-context-4.1.2.jar:4.1.2]
	at org.springframework.cloud.context.scope.GenericScope.destroy(GenericScope.java:136) ~[spring-cloud-context-4.1.2.jar:4.1.2]
	at org.springframework.beans.factory.support.DisposableBeanAdapter.destroy(DisposableBeanAdapter.java:211) ~[spring-beans-6.1.1.jar:6.1.1]
	at org.springframework.beans.factory.support.DefaultSingletonBeanRegistry.destroyBean(DefaultSingletonBeanRegistry.java:587) ~[spring-beans-6.1.1.jar:6.1.1]
	at org.springframework.beans.factory.support.DefaultSingletonBeanRegistry.destroySingleton(DefaultSingletonBeanRegistry.java:559) ~[spring-beans-6.1.1.jar:6.1.1]
	at org.springframework.beans.factory.support.DefaultListableBeanFactory.destroySingleton(DefaultListableBeanFactory.java:1200) ~[spring-beans-6.1.1.jar:6.1.1]
	at org.springframework.beans.factory.support.DefaultSingletonBeanRegistry.destroySingletons(DefaultSingletonBeanRegistry.java:520) ~[spring-beans-6.1.1.jar:6.1.1]
	at org.springframework.beans.factory.support.DefaultListableBeanFactory.destroySingletons(DefaultListableBeanFactory.java:1193) ~[spring-beans-6.1.1.jar:6.1.1]
	at org.springframework.context.support.AbstractApplicationContext.destroyBeans(AbstractApplicationContext.java:1125) ~[spring-context-6.1.1.jar:6.1.1]
	at org.springframework.context.support.AbstractApplicationContext.doClose(AbstractApplicationContext.java:1086) ~[spring-context-6.1.1.jar:6.1.1]
	at org.springframework.context.support.AbstractApplicationContext.close(AbstractApplicationContext.java:1037) ~[spring-context-6.1.1.jar:6.1.1]
	at org.springframework.boot.SpringApplicationShutdownHook.closeAndWait(SpringApplicationShutdownHook.java:145) ~[spring-boot-3.2.0.jar:3.2.0]
	at java.base/java.lang.Iterable.forEach(Iterable.java:75) ~[na:na]
	at org.springframework.boot.SpringApplicationShutdownHook.run(SpringApplicationShutdownHook.java:114) ~[spring-boot-3.2.0.jar:3.2.0]
	at java.base/java.lang.Thread.run(Thread.java:1583) ~[na:na]

2026-05-16T11:36:25.481+05:30  INFO 35756 --- [payment-service] [SpringApplicationShutdownHook] com.netflix.discovery.DiscoveryClient    : Completed shut down of DiscoveryClient
2026-05-16T11:37:38.739+05:30  WARN 13960 --- [payment-service] [main] ory$DuplicateJsonObjectContextCustomizer : 

Found multiple occurrences of org.json.JSONObject on the class path:

	jar:file:/C:/Users/Hp/.m2/repository/org/json/json/20180130/json-20180130.jar!/org/json/JSONObject.class
	jar:file:/C:/Users/Hp/.m2/repository/com/vaadin/external/google/android-json/0.0.20131108.vaadin1/android-json-0.0.20131108.vaadin1.jar!/org/json/JSONObject.class

You may wish to exclude one of them to ensure predictable runtime behavior

2026-05-16T11:37:38.805+05:30  INFO 13960 --- [payment-service] [main] c.p.p.PaymentServiceApplicationTests     : Starting PaymentServiceApplicationTests using Java 21.0.10 with PID 13960 (started by Hp in C:\Users\Hp\Desktop\Parkease-Backend\payment-service)
2026-05-16T11:37:38.805+05:30 DEBUG 13960 --- [payment-service] [main] c.p.p.PaymentServiceApplicationTests     : Running with Spring Boot v3.2.0, Spring v6.1.1
2026-05-16T11:37:38.806+05:30  INFO 13960 --- [payment-service] [main] c.p.p.PaymentServiceApplicationTests     : No active profile set, falling back to 1 default profile: "default"
2026-05-16T11:37:39.300+05:30  INFO 39800 --- [payment-service] [AsyncResolver-bootstrap-executor-0] c.n.d.s.r.aws.ConfigClusterResolver      : Resolving eureka endpoints via configuration
2026-05-16T11:37:41.143+05:30  INFO 13960 --- [payment-service] [main] .s.d.r.c.RepositoryConfigurationDelegate : Bootstrapping Spring Data JPA repositories in DEFAULT mode.
2026-05-16T11:37:41.296+05:30  INFO 13960 --- [payment-service] [main] .s.d.r.c.RepositoryConfigurationDelegate : Finished Spring Data repository scanning in 136 ms. Found 3 JPA repository interfaces.
2026-05-16T11:37:41.997+05:30  INFO 13960 --- [payment-service] [main] o.s.cloud.context.scope.GenericScope     : BeanFactory id=fa746c78-4274-3410-82cb-e52e461e88e9
2026-05-16T11:37:42.789+05:30  WARN 13960 --- [payment-service] [main] trationDelegate$BeanPostProcessorChecker : Bean 'org.springframework.cloud.client.loadbalancer.LoadBalancerAutoConfiguration$DeferringLoadBalancerInterceptorConfig' of type [org.springframework.cloud.client.loadbalancer.LoadBalancerAutoConfiguration$DeferringLoadBalancerInterceptorConfig] is not eligible for getting processed by all BeanPostProcessors (for example: not eligible for auto-proxying). The currently created BeanPostProcessor [lbRestClientPostProcessor] is declared through a non-static factory method on that class; consider declaring it as static instead.
2026-05-16T11:37:42.796+05:30  WARN 13960 --- [payment-service] [main] trationDelegate$BeanPostProcessorChecker : Bean 'deferringLoadBalancerInterceptor' of type [org.springframework.cloud.client.loadbalancer.DeferringLoadBalancerInterceptor] is not eligible for getting processed by all BeanPostProcessors (for example: not eligible for auto-proxying). Is this bean getting eagerly injected into a currently created BeanPostProcessor [lbRestClientPostProcessor]? Check the corresponding BeanPostProcessor declaration and its dependencies.
2026-05-16T11:37:43.125+05:30  INFO 13960 --- [payment-service] [main] o.hibernate.jpa.internal.util.LogHelper  : HHH000204: Processing PersistenceUnitInfo [name: default]
2026-05-16T11:37:43.237+05:30  INFO 13960 --- [payment-service] [main] org.hibernate.Version                    : HHH000412: Hibernate ORM core version 6.3.1.Final
2026-05-16T11:37:43.316+05:30  INFO 13960 --- [payment-service] [main] o.h.c.internal.RegionFactoryInitiator    : HHH000026: Second-level cache disabled
2026-05-16T11:37:43.575+05:30  INFO 13960 --- [payment-service] [main] o.s.o.j.p.SpringPersistenceUnitInfo      : No LoadTimeWeaver setup: ignoring JPA class transformer
2026-05-16T11:37:43.679+05:30  INFO 13960 --- [payment-service] [main] com.zaxxer.hikari.HikariDataSource       : HikariPool-1 - Starting...
2026-05-16T11:37:44.008+05:30  INFO 13960 --- [payment-service] [main] com.zaxxer.hikari.pool.HikariPool        : HikariPool-1 - Added connection com.mysql.cj.jdbc.ConnectionImpl@46062251
2026-05-16T11:37:44.010+05:30  INFO 13960 --- [payment-service] [main] com.zaxxer.hikari.HikariDataSource       : HikariPool-1 - Start completed.
2026-05-16T11:37:44.103+05:30  WARN 13960 --- [payment-service] [main] org.hibernate.orm.deprecation            : HHH90000025: MySQLDialect does not need to be specified explicitly using 'hibernate.dialect' (remove the property setting and it will be selected by default)
2026-05-16T11:37:45.361+05:30  INFO 13960 --- [payment-service] [main] o.h.e.t.j.p.i.JtaPlatformInitiator       : HHH000489: No JTA platform available (set 'hibernate.transaction.jta.platform' to enable JTA platform integration)
2026-05-16T11:37:45.441+05:30  INFO 13960 --- [payment-service] [main] j.LocalContainerEntityManagerFactoryBean : Initialized JPA EntityManagerFactory for persistence unit 'default'
2026-05-16T11:37:46.309+05:30  INFO 13960 --- [payment-service] [main] c.p.payment.config.RazorpayConfig        : Initializing Razorpay client with key: rzp_test...
2026-05-16T11:37:47.429+05:30  INFO 13960 --- [payment-service] [main] o.s.d.j.r.query.QueryEnhancerFactory     : Hibernate is in classpath; If applicable, HQL parser will be used.
2026-05-16T11:37:48.714+05:30  WARN 13960 --- [payment-service] [main] JpaBaseConfiguration$JpaWebConfiguration : spring.jpa.open-in-view is enabled by default. Therefore, database queries may be performed during view rendering. Explicitly configure spring.jpa.open-in-view to disable this warning
2026-05-16T11:37:48.881+05:30  WARN 13960 --- [payment-service] [main] .s.s.UserDetailsServiceAutoConfiguration : 

Using generated security password: cc6529af-462e-48c0-a308-0a66a9635d5c

This generated password is for development use only. Your security configuration must be updated before running your application in production.

2026-05-16T11:37:50.636+05:30  INFO 13960 --- [payment-service] [main] o.s.cloud.commons.util.InetUtils         : Cannot determine local hostname
2026-05-16T11:37:50.945+05:30  INFO 13960 --- [payment-service] [main] o.s.b.a.e.web.EndpointLinksResolver      : Exposing 17 endpoint(s) beneath base path '/actuator'
2026-05-16T11:37:51.051+05:30  INFO 13960 --- [payment-service] [main] o.s.s.web.DefaultSecurityFilterChain     : Will secure any request with [org.springframework.security.web.session.DisableEncodeUrlFilter@68151167, org.springframework.security.web.context.request.async.WebAsyncManagerIntegrationFilter@1ece1124, org.springframework.security.web.context.SecurityContextHolderFilter@75023cfa, org.springframework.security.web.header.HeaderWriterFilter@1f871e59, org.springframework.web.filter.CorsFilter@4c0f8601, org.springframework.security.web.authentication.logout.LogoutFilter@2e8a7e86, com.parkease.payment.security.JwtAuthFilter@105dfb5b, org.springframework.security.web.savedrequest.RequestCacheAwareFilter@1324fda2, org.springframework.security.web.servletapi.SecurityContextHolderAwareRequestFilter@6b030c6b, org.springframework.security.web.authentication.AnonymousAuthenticationFilter@1d9e7101, org.springframework.security.web.session.SessionManagementFilter@3325a2cd, org.springframework.security.web.access.ExceptionTranslationFilter@3b44827c, org.springframework.security.web.access.intercept.AuthorizationFilter@14646a25]
2026-05-16T11:37:53.247+05:30  INFO 13960 --- [payment-service] [main] o.s.cloud.commons.util.InetUtils         : Cannot determine local hostname
2026-05-16T11:37:53.263+05:30  INFO 13960 --- [payment-service] [main] DiscoveryClientOptionalArgsConfiguration : Eureka HTTP Client uses RestTemplate.
2026-05-16T11:37:53.408+05:30  WARN 13960 --- [payment-service] [main] iguration$LoadBalancerCaffeineWarnLogger : Spring Cloud LoadBalancer is currently working with the default cache. While this cache implementation is useful for development and tests, it's recommended to use Caffeine cache in production.You can switch to using Caffeine cache, by adding it and org.springframework.cache.caffeine.CaffeineCacheManager to the classpath.
2026-05-16T11:37:53.515+05:30  INFO 13960 --- [payment-service] [main] o.s.c.n.eureka.InstanceInfoFactory       : Setting initial instance status as: STARTING
2026-05-16T11:37:53.639+05:30  INFO 13960 --- [payment-service] [main] com.netflix.discovery.DiscoveryClient    : Initializing Eureka in region us-east-1
2026-05-16T11:37:53.648+05:30  INFO 13960 --- [payment-service] [main] c.n.d.s.r.aws.ConfigClusterResolver      : Resolving eureka endpoints via configuration
2026-05-16T11:37:53.681+05:30  INFO 13960 --- [payment-service] [main] com.netflix.discovery.DiscoveryClient    : Disable delta property : false
2026-05-16T11:37:53.681+05:30  INFO 13960 --- [payment-service] [main] com.netflix.discovery.DiscoveryClient    : Single vip registry refresh property : null
2026-05-16T11:37:53.682+05:30  INFO 13960 --- [payment-service] [main] com.netflix.discovery.DiscoveryClient    : Force full registry fetch : false
2026-05-16T11:37:53.682+05:30  INFO 13960 --- [payment-service] [main] com.netflix.discovery.DiscoveryClient    : Application is null : false
2026-05-16T11:37:53.682+05:30  INFO 13960 --- [payment-service] [main] com.netflix.discovery.DiscoveryClient    : Registered Applications size is zero : true
2026-05-16T11:37:53.682+05:30  INFO 13960 --- [payment-service] [main] com.netflix.discovery.DiscoveryClient    : Application version is -1: true
2026-05-16T11:37:53.682+05:30  INFO 13960 --- [payment-service] [main] com.netflix.discovery.DiscoveryClient    : Getting all instance registry info from the eureka server
2026-05-16T11:37:53.873+05:30  INFO 13960 --- [payment-service] [main] com.netflix.discovery.DiscoveryClient    : The response status is 200
2026-05-16T11:37:53.876+05:30  INFO 13960 --- [payment-service] [main] com.netflix.discovery.DiscoveryClient    : Starting heartbeat executor: renew interval is: 30
2026-05-16T11:37:53.879+05:30  INFO 13960 --- [payment-service] [main] c.n.discovery.InstanceInfoReplicator     : InstanceInfoReplicator onDemand update allowed rate per min is 4
2026-05-16T11:37:53.884+05:30  INFO 13960 --- [payment-service] [main] com.netflix.discovery.DiscoveryClient    : Discovery Client initialized at timestamp 1778911673883 with initial instances count: 9
2026-05-16T11:37:53.891+05:30  INFO 13960 --- [payment-service] [main] o.s.c.n.e.s.EurekaServiceRegistry        : Registering application PAYMENT-SERVICE with eureka with status UP
2026-05-16T11:37:53.892+05:30  INFO 13960 --- [payment-service] [main] com.netflix.discovery.DiscoveryClient    : Saw local status change event StatusChangeEvent [timestamp=1778911673892, current=UP, previous=STARTING]
2026-05-16T11:37:53.894+05:30  INFO 13960 --- [payment-service] [DiscoveryClient-InstanceInfoReplicator-0] com.netflix.discovery.DiscoveryClient    : DiscoveryClient_PAYMENT-SERVICE/localhost:payment-service:8086: registering service...
2026-05-16T11:37:53.917+05:30  INFO 13960 --- [payment-service] [main] c.p.p.PaymentServiceApplicationTests     : Started PaymentServiceApplicationTests in 16.916 seconds (process running for 25.971)
2026-05-16T11:37:53.928+05:30  INFO 13960 --- [payment-service] [DiscoveryClient-InstanceInfoReplicator-0] com.netflix.discovery.DiscoveryClient    : DiscoveryClient_PAYMENT-SERVICE/localhost:payment-service:8086 - registration status: 204
2026-05-16T11:37:53.929+05:30  INFO 13960 --- [payment-service] [main] c.p.payment.PaymentServiceApplication    : Executing database migration to alter pass_balances.status column to VARCHAR...
2026-05-16T11:37:53.963+05:30  INFO 13960 --- [payment-service] [main] c.p.payment.PaymentServiceApplication    : Migration successful.
2026-05-16T11:37:53.967+05:30 ERROR 13960 --- [payment-service] [registrationTask1] o.s.s.s.TaskUtils$LoggingErrorHandler    : Unexpected error occurred in scheduled task

java.lang.IllegalStateException: couldn't determine local port. Please set spring.boot.admin.client.instance.service-base-url.
	at de.codecentric.boot.admin.client.registration.DefaultApplicationFactory.getLocalServerPort(DefaultApplicationFactory.java:205) ~[spring-boot-admin-client-3.2.3.jar:3.2.3]
	at de.codecentric.boot.admin.client.registration.DefaultApplicationFactory.getServiceBaseUrl(DefaultApplicationFactory.java:109) ~[spring-boot-admin-client-3.2.3.jar:3.2.3]
	at de.codecentric.boot.admin.client.registration.ServletApplicationFactory.getServiceUrl(ServletApplicationFactory.java:62) ~[spring-boot-admin-client-3.2.3.jar:3.2.3]
	at de.codecentric.boot.admin.client.registration.ServletApplicationFactory.getManagementBaseUrl(ServletApplicationFactory.java:77) ~[spring-boot-admin-client-3.2.3.jar:3.2.3]
	at de.codecentric.boot.admin.client.registration.DefaultApplicationFactory.getHealthUrl(DefaultApplicationFactory.java:165) ~[spring-boot-admin-client-3.2.3.jar:3.2.3]
	at de.codecentric.boot.admin.client.registration.DefaultApplicationFactory.createApplication(DefaultApplicationFactory.java:80) ~[spring-boot-admin-client-3.2.3.jar:3.2.3]
	at de.codecentric.boot.admin.client.registration.DefaultApplicationRegistrator.register(DefaultApplicationRegistrator.java:56) ~[spring-boot-admin-client-3.2.3.jar:3.2.3]
	at org.springframework.scheduling.support.DelegatingErrorHandlingRunnable.run(DelegatingErrorHandlingRunnable.java:54) ~[spring-context-6.1.1.jar:6.1.1]
	at java.base/java.util.concurrent.Executors$RunnableAdapter.call(Executors.java:572) ~[na:na]
	at java.base/java.util.concurrent.FutureTask.runAndReset(FutureTask.java:358) ~[na:na]
	at java.base/java.util.concurrent.ScheduledThreadPoolExecutor$ScheduledFutureTask.run(ScheduledThreadPoolExecutor.java:305) ~[na:na]
	at java.base/java.util.concurrent.ThreadPoolExecutor.runWorker(ThreadPoolExecutor.java:1144) ~[na:na]
	at java.base/java.util.concurrent.ThreadPoolExecutor$Worker.run(ThreadPoolExecutor.java:642) ~[na:na]
	at java.base/java.lang.Thread.run(Thread.java:1583) ~[na:na]

2026-05-16T11:37:54.372+05:30 DEBUG 13960 --- [payment-service] [main] c.p.payment.security.JwtAuthFilter       : Authenticated: test@test.com [ROLE_DRIVER]
2026-05-16T11:37:54.381+05:30 ERROR 13960 --- [payment-service] [main] c.p.payment.security.JwtAuthFilter       : JWT filter error: Test Exception
2026-05-16T11:37:54.387+05:30 DEBUG 13960 --- [payment-service] [main] c.p.payment.security.JwtAuthFilter       : Authenticated: test@test.com [ROLE_DRIVER]
2026-05-16T11:37:54.404+05:30 ERROR 13960 --- [payment-service] [main] c.p.payment.service.PassReceiptService   : Failed to create receipts directory: Z:\bad_path\invalid: Unable to determine if root directory exists
2026-05-16T11:37:54.518+05:30 ERROR 13960 --- [payment-service] [main] c.p.payment.service.PassReceiptService   : Failed to generate pass receipt for txn 11: Z:\bad_path\invalid\ParkEase_PassReceipt_11.pdf (The system cannot find the path specified)
2026-05-16T11:37:54.836+05:30  INFO 13960 --- [payment-service] [main] c.p.payment.service.PassReceiptService   : Pass receipt generated: C:\Users\Hp\AppData\Local\Temp\junit8278784762210416012\ParkEase_PassReceipt_12.pdf
2026-05-16T11:37:54.855+05:30  INFO 13960 --- [payment-service] [main] c.p.payment.service.PassReceiptService   : Pass receipt generated: C:\Users\Hp\AppData\Local\Temp\junit14009333109455533857\ParkEase_PassReceipt_10.pdf
2026-05-16T11:37:55.435+05:30  INFO 13960 --- [payment-service] [main] c.p.payment.service.PassServiceImpl      : Activating pass for driver: aryan@test.com order: order_pass_123
2026-05-16T11:37:55.436+05:30  INFO 13960 --- [payment-service] [main] c.p.payment.service.PassServiceImpl      : Pass 1 activated for driver: aryan@test.com, valid until: 2026-06-15T11:37:55.436024600
2026-05-16T11:37:55.440+05:30  INFO 13960 --- [payment-service] [main] c.p.payment.service.PassServiceImpl      : Processing pass payment for driver: aryan@test.com booking: 103
2026-05-16T11:37:55.452+05:30  INFO 13960 --- [payment-service] [main] c.p.payment.service.PassServiceImpl      : Processing pass payment for driver: aryan@test.com booking: 104
2026-05-16T11:37:55.453+05:30  INFO 13960 --- [payment-service] [main] c.p.payment.service.PassServiceImpl      : Pass payment recorded: PASS-079389BF-D417-4FE4-9DAA-D53060AAFAE4 for booking: 104, remaining: 0
2026-05-16T11:37:55.459+05:30  INFO 13960 --- [payment-service] [main] c.p.payment.service.PassServiceImpl      : Cancelling pass for driver: aryan@test.com
2026-05-16T11:37:55.459+05:30  INFO 13960 --- [payment-service] [main] c.p.payment.service.PassServiceImpl      : Pass 1 cancelled by driver: aryan@test.com
2026-05-16T11:37:55.465+05:30  INFO 13960 --- [payment-service] [main] c.p.payment.service.PassServiceImpl      : Scheduler expired 1 pass(es).
2026-05-16T11:37:55.473+05:30  INFO 13960 --- [payment-service] [main] c.p.payment.service.PassServiceImpl      : Pass receipt missing for txn 10, regenerating...
2026-05-16T11:37:55.478+05:30  INFO 13960 --- [payment-service] [main] c.p.payment.service.PassServiceImpl      : Processing pass payment for driver: aryan@test.com booking: 100
2026-05-16T11:37:55.484+05:30  INFO 13960 --- [payment-service] [main] c.p.payment.service.PassServiceImpl      : Processing pass payment for driver: aryan@test.com booking: 102
2026-05-16T11:37:55.488+05:30  INFO 13960 --- [payment-service] [main] c.p.payment.service.PassServiceImpl      : Creating pass order for driver: aryan@test.com
2026-05-16T11:37:55.566+05:30  INFO 13960 --- [payment-service] [main] c.p.payment.service.PassServiceImpl      : Creating pass order for driver: aryan@test.com
2026-05-16T11:37:55.569+05:30  INFO 13960 --- [payment-service] [main] c.p.payment.service.PassServiceImpl      : Razorpay pass order created: order_pass_123 for driver: aryan@test.com
2026-05-16T11:37:55.574+05:30  INFO 13960 --- [payment-service] [main] c.p.payment.service.PassServiceImpl      : Pass 1 lazily expired for driver: aryan@test.com
2026-05-16T11:37:55.581+05:30  INFO 13960 --- [payment-service] [main] c.p.payment.service.PassServiceImpl      : Cancelling pass for driver: aryan@test.com
2026-05-16T11:37:55.601+05:30  INFO 13960 --- [payment-service] [main] c.p.payment.service.PassServiceImpl      : Pass receipt missing for txn 10, regenerating...
2026-05-16T11:37:55.611+05:30  INFO 13960 --- [payment-service] [main] c.p.payment.service.PassServiceImpl      : Pass receipt missing for txn 10, regenerating...
2026-05-16T11:37:55.616+05:30  INFO 13960 --- [payment-service] [main] c.p.payment.service.PassServiceImpl      : Scheduler expired 1 pass(es).
2026-05-16T11:37:55.633+05:30  INFO 13960 --- [payment-service] [main] c.p.payment.service.PassServiceImpl      : Activating pass for driver: aryan@test.com order: order_pass_123
2026-05-16T11:37:55.633+05:30  INFO 13960 --- [payment-service] [main] c.p.payment.service.PassServiceImpl      : Cleaned up 1 old pass record(s) for driver: aryan@test.com
2026-05-16T11:37:55.634+05:30  INFO 13960 --- [payment-service] [main] c.p.payment.service.PassServiceImpl      : Pass 1 activated for driver: aryan@test.com, valid until: 2026-06-15T11:37:55.633596700
2026-05-16T11:37:55.639+05:30  INFO 13960 --- [payment-service] [main] c.p.payment.service.PassServiceImpl      : Processing pass payment for driver: aryan@test.com booking: 101
2026-05-16T11:37:55.644+05:30  INFO 13960 --- [payment-service] [main] c.p.payment.service.PassServiceImpl      : Creating pass order for driver: aryan@test.com
2026-05-16T11:37:55.645+05:30  INFO 13960 --- [payment-service] [main] c.p.payment.service.PassServiceImpl      : Razorpay pass order created: order_pass_456 for driver: aryan@test.com
2026-05-16T11:37:55.648+05:30  INFO 13960 --- [payment-service] [main] c.p.payment.service.PassServiceImpl      : Processing pass payment for driver: aryan@test.com booking: 100
2026-05-16T11:37:55.649+05:30  INFO 13960 --- [payment-service] [main] c.p.payment.service.PassServiceImpl      : Pass payment recorded: PASS-EB696E85-92B5-4DB7-951E-230CFA19A8FB for booking: 100, remaining: 144
2026-05-16T11:37:55.657+05:30  INFO 13960 --- [payment-service] [main] c.p.payment.service.PassServiceImpl      : Activating pass for driver: aryan@test.com order: order_pass_123
2026-05-16T11:37:55.666+05:30  INFO 13960 --- [payment-service] [main] c.p.payment.service.PassServiceImpl      : Creating pass order for driver: aryan@test.com
2026-05-16T11:37:55.667+05:30 ERROR 13960 --- [payment-service] [main] c.p.payment.service.PassServiceImpl      : Razorpay pass order creation failed: Network error
2026-05-16T11:37:55.671+05:30  INFO 13960 --- [payment-service] [main] c.p.payment.service.PassServiceImpl      : Cancelling pass for driver: aryan@test.com
2026-05-16T11:37:56.086+05:30  INFO 13960 --- [payment-service] [main] c.p.payment.service.PaymentServiceImpl   : Processing refund for booking: 100
2026-05-16T11:37:56.087+05:30  INFO 13960 --- [payment-service] [main] c.p.payment.service.PaymentServiceImpl   : Razorpay refund created: refund_123
2026-05-16T11:37:56.094+05:30  INFO 13960 --- [payment-service] [main] c.p.payment.service.PaymentServiceImpl   : Processing refund for booking: 100
2026-05-16T11:37:56.095+05:30  INFO 13960 --- [payment-service] [main] c.p.payment.service.PaymentServiceImpl   : Razorpay refund created: refund_123
2026-05-16T11:37:56.105+05:30  INFO 13960 --- [payment-service] [main] c.p.payment.service.PaymentServiceImpl   : Creating Razorpay order for booking: 100 amount: Rs.150.0
2026-05-16T11:37:56.106+05:30  INFO 13960 --- [payment-service] [main] c.p.payment.service.PaymentServiceImpl   : Razorpay order created: order_123
2026-05-16T11:37:56.109+05:30  INFO 13960 --- [payment-service] [main] c.p.payment.service.PaymentServiceImpl   : Processing refund for booking: 999
2026-05-16T11:37:56.188+05:30  INFO 13960 --- [payment-service] [main] c.p.payment.service.PaymentServiceImpl   : Verifying payment for order: order_123
2026-05-16T11:37:56.189+05:30  INFO 13960 --- [payment-service] [main] c.p.payment.service.PaymentServiceImpl   : Payment 1 verified and marked as PAID
2026-05-16T11:37:56.197+05:30  INFO 13960 --- [payment-service] [main] c.p.payment.service.PaymentServiceImpl   : Creating Razorpay order for booking: 100 amount: Rs.150.0
2026-05-16T11:37:56.201+05:30  INFO 13960 --- [payment-service] [main] c.p.payment.service.PaymentServiceImpl   : Verifying payment for order: order_123
2026-05-16T11:37:56.203+05:30  INFO 13960 --- [payment-service] [main] c.p.payment.service.PaymentServiceImpl   : Payment 1 verified and marked as PAID
2026-05-16T11:37:56.208+05:30  INFO 13960 --- [payment-service] [main] c.p.payment.service.PaymentServiceImpl   : Verifying payment for order: order_123
2026-05-16T11:37:56.209+05:30  INFO 13960 --- [payment-service] [main] c.p.payment.service.PaymentServiceImpl   : Payment 1 verified and marked as PAID
2026-05-16T11:37:56.216+05:30  INFO 13960 --- [payment-service] [main] c.p.payment.service.PaymentServiceImpl   : Receipt missing for payment 1, regenerating...
2026-05-16T11:37:56.230+05:30  INFO 13960 --- [payment-service] [main] c.p.payment.service.PaymentServiceImpl   : Verifying payment for order: order_123
2026-05-16T11:37:56.230+05:30  WARN 13960 --- [payment-service] [main] c.p.payment.service.PaymentServiceImpl   : Invalid signature for order: order_123
2026-05-16T11:37:56.233+05:30  INFO 13960 --- [payment-service] [main] c.p.payment.service.PaymentServiceImpl   : Processing refund for booking: 100
2026-05-16T11:37:56.241+05:30  INFO 13960 --- [payment-service] [main] c.p.payment.service.PaymentServiceImpl   : Processing refund for booking: 100
2026-05-16T11:37:56.241+05:30 ERROR 13960 --- [payment-service] [main] c.p.payment.service.PaymentServiceImpl   : Refund failed for payment 1: Razorpay error
2026-05-16T11:37:56.246+05:30  INFO 13960 --- [payment-service] [main] c.p.payment.service.PaymentServiceImpl   : Receipt missing for payment 1, regenerating...
2026-05-16T11:37:56.250+05:30  INFO 13960 --- [payment-service] [main] c.p.payment.service.PaymentServiceImpl   : Creating Razorpay order for booking: 100 amount: Rs.150.0
2026-05-16T11:37:56.251+05:30 ERROR 13960 --- [payment-service] [main] c.p.payment.service.PaymentServiceImpl   : Razorpay order creation failed: Razorpay error
2026-05-16T11:37:56.255+05:30  INFO 13960 --- [payment-service] [main] c.p.payment.service.PaymentServiceImpl   : Verifying payment for order: order_123
2026-05-16T11:37:56.257+05:30  WARN 13960 --- [payment-service] [main] c.p.payment.service.PaymentServiceImpl   : Could not fetch payment method from Razorpay: Fetch error
2026-05-16T11:37:56.257+05:30  INFO 13960 --- [payment-service] [main] c.p.payment.service.PaymentServiceImpl   : Payment 1 verified and marked as PAID
2026-05-16T11:37:56.262+05:30  INFO 13960 --- [payment-service] [main] c.p.payment.service.PaymentServiceImpl   : Verifying payment for order: order_123
2026-05-16T11:37:56.263+05:30  INFO 13960 --- [payment-service] [main] c.p.payment.service.PaymentServiceImpl   : Payment 1 verified and marked as PAID
2026-05-16T11:37:56.267+05:30  INFO 13960 --- [payment-service] [main] c.p.payment.service.PaymentServiceImpl   : Verifying payment for order: order_not_found
2026-05-16T11:37:56.284+05:30  INFO 13960 --- [payment-service] [main] c.p.payment.service.ReceiptService       : Receipt generated: C:\Users\Hp\AppData\Local\Temp\junit7046977451751531348\ParkEase_Receipt_3.pdf
2026-05-16T11:37:56.303+05:30  INFO 13960 --- [payment-service] [main] c.p.payment.service.ReceiptService       : Receipt generated: C:\Users\Hp\AppData\Local\Temp\junit1906502660785560448\ParkEase_Receipt_1.pdf
2026-05-16T11:37:56.308+05:30 ERROR 13960 --- [payment-service] [main] c.p.payment.service.ReceiptService       : Failed to create receipts directory: Z:\non_existent_drive\invalid: Unable to determine if root directory exists
2026-05-16T11:37:56.309+05:30 ERROR 13960 --- [payment-service] [main] c.p.payment.service.ReceiptService       : Failed to generate receipt for payment 1: Z:\non_existent_drive\invalid\ParkEase_Receipt_1.pdf (The system cannot find the path specified)
2026-05-16T11:37:56.321+05:30  INFO 13960 --- [payment-service] [main] c.p.payment.service.ReceiptService       : Receipt generated: C:\Users\Hp\AppData\Local\Temp\junit4390340600451663860\ParkEase_Receipt_2.pdf
2026-05-16T11:37:56.421+05:30  WARN 13960 --- [payment-service] [main] com.parkease.payment.util.JwtUtil        : JWT invalid: JWT expired at 2026-05-16T06:07:51Z. Current time: 2026-05-16T06:07:56Z, a difference of 5420 milliseconds.  Allowed clock skew: 0 milliseconds.
2026-05-16T11:37:56.441+05:30  WARN 13960 --- [payment-service] [main] com.parkease.payment.util.JwtUtil        : JWT invalid: JWT strings must contain exactly 2 period characters. Found: 0
2026-05-16T11:37:56.481+05:30  INFO 13960 --- [payment-service] [SpringApplicationShutdownHook] o.s.c.n.e.s.EurekaServiceRegistry        : Unregistering application PAYMENT-SERVICE with eureka with status DOWN
2026-05-16T11:37:56.481+05:30  INFO 13960 --- [payment-service] [SpringApplicationShutdownHook] com.netflix.discovery.DiscoveryClient    : Saw local status change event StatusChangeEvent [timestamp=1778911676481, current=DOWN, previous=UP]
2026-05-16T11:37:56.483+05:30  INFO 13960 --- [payment-service] [DiscoveryClient-InstanceInfoReplicator-0] com.netflix.discovery.DiscoveryClient    : DiscoveryClient_PAYMENT-SERVICE/localhost:payment-service:8086: registering service...
2026-05-16T11:37:56.497+05:30  INFO 13960 --- [payment-service] [DiscoveryClient-InstanceInfoReplicator-0] com.netflix.discovery.DiscoveryClient    : DiscoveryClient_PAYMENT-SERVICE/localhost:payment-service:8086 - registration status: 204
2026-05-16T11:37:57.000+05:30  INFO 13960 --- [payment-service] [SpringApplicationShutdownHook] j.LocalContainerEntityManagerFactoryBean : Closing JPA EntityManagerFactory for persistence unit 'default'
2026-05-16T11:37:57.004+05:30  INFO 13960 --- [payment-service] [SpringApplicationShutdownHook] com.zaxxer.hikari.HikariDataSource       : HikariPool-1 - Shutdown initiated...
2026-05-16T11:37:57.014+05:30  INFO 13960 --- [payment-service] [SpringApplicationShutdownHook] com.zaxxer.hikari.HikariDataSource       : HikariPool-1 - Shutdown completed.
2026-05-16T11:37:57.014+05:30  INFO 13960 --- [payment-service] [SpringApplicationShutdownHook] com.netflix.discovery.DiscoveryClient    : Shutting down DiscoveryClient ...
2026-05-16T11:38:00.029+05:30  INFO 13960 --- [payment-service] [SpringApplicationShutdownHook] com.netflix.discovery.DiscoveryClient    : Unregistering ...
2026-05-16T11:38:00.036+05:30  INFO 13960 --- [payment-service] [SpringApplicationShutdownHook] c.n.d.s.t.d.RedirectingEurekaHttpClient  : Request execution error. endpoint=DefaultEndpoint{ serviceUrl='http://localhost:8761/eureka/} exception=Connection pool shut down stacktrace=java.lang.IllegalStateException: Connection pool shut down
	at org.apache.hc.core5.util.Asserts.check(Asserts.java:38)
	at org.apache.hc.core5.pool.StrictConnPool.lease(StrictConnPool.java:176)
	at org.apache.hc.client5.http.impl.io.PoolingHttpClientConnectionManager.lease(PoolingHttpClientConnectionManager.java:298)
	at org.apache.hc.client5.http.impl.classic.InternalExecRuntime.acquireEndpoint(InternalExecRuntime.java:103)
	at org.apache.hc.client5.http.impl.classic.ConnectExec.execute(ConnectExec.java:125)
	at org.apache.hc.client5.http.impl.classic.ExecChainElement.execute(ExecChainElement.java:51)
	at org.apache.hc.client5.http.impl.classic.ProtocolExec.execute(ProtocolExec.java:192)
	at org.apache.hc.client5.http.impl.classic.ExecChainElement.execute(ExecChainElement.java:51)
	at org.apache.hc.client5.http.impl.classic.HttpRequestRetryExec.execute(HttpRequestRetryExec.java:96)
	at org.apache.hc.client5.http.impl.classic.ExecChainElement.execute(ExecChainElement.java:51)
	at org.apache.hc.client5.http.impl.classic.ContentCompressionExec.execute(ContentCompressionExec.java:152)
	at org.apache.hc.client5.http.impl.classic.ExecChainElement.execute(ExecChainElement.java:51)
	at org.apache.hc.client5.http.impl.classic.RedirectExec.execute(RedirectExec.java:115)
	at org.apache.hc.client5.http.impl.classic.ExecChainElement.execute(ExecChainElement.java:51)
	at org.apache.hc.client5.http.impl.classic.InternalHttpClient.doExecute(InternalHttpClient.java:170)
	at org.apache.hc.client5.http.impl.classic.CloseableHttpClient.execute(CloseableHttpClient.java:87)
	at org.apache.hc.client5.http.impl.classic.CloseableHttpClient.execute(CloseableHttpClient.java:55)
	at org.apache.hc.client5.http.classic.HttpClient.executeOpen(HttpClient.java:183)
	at org.springframework.http.client.HttpComponentsClientHttpRequest.executeInternal(HttpComponentsClientHttpRequest.java:95)
	at org.springframework.http.client.AbstractStreamingClientHttpRequest.executeInternal(AbstractStreamingClientHttpRequest.java:70)
	at org.springframework.http.client.AbstractClientHttpRequest.execute(AbstractClientHttpRequest.java:66)
	at org.springframework.http.client.InterceptingClientHttpRequest$InterceptingRequestExecution.execute(InterceptingClientHttpRequest.java:101)
	at org.springframework.cloud.netflix.eureka.http.RestTemplateTransportClientFactory.lambda$restTemplate$0(RestTemplateTransportClientFactory.java:143)
	at org.springframework.http.client.InterceptingClientHttpRequest$InterceptingRequestExecution.execute(InterceptingClientHttpRequest.java:87)
	at org.springframework.http.client.InterceptingClientHttpRequest.executeInternal(InterceptingClientHttpRequest.java:71)
	at org.springframework.http.client.AbstractBufferingClientHttpRequest.executeInternal(AbstractBufferingClientHttpRequest.java:48)
	at org.springframework.http.client.AbstractClientHttpRequest.execute(AbstractClientHttpRequest.java:66)
	at org.springframework.web.client.RestTemplate.doExecute(RestTemplate.java:879)
	at org.springframework.web.client.RestTemplate.execute(RestTemplate.java:781)
	at org.springframework.web.client.RestTemplate.exchange(RestTemplate.java:663)
	at org.springframework.cloud.netflix.eureka.http.RestTemplateEurekaHttpClient.cancel(RestTemplateEurekaHttpClient.java:87)
	at com.netflix.discovery.shared.transport.decorator.EurekaHttpClientDecorator$2.execute(EurekaHttpClientDecorator.java:74)
	at com.netflix.discovery.shared.transport.decorator.RedirectingEurekaHttpClient.execute(RedirectingEurekaHttpClient.java:91)
	at com.netflix.discovery.shared.transport.decorator.EurekaHttpClientDecorator.cancel(EurekaHttpClientDecorator.java:71)
	at com.netflix.discovery.shared.transport.decorator.EurekaHttpClientDecorator$2.execute(EurekaHttpClientDecorator.java:74)
	at com.netflix.discovery.shared.transport.decorator.RetryableEurekaHttpClient.execute(RetryableEurekaHttpClient.java:120)
	at com.netflix.discovery.shared.transport.decorator.EurekaHttpClientDecorator.cancel(EurekaHttpClientDecorator.java:71)
	at com.netflix.discovery.shared.transport.decorator.EurekaHttpClientDecorator$2.execute(EurekaHttpClientDecorator.java:74)
	at com.netflix.discovery.shared.transport.decorator.SessionedEurekaHttpClient.execute(SessionedEurekaHttpClient.java:77)
	at com.netflix.discovery.shared.transport.decorator.EurekaHttpClientDecorator.cancel(EurekaHttpClientDecorator.java:71)
	at com.netflix.discovery.DiscoveryClient.unregister(DiscoveryClient.java:916)
	at com.netflix.discovery.DiscoveryClient.shutdown(DiscoveryClient.java:892)
	at java.base/jdk.internal.reflect.DirectMethodHandleAccessor.invoke(DirectMethodHandleAccessor.java:103)
	at java.base/java.lang.reflect.Method.invoke(Method.java:580)
	at org.springframework.beans.factory.annotation.InitDestroyAnnotationBeanPostProcessor$LifecycleMethod.invoke(InitDestroyAnnotationBeanPostProcessor.java:457)
	at org.springframework.beans.factory.annotation.InitDestroyAnnotationBeanPostProcessor$LifecycleMetadata.invokeDestroyMethods(InitDestroyAnnotationBeanPostProcessor.java:415)
	at org.springframework.beans.factory.annotation.InitDestroyAnnotationBeanPostProcessor.postProcessBeforeDestruction(InitDestroyAnnotationBeanPostProcessor.java:239)
	at org.springframework.beans.factory.support.DisposableBeanAdapter.destroy(DisposableBeanAdapter.java:202)
	at org.springframework.beans.factory.support.DisposableBeanAdapter.run(DisposableBeanAdapter.java:195)
	at org.springframework.cloud.context.scope.GenericScope$BeanLifecycleWrapper.destroy(GenericScope.java:389)
	at org.springframework.cloud.context.scope.GenericScope.destroy(GenericScope.java:136)
	at org.springframework.beans.factory.support.DisposableBeanAdapter.destroy(DisposableBeanAdapter.java:211)
	at org.springframework.beans.factory.support.DefaultSingletonBeanRegistry.destroyBean(DefaultSingletonBeanRegistry.java:587)
	at org.springframework.beans.factory.support.DefaultSingletonBeanRegistry.destroySingleton(DefaultSingletonBeanRegistry.java:559)
	at org.springframework.beans.factory.support.DefaultListableBeanFactory.destroySingleton(DefaultListableBeanFactory.java:1200)
	at org.springframework.beans.factory.support.DefaultSingletonBeanRegistry.destroySingletons(DefaultSingletonBeanRegistry.java:520)
	at org.springframework.beans.factory.support.DefaultListableBeanFactory.destroySingletons(DefaultListableBeanFactory.java:1193)
	at org.springframework.context.support.AbstractApplicationContext.destroyBeans(AbstractApplicationContext.java:1125)
	at org.springframework.context.support.AbstractApplicationContext.doClose(AbstractApplicationContext.java:1086)
	at org.springframework.context.support.AbstractApplicationContext.close(AbstractApplicationContext.java:1037)
	at org.springframework.boot.SpringApplicationShutdownHook.closeAndWait(SpringApplicationShutdownHook.java:145)
	at java.base/java.lang.Iterable.forEach(Iterable.java:75)
	at org.springframework.boot.SpringApplicationShutdownHook.run(SpringApplicationShutdownHook.java:114)
	at java.base/java.lang.Thread.run(Thread.java:1583)

2026-05-16T11:38:00.037+05:30  WARN 13960 --- [payment-service] [SpringApplicationShutdownHook] c.n.d.s.t.d.RetryableEurekaHttpClient    : Request execution failed with message: Connection pool shut down
2026-05-16T11:38:00.042+05:30  INFO 13960 --- [payment-service] [SpringApplicationShutdownHook] c.n.d.s.t.d.RedirectingEurekaHttpClient  : Request execution error. endpoint=DefaultEndpoint{ serviceUrl='http://localhost:8761/eureka/}, exception=Connection pool shut down stacktrace=java.lang.IllegalStateException: Connection pool shut down
	at org.apache.hc.core5.util.Asserts.check(Asserts.java:38)
	at org.apache.hc.core5.pool.StrictConnPool.lease(StrictConnPool.java:176)
	at org.apache.hc.client5.http.impl.io.PoolingHttpClientConnectionManager.lease(PoolingHttpClientConnectionManager.java:298)
	at org.apache.hc.client5.http.impl.classic.InternalExecRuntime.acquireEndpoint(InternalExecRuntime.java:103)
	at org.apache.hc.client5.http.impl.classic.ConnectExec.execute(ConnectExec.java:125)
	at org.apache.hc.client5.http.impl.classic.ExecChainElement.execute(ExecChainElement.java:51)
	at org.apache.hc.client5.http.impl.classic.ProtocolExec.execute(ProtocolExec.java:192)
	at org.apache.hc.client5.http.impl.classic.ExecChainElement.execute(ExecChainElement.java:51)
	at org.apache.hc.client5.http.impl.classic.HttpRequestRetryExec.execute(HttpRequestRetryExec.java:96)
	at org.apache.hc.client5.http.impl.classic.ExecChainElement.execute(ExecChainElement.java:51)
	at org.apache.hc.client5.http.impl.classic.ContentCompressionExec.execute(ContentCompressionExec.java:152)
	at org.apache.hc.client5.http.impl.classic.ExecChainElement.execute(ExecChainElement.java:51)
	at org.apache.hc.client5.http.impl.classic.RedirectExec.execute(RedirectExec.java:115)
	at org.apache.hc.client5.http.impl.classic.ExecChainElement.execute(ExecChainElement.java:51)
	at org.apache.hc.client5.http.impl.classic.InternalHttpClient.doExecute(InternalHttpClient.java:170)
	at org.apache.hc.client5.http.impl.classic.CloseableHttpClient.execute(CloseableHttpClient.java:87)
	at org.apache.hc.client5.http.impl.classic.CloseableHttpClient.execute(CloseableHttpClient.java:55)
	at org.apache.hc.client5.http.classic.HttpClient.executeOpen(HttpClient.java:183)
	at org.springframework.http.client.HttpComponentsClientHttpRequest.executeInternal(HttpComponentsClientHttpRequest.java:95)
	at org.springframework.http.client.AbstractStreamingClientHttpRequest.executeInternal(AbstractStreamingClientHttpRequest.java:70)
	at org.springframework.http.client.AbstractClientHttpRequest.execute(AbstractClientHttpRequest.java:66)
	at org.springframework.http.client.InterceptingClientHttpRequest$InterceptingRequestExecution.execute(InterceptingClientHttpRequest.java:101)
	at org.springframework.cloud.netflix.eureka.http.RestTemplateTransportClientFactory.lambda$restTemplate$0(RestTemplateTransportClientFactory.java:143)
	at org.springframework.http.client.InterceptingClientHttpRequest$InterceptingRequestExecution.execute(InterceptingClientHttpRequest.java:87)
	at org.springframework.http.client.InterceptingClientHttpRequest.executeInternal(InterceptingClientHttpRequest.java:71)
	at org.springframework.http.client.AbstractBufferingClientHttpRequest.executeInternal(AbstractBufferingClientHttpRequest.java:48)
	at org.springframework.http.client.AbstractClientHttpRequest.execute(AbstractClientHttpRequest.java:66)
	at org.springframework.web.client.RestTemplate.doExecute(RestTemplate.java:879)
	at org.springframework.web.client.RestTemplate.execute(RestTemplate.java:781)
	at org.springframework.web.client.RestTemplate.exchange(RestTemplate.java:663)
	at org.springframework.cloud.netflix.eureka.http.RestTemplateEurekaHttpClient.cancel(RestTemplateEurekaHttpClient.java:87)
	at com.netflix.discovery.shared.transport.decorator.EurekaHttpClientDecorator$2.execute(EurekaHttpClientDecorator.java:74)
	at com.netflix.discovery.shared.transport.decorator.RedirectingEurekaHttpClient.executeOnNewServer(RedirectingEurekaHttpClient.java:121)
	at com.netflix.discovery.shared.transport.decorator.RedirectingEurekaHttpClient.execute(RedirectingEurekaHttpClient.java:80)
	at com.netflix.discovery.shared.transport.decorator.EurekaHttpClientDecorator.cancel(EurekaHttpClientDecorator.java:71)
	at com.netflix.discovery.shared.transport.decorator.EurekaHttpClientDecorator$2.execute(EurekaHttpClientDecorator.java:74)
	at com.netflix.discovery.shared.transport.decorator.RetryableEurekaHttpClient.execute(RetryableEurekaHttpClient.java:120)
	at com.netflix.discovery.shared.transport.decorator.EurekaHttpClientDecorator.cancel(EurekaHttpClientDecorator.java:71)
	at com.netflix.discovery.shared.transport.decorator.EurekaHttpClientDecorator$2.execute(EurekaHttpClientDecorator.java:74)
	at com.netflix.discovery.shared.transport.decorator.SessionedEurekaHttpClient.execute(SessionedEurekaHttpClient.java:77)
	at com.netflix.discovery.shared.transport.decorator.EurekaHttpClientDecorator.cancel(EurekaHttpClientDecorator.java:71)
	at com.netflix.discovery.DiscoveryClient.unregister(DiscoveryClient.java:916)
	at com.netflix.discovery.DiscoveryClient.shutdown(DiscoveryClient.java:892)
	at java.base/jdk.internal.reflect.DirectMethodHandleAccessor.invoke(DirectMethodHandleAccessor.java:103)
	at java.base/java.lang.reflect.Method.invoke(Method.java:580)
	at org.springframework.beans.factory.annotation.InitDestroyAnnotationBeanPostProcessor$LifecycleMethod.invoke(InitDestroyAnnotationBeanPostProcessor.java:457)
	at org.springframework.beans.factory.annotation.InitDestroyAnnotationBeanPostProcessor$LifecycleMetadata.invokeDestroyMethods(InitDestroyAnnotationBeanPostProcessor.java:415)
	at org.springframework.beans.factory.annotation.InitDestroyAnnotationBeanPostProcessor.postProcessBeforeDestruction(InitDestroyAnnotationBeanPostProcessor.java:239)
	at org.springframework.beans.factory.support.DisposableBeanAdapter.destroy(DisposableBeanAdapter.java:202)
	at org.springframework.beans.factory.support.DisposableBeanAdapter.run(DisposableBeanAdapter.java:195)
	at org.springframework.cloud.context.scope.GenericScope$BeanLifecycleWrapper.destroy(GenericScope.java:389)
	at org.springframework.cloud.context.scope.GenericScope.destroy(GenericScope.java:136)
	at org.springframework.beans.factory.support.DisposableBeanAdapter.destroy(DisposableBeanAdapter.java:211)
	at org.springframework.beans.factory.support.DefaultSingletonBeanRegistry.destroyBean(DefaultSingletonBeanRegistry.java:587)
	at org.springframework.beans.factory.support.DefaultSingletonBeanRegistry.destroySingleton(DefaultSingletonBeanRegistry.java:559)
	at org.springframework.beans.factory.support.DefaultListableBeanFactory.destroySingleton(DefaultListableBeanFactory.java:1200)
	at org.springframework.beans.factory.support.DefaultSingletonBeanRegistry.destroySingletons(DefaultSingletonBeanRegistry.java:520)
	at org.springframework.beans.factory.support.DefaultListableBeanFactory.destroySingletons(DefaultListableBeanFactory.java:1193)
	at org.springframework.context.support.AbstractApplicationContext.destroyBeans(AbstractApplicationContext.java:1125)
	at org.springframework.context.support.AbstractApplicationContext.doClose(AbstractApplicationContext.java:1086)
	at org.springframework.context.support.AbstractApplicationContext.close(AbstractApplicationContext.java:1037)
	at org.springframework.boot.SpringApplicationShutdownHook.closeAndWait(SpringApplicationShutdownHook.java:145)
	at java.base/java.lang.Iterable.forEach(Iterable.java:75)
	at org.springframework.boot.SpringApplicationShutdownHook.run(SpringApplicationShutdownHook.java:114)
	at java.base/java.lang.Thread.run(Thread.java:1583)

2026-05-16T11:38:00.043+05:30  WARN 13960 --- [payment-service] [SpringApplicationShutdownHook] c.n.d.s.t.d.RetryableEurekaHttpClient    : Request execution failed with message: Connection pool shut down
2026-05-16T11:38:00.043+05:30 ERROR 13960 --- [payment-service] [SpringApplicationShutdownHook] com.netflix.discovery.DiscoveryClient    : DiscoveryClient_PAYMENT-SERVICE/localhost:payment-service:8086 - de-registration failedCannot execute request on any known server

com.netflix.discovery.shared.transport.TransportException: Cannot execute request on any known server
	at com.netflix.discovery.shared.transport.decorator.RetryableEurekaHttpClient.execute(RetryableEurekaHttpClient.java:112) ~[eureka-client-2.0.2.jar:2.0.2]
	at com.netflix.discovery.shared.transport.decorator.EurekaHttpClientDecorator.cancel(EurekaHttpClientDecorator.java:71) ~[eureka-client-2.0.2.jar:2.0.2]
	at com.netflix.discovery.shared.transport.decorator.EurekaHttpClientDecorator$2.execute(EurekaHttpClientDecorator.java:74) ~[eureka-client-2.0.2.jar:2.0.2]
	at com.netflix.discovery.shared.transport.decorator.SessionedEurekaHttpClient.execute(SessionedEurekaHttpClient.java:77) ~[eureka-client-2.0.2.jar:2.0.2]
	at com.netflix.discovery.shared.transport.decorator.EurekaHttpClientDecorator.cancel(EurekaHttpClientDecorator.java:71) ~[eureka-client-2.0.2.jar:2.0.2]
	at com.netflix.discovery.DiscoveryClient.unregister(DiscoveryClient.java:916) ~[eureka-client-2.0.2.jar:2.0.2]
	at com.netflix.discovery.DiscoveryClient.shutdown(DiscoveryClient.java:892) ~[eureka-client-2.0.2.jar:2.0.2]
	at java.base/jdk.internal.reflect.DirectMethodHandleAccessor.invoke(DirectMethodHandleAccessor.java:103) ~[na:na]
	at java.base/java.lang.reflect.Method.invoke(Method.java:580) ~[na:na]
	at org.springframework.beans.factory.annotation.InitDestroyAnnotationBeanPostProcessor$LifecycleMethod.invoke(InitDestroyAnnotationBeanPostProcessor.java:457) ~[spring-beans-6.1.1.jar:6.1.1]
	at org.springframework.beans.factory.annotation.InitDestroyAnnotationBeanPostProcessor$LifecycleMetadata.invokeDestroyMethods(InitDestroyAnnotationBeanPostProcessor.java:415) ~[spring-beans-6.1.1.jar:6.1.1]
	at org.springframework.beans.factory.annotation.InitDestroyAnnotationBeanPostProcessor.postProcessBeforeDestruction(InitDestroyAnnotationBeanPostProcessor.java:239) ~[spring-beans-6.1.1.jar:6.1.1]
	at org.springframework.beans.factory.support.DisposableBeanAdapter.destroy(DisposableBeanAdapter.java:202) ~[spring-beans-6.1.1.jar:6.1.1]
	at org.springframework.beans.factory.support.DisposableBeanAdapter.run(DisposableBeanAdapter.java:195) ~[spring-beans-6.1.1.jar:6.1.1]
	at org.springframework.cloud.context.scope.GenericScope$BeanLifecycleWrapper.destroy(GenericScope.java:389) ~[spring-cloud-context-4.1.2.jar:4.1.2]
	at org.springframework.cloud.context.scope.GenericScope.destroy(GenericScope.java:136) ~[spring-cloud-context-4.1.2.jar:4.1.2]
	at org.springframework.beans.factory.support.DisposableBeanAdapter.destroy(DisposableBeanAdapter.java:211) ~[spring-beans-6.1.1.jar:6.1.1]
	at org.springframework.beans.factory.support.DefaultSingletonBeanRegistry.destroyBean(DefaultSingletonBeanRegistry.java:587) ~[spring-beans-6.1.1.jar:6.1.1]
	at org.springframework.beans.factory.support.DefaultSingletonBeanRegistry.destroySingleton(DefaultSingletonBeanRegistry.java:559) ~[spring-beans-6.1.1.jar:6.1.1]
	at org.springframework.beans.factory.support.DefaultListableBeanFactory.destroySingleton(DefaultListableBeanFactory.java:1200) ~[spring-beans-6.1.1.jar:6.1.1]
	at org.springframework.beans.factory.support.DefaultSingletonBeanRegistry.destroySingletons(DefaultSingletonBeanRegistry.java:520) ~[spring-beans-6.1.1.jar:6.1.1]
	at org.springframework.beans.factory.support.DefaultListableBeanFactory.destroySingletons(DefaultListableBeanFactory.java:1193) ~[spring-beans-6.1.1.jar:6.1.1]
	at org.springframework.context.support.AbstractApplicationContext.destroyBeans(AbstractApplicationContext.java:1125) ~[spring-context-6.1.1.jar:6.1.1]
	at org.springframework.context.support.AbstractApplicationContext.doClose(AbstractApplicationContext.java:1086) ~[spring-context-6.1.1.jar:6.1.1]
	at org.springframework.context.support.AbstractApplicationContext.close(AbstractApplicationContext.java:1037) ~[spring-context-6.1.1.jar:6.1.1]
	at org.springframework.boot.SpringApplicationShutdownHook.closeAndWait(SpringApplicationShutdownHook.java:145) ~[spring-boot-3.2.0.jar:3.2.0]
	at java.base/java.lang.Iterable.forEach(Iterable.java:75) ~[na:na]
	at org.springframework.boot.SpringApplicationShutdownHook.run(SpringApplicationShutdownHook.java:114) ~[spring-boot-3.2.0.jar:3.2.0]
	at java.base/java.lang.Thread.run(Thread.java:1583) ~[na:na]

2026-05-16T11:38:00.049+05:30  INFO 13960 --- [payment-service] [SpringApplicationShutdownHook] com.netflix.discovery.DiscoveryClient    : Completed shut down of DiscoveryClient
2026-05-16T11:39:28.387+05:30  WARN 22524 --- [payment-service] [main] ory$DuplicateJsonObjectContextCustomizer : 

Found multiple occurrences of org.json.JSONObject on the class path:

	jar:file:/C:/Users/Hp/.m2/repository/org/json/json/20180130/json-20180130.jar!/org/json/JSONObject.class
	jar:file:/C:/Users/Hp/.m2/repository/com/vaadin/external/google/android-json/0.0.20131108.vaadin1/android-json-0.0.20131108.vaadin1.jar!/org/json/JSONObject.class

You may wish to exclude one of them to ensure predictable runtime behavior

2026-05-16T11:39:28.448+05:30  INFO 22524 --- [payment-service] [main] c.p.p.PaymentServiceApplicationTests     : Starting PaymentServiceApplicationTests using Java 21.0.10 with PID 22524 (started by Hp in C:\Users\Hp\Desktop\Parkease-Backend\payment-service)
2026-05-16T11:39:28.448+05:30 DEBUG 22524 --- [payment-service] [main] c.p.p.PaymentServiceApplicationTests     : Running with Spring Boot v3.2.0, Spring v6.1.1
2026-05-16T11:39:28.449+05:30  INFO 22524 --- [payment-service] [main] c.p.p.PaymentServiceApplicationTests     : No active profile set, falling back to 1 default profile: "default"
2026-05-16T11:39:30.713+05:30  INFO 22524 --- [payment-service] [main] .s.d.r.c.RepositoryConfigurationDelegate : Bootstrapping Spring Data JPA repositories in DEFAULT mode.
2026-05-16T11:39:30.849+05:30  INFO 22524 --- [payment-service] [main] .s.d.r.c.RepositoryConfigurationDelegate : Finished Spring Data repository scanning in 121 ms. Found 3 JPA repository interfaces.
2026-05-16T11:39:31.553+05:30  INFO 22524 --- [payment-service] [main] o.s.cloud.context.scope.GenericScope     : BeanFactory id=fa746c78-4274-3410-82cb-e52e461e88e9
2026-05-16T11:39:32.421+05:30  WARN 22524 --- [payment-service] [main] trationDelegate$BeanPostProcessorChecker : Bean 'org.springframework.cloud.client.loadbalancer.LoadBalancerAutoConfiguration$DeferringLoadBalancerInterceptorConfig' of type [org.springframework.cloud.client.loadbalancer.LoadBalancerAutoConfiguration$DeferringLoadBalancerInterceptorConfig] is not eligible for getting processed by all BeanPostProcessors (for example: not eligible for auto-proxying). The currently created BeanPostProcessor [lbRestClientPostProcessor] is declared through a non-static factory method on that class; consider declaring it as static instead.
2026-05-16T11:39:32.431+05:30  WARN 22524 --- [payment-service] [main] trationDelegate$BeanPostProcessorChecker : Bean 'deferringLoadBalancerInterceptor' of type [org.springframework.cloud.client.loadbalancer.DeferringLoadBalancerInterceptor] is not eligible for getting processed by all BeanPostProcessors (for example: not eligible for auto-proxying). Is this bean getting eagerly injected into a currently created BeanPostProcessor [lbRestClientPostProcessor]? Check the corresponding BeanPostProcessor declaration and its dependencies.
2026-05-16T11:39:32.931+05:30  INFO 22524 --- [payment-service] [main] o.hibernate.jpa.internal.util.LogHelper  : HHH000204: Processing PersistenceUnitInfo [name: default]
2026-05-16T11:39:33.158+05:30  INFO 22524 --- [payment-service] [main] org.hibernate.Version                    : HHH000412: Hibernate ORM core version 6.3.1.Final
2026-05-16T11:39:33.290+05:30  INFO 22524 --- [payment-service] [main] o.h.c.internal.RegionFactoryInitiator    : HHH000026: Second-level cache disabled
2026-05-16T11:39:33.730+05:30  INFO 22524 --- [payment-service] [main] o.s.o.j.p.SpringPersistenceUnitInfo      : No LoadTimeWeaver setup: ignoring JPA class transformer
2026-05-16T11:39:33.796+05:30  INFO 22524 --- [payment-service] [main] com.zaxxer.hikari.HikariDataSource       : HikariPool-1 - Starting...
2026-05-16T11:39:34.215+05:30  INFO 22524 --- [payment-service] [main] com.zaxxer.hikari.pool.HikariPool        : HikariPool-1 - Added connection com.mysql.cj.jdbc.ConnectionImpl@53425506
2026-05-16T11:39:34.219+05:30  INFO 22524 --- [payment-service] [main] com.zaxxer.hikari.HikariDataSource       : HikariPool-1 - Start completed.
2026-05-16T11:39:34.360+05:30  WARN 22524 --- [payment-service] [main] org.hibernate.orm.deprecation            : HHH90000025: MySQLDialect does not need to be specified explicitly using 'hibernate.dialect' (remove the property setting and it will be selected by default)
2026-05-16T11:39:36.326+05:30  INFO 22524 --- [payment-service] [main] o.h.e.t.j.p.i.JtaPlatformInitiator       : HHH000489: No JTA platform available (set 'hibernate.transaction.jta.platform' to enable JTA platform integration)
2026-05-16T11:39:36.448+05:30  INFO 22524 --- [payment-service] [main] j.LocalContainerEntityManagerFactoryBean : Initialized JPA EntityManagerFactory for persistence unit 'default'
2026-05-16T11:39:37.692+05:30  INFO 22524 --- [payment-service] [main] c.p.payment.config.RazorpayConfig        : Initializing Razorpay client with key: rzp_test...
2026-05-16T11:39:39.493+05:30  INFO 22524 --- [payment-service] [main] o.s.d.j.r.query.QueryEnhancerFactory     : Hibernate is in classpath; If applicable, HQL parser will be used.
2026-05-16T11:39:41.307+05:30  WARN 22524 --- [payment-service] [main] JpaBaseConfiguration$JpaWebConfiguration : spring.jpa.open-in-view is enabled by default. Therefore, database queries may be performed during view rendering. Explicitly configure spring.jpa.open-in-view to disable this warning
2026-05-16T11:39:41.503+05:30  WARN 22524 --- [payment-service] [main] .s.s.UserDetailsServiceAutoConfiguration : 

Using generated security password: f1b21e37-093f-4300-aa15-ebeec619acd3

This generated password is for development use only. Your security configuration must be updated before running your application in production.

2026-05-16T11:39:43.664+05:30  INFO 22524 --- [payment-service] [main] o.s.cloud.commons.util.InetUtils         : Cannot determine local hostname
2026-05-16T11:39:44.465+05:30  INFO 22524 --- [payment-service] [main] o.s.b.a.e.web.EndpointLinksResolver      : Exposing 17 endpoint(s) beneath base path '/actuator'
2026-05-16T11:39:44.709+05:30  INFO 22524 --- [payment-service] [main] o.s.s.web.DefaultSecurityFilterChain     : Will secure any request with [org.springframework.security.web.session.DisableEncodeUrlFilter@3369a851, org.springframework.security.web.context.request.async.WebAsyncManagerIntegrationFilter@3e61fb3, org.springframework.security.web.context.SecurityContextHolderFilter@19519dfe, org.springframework.security.web.header.HeaderWriterFilter@1faaa6b4, org.springframework.web.filter.CorsFilter@6d1e60b7, org.springframework.security.web.authentication.logout.LogoutFilter@5cad7efa, com.parkease.payment.security.JwtAuthFilter@17d84654, org.springframework.security.web.savedrequest.RequestCacheAwareFilter@6b030c6b, org.springframework.security.web.servletapi.SecurityContextHolderAwareRequestFilter@7928eb2f, org.springframework.security.web.authentication.AnonymousAuthenticationFilter@362aa7cd, org.springframework.security.web.session.SessionManagementFilter@3eab9f23, org.springframework.security.web.access.ExceptionTranslationFilter@4240c126, org.springframework.security.web.access.intercept.AuthorizationFilter@5ff1d62f]
2026-05-16T11:39:47.917+05:30  INFO 22524 --- [payment-service] [main] o.s.cloud.commons.util.InetUtils         : Cannot determine local hostname
2026-05-16T11:39:47.965+05:30  INFO 22524 --- [payment-service] [main] DiscoveryClientOptionalArgsConfiguration : Eureka HTTP Client uses RestTemplate.
2026-05-16T11:39:48.194+05:30  WARN 22524 --- [payment-service] [main] iguration$LoadBalancerCaffeineWarnLogger : Spring Cloud LoadBalancer is currently working with the default cache. While this cache implementation is useful for development and tests, it's recommended to use Caffeine cache in production.You can switch to using Caffeine cache, by adding it and org.springframework.cache.caffeine.CaffeineCacheManager to the classpath.
2026-05-16T11:39:48.378+05:30  INFO 22524 --- [payment-service] [main] o.s.c.n.eureka.InstanceInfoFactory       : Setting initial instance status as: STARTING
2026-05-16T11:39:48.672+05:30  INFO 22524 --- [payment-service] [main] com.netflix.discovery.DiscoveryClient    : Initializing Eureka in region us-east-1
2026-05-16T11:39:48.687+05:30  INFO 22524 --- [payment-service] [main] c.n.d.s.r.aws.ConfigClusterResolver      : Resolving eureka endpoints via configuration
2026-05-16T11:39:48.749+05:30  INFO 22524 --- [payment-service] [main] com.netflix.discovery.DiscoveryClient    : Disable delta property : false
2026-05-16T11:39:48.749+05:30  INFO 22524 --- [payment-service] [main] com.netflix.discovery.DiscoveryClient    : Single vip registry refresh property : null
2026-05-16T11:39:48.751+05:30  INFO 22524 --- [payment-service] [main] com.netflix.discovery.DiscoveryClient    : Force full registry fetch : false
2026-05-16T11:39:48.751+05:30  INFO 22524 --- [payment-service] [main] com.netflix.discovery.DiscoveryClient    : Application is null : false
2026-05-16T11:39:48.751+05:30  INFO 22524 --- [payment-service] [main] com.netflix.discovery.DiscoveryClient    : Registered Applications size is zero : true
2026-05-16T11:39:48.751+05:30  INFO 22524 --- [payment-service] [main] com.netflix.discovery.DiscoveryClient    : Application version is -1: true
2026-05-16T11:39:48.751+05:30  INFO 22524 --- [payment-service] [main] com.netflix.discovery.DiscoveryClient    : Getting all instance registry info from the eureka server
2026-05-16T11:39:49.041+05:30  INFO 22524 --- [payment-service] [main] com.netflix.discovery.DiscoveryClient    : The response status is 200
2026-05-16T11:39:49.046+05:30  INFO 22524 --- [payment-service] [main] com.netflix.discovery.DiscoveryClient    : Starting heartbeat executor: renew interval is: 30
2026-05-16T11:39:49.051+05:30  INFO 22524 --- [payment-service] [main] c.n.discovery.InstanceInfoReplicator     : InstanceInfoReplicator onDemand update allowed rate per min is 4
2026-05-16T11:39:49.059+05:30  INFO 22524 --- [payment-service] [main] com.netflix.discovery.DiscoveryClient    : Discovery Client initialized at timestamp 1778911789058 with initial instances count: 9
2026-05-16T11:39:49.071+05:30  INFO 22524 --- [payment-service] [main] o.s.c.n.e.s.EurekaServiceRegistry        : Registering application PAYMENT-SERVICE with eureka with status UP
2026-05-16T11:39:49.071+05:30  INFO 22524 --- [payment-service] [main] com.netflix.discovery.DiscoveryClient    : Saw local status change event StatusChangeEvent [timestamp=1778911789071, current=UP, previous=STARTING]
2026-05-16T11:39:49.074+05:30  INFO 22524 --- [payment-service] [DiscoveryClient-InstanceInfoReplicator-0] com.netflix.discovery.DiscoveryClient    : DiscoveryClient_PAYMENT-SERVICE/localhost:payment-service:8086: registering service...
2026-05-16T11:39:49.108+05:30  INFO 22524 --- [payment-service] [main] c.p.p.PaymentServiceApplicationTests     : Started PaymentServiceApplicationTests in 22.559 seconds (process running for 34.107)
2026-05-16T11:39:49.112+05:30  INFO 22524 --- [payment-service] [DiscoveryClient-InstanceInfoReplicator-0] com.netflix.discovery.DiscoveryClient    : DiscoveryClient_PAYMENT-SERVICE/localhost:payment-service:8086 - registration status: 204
2026-05-16T11:39:49.118+05:30  INFO 22524 --- [payment-service] [main] c.p.payment.PaymentServiceApplication    : Executing database migration to alter pass_balances.status column to VARCHAR...
2026-05-16T11:39:49.174+05:30  INFO 22524 --- [payment-service] [main] c.p.payment.PaymentServiceApplication    : Migration successful.
2026-05-16T11:39:49.179+05:30 ERROR 22524 --- [payment-service] [registrationTask1] o.s.s.s.TaskUtils$LoggingErrorHandler    : Unexpected error occurred in scheduled task

java.lang.IllegalStateException: couldn't determine local port. Please set spring.boot.admin.client.instance.service-base-url.
	at de.codecentric.boot.admin.client.registration.DefaultApplicationFactory.getLocalServerPort(DefaultApplicationFactory.java:205) ~[spring-boot-admin-client-3.2.3.jar:3.2.3]
	at de.codecentric.boot.admin.client.registration.DefaultApplicationFactory.getServiceBaseUrl(DefaultApplicationFactory.java:109) ~[spring-boot-admin-client-3.2.3.jar:3.2.3]
	at de.codecentric.boot.admin.client.registration.ServletApplicationFactory.getServiceUrl(ServletApplicationFactory.java:62) ~[spring-boot-admin-client-3.2.3.jar:3.2.3]
	at de.codecentric.boot.admin.client.registration.ServletApplicationFactory.getManagementBaseUrl(ServletApplicationFactory.java:77) ~[spring-boot-admin-client-3.2.3.jar:3.2.3]
	at de.codecentric.boot.admin.client.registration.DefaultApplicationFactory.getHealthUrl(DefaultApplicationFactory.java:165) ~[spring-boot-admin-client-3.2.3.jar:3.2.3]
	at de.codecentric.boot.admin.client.registration.DefaultApplicationFactory.createApplication(DefaultApplicationFactory.java:80) ~[spring-boot-admin-client-3.2.3.jar:3.2.3]
	at de.codecentric.boot.admin.client.registration.DefaultApplicationRegistrator.register(DefaultApplicationRegistrator.java:56) ~[spring-boot-admin-client-3.2.3.jar:3.2.3]
	at org.springframework.scheduling.support.DelegatingErrorHandlingRunnable.run(DelegatingErrorHandlingRunnable.java:54) ~[spring-context-6.1.1.jar:6.1.1]
	at java.base/java.util.concurrent.Executors$RunnableAdapter.call(Executors.java:572) ~[na:na]
	at java.base/java.util.concurrent.FutureTask.runAndReset(FutureTask.java:358) ~[na:na]
	at java.base/java.util.concurrent.ScheduledThreadPoolExecutor$ScheduledFutureTask.run(ScheduledThreadPoolExecutor.java:305) ~[na:na]
	at java.base/java.util.concurrent.ThreadPoolExecutor.runWorker(ThreadPoolExecutor.java:1144) ~[na:na]
	at java.base/java.util.concurrent.ThreadPoolExecutor$Worker.run(ThreadPoolExecutor.java:642) ~[na:na]
	at java.base/java.lang.Thread.run(Thread.java:1583) ~[na:na]

2026-05-16T11:39:49.808+05:30 DEBUG 22524 --- [payment-service] [main] c.p.payment.security.JwtAuthFilter       : Authenticated: test@test.com [ROLE_DRIVER]
2026-05-16T11:39:49.821+05:30 ERROR 22524 --- [payment-service] [main] c.p.payment.security.JwtAuthFilter       : JWT filter error: Test Exception
2026-05-16T11:39:49.832+05:30 DEBUG 22524 --- [payment-service] [main] c.p.payment.security.JwtAuthFilter       : Authenticated: test@test.com [ROLE_DRIVER]
2026-05-16T11:39:49.862+05:30 ERROR 22524 --- [payment-service] [main] c.p.payment.service.PassReceiptService   : Failed to create receipts directory: Z:\bad_path\invalid: Unable to determine if root directory exists
2026-05-16T11:39:50.039+05:30 ERROR 22524 --- [payment-service] [main] c.p.payment.service.PassReceiptService   : Failed to generate pass receipt for txn 11: Z:\bad_path\invalid\ParkEase_PassReceipt_11.pdf (The system cannot find the path specified)
2026-05-16T11:39:50.460+05:30  INFO 22524 --- [payment-service] [main] c.p.payment.service.PassReceiptService   : Pass receipt generated: C:\Users\Hp\AppData\Local\Temp\junit9356052167583939633\ParkEase_PassReceipt_12.pdf
2026-05-16T11:39:50.481+05:30  INFO 22524 --- [payment-service] [main] c.p.payment.service.PassReceiptService   : Pass receipt generated: C:\Users\Hp\AppData\Local\Temp\junit2022412546447930856\ParkEase_PassReceipt_10.pdf
2026-05-16T11:39:51.036+05:30  INFO 22524 --- [payment-service] [main] c.p.payment.service.PassServiceImpl      : Activating pass for driver: aryan@test.com order: order_pass_123
2026-05-16T11:39:51.037+05:30  INFO 22524 --- [payment-service] [main] c.p.payment.service.PassServiceImpl      : Pass 1 activated for driver: aryan@test.com, valid until: 2026-06-15T11:39:51.037206
2026-05-16T11:39:51.043+05:30  INFO 22524 --- [payment-service] [main] c.p.payment.service.PassServiceImpl      : Processing pass payment for driver: aryan@test.com booking: 103
2026-05-16T11:39:51.057+05:30  INFO 22524 --- [payment-service] [main] c.p.payment.service.PassServiceImpl      : Processing pass payment for driver: aryan@test.com booking: 104
2026-05-16T11:39:51.058+05:30  INFO 22524 --- [payment-service] [main] c.p.payment.service.PassServiceImpl      : Pass payment recorded: PASS-9B93E4AF-10AD-4F1E-89B7-3445AAF4FBE8 for booking: 104, remaining: 0
2026-05-16T11:39:51.065+05:30  INFO 22524 --- [payment-service] [main] c.p.payment.service.PassServiceImpl      : Cancelling pass for driver: aryan@test.com
2026-05-16T11:39:51.067+05:30  INFO 22524 --- [payment-service] [main] c.p.payment.service.PassServiceImpl      : Pass 1 cancelled by driver: aryan@test.com
2026-05-16T11:39:51.073+05:30  INFO 22524 --- [payment-service] [main] c.p.payment.service.PassServiceImpl      : Scheduler expired 1 pass(es).
2026-05-16T11:39:51.083+05:30  INFO 22524 --- [payment-service] [main] c.p.payment.service.PassServiceImpl      : Pass receipt missing for txn 10, regenerating...
2026-05-16T11:39:51.090+05:30  INFO 22524 --- [payment-service] [main] c.p.payment.service.PassServiceImpl      : Processing pass payment for driver: aryan@test.com booking: 100
2026-05-16T11:39:51.097+05:30  INFO 22524 --- [payment-service] [main] c.p.payment.service.PassServiceImpl      : Processing pass payment for driver: aryan@test.com booking: 102
2026-05-16T11:39:51.102+05:30  INFO 22524 --- [payment-service] [main] c.p.payment.service.PassServiceImpl      : Creating pass order for driver: aryan@test.com
2026-05-16T11:39:51.178+05:30  INFO 22524 --- [payment-service] [main] c.p.payment.service.PassServiceImpl      : Creating pass order for driver: aryan@test.com
2026-05-16T11:39:51.181+05:30  INFO 22524 --- [payment-service] [main] c.p.payment.service.PassServiceImpl      : Razorpay pass order created: order_pass_123 for driver: aryan@test.com
2026-05-16T11:39:51.187+05:30  INFO 22524 --- [payment-service] [main] c.p.payment.service.PassServiceImpl      : Pass 1 lazily expired for driver: aryan@test.com
2026-05-16T11:39:51.197+05:30  INFO 22524 --- [payment-service] [main] c.p.payment.service.PassServiceImpl      : Cancelling pass for driver: aryan@test.com
2026-05-16T11:39:51.242+05:30  INFO 22524 --- [payment-service] [main] c.p.payment.service.PassServiceImpl      : Pass receipt missing for txn 10, regenerating...
2026-05-16T11:39:51.253+05:30  INFO 22524 --- [payment-service] [main] c.p.payment.service.PassServiceImpl      : Pass receipt missing for txn 10, regenerating...
2026-05-16T11:39:51.259+05:30  INFO 22524 --- [payment-service] [main] c.p.payment.service.PassServiceImpl      : Scheduler expired 1 pass(es).
2026-05-16T11:39:51.282+05:30  INFO 22524 --- [payment-service] [main] c.p.payment.service.PassServiceImpl      : Activating pass for driver: aryan@test.com order: order_pass_123
2026-05-16T11:39:51.282+05:30  INFO 22524 --- [payment-service] [main] c.p.payment.service.PassServiceImpl      : Cleaned up 1 old pass record(s) for driver: aryan@test.com
2026-05-16T11:39:51.282+05:30  INFO 22524 --- [payment-service] [main] c.p.payment.service.PassServiceImpl      : Pass 1 activated for driver: aryan@test.com, valid until: 2026-06-15T11:39:51.282364400
2026-05-16T11:39:51.288+05:30  INFO 22524 --- [payment-service] [main] c.p.payment.service.PassServiceImpl      : Processing pass payment for driver: aryan@test.com booking: 101
2026-05-16T11:39:51.295+05:30  INFO 22524 --- [payment-service] [main] c.p.payment.service.PassServiceImpl      : Creating pass order for driver: aryan@test.com
2026-05-16T11:39:51.296+05:30  INFO 22524 --- [payment-service] [main] c.p.payment.service.PassServiceImpl      : Razorpay pass order created: order_pass_456 for driver: aryan@test.com
2026-05-16T11:39:51.301+05:30  INFO 22524 --- [payment-service] [main] c.p.payment.service.PassServiceImpl      : Processing pass payment for driver: aryan@test.com booking: 100
2026-05-16T11:39:51.302+05:30  INFO 22524 --- [payment-service] [main] c.p.payment.service.PassServiceImpl      : Pass payment recorded: PASS-7E854EA7-B2CA-43A9-BA82-480D52FDBE20 for booking: 100, remaining: 144
2026-05-16T11:39:51.311+05:30  INFO 22524 --- [payment-service] [main] c.p.payment.service.PassServiceImpl      : Activating pass for driver: aryan@test.com order: order_pass_123
2026-05-16T11:39:51.318+05:30  INFO 22524 --- [payment-service] [main] c.p.payment.service.PassServiceImpl      : Creating pass order for driver: aryan@test.com
2026-05-16T11:39:51.319+05:30 ERROR 22524 --- [payment-service] [main] c.p.payment.service.PassServiceImpl      : Razorpay pass order creation failed: Network error
2026-05-16T11:39:51.324+05:30  INFO 22524 --- [payment-service] [main] c.p.payment.service.PassServiceImpl      : Cancelling pass for driver: aryan@test.com
2026-05-16T11:39:51.738+05:30  INFO 22524 --- [payment-service] [main] c.p.payment.service.PaymentServiceImpl   : Processing refund for booking: 100
2026-05-16T11:39:51.739+05:30  INFO 22524 --- [payment-service] [main] c.p.payment.service.PaymentServiceImpl   : Razorpay refund created: refund_123
2026-05-16T11:39:51.747+05:30  INFO 22524 --- [payment-service] [main] c.p.payment.service.PaymentServiceImpl   : Processing refund for booking: 100
2026-05-16T11:39:51.748+05:30  INFO 22524 --- [payment-service] [main] c.p.payment.service.PaymentServiceImpl   : Razorpay refund created: refund_123
2026-05-16T11:39:51.765+05:30  INFO 22524 --- [payment-service] [main] c.p.payment.service.PaymentServiceImpl   : Creating Razorpay order for booking: 100 amount: Rs.150.0
2026-05-16T11:39:51.766+05:30  INFO 22524 --- [payment-service] [main] c.p.payment.service.PaymentServiceImpl   : Razorpay order created: order_123
2026-05-16T11:39:51.773+05:30  INFO 22524 --- [payment-service] [main] c.p.payment.service.PaymentServiceImpl   : Processing refund for booking: 999
2026-05-16T11:39:51.860+05:30  INFO 22524 --- [payment-service] [main] c.p.payment.service.PaymentServiceImpl   : Verifying payment for order: order_123
2026-05-16T11:39:51.862+05:30  INFO 22524 --- [payment-service] [main] c.p.payment.service.PaymentServiceImpl   : Payment 1 verified and marked as PAID
2026-05-16T11:39:51.872+05:30  INFO 22524 --- [payment-service] [main] c.p.payment.service.PaymentServiceImpl   : Creating Razorpay order for booking: 100 amount: Rs.150.0
2026-05-16T11:39:51.878+05:30  INFO 22524 --- [payment-service] [main] c.p.payment.service.PaymentServiceImpl   : Verifying payment for order: order_123
2026-05-16T11:39:51.879+05:30  INFO 22524 --- [payment-service] [main] c.p.payment.service.PaymentServiceImpl   : Payment 1 verified and marked as PAID
2026-05-16T11:39:51.887+05:30  INFO 22524 --- [payment-service] [main] c.p.payment.service.PaymentServiceImpl   : Verifying payment for order: order_123
2026-05-16T11:39:51.887+05:30  INFO 22524 --- [payment-service] [main] c.p.payment.service.PaymentServiceImpl   : Payment 1 verified and marked as PAID
2026-05-16T11:39:51.897+05:30  INFO 22524 --- [payment-service] [main] c.p.payment.service.PaymentServiceImpl   : Receipt missing for payment 1, regenerating...
2026-05-16T11:39:51.914+05:30  INFO 22524 --- [payment-service] [main] c.p.payment.service.PaymentServiceImpl   : Verifying payment for order: order_123
2026-05-16T11:39:51.914+05:30  WARN 22524 --- [payment-service] [main] c.p.payment.service.PaymentServiceImpl   : Invalid signature for order: order_123
2026-05-16T11:39:51.920+05:30  INFO 22524 --- [payment-service] [main] c.p.payment.service.PaymentServiceImpl   : Processing refund for booking: 100
2026-05-16T11:39:51.930+05:30  INFO 22524 --- [payment-service] [main] c.p.payment.service.PaymentServiceImpl   : Processing refund for booking: 100
2026-05-16T11:39:51.930+05:30 ERROR 22524 --- [payment-service] [main] c.p.payment.service.PaymentServiceImpl   : Refund failed for payment 1: Razorpay error
2026-05-16T11:39:51.935+05:30  INFO 22524 --- [payment-service] [main] c.p.payment.service.PaymentServiceImpl   : Receipt missing for payment 1, regenerating...
2026-05-16T11:39:51.940+05:30  INFO 22524 --- [payment-service] [main] c.p.payment.service.PaymentServiceImpl   : Creating Razorpay order for booking: 100 amount: Rs.150.0
2026-05-16T11:39:51.942+05:30 ERROR 22524 --- [payment-service] [main] c.p.payment.service.PaymentServiceImpl   : Razorpay order creation failed: Razorpay error
2026-05-16T11:39:51.947+05:30  INFO 22524 --- [payment-service] [main] c.p.payment.service.PaymentServiceImpl   : Verifying payment for order: order_123
2026-05-16T11:39:51.948+05:30  WARN 22524 --- [payment-service] [main] c.p.payment.service.PaymentServiceImpl   : Could not fetch payment method from Razorpay: Fetch error
2026-05-16T11:39:51.948+05:30  INFO 22524 --- [payment-service] [main] c.p.payment.service.PaymentServiceImpl   : Payment 1 verified and marked as PAID
2026-05-16T11:39:51.954+05:30  INFO 22524 --- [payment-service] [main] c.p.payment.service.PaymentServiceImpl   : Verifying payment for order: order_123
2026-05-16T11:39:51.955+05:30  INFO 22524 --- [payment-service] [main] c.p.payment.service.PaymentServiceImpl   : Payment 1 verified and marked as PAID
2026-05-16T11:39:51.961+05:30  INFO 22524 --- [payment-service] [main] c.p.payment.service.PaymentServiceImpl   : Verifying payment for order: order_not_found
2026-05-16T11:39:51.976+05:30  INFO 22524 --- [payment-service] [main] c.p.payment.service.ReceiptService       : Receipt generated: C:\Users\Hp\AppData\Local\Temp\junit17691495313128820173\ParkEase_Receipt_3.pdf
2026-05-16T11:39:51.996+05:30  INFO 22524 --- [payment-service] [main] c.p.payment.service.ReceiptService       : Receipt generated: C:\Users\Hp\AppData\Local\Temp\junit12097210982971766384\ParkEase_Receipt_1.pdf
2026-05-16T11:39:52.003+05:30 ERROR 22524 --- [payment-service] [main] c.p.payment.service.ReceiptService       : Failed to create receipts directory: Z:\non_existent_drive\invalid: Unable to determine if root directory exists
2026-05-16T11:39:52.004+05:30 ERROR 22524 --- [payment-service] [main] c.p.payment.service.ReceiptService       : Failed to generate receipt for payment 1: Z:\non_existent_drive\invalid\ParkEase_Receipt_1.pdf (The system cannot find the path specified)
2026-05-16T11:39:52.019+05:30  INFO 22524 --- [payment-service] [main] c.p.payment.service.ReceiptService       : Receipt generated: C:\Users\Hp\AppData\Local\Temp\junit1249087663108951125\ParkEase_Receipt_2.pdf
2026-05-16T11:39:52.139+05:30  WARN 22524 --- [payment-service] [main] com.parkease.payment.util.JwtUtil        : JWT invalid: JWT expired at 2026-05-16T06:09:47Z. Current time: 2026-05-16T06:09:52Z, a difference of 5136 milliseconds.  Allowed clock skew: 0 milliseconds.
2026-05-16T11:39:52.150+05:30  WARN 22524 --- [payment-service] [main] com.parkease.payment.util.JwtUtil        : JWT invalid: JWT strings must contain exactly 2 period characters. Found: 0
2026-05-16T11:39:52.200+05:30  INFO 22524 --- [payment-service] [SpringApplicationShutdownHook] o.s.c.n.e.s.EurekaServiceRegistry        : Unregistering application PAYMENT-SERVICE with eureka with status DOWN
2026-05-16T11:39:52.200+05:30  INFO 22524 --- [payment-service] [SpringApplicationShutdownHook] com.netflix.discovery.DiscoveryClient    : Saw local status change event StatusChangeEvent [timestamp=1778911792200, current=DOWN, previous=UP]
2026-05-16T11:39:52.200+05:30  INFO 22524 --- [payment-service] [DiscoveryClient-InstanceInfoReplicator-0] com.netflix.discovery.DiscoveryClient    : DiscoveryClient_PAYMENT-SERVICE/localhost:payment-service:8086: registering service...
2026-05-16T11:39:52.212+05:30  INFO 22524 --- [payment-service] [DiscoveryClient-InstanceInfoReplicator-0] com.netflix.discovery.DiscoveryClient    : DiscoveryClient_PAYMENT-SERVICE/localhost:payment-service:8086 - registration status: 204
2026-05-16T11:39:52.784+05:30  INFO 22524 --- [payment-service] [SpringApplicationShutdownHook] j.LocalContainerEntityManagerFactoryBean : Closing JPA EntityManagerFactory for persistence unit 'default'
2026-05-16T11:39:52.788+05:30  INFO 22524 --- [payment-service] [SpringApplicationShutdownHook] com.zaxxer.hikari.HikariDataSource       : HikariPool-1 - Shutdown initiated...
2026-05-16T11:39:52.797+05:30  INFO 22524 --- [payment-service] [SpringApplicationShutdownHook] com.zaxxer.hikari.HikariDataSource       : HikariPool-1 - Shutdown completed.
2026-05-16T11:39:52.798+05:30  INFO 22524 --- [payment-service] [SpringApplicationShutdownHook] com.netflix.discovery.DiscoveryClient    : Shutting down DiscoveryClient ...
2026-05-16T11:39:55.807+05:30  INFO 22524 --- [payment-service] [SpringApplicationShutdownHook] com.netflix.discovery.DiscoveryClient    : Unregistering ...
2026-05-16T11:39:55.813+05:30  INFO 22524 --- [payment-service] [SpringApplicationShutdownHook] c.n.d.s.t.d.RedirectingEurekaHttpClient  : Request execution error. endpoint=DefaultEndpoint{ serviceUrl='http://localhost:8761/eureka/} exception=Connection pool shut down stacktrace=java.lang.IllegalStateException: Connection pool shut down
	at org.apache.hc.core5.util.Asserts.check(Asserts.java:38)
	at org.apache.hc.core5.pool.StrictConnPool.lease(StrictConnPool.java:176)
	at org.apache.hc.client5.http.impl.io.PoolingHttpClientConnectionManager.lease(PoolingHttpClientConnectionManager.java:298)
	at org.apache.hc.client5.http.impl.classic.InternalExecRuntime.acquireEndpoint(InternalExecRuntime.java:103)
	at org.apache.hc.client5.http.impl.classic.ConnectExec.execute(ConnectExec.java:125)
	at org.apache.hc.client5.http.impl.classic.ExecChainElement.execute(ExecChainElement.java:51)
	at org.apache.hc.client5.http.impl.classic.ProtocolExec.execute(ProtocolExec.java:192)
	at org.apache.hc.client5.http.impl.classic.ExecChainElement.execute(ExecChainElement.java:51)
	at org.apache.hc.client5.http.impl.classic.HttpRequestRetryExec.execute(HttpRequestRetryExec.java:96)
	at org.apache.hc.client5.http.impl.classic.ExecChainElement.execute(ExecChainElement.java:51)
	at org.apache.hc.client5.http.impl.classic.ContentCompressionExec.execute(ContentCompressionExec.java:152)
	at org.apache.hc.client5.http.impl.classic.ExecChainElement.execute(ExecChainElement.java:51)
	at org.apache.hc.client5.http.impl.classic.RedirectExec.execute(RedirectExec.java:115)
	at org.apache.hc.client5.http.impl.classic.ExecChainElement.execute(ExecChainElement.java:51)
	at org.apache.hc.client5.http.impl.classic.InternalHttpClient.doExecute(InternalHttpClient.java:170)
	at org.apache.hc.client5.http.impl.classic.CloseableHttpClient.execute(CloseableHttpClient.java:87)
	at org.apache.hc.client5.http.impl.classic.CloseableHttpClient.execute(CloseableHttpClient.java:55)
	at org.apache.hc.client5.http.classic.HttpClient.executeOpen(HttpClient.java:183)
	at org.springframework.http.client.HttpComponentsClientHttpRequest.executeInternal(HttpComponentsClientHttpRequest.java:95)
	at org.springframework.http.client.AbstractStreamingClientHttpRequest.executeInternal(AbstractStreamingClientHttpRequest.java:70)
	at org.springframework.http.client.AbstractClientHttpRequest.execute(AbstractClientHttpRequest.java:66)
	at org.springframework.http.client.InterceptingClientHttpRequest$InterceptingRequestExecution.execute(InterceptingClientHttpRequest.java:101)
	at org.springframework.cloud.netflix.eureka.http.RestTemplateTransportClientFactory.lambda$restTemplate$0(RestTemplateTransportClientFactory.java:143)
	at org.springframework.http.client.InterceptingClientHttpRequest$InterceptingRequestExecution.execute(InterceptingClientHttpRequest.java:87)
	at org.springframework.http.client.InterceptingClientHttpRequest.executeInternal(InterceptingClientHttpRequest.java:71)
	at org.springframework.http.client.AbstractBufferingClientHttpRequest.executeInternal(AbstractBufferingClientHttpRequest.java:48)
	at org.springframework.http.client.AbstractClientHttpRequest.execute(AbstractClientHttpRequest.java:66)
	at org.springframework.web.client.RestTemplate.doExecute(RestTemplate.java:879)
	at org.springframework.web.client.RestTemplate.execute(RestTemplate.java:781)
	at org.springframework.web.client.RestTemplate.exchange(RestTemplate.java:663)
	at org.springframework.cloud.netflix.eureka.http.RestTemplateEurekaHttpClient.cancel(RestTemplateEurekaHttpClient.java:87)
	at com.netflix.discovery.shared.transport.decorator.EurekaHttpClientDecorator$2.execute(EurekaHttpClientDecorator.java:74)
	at com.netflix.discovery.shared.transport.decorator.RedirectingEurekaHttpClient.execute(RedirectingEurekaHttpClient.java:91)
	at com.netflix.discovery.shared.transport.decorator.EurekaHttpClientDecorator.cancel(EurekaHttpClientDecorator.java:71)
	at com.netflix.discovery.shared.transport.decorator.EurekaHttpClientDecorator$2.execute(EurekaHttpClientDecorator.java:74)
	at com.netflix.discovery.shared.transport.decorator.RetryableEurekaHttpClient.execute(RetryableEurekaHttpClient.java:120)
	at com.netflix.discovery.shared.transport.decorator.EurekaHttpClientDecorator.cancel(EurekaHttpClientDecorator.java:71)
	at com.netflix.discovery.shared.transport.decorator.EurekaHttpClientDecorator$2.execute(EurekaHttpClientDecorator.java:74)
	at com.netflix.discovery.shared.transport.decorator.SessionedEurekaHttpClient.execute(SessionedEurekaHttpClient.java:77)
	at com.netflix.discovery.shared.transport.decorator.EurekaHttpClientDecorator.cancel(EurekaHttpClientDecorator.java:71)
	at com.netflix.discovery.DiscoveryClient.unregister(DiscoveryClient.java:916)
	at com.netflix.discovery.DiscoveryClient.shutdown(DiscoveryClient.java:892)
	at java.base/jdk.internal.reflect.DirectMethodHandleAccessor.invoke(DirectMethodHandleAccessor.java:103)
	at java.base/java.lang.reflect.Method.invoke(Method.java:580)
	at org.springframework.beans.factory.annotation.InitDestroyAnnotationBeanPostProcessor$LifecycleMethod.invoke(InitDestroyAnnotationBeanPostProcessor.java:457)
	at org.springframework.beans.factory.annotation.InitDestroyAnnotationBeanPostProcessor$LifecycleMetadata.invokeDestroyMethods(InitDestroyAnnotationBeanPostProcessor.java:415)
	at org.springframework.beans.factory.annotation.InitDestroyAnnotationBeanPostProcessor.postProcessBeforeDestruction(InitDestroyAnnotationBeanPostProcessor.java:239)
	at org.springframework.beans.factory.support.DisposableBeanAdapter.destroy(DisposableBeanAdapter.java:202)
	at org.springframework.beans.factory.support.DisposableBeanAdapter.run(DisposableBeanAdapter.java:195)
	at org.springframework.cloud.context.scope.GenericScope$BeanLifecycleWrapper.destroy(GenericScope.java:389)
	at org.springframework.cloud.context.scope.GenericScope.destroy(GenericScope.java:136)
	at org.springframework.beans.factory.support.DisposableBeanAdapter.destroy(DisposableBeanAdapter.java:211)
	at org.springframework.beans.factory.support.DefaultSingletonBeanRegistry.destroyBean(DefaultSingletonBeanRegistry.java:587)
	at org.springframework.beans.factory.support.DefaultSingletonBeanRegistry.destroySingleton(DefaultSingletonBeanRegistry.java:559)
	at org.springframework.beans.factory.support.DefaultListableBeanFactory.destroySingleton(DefaultListableBeanFactory.java:1200)
	at org.springframework.beans.factory.support.DefaultSingletonBeanRegistry.destroySingletons(DefaultSingletonBeanRegistry.java:520)
	at org.springframework.beans.factory.support.DefaultListableBeanFactory.destroySingletons(DefaultListableBeanFactory.java:1193)
	at org.springframework.context.support.AbstractApplicationContext.destroyBeans(AbstractApplicationContext.java:1125)
	at org.springframework.context.support.AbstractApplicationContext.doClose(AbstractApplicationContext.java:1086)
	at org.springframework.context.support.AbstractApplicationContext.close(AbstractApplicationContext.java:1037)
	at org.springframework.boot.SpringApplicationShutdownHook.closeAndWait(SpringApplicationShutdownHook.java:145)
	at java.base/java.lang.Iterable.forEach(Iterable.java:75)
	at org.springframework.boot.SpringApplicationShutdownHook.run(SpringApplicationShutdownHook.java:114)
	at java.base/java.lang.Thread.run(Thread.java:1583)

2026-05-16T11:39:55.814+05:30  WARN 22524 --- [payment-service] [SpringApplicationShutdownHook] c.n.d.s.t.d.RetryableEurekaHttpClient    : Request execution failed with message: Connection pool shut down
2026-05-16T11:39:55.818+05:30  INFO 22524 --- [payment-service] [SpringApplicationShutdownHook] c.n.d.s.t.d.RedirectingEurekaHttpClient  : Request execution error. endpoint=DefaultEndpoint{ serviceUrl='http://localhost:8761/eureka/}, exception=Connection pool shut down stacktrace=java.lang.IllegalStateException: Connection pool shut down
	at org.apache.hc.core5.util.Asserts.check(Asserts.java:38)
	at org.apache.hc.core5.pool.StrictConnPool.lease(StrictConnPool.java:176)
	at org.apache.hc.client5.http.impl.io.PoolingHttpClientConnectionManager.lease(PoolingHttpClientConnectionManager.java:298)
	at org.apache.hc.client5.http.impl.classic.InternalExecRuntime.acquireEndpoint(InternalExecRuntime.java:103)
	at org.apache.hc.client5.http.impl.classic.ConnectExec.execute(ConnectExec.java:125)
	at org.apache.hc.client5.http.impl.classic.ExecChainElement.execute(ExecChainElement.java:51)
	at org.apache.hc.client5.http.impl.classic.ProtocolExec.execute(ProtocolExec.java:192)
	at org.apache.hc.client5.http.impl.classic.ExecChainElement.execute(ExecChainElement.java:51)
	at org.apache.hc.client5.http.impl.classic.HttpRequestRetryExec.execute(HttpRequestRetryExec.java:96)
	at org.apache.hc.client5.http.impl.classic.ExecChainElement.execute(ExecChainElement.java:51)
	at org.apache.hc.client5.http.impl.classic.ContentCompressionExec.execute(ContentCompressionExec.java:152)
	at org.apache.hc.client5.http.impl.classic.ExecChainElement.execute(ExecChainElement.java:51)
	at org.apache.hc.client5.http.impl.classic.RedirectExec.execute(RedirectExec.java:115)
	at org.apache.hc.client5.http.impl.classic.ExecChainElement.execute(ExecChainElement.java:51)
	at org.apache.hc.client5.http.impl.classic.InternalHttpClient.doExecute(InternalHttpClient.java:170)
	at org.apache.hc.client5.http.impl.classic.CloseableHttpClient.execute(CloseableHttpClient.java:87)
	at org.apache.hc.client5.http.impl.classic.CloseableHttpClient.execute(CloseableHttpClient.java:55)
	at org.apache.hc.client5.http.classic.HttpClient.executeOpen(HttpClient.java:183)
	at org.springframework.http.client.HttpComponentsClientHttpRequest.executeInternal(HttpComponentsClientHttpRequest.java:95)
	at org.springframework.http.client.AbstractStreamingClientHttpRequest.executeInternal(AbstractStreamingClientHttpRequest.java:70)
	at org.springframework.http.client.AbstractClientHttpRequest.execute(AbstractClientHttpRequest.java:66)
	at org.springframework.http.client.InterceptingClientHttpRequest$InterceptingRequestExecution.execute(InterceptingClientHttpRequest.java:101)
	at org.springframework.cloud.netflix.eureka.http.RestTemplateTransportClientFactory.lambda$restTemplate$0(RestTemplateTransportClientFactory.java:143)
	at org.springframework.http.client.InterceptingClientHttpRequest$InterceptingRequestExecution.execute(InterceptingClientHttpRequest.java:87)
	at org.springframework.http.client.InterceptingClientHttpRequest.executeInternal(InterceptingClientHttpRequest.java:71)
	at org.springframework.http.client.AbstractBufferingClientHttpRequest.executeInternal(AbstractBufferingClientHttpRequest.java:48)
	at org.springframework.http.client.AbstractClientHttpRequest.execute(AbstractClientHttpRequest.java:66)
	at org.springframework.web.client.RestTemplate.doExecute(RestTemplate.java:879)
	at org.springframework.web.client.RestTemplate.execute(RestTemplate.java:781)
	at org.springframework.web.client.RestTemplate.exchange(RestTemplate.java:663)
	at org.springframework.cloud.netflix.eureka.http.RestTemplateEurekaHttpClient.cancel(RestTemplateEurekaHttpClient.java:87)
	at com.netflix.discovery.shared.transport.decorator.EurekaHttpClientDecorator$2.execute(EurekaHttpClientDecorator.java:74)
	at com.netflix.discovery.shared.transport.decorator.RedirectingEurekaHttpClient.executeOnNewServer(RedirectingEurekaHttpClient.java:121)
	at com.netflix.discovery.shared.transport.decorator.RedirectingEurekaHttpClient.execute(RedirectingEurekaHttpClient.java:80)
	at com.netflix.discovery.shared.transport.decorator.EurekaHttpClientDecorator.cancel(EurekaHttpClientDecorator.java:71)
	at com.netflix.discovery.shared.transport.decorator.EurekaHttpClientDecorator$2.execute(EurekaHttpClientDecorator.java:74)
	at com.netflix.discovery.shared.transport.decorator.RetryableEurekaHttpClient.execute(RetryableEurekaHttpClient.java:120)
	at com.netflix.discovery.shared.transport.decorator.EurekaHttpClientDecorator.cancel(EurekaHttpClientDecorator.java:71)
	at com.netflix.discovery.shared.transport.decorator.EurekaHttpClientDecorator$2.execute(EurekaHttpClientDecorator.java:74)
	at com.netflix.discovery.shared.transport.decorator.SessionedEurekaHttpClient.execute(SessionedEurekaHttpClient.java:77)
	at com.netflix.discovery.shared.transport.decorator.EurekaHttpClientDecorator.cancel(EurekaHttpClientDecorator.java:71)
	at com.netflix.discovery.DiscoveryClient.unregister(DiscoveryClient.java:916)
	at com.netflix.discovery.DiscoveryClient.shutdown(DiscoveryClient.java:892)
	at java.base/jdk.internal.reflect.DirectMethodHandleAccessor.invoke(DirectMethodHandleAccessor.java:103)
	at java.base/java.lang.reflect.Method.invoke(Method.java:580)
	at org.springframework.beans.factory.annotation.InitDestroyAnnotationBeanPostProcessor$LifecycleMethod.invoke(InitDestroyAnnotationBeanPostProcessor.java:457)
	at org.springframework.beans.factory.annotation.InitDestroyAnnotationBeanPostProcessor$LifecycleMetadata.invokeDestroyMethods(InitDestroyAnnotationBeanPostProcessor.java:415)
	at org.springframework.beans.factory.annotation.InitDestroyAnnotationBeanPostProcessor.postProcessBeforeDestruction(InitDestroyAnnotationBeanPostProcessor.java:239)
	at org.springframework.beans.factory.support.DisposableBeanAdapter.destroy(DisposableBeanAdapter.java:202)
	at org.springframework.beans.factory.support.DisposableBeanAdapter.run(DisposableBeanAdapter.java:195)
	at org.springframework.cloud.context.scope.GenericScope$BeanLifecycleWrapper.destroy(GenericScope.java:389)
	at org.springframework.cloud.context.scope.GenericScope.destroy(GenericScope.java:136)
	at org.springframework.beans.factory.support.DisposableBeanAdapter.destroy(DisposableBeanAdapter.java:211)
	at org.springframework.beans.factory.support.DefaultSingletonBeanRegistry.destroyBean(DefaultSingletonBeanRegistry.java:587)
	at org.springframework.beans.factory.support.DefaultSingletonBeanRegistry.destroySingleton(DefaultSingletonBeanRegistry.java:559)
	at org.springframework.beans.factory.support.DefaultListableBeanFactory.destroySingleton(DefaultListableBeanFactory.java:1200)
	at org.springframework.beans.factory.support.DefaultSingletonBeanRegistry.destroySingletons(DefaultSingletonBeanRegistry.java:520)
	at org.springframework.beans.factory.support.DefaultListableBeanFactory.destroySingletons(DefaultListableBeanFactory.java:1193)
	at org.springframework.context.support.AbstractApplicationContext.destroyBeans(AbstractApplicationContext.java:1125)
	at org.springframework.context.support.AbstractApplicationContext.doClose(AbstractApplicationContext.java:1086)
	at org.springframework.context.support.AbstractApplicationContext.close(AbstractApplicationContext.java:1037)
	at org.springframework.boot.SpringApplicationShutdownHook.closeAndWait(SpringApplicationShutdownHook.java:145)
	at java.base/java.lang.Iterable.forEach(Iterable.java:75)
	at org.springframework.boot.SpringApplicationShutdownHook.run(SpringApplicationShutdownHook.java:114)
	at java.base/java.lang.Thread.run(Thread.java:1583)

2026-05-16T11:39:55.818+05:30  WARN 22524 --- [payment-service] [SpringApplicationShutdownHook] c.n.d.s.t.d.RetryableEurekaHttpClient    : Request execution failed with message: Connection pool shut down
2026-05-16T11:39:55.818+05:30 ERROR 22524 --- [payment-service] [SpringApplicationShutdownHook] com.netflix.discovery.DiscoveryClient    : DiscoveryClient_PAYMENT-SERVICE/localhost:payment-service:8086 - de-registration failedCannot execute request on any known server

com.netflix.discovery.shared.transport.TransportException: Cannot execute request on any known server
	at com.netflix.discovery.shared.transport.decorator.RetryableEurekaHttpClient.execute(RetryableEurekaHttpClient.java:112) ~[eureka-client-2.0.2.jar:2.0.2]
	at com.netflix.discovery.shared.transport.decorator.EurekaHttpClientDecorator.cancel(EurekaHttpClientDecorator.java:71) ~[eureka-client-2.0.2.jar:2.0.2]
	at com.netflix.discovery.shared.transport.decorator.EurekaHttpClientDecorator$2.execute(EurekaHttpClientDecorator.java:74) ~[eureka-client-2.0.2.jar:2.0.2]
	at com.netflix.discovery.shared.transport.decorator.SessionedEurekaHttpClient.execute(SessionedEurekaHttpClient.java:77) ~[eureka-client-2.0.2.jar:2.0.2]
	at com.netflix.discovery.shared.transport.decorator.EurekaHttpClientDecorator.cancel(EurekaHttpClientDecorator.java:71) ~[eureka-client-2.0.2.jar:2.0.2]
	at com.netflix.discovery.DiscoveryClient.unregister(DiscoveryClient.java:916) ~[eureka-client-2.0.2.jar:2.0.2]
	at com.netflix.discovery.DiscoveryClient.shutdown(DiscoveryClient.java:892) ~[eureka-client-2.0.2.jar:2.0.2]
	at java.base/jdk.internal.reflect.DirectMethodHandleAccessor.invoke(DirectMethodHandleAccessor.java:103) ~[na:na]
	at java.base/java.lang.reflect.Method.invoke(Method.java:580) ~[na:na]
	at org.springframework.beans.factory.annotation.InitDestroyAnnotationBeanPostProcessor$LifecycleMethod.invoke(InitDestroyAnnotationBeanPostProcessor.java:457) ~[spring-beans-6.1.1.jar:6.1.1]
	at org.springframework.beans.factory.annotation.InitDestroyAnnotationBeanPostProcessor$LifecycleMetadata.invokeDestroyMethods(InitDestroyAnnotationBeanPostProcessor.java:415) ~[spring-beans-6.1.1.jar:6.1.1]
	at org.springframework.beans.factory.annotation.InitDestroyAnnotationBeanPostProcessor.postProcessBeforeDestruction(InitDestroyAnnotationBeanPostProcessor.java:239) ~[spring-beans-6.1.1.jar:6.1.1]
	at org.springframework.beans.factory.support.DisposableBeanAdapter.destroy(DisposableBeanAdapter.java:202) ~[spring-beans-6.1.1.jar:6.1.1]
	at org.springframework.beans.factory.support.DisposableBeanAdapter.run(DisposableBeanAdapter.java:195) ~[spring-beans-6.1.1.jar:6.1.1]
	at org.springframework.cloud.context.scope.GenericScope$BeanLifecycleWrapper.destroy(GenericScope.java:389) ~[spring-cloud-context-4.1.2.jar:4.1.2]
	at org.springframework.cloud.context.scope.GenericScope.destroy(GenericScope.java:136) ~[spring-cloud-context-4.1.2.jar:4.1.2]
	at org.springframework.beans.factory.support.DisposableBeanAdapter.destroy(DisposableBeanAdapter.java:211) ~[spring-beans-6.1.1.jar:6.1.1]
	at org.springframework.beans.factory.support.DefaultSingletonBeanRegistry.destroyBean(DefaultSingletonBeanRegistry.java:587) ~[spring-beans-6.1.1.jar:6.1.1]
	at org.springframework.beans.factory.support.DefaultSingletonBeanRegistry.destroySingleton(DefaultSingletonBeanRegistry.java:559) ~[spring-beans-6.1.1.jar:6.1.1]
	at org.springframework.beans.factory.support.DefaultListableBeanFactory.destroySingleton(DefaultListableBeanFactory.java:1200) ~[spring-beans-6.1.1.jar:6.1.1]
	at org.springframework.beans.factory.support.DefaultSingletonBeanRegistry.destroySingletons(DefaultSingletonBeanRegistry.java:520) ~[spring-beans-6.1.1.jar:6.1.1]
	at org.springframework.beans.factory.support.DefaultListableBeanFactory.destroySingletons(DefaultListableBeanFactory.java:1193) ~[spring-beans-6.1.1.jar:6.1.1]
	at org.springframework.context.support.AbstractApplicationContext.destroyBeans(AbstractApplicationContext.java:1125) ~[spring-context-6.1.1.jar:6.1.1]
	at org.springframework.context.support.AbstractApplicationContext.doClose(AbstractApplicationContext.java:1086) ~[spring-context-6.1.1.jar:6.1.1]
	at org.springframework.context.support.AbstractApplicationContext.close(AbstractApplicationContext.java:1037) ~[spring-context-6.1.1.jar:6.1.1]
	at org.springframework.boot.SpringApplicationShutdownHook.closeAndWait(SpringApplicationShutdownHook.java:145) ~[spring-boot-3.2.0.jar:3.2.0]
	at java.base/java.lang.Iterable.forEach(Iterable.java:75) ~[na:na]
	at org.springframework.boot.SpringApplicationShutdownHook.run(SpringApplicationShutdownHook.java:114) ~[spring-boot-3.2.0.jar:3.2.0]
	at java.base/java.lang.Thread.run(Thread.java:1583) ~[na:na]

2026-05-16T11:39:55.825+05:30  INFO 22524 --- [payment-service] [SpringApplicationShutdownHook] com.netflix.discovery.DiscoveryClient    : Completed shut down of DiscoveryClient
2026-05-16T11:42:39.310+05:30  INFO 39800 --- [payment-service] [AsyncResolver-bootstrap-executor-0] c.n.d.s.r.aws.ConfigClusterResolver      : Resolving eureka endpoints via configuration
2026-05-16T11:47:39.317+05:30  INFO 39800 --- [payment-service] [AsyncResolver-bootstrap-executor-0] c.n.d.s.r.aws.ConfigClusterResolver      : Resolving eureka endpoints via configuration
2026-05-16T11:52:39.329+05:30  INFO 39800 --- [payment-service] [AsyncResolver-bootstrap-executor-0] c.n.d.s.r.aws.ConfigClusterResolver      : Resolving eureka endpoints via configuration
2026-05-16T11:54:40.885+05:30  INFO 39800 --- [payment-service] [RMI TCP Connection(62)-127.0.0.1] inMXBeanRegistrar$SpringApplicationAdmin : Application shutdown requested.
2026-05-16T11:54:40.974+05:30  INFO 39800 --- [payment-service] [RMI TCP Connection(62)-127.0.0.1] o.s.c.n.e.s.EurekaServiceRegistry        : Unregistering application PAYMENT-SERVICE with eureka with status DOWN
2026-05-16T11:54:40.974+05:30  INFO 39800 --- [payment-service] [RMI TCP Connection(62)-127.0.0.1] com.netflix.discovery.DiscoveryClient    : Saw local status change event StatusChangeEvent [timestamp=1778912680974, current=DOWN, previous=UP]
2026-05-16T11:54:40.977+05:30  INFO 39800 --- [payment-service] [DiscoveryClient-InstanceInfoReplicator-0] com.netflix.discovery.DiscoveryClient    : DiscoveryClient_PAYMENT-SERVICE/localhost:payment-service:8086: registering service...
2026-05-16T11:54:41.005+05:30  INFO 39800 --- [payment-service] [DiscoveryClient-InstanceInfoReplicator-0] com.netflix.discovery.DiscoveryClient    : DiscoveryClient_PAYMENT-SERVICE/localhost:payment-service:8086 - registration status: 204
2026-05-16T11:54:41.422+05:30  INFO 39800 --- [payment-service] [RMI TCP Connection(62)-127.0.0.1] j.LocalContainerEntityManagerFactoryBean : Closing JPA EntityManagerFactory for persistence unit 'default'
2026-05-16T11:54:41.496+05:30  INFO 39800 --- [payment-service] [RMI TCP Connection(62)-127.0.0.1] com.zaxxer.hikari.HikariDataSource       : HikariPool-1 - Shutdown initiated...
2026-05-16T11:54:41.504+05:30  INFO 39800 --- [payment-service] [RMI TCP Connection(62)-127.0.0.1] com.zaxxer.hikari.HikariDataSource       : HikariPool-1 - Shutdown completed.
2026-05-16T11:54:41.507+05:30  INFO 39800 --- [payment-service] [RMI TCP Connection(62)-127.0.0.1] com.netflix.discovery.DiscoveryClient    : Shutting down DiscoveryClient ...
2026-05-16T11:54:44.520+05:30  INFO 39800 --- [payment-service] [RMI TCP Connection(62)-127.0.0.1] com.netflix.discovery.DiscoveryClient    : Unregistering ...
2026-05-16T11:54:44.547+05:30  INFO 39800 --- [payment-service] [RMI TCP Connection(62)-127.0.0.1] c.n.d.s.t.d.RedirectingEurekaHttpClient  : Request execution error. endpoint=DefaultEndpoint{ serviceUrl='http://localhost:8761/eureka/} exception=Connection pool shut down stacktrace=java.lang.IllegalStateException: Connection pool shut down
	at org.apache.hc.core5.util.Asserts.check(Asserts.java:38)
	at org.apache.hc.core5.pool.StrictConnPool.lease(StrictConnPool.java:176)
	at org.apache.hc.client5.http.impl.io.PoolingHttpClientConnectionManager.lease(PoolingHttpClientConnectionManager.java:298)
	at org.apache.hc.client5.http.impl.classic.InternalExecRuntime.acquireEndpoint(InternalExecRuntime.java:103)
	at org.apache.hc.client5.http.impl.classic.ConnectExec.execute(ConnectExec.java:125)
	at org.apache.hc.client5.http.impl.classic.ExecChainElement.execute(ExecChainElement.java:51)
	at org.apache.hc.client5.http.impl.classic.ProtocolExec.execute(ProtocolExec.java:192)
	at org.apache.hc.client5.http.impl.classic.ExecChainElement.execute(ExecChainElement.java:51)
	at org.apache.hc.client5.http.impl.classic.HttpRequestRetryExec.execute(HttpRequestRetryExec.java:96)
	at org.apache.hc.client5.http.impl.classic.ExecChainElement.execute(ExecChainElement.java:51)
	at org.apache.hc.client5.http.impl.classic.ContentCompressionExec.execute(ContentCompressionExec.java:152)
	at org.apache.hc.client5.http.impl.classic.ExecChainElement.execute(ExecChainElement.java:51)
	at org.apache.hc.client5.http.impl.classic.RedirectExec.execute(RedirectExec.java:115)
	at org.apache.hc.client5.http.impl.classic.ExecChainElement.execute(ExecChainElement.java:51)
	at org.apache.hc.client5.http.impl.classic.InternalHttpClient.doExecute(InternalHttpClient.java:170)
	at org.apache.hc.client5.http.impl.classic.CloseableHttpClient.execute(CloseableHttpClient.java:87)
	at org.apache.hc.client5.http.impl.classic.CloseableHttpClient.execute(CloseableHttpClient.java:55)
	at org.apache.hc.client5.http.classic.HttpClient.executeOpen(HttpClient.java:183)
	at org.springframework.http.client.HttpComponentsClientHttpRequest.executeInternal(HttpComponentsClientHttpRequest.java:95)
	at org.springframework.http.client.AbstractStreamingClientHttpRequest.executeInternal(AbstractStreamingClientHttpRequest.java:70)
	at org.springframework.http.client.AbstractClientHttpRequest.execute(AbstractClientHttpRequest.java:66)
	at org.springframework.http.client.InterceptingClientHttpRequest$InterceptingRequestExecution.execute(InterceptingClientHttpRequest.java:101)
	at org.springframework.cloud.netflix.eureka.http.RestTemplateTransportClientFactory.lambda$restTemplate$0(RestTemplateTransportClientFactory.java:143)
	at org.springframework.http.client.InterceptingClientHttpRequest$InterceptingRequestExecution.execute(InterceptingClientHttpRequest.java:87)
	at org.springframework.http.client.InterceptingClientHttpRequest.executeInternal(InterceptingClientHttpRequest.java:71)
	at org.springframework.http.client.AbstractBufferingClientHttpRequest.executeInternal(AbstractBufferingClientHttpRequest.java:48)
	at org.springframework.http.client.AbstractClientHttpRequest.execute(AbstractClientHttpRequest.java:66)
	at org.springframework.web.client.RestTemplate.doExecute(RestTemplate.java:879)
	at org.springframework.web.client.RestTemplate.execute(RestTemplate.java:781)
	at org.springframework.web.client.RestTemplate.exchange(RestTemplate.java:663)
	at org.springframework.cloud.netflix.eureka.http.RestTemplateEurekaHttpClient.cancel(RestTemplateEurekaHttpClient.java:87)
	at com.netflix.discovery.shared.transport.decorator.EurekaHttpClientDecorator$2.execute(EurekaHttpClientDecorator.java:74)
	at com.netflix.discovery.shared.transport.decorator.RedirectingEurekaHttpClient.execute(RedirectingEurekaHttpClient.java:91)
	at com.netflix.discovery.shared.transport.decorator.EurekaHttpClientDecorator.cancel(EurekaHttpClientDecorator.java:71)
	at com.netflix.discovery.shared.transport.decorator.EurekaHttpClientDecorator$2.execute(EurekaHttpClientDecorator.java:74)
	at com.netflix.discovery.shared.transport.decorator.RetryableEurekaHttpClient.execute(RetryableEurekaHttpClient.java:120)
	at com.netflix.discovery.shared.transport.decorator.EurekaHttpClientDecorator.cancel(EurekaHttpClientDecorator.java:71)
	at com.netflix.discovery.shared.transport.decorator.EurekaHttpClientDecorator$2.execute(EurekaHttpClientDecorator.java:74)
	at com.netflix.discovery.shared.transport.decorator.SessionedEurekaHttpClient.execute(SessionedEurekaHttpClient.java:77)
	at com.netflix.discovery.shared.transport.decorator.EurekaHttpClientDecorator.cancel(EurekaHttpClientDecorator.java:71)
	at com.netflix.discovery.DiscoveryClient.unregister(DiscoveryClient.java:916)
	at com.netflix.discovery.DiscoveryClient.shutdown(DiscoveryClient.java:892)
	at java.base/jdk.internal.reflect.DirectMethodHandleAccessor.invoke(DirectMethodHandleAccessor.java:104)
	at java.base/java.lang.reflect.Method.invoke(Method.java:577)
	at org.springframework.beans.factory.annotation.InitDestroyAnnotationBeanPostProcessor$LifecycleMethod.invoke(InitDestroyAnnotationBeanPostProcessor.java:457)
	at org.springframework.beans.factory.annotation.InitDestroyAnnotationBeanPostProcessor$LifecycleMetadata.invokeDestroyMethods(InitDestroyAnnotationBeanPostProcessor.java:415)
	at org.springframework.beans.factory.annotation.InitDestroyAnnotationBeanPostProcessor.postProcessBeforeDestruction(InitDestroyAnnotationBeanPostProcessor.java:239)
	at org.springframework.beans.factory.support.DisposableBeanAdapter.destroy(DisposableBeanAdapter.java:202)
	at org.springframework.beans.factory.support.DisposableBeanAdapter.run(DisposableBeanAdapter.java:195)
	at org.springframework.cloud.context.scope.GenericScope$BeanLifecycleWrapper.destroy(GenericScope.java:389)
	at org.springframework.cloud.context.scope.GenericScope.destroy(GenericScope.java:136)
	at org.springframework.beans.factory.support.DisposableBeanAdapter.destroy(DisposableBeanAdapter.java:211)
	at org.springframework.beans.factory.support.DefaultSingletonBeanRegistry.destroyBean(DefaultSingletonBeanRegistry.java:587)
	at org.springframework.beans.factory.support.DefaultSingletonBeanRegistry.destroySingleton(DefaultSingletonBeanRegistry.java:559)
	at org.springframework.beans.factory.support.DefaultListableBeanFactory.destroySingleton(DefaultListableBeanFactory.java:1200)
	at org.springframework.beans.factory.support.DefaultSingletonBeanRegistry.destroySingletons(DefaultSingletonBeanRegistry.java:520)
	at org.springframework.beans.factory.support.DefaultListableBeanFactory.destroySingletons(DefaultListableBeanFactory.java:1193)
	at org.springframework.context.support.AbstractApplicationContext.destroyBeans(AbstractApplicationContext.java:1125)
	at org.springframework.context.support.AbstractApplicationContext.doClose(AbstractApplicationContext.java:1086)
	at org.springframework.boot.web.servlet.context.ServletWebServerApplicationContext.doClose(ServletWebServerApplicationContext.java:174)
	at org.springframework.context.support.AbstractApplicationContext.close(AbstractApplicationContext.java:1037)
	at org.springframework.boot.admin.SpringApplicationAdminMXBeanRegistrar$SpringApplicationAdmin.shutdown(SpringApplicationAdminMXBeanRegistrar.java:160)
	at java.base/jdk.internal.reflect.DirectMethodHandleAccessor.invoke(DirectMethodHandleAccessor.java:104)
	at java.base/java.lang.reflect.Method.invoke(Method.java:577)
	at sun.reflect.misc.Trampoline.invoke(MethodUtil.java:72)
	at java.base/jdk.internal.reflect.DirectMethodHandleAccessor.invoke(DirectMethodHandleAccessor.java:104)
	at java.base/java.lang.reflect.Method.invoke(Method.java:577)
	at java.base/sun.reflect.misc.MethodUtil.invoke(MethodUtil.java:262)
	at java.management/com.sun.jmx.mbeanserver.ConvertingMethod.invokeWithOpenReturn(ConvertingMethod.java:193)
	at java.management/com.sun.jmx.mbeanserver.ConvertingMethod.invokeWithOpenReturn(ConvertingMethod.java:175)
	at java.management/com.sun.jmx.mbeanserver.MXBeanIntrospector.invokeM2(MXBeanIntrospector.java:117)
	at java.management/com.sun.jmx.mbeanserver.MXBeanIntrospector.invokeM2(MXBeanIntrospector.java:54)
	at java.management/com.sun.jmx.mbeanserver.MBeanIntrospector.invokeM(MBeanIntrospector.java:237)
	at java.management/com.sun.jmx.mbeanserver.PerInterface.invoke(PerInterface.java:138)
	at java.management/com.sun.jmx.mbeanserver.MBeanSupport.invoke(MBeanSupport.java:252)
	at java.management/com.sun.jmx.interceptor.DefaultMBeanServerInterceptor.invoke(DefaultMBeanServerInterceptor.java:811)
	at java.management/com.sun.jmx.mbeanserver.JmxMBeanServer.invoke(JmxMBeanServer.java:802)
	at java.management.rmi/javax.management.remote.rmi.RMIConnectionImpl.doOperation(RMIConnectionImpl.java:1472)
	at java.management.rmi/javax.management.remote.rmi.RMIConnectionImpl$PrivilegedOperation.run(RMIConnectionImpl.java:1310)
	at java.management.rmi/javax.management.remote.rmi.RMIConnectionImpl.doPrivilegedOperation(RMIConnectionImpl.java:1405)
	at java.management.rmi/javax.management.remote.rmi.RMIConnectionImpl.invoke(RMIConnectionImpl.java:829)
	at java.base/jdk.internal.reflect.DirectMethodHandleAccessor.invoke(DirectMethodHandleAccessor.java:104)
	at java.base/java.lang.reflect.Method.invoke(Method.java:577)
	at java.rmi/sun.rmi.server.UnicastServerRef.dispatch(UnicastServerRef.java:360)
	at java.rmi/sun.rmi.transport.Transport$1.run(Transport.java:200)
	at java.rmi/sun.rmi.transport.Transport$1.run(Transport.java:197)
	at java.base/java.security.AccessController.doPrivileged(AccessController.java:712)
	at java.rmi/sun.rmi.transport.Transport.serviceCall(Transport.java:196)
	at java.rmi/sun.rmi.transport.tcp.TCPTransport.handleMessages(TCPTransport.java:598)
	at java.rmi/sun.rmi.transport.tcp.TCPTransport$ConnectionHandler.run0(TCPTransport.java:844)
	at java.rmi/sun.rmi.transport.tcp.TCPTransport$ConnectionHandler.lambda$run$0(TCPTransport.java:721)
	at java.base/java.security.AccessController.doPrivileged(AccessController.java:399)
	at java.rmi/sun.rmi.transport.tcp.TCPTransport$ConnectionHandler.run(TCPTransport.java:720)
	at java.base/java.util.concurrent.ThreadPoolExecutor.runWorker(ThreadPoolExecutor.java:1136)
	at java.base/java.util.concurrent.ThreadPoolExecutor$Worker.run(ThreadPoolExecutor.java:635)
	at java.base/java.lang.Thread.run(Thread.java:833)

2026-05-16T11:54:44.549+05:30  WARN 39800 --- [payment-service] [RMI TCP Connection(62)-127.0.0.1] c.n.d.s.t.d.RetryableEurekaHttpClient    : Request execution failed with message: Connection pool shut down
2026-05-16T11:54:44.555+05:30  INFO 39800 --- [payment-service] [RMI TCP Connection(62)-127.0.0.1] c.n.d.s.t.d.RedirectingEurekaHttpClient  : Request execution error. endpoint=DefaultEndpoint{ serviceUrl='http://localhost:8761/eureka/}, exception=Connection pool shut down stacktrace=java.lang.IllegalStateException: Connection pool shut down
	at org.apache.hc.core5.util.Asserts.check(Asserts.java:38)
	at org.apache.hc.core5.pool.StrictConnPool.lease(StrictConnPool.java:176)
	at org.apache.hc.client5.http.impl.io.PoolingHttpClientConnectionManager.lease(PoolingHttpClientConnectionManager.java:298)
	at org.apache.hc.client5.http.impl.classic.InternalExecRuntime.acquireEndpoint(InternalExecRuntime.java:103)
	at org.apache.hc.client5.http.impl.classic.ConnectExec.execute(ConnectExec.java:125)
	at org.apache.hc.client5.http.impl.classic.ExecChainElement.execute(ExecChainElement.java:51)
	at org.apache.hc.client5.http.impl.classic.ProtocolExec.execute(ProtocolExec.java:192)
	at org.apache.hc.client5.http.impl.classic.ExecChainElement.execute(ExecChainElement.java:51)
	at org.apache.hc.client5.http.impl.classic.HttpRequestRetryExec.execute(HttpRequestRetryExec.java:96)
	at org.apache.hc.client5.http.impl.classic.ExecChainElement.execute(ExecChainElement.java:51)
	at org.apache.hc.client5.http.impl.classic.ContentCompressionExec.execute(ContentCompressionExec.java:152)
	at org.apache.hc.client5.http.impl.classic.ExecChainElement.execute(ExecChainElement.java:51)
	at org.apache.hc.client5.http.impl.classic.RedirectExec.execute(RedirectExec.java:115)
	at org.apache.hc.client5.http.impl.classic.ExecChainElement.execute(ExecChainElement.java:51)
	at org.apache.hc.client5.http.impl.classic.InternalHttpClient.doExecute(InternalHttpClient.java:170)
	at org.apache.hc.client5.http.impl.classic.CloseableHttpClient.execute(CloseableHttpClient.java:87)
	at org.apache.hc.client5.http.impl.classic.CloseableHttpClient.execute(CloseableHttpClient.java:55)
	at org.apache.hc.client5.http.classic.HttpClient.executeOpen(HttpClient.java:183)
	at org.springframework.http.client.HttpComponentsClientHttpRequest.executeInternal(HttpComponentsClientHttpRequest.java:95)
	at org.springframework.http.client.AbstractStreamingClientHttpRequest.executeInternal(AbstractStreamingClientHttpRequest.java:70)
	at org.springframework.http.client.AbstractClientHttpRequest.execute(AbstractClientHttpRequest.java:66)
	at org.springframework.http.client.InterceptingClientHttpRequest$InterceptingRequestExecution.execute(InterceptingClientHttpRequest.java:101)
	at org.springframework.cloud.netflix.eureka.http.RestTemplateTransportClientFactory.lambda$restTemplate$0(RestTemplateTransportClientFactory.java:143)
	at org.springframework.http.client.InterceptingClientHttpRequest$InterceptingRequestExecution.execute(InterceptingClientHttpRequest.java:87)
	at org.springframework.http.client.InterceptingClientHttpRequest.executeInternal(InterceptingClientHttpRequest.java:71)
	at org.springframework.http.client.AbstractBufferingClientHttpRequest.executeInternal(AbstractBufferingClientHttpRequest.java:48)
	at org.springframework.http.client.AbstractClientHttpRequest.execute(AbstractClientHttpRequest.java:66)
	at org.springframework.web.client.RestTemplate.doExecute(RestTemplate.java:879)
	at org.springframework.web.client.RestTemplate.execute(RestTemplate.java:781)
	at org.springframework.web.client.RestTemplate.exchange(RestTemplate.java:663)
	at org.springframework.cloud.netflix.eureka.http.RestTemplateEurekaHttpClient.cancel(RestTemplateEurekaHttpClient.java:87)
	at com.netflix.discovery.shared.transport.decorator.EurekaHttpClientDecorator$2.execute(EurekaHttpClientDecorator.java:74)
	at com.netflix.discovery.shared.transport.decorator.RedirectingEurekaHttpClient.executeOnNewServer(RedirectingEurekaHttpClient.java:121)
	at com.netflix.discovery.shared.transport.decorator.RedirectingEurekaHttpClient.execute(RedirectingEurekaHttpClient.java:80)
	at com.netflix.discovery.shared.transport.decorator.EurekaHttpClientDecorator.cancel(EurekaHttpClientDecorator.java:71)
	at com.netflix.discovery.shared.transport.decorator.EurekaHttpClientDecorator$2.execute(EurekaHttpClientDecorator.java:74)
	at com.netflix.discovery.shared.transport.decorator.RetryableEurekaHttpClient.execute(RetryableEurekaHttpClient.java:120)
	at com.netflix.discovery.shared.transport.decorator.EurekaHttpClientDecorator.cancel(EurekaHttpClientDecorator.java:71)
	at com.netflix.discovery.shared.transport.decorator.EurekaHttpClientDecorator$2.execute(EurekaHttpClientDecorator.java:74)
	at com.netflix.discovery.shared.transport.decorator.SessionedEurekaHttpClient.execute(SessionedEurekaHttpClient.java:77)
	at com.netflix.discovery.shared.transport.decorator.EurekaHttpClientDecorator.cancel(EurekaHttpClientDecorator.java:71)
	at com.netflix.discovery.DiscoveryClient.unregister(DiscoveryClient.java:916)
	at com.netflix.discovery.DiscoveryClient.shutdown(DiscoveryClient.java:892)
	at java.base/jdk.internal.reflect.DirectMethodHandleAccessor.invoke(DirectMethodHandleAccessor.java:104)
	at java.base/java.lang.reflect.Method.invoke(Method.java:577)
	at org.springframework.beans.factory.annotation.InitDestroyAnnotationBeanPostProcessor$LifecycleMethod.invoke(InitDestroyAnnotationBeanPostProcessor.java:457)
	at org.springframework.beans.factory.annotation.InitDestroyAnnotationBeanPostProcessor$LifecycleMetadata.invokeDestroyMethods(InitDestroyAnnotationBeanPostProcessor.java:415)
	at org.springframework.beans.factory.annotation.InitDestroyAnnotationBeanPostProcessor.postProcessBeforeDestruction(InitDestroyAnnotationBeanPostProcessor.java:239)
	at org.springframework.beans.factory.support.DisposableBeanAdapter.destroy(DisposableBeanAdapter.java:202)
	at org.springframework.beans.factory.support.DisposableBeanAdapter.run(DisposableBeanAdapter.java:195)
	at org.springframework.cloud.context.scope.GenericScope$BeanLifecycleWrapper.destroy(GenericScope.java:389)
	at org.springframework.cloud.context.scope.GenericScope.destroy(GenericScope.java:136)
	at org.springframework.beans.factory.support.DisposableBeanAdapter.destroy(DisposableBeanAdapter.java:211)
	at org.springframework.beans.factory.support.DefaultSingletonBeanRegistry.destroyBean(DefaultSingletonBeanRegistry.java:587)
	at org.springframework.beans.factory.support.DefaultSingletonBeanRegistry.destroySingleton(DefaultSingletonBeanRegistry.java:559)
	at org.springframework.beans.factory.support.DefaultListableBeanFactory.destroySingleton(DefaultListableBeanFactory.java:1200)
	at org.springframework.beans.factory.support.DefaultSingletonBeanRegistry.destroySingletons(DefaultSingletonBeanRegistry.java:520)
	at org.springframework.beans.factory.support.DefaultListableBeanFactory.destroySingletons(DefaultListableBeanFactory.java:1193)
	at org.springframework.context.support.AbstractApplicationContext.destroyBeans(AbstractApplicationContext.java:1125)
	at org.springframework.context.support.AbstractApplicationContext.doClose(AbstractApplicationContext.java:1086)
	at org.springframework.boot.web.servlet.context.ServletWebServerApplicationContext.doClose(ServletWebServerApplicationContext.java:174)
	at org.springframework.context.support.AbstractApplicationContext.close(AbstractApplicationContext.java:1037)
	at org.springframework.boot.admin.SpringApplicationAdminMXBeanRegistrar$SpringApplicationAdmin.shutdown(SpringApplicationAdminMXBeanRegistrar.java:160)
	at java.base/jdk.internal.reflect.DirectMethodHandleAccessor.invoke(DirectMethodHandleAccessor.java:104)
	at java.base/java.lang.reflect.Method.invoke(Method.java:577)
	at sun.reflect.misc.Trampoline.invoke(MethodUtil.java:72)
	at java.base/jdk.internal.reflect.DirectMethodHandleAccessor.invoke(DirectMethodHandleAccessor.java:104)
	at java.base/java.lang.reflect.Method.invoke(Method.java:577)
	at java.base/sun.reflect.misc.MethodUtil.invoke(MethodUtil.java:262)
	at java.management/com.sun.jmx.mbeanserver.ConvertingMethod.invokeWithOpenReturn(ConvertingMethod.java:193)
	at java.management/com.sun.jmx.mbeanserver.ConvertingMethod.invokeWithOpenReturn(ConvertingMethod.java:175)
	at java.management/com.sun.jmx.mbeanserver.MXBeanIntrospector.invokeM2(MXBeanIntrospector.java:117)
	at java.management/com.sun.jmx.mbeanserver.MXBeanIntrospector.invokeM2(MXBeanIntrospector.java:54)
	at java.management/com.sun.jmx.mbeanserver.MBeanIntrospector.invokeM(MBeanIntrospector.java:237)
	at java.management/com.sun.jmx.mbeanserver.PerInterface.invoke(PerInterface.java:138)
	at java.management/com.sun.jmx.mbeanserver.MBeanSupport.invoke(MBeanSupport.java:252)
	at java.management/com.sun.jmx.interceptor.DefaultMBeanServerInterceptor.invoke(DefaultMBeanServerInterceptor.java:811)
	at java.management/com.sun.jmx.mbeanserver.JmxMBeanServer.invoke(JmxMBeanServer.java:802)
	at java.management.rmi/javax.management.remote.rmi.RMIConnectionImpl.doOperation(RMIConnectionImpl.java:1472)
	at java.management.rmi/javax.management.remote.rmi.RMIConnectionImpl$PrivilegedOperation.run(RMIConnectionImpl.java:1310)
	at java.management.rmi/javax.management.remote.rmi.RMIConnectionImpl.doPrivilegedOperation(RMIConnectionImpl.java:1405)
	at java.management.rmi/javax.management.remote.rmi.RMIConnectionImpl.invoke(RMIConnectionImpl.java:829)
	at java.base/jdk.internal.reflect.DirectMethodHandleAccessor.invoke(DirectMethodHandleAccessor.java:104)
	at java.base/java.lang.reflect.Method.invoke(Method.java:577)
	at java.rmi/sun.rmi.server.UnicastServerRef.dispatch(UnicastServerRef.java:360)
	at java.rmi/sun.rmi.transport.Transport$1.run(Transport.java:200)
	at java.rmi/sun.rmi.transport.Transport$1.run(Transport.java:197)
	at java.base/java.security.AccessController.doPrivileged(AccessController.java:712)
	at java.rmi/sun.rmi.transport.Transport.serviceCall(Transport.java:196)
	at java.rmi/sun.rmi.transport.tcp.TCPTransport.handleMessages(TCPTransport.java:598)
	at java.rmi/sun.rmi.transport.tcp.TCPTransport$ConnectionHandler.run0(TCPTransport.java:844)
	at java.rmi/sun.rmi.transport.tcp.TCPTransport$ConnectionHandler.lambda$run$0(TCPTransport.java:721)
	at java.base/java.security.AccessController.doPrivileged(AccessController.java:399)
	at java.rmi/sun.rmi.transport.tcp.TCPTransport$ConnectionHandler.run(TCPTransport.java:720)
	at java.base/java.util.concurrent.ThreadPoolExecutor.runWorker(ThreadPoolExecutor.java:1136)
	at java.base/java.util.concurrent.ThreadPoolExecutor$Worker.run(ThreadPoolExecutor.java:635)
	at java.base/java.lang.Thread.run(Thread.java:833)

2026-05-16T11:54:44.556+05:30  WARN 39800 --- [payment-service] [RMI TCP Connection(62)-127.0.0.1] c.n.d.s.t.d.RetryableEurekaHttpClient    : Request execution failed with message: Connection pool shut down
2026-05-16T11:54:44.556+05:30 ERROR 39800 --- [payment-service] [RMI TCP Connection(62)-127.0.0.1] com.netflix.discovery.DiscoveryClient    : DiscoveryClient_PAYMENT-SERVICE/localhost:payment-service:8086 - de-registration failedCannot execute request on any known server

com.netflix.discovery.shared.transport.TransportException: Cannot execute request on any known server
	at com.netflix.discovery.shared.transport.decorator.RetryableEurekaHttpClient.execute(RetryableEurekaHttpClient.java:112) ~[eureka-client-2.0.2.jar:2.0.2]
	at com.netflix.discovery.shared.transport.decorator.EurekaHttpClientDecorator.cancel(EurekaHttpClientDecorator.java:71) ~[eureka-client-2.0.2.jar:2.0.2]
	at com.netflix.discovery.shared.transport.decorator.EurekaHttpClientDecorator$2.execute(EurekaHttpClientDecorator.java:74) ~[eureka-client-2.0.2.jar:2.0.2]
	at com.netflix.discovery.shared.transport.decorator.SessionedEurekaHttpClient.execute(SessionedEurekaHttpClient.java:77) ~[eureka-client-2.0.2.jar:2.0.2]
	at com.netflix.discovery.shared.transport.decorator.EurekaHttpClientDecorator.cancel(EurekaHttpClientDecorator.java:71) ~[eureka-client-2.0.2.jar:2.0.2]
	at com.netflix.discovery.DiscoveryClient.unregister(DiscoveryClient.java:916) ~[eureka-client-2.0.2.jar:2.0.2]
	at com.netflix.discovery.DiscoveryClient.shutdown(DiscoveryClient.java:892) ~[eureka-client-2.0.2.jar:2.0.2]
	at java.base/jdk.internal.reflect.DirectMethodHandleAccessor.invoke(DirectMethodHandleAccessor.java:104) ~[na:na]
	at java.base/java.lang.reflect.Method.invoke(Method.java:577) ~[na:na]
	at org.springframework.beans.factory.annotation.InitDestroyAnnotationBeanPostProcessor$LifecycleMethod.invoke(InitDestroyAnnotationBeanPostProcessor.java:457) ~[spring-beans-6.1.1.jar:6.1.1]
	at org.springframework.beans.factory.annotation.InitDestroyAnnotationBeanPostProcessor$LifecycleMetadata.invokeDestroyMethods(InitDestroyAnnotationBeanPostProcessor.java:415) ~[spring-beans-6.1.1.jar:6.1.1]
	at org.springframework.beans.factory.annotation.InitDestroyAnnotationBeanPostProcessor.postProcessBeforeDestruction(InitDestroyAnnotationBeanPostProcessor.java:239) ~[spring-beans-6.1.1.jar:6.1.1]
	at org.springframework.beans.factory.support.DisposableBeanAdapter.destroy(DisposableBeanAdapter.java:202) ~[spring-beans-6.1.1.jar:6.1.1]
	at org.springframework.beans.factory.support.DisposableBeanAdapter.run(DisposableBeanAdapter.java:195) ~[spring-beans-6.1.1.jar:6.1.1]
	at org.springframework.cloud.context.scope.GenericScope$BeanLifecycleWrapper.destroy(GenericScope.java:389) ~[spring-cloud-context-4.1.2.jar:4.1.2]
	at org.springframework.cloud.context.scope.GenericScope.destroy(GenericScope.java:136) ~[spring-cloud-context-4.1.2.jar:4.1.2]
	at org.springframework.beans.factory.support.DisposableBeanAdapter.destroy(DisposableBeanAdapter.java:211) ~[spring-beans-6.1.1.jar:6.1.1]
	at org.springframework.beans.factory.support.DefaultSingletonBeanRegistry.destroyBean(DefaultSingletonBeanRegistry.java:587) ~[spring-beans-6.1.1.jar:6.1.1]
	at org.springframework.beans.factory.support.DefaultSingletonBeanRegistry.destroySingleton(DefaultSingletonBeanRegistry.java:559) ~[spring-beans-6.1.1.jar:6.1.1]
	at org.springframework.beans.factory.support.DefaultListableBeanFactory.destroySingleton(DefaultListableBeanFactory.java:1200) ~[spring-beans-6.1.1.jar:6.1.1]
	at org.springframework.beans.factory.support.DefaultSingletonBeanRegistry.destroySingletons(DefaultSingletonBeanRegistry.java:520) ~[spring-beans-6.1.1.jar:6.1.1]
	at org.springframework.beans.factory.support.DefaultListableBeanFactory.destroySingletons(DefaultListableBeanFactory.java:1193) ~[spring-beans-6.1.1.jar:6.1.1]
	at org.springframework.context.support.AbstractApplicationContext.destroyBeans(AbstractApplicationContext.java:1125) ~[spring-context-6.1.1.jar:6.1.1]
	at org.springframework.context.support.AbstractApplicationContext.doClose(AbstractApplicationContext.java:1086) ~[spring-context-6.1.1.jar:6.1.1]
	at org.springframework.boot.web.servlet.context.ServletWebServerApplicationContext.doClose(ServletWebServerApplicationContext.java:174) ~[spring-boot-3.2.0.jar:3.2.0]
	at org.springframework.context.support.AbstractApplicationContext.close(AbstractApplicationContext.java:1037) ~[spring-context-6.1.1.jar:6.1.1]
	at org.springframework.boot.admin.SpringApplicationAdminMXBeanRegistrar$SpringApplicationAdmin.shutdown(SpringApplicationAdminMXBeanRegistrar.java:160) ~[spring-boot-3.2.0.jar:3.2.0]
	at java.base/jdk.internal.reflect.DirectMethodHandleAccessor.invoke(DirectMethodHandleAccessor.java:104) ~[na:na]
	at java.base/java.lang.reflect.Method.invoke(Method.java:577) ~[na:na]
	at sun.reflect.misc.Trampoline.invoke(MethodUtil.java:72) ~[na:na]
	at java.base/jdk.internal.reflect.DirectMethodHandleAccessor.invoke(DirectMethodHandleAccessor.java:104) ~[na:na]
	at java.base/java.lang.reflect.Method.invoke(Method.java:577) ~[na:na]
	at java.base/sun.reflect.misc.MethodUtil.invoke(MethodUtil.java:262) ~[na:na]
	at java.management/com.sun.jmx.mbeanserver.ConvertingMethod.invokeWithOpenReturn(ConvertingMethod.java:193) ~[na:na]
	at java.management/com.sun.jmx.mbeanserver.ConvertingMethod.invokeWithOpenReturn(ConvertingMethod.java:175) ~[na:na]
	at java.management/com.sun.jmx.mbeanserver.MXBeanIntrospector.invokeM2(MXBeanIntrospector.java:117) ~[na:na]
	at java.management/com.sun.jmx.mbeanserver.MXBeanIntrospector.invokeM2(MXBeanIntrospector.java:54) ~[na:na]
	at java.management/com.sun.jmx.mbeanserver.MBeanIntrospector.invokeM(MBeanIntrospector.java:237) ~[na:na]
	at java.management/com.sun.jmx.mbeanserver.PerInterface.invoke(PerInterface.java:138) ~[na:na]
	at java.management/com.sun.jmx.mbeanserver.MBeanSupport.invoke(MBeanSupport.java:252) ~[na:na]
	at java.management/com.sun.jmx.interceptor.DefaultMBeanServerInterceptor.invoke(DefaultMBeanServerInterceptor.java:811) ~[na:na]
	at java.management/com.sun.jmx.mbeanserver.JmxMBeanServer.invoke(JmxMBeanServer.java:802) ~[na:na]
	at java.management.rmi/javax.management.remote.rmi.RMIConnectionImpl.doOperation(RMIConnectionImpl.java:1472) ~[na:na]
	at java.management.rmi/javax.management.remote.rmi.RMIConnectionImpl$PrivilegedOperation.run(RMIConnectionImpl.java:1310) ~[na:na]
	at java.management.rmi/javax.management.remote.rmi.RMIConnectionImpl.doPrivilegedOperation(RMIConnectionImpl.java:1405) ~[na:na]
	at java.management.rmi/javax.management.remote.rmi.RMIConnectionImpl.invoke(RMIConnectionImpl.java:829) ~[na:na]
	at java.base/jdk.internal.reflect.DirectMethodHandleAccessor.invoke(DirectMethodHandleAccessor.java:104) ~[na:na]
	at java.base/java.lang.reflect.Method.invoke(Method.java:577) ~[na:na]
	at java.rmi/sun.rmi.server.UnicastServerRef.dispatch(UnicastServerRef.java:360) ~[na:na]
	at java.rmi/sun.rmi.transport.Transport$1.run(Transport.java:200) ~[na:na]
	at java.rmi/sun.rmi.transport.Transport$1.run(Transport.java:197) ~[na:na]
	at java.base/java.security.AccessController.doPrivileged(AccessController.java:712) ~[na:na]
	at java.rmi/sun.rmi.transport.Transport.serviceCall(Transport.java:196) ~[na:na]
	at java.rmi/sun.rmi.transport.tcp.TCPTransport.handleMessages(TCPTransport.java:598) ~[na:na]
	at java.rmi/sun.rmi.transport.tcp.TCPTransport$ConnectionHandler.run0(TCPTransport.java:844) ~[na:na]
	at java.rmi/sun.rmi.transport.tcp.TCPTransport$ConnectionHandler.lambda$run$0(TCPTransport.java:721) ~[na:na]
	at java.base/java.security.AccessController.doPrivileged(AccessController.java:399) ~[na:na]
	at java.rmi/sun.rmi.transport.tcp.TCPTransport$ConnectionHandler.run(TCPTransport.java:720) ~[na:na]
	at java.base/java.util.concurrent.ThreadPoolExecutor.runWorker(ThreadPoolExecutor.java:1136) ~[na:na]
	at java.base/java.util.concurrent.ThreadPoolExecutor$Worker.run(ThreadPoolExecutor.java:635) ~[na:na]
	at java.base/java.lang.Thread.run(Thread.java:833) ~[na:na]

2026-05-16T11:54:44.587+05:30  INFO 39800 --- [payment-service] [RMI TCP Connection(62)-127.0.0.1] com.netflix.discovery.DiscoveryClient    : Completed shut down of DiscoveryClient
2026-05-16T12:17:53.546+05:30  INFO 6528 --- [payment-service] [main] c.p.payment.PaymentServiceApplication    : Starting PaymentServiceApplication using Java 18.0.2 with PID 6528 (C:\Users\Hp\Desktop\Parkease-Backend\payment-service\target\classes started by Hp in C:\Users\Hp\Desktop\Parkease-Backend\payment-service)
2026-05-16T12:17:53.549+05:30 DEBUG 6528 --- [payment-service] [main] c.p.payment.PaymentServiceApplication    : Running with Spring Boot v3.2.0, Spring v6.1.1
2026-05-16T12:17:53.550+05:30  INFO 6528 --- [payment-service] [main] c.p.payment.PaymentServiceApplication    : No active profile set, falling back to 1 default profile: "default"
2026-05-16T12:17:57.055+05:30  INFO 6528 --- [payment-service] [main] .s.d.r.c.RepositoryConfigurationDelegate : Bootstrapping Spring Data JPA repositories in DEFAULT mode.
2026-05-16T12:17:57.400+05:30  INFO 6528 --- [payment-service] [main] .s.d.r.c.RepositoryConfigurationDelegate : Finished Spring Data repository scanning in 323 ms. Found 3 JPA repository interfaces.
2026-05-16T12:17:58.072+05:30  INFO 6528 --- [payment-service] [main] o.s.cloud.context.scope.GenericScope     : BeanFactory id=a8fb8b01-0043-388f-aab1-9796ef77931c
2026-05-16T12:17:58.946+05:30  WARN 6528 --- [payment-service] [main] trationDelegate$BeanPostProcessorChecker : Bean 'org.springframework.cloud.client.loadbalancer.LoadBalancerAutoConfiguration$DeferringLoadBalancerInterceptorConfig' of type [org.springframework.cloud.client.loadbalancer.LoadBalancerAutoConfiguration$DeferringLoadBalancerInterceptorConfig] is not eligible for getting processed by all BeanPostProcessors (for example: not eligible for auto-proxying). The currently created BeanPostProcessor [lbRestClientPostProcessor] is declared through a non-static factory method on that class; consider declaring it as static instead.
2026-05-16T12:17:58.955+05:30  WARN 6528 --- [payment-service] [main] trationDelegate$BeanPostProcessorChecker : Bean 'deferringLoadBalancerInterceptor' of type [org.springframework.cloud.client.loadbalancer.DeferringLoadBalancerInterceptor] is not eligible for getting processed by all BeanPostProcessors (for example: not eligible for auto-proxying). Is this bean getting eagerly injected into a currently created BeanPostProcessor [lbRestClientPostProcessor]? Check the corresponding BeanPostProcessor declaration and its dependencies.
2026-05-16T12:17:59.863+05:30  INFO 6528 --- [payment-service] [main] o.s.b.w.embedded.tomcat.TomcatWebServer  : Tomcat initialized with port 8086 (http)
2026-05-16T12:17:59.880+05:30  INFO 6528 --- [payment-service] [main] o.apache.catalina.core.StandardService   : Starting service [Tomcat]
2026-05-16T12:17:59.880+05:30  INFO 6528 --- [payment-service] [main] o.apache.catalina.core.StandardEngine    : Starting Servlet engine: [Apache Tomcat/10.1.16]
2026-05-16T12:18:00.060+05:30  INFO 6528 --- [payment-service] [main] o.a.c.c.C.[Tomcat].[localhost].[/]       : Initializing Spring embedded WebApplicationContext
2026-05-16T12:18:00.060+05:30  INFO 6528 --- [payment-service] [main] w.s.c.ServletWebServerApplicationContext : Root WebApplicationContext: initialization completed in 6371 ms
2026-05-16T12:18:00.724+05:30 DEBUG 6528 --- [payment-service] [main] c.p.payment.security.JwtAuthFilter       : Filter 'jwtAuthFilter' configured for use
2026-05-16T12:18:01.146+05:30  INFO 6528 --- [payment-service] [main] o.hibernate.jpa.internal.util.LogHelper  : HHH000204: Processing PersistenceUnitInfo [name: default]
2026-05-16T12:18:01.359+05:30  INFO 6528 --- [payment-service] [main] org.hibernate.Version                    : HHH000412: Hibernate ORM core version 6.3.1.Final
2026-05-16T12:18:01.437+05:30  INFO 6528 --- [payment-service] [main] o.h.c.internal.RegionFactoryInitiator    : HHH000026: Second-level cache disabled
2026-05-16T12:18:01.944+05:30  INFO 6528 --- [payment-service] [main] o.s.o.j.p.SpringPersistenceUnitInfo      : No LoadTimeWeaver setup: ignoring JPA class transformer
2026-05-16T12:18:01.996+05:30  INFO 6528 --- [payment-service] [main] com.zaxxer.hikari.HikariDataSource       : HikariPool-1 - Starting...
2026-05-16T12:18:02.295+05:30  INFO 6528 --- [payment-service] [main] com.zaxxer.hikari.pool.HikariPool        : HikariPool-1 - Added connection com.mysql.cj.jdbc.ConnectionImpl@72406594
2026-05-16T12:18:02.298+05:30  INFO 6528 --- [payment-service] [main] com.zaxxer.hikari.HikariDataSource       : HikariPool-1 - Start completed.
2026-05-16T12:18:02.395+05:30  WARN 6528 --- [payment-service] [main] org.hibernate.orm.deprecation            : HHH90000025: MySQLDialect does not need to be specified explicitly using 'hibernate.dialect' (remove the property setting and it will be selected by default)
2026-05-16T12:18:04.435+05:30  INFO 6528 --- [payment-service] [main] o.h.e.t.j.p.i.JtaPlatformInitiator       : HHH000489: No JTA platform available (set 'hibernate.transaction.jta.platform' to enable JTA platform integration)
2026-05-16T12:18:04.525+05:30  INFO 6528 --- [payment-service] [main] j.LocalContainerEntityManagerFactoryBean : Initialized JPA EntityManagerFactory for persistence unit 'default'
2026-05-16T12:18:05.602+05:30  INFO 6528 --- [payment-service] [main] c.p.payment.config.RazorpayConfig        : Initializing Razorpay client with key: rzp_test...
2026-05-16T12:18:06.595+05:30  INFO 6528 --- [payment-service] [main] o.s.d.j.r.query.QueryEnhancerFactory     : Hibernate is in classpath; If applicable, HQL parser will be used.
2026-05-16T12:18:07.824+05:30  WARN 6528 --- [payment-service] [main] JpaBaseConfiguration$JpaWebConfiguration : spring.jpa.open-in-view is enabled by default. Therefore, database queries may be performed during view rendering. Explicitly configure spring.jpa.open-in-view to disable this warning
2026-05-16T12:18:07.919+05:30  WARN 6528 --- [payment-service] [main] .s.s.UserDetailsServiceAutoConfiguration : 

Using generated security password: abb364bc-c187-46bf-8984-c5af6b935cfe

This generated password is for development use only. Your security configuration must be updated before running your application in production.

2026-05-16T12:18:10.313+05:30  INFO 6528 --- [payment-service] [main] o.s.cloud.commons.util.InetUtils         : Cannot determine local hostname
2026-05-16T12:18:10.859+05:30  INFO 6528 --- [payment-service] [main] o.s.b.a.e.web.EndpointLinksResolver      : Exposing 17 endpoint(s) beneath base path '/actuator'
2026-05-16T12:18:11.100+05:30  INFO 6528 --- [payment-service] [main] o.s.s.web.DefaultSecurityFilterChain     : Will secure any request with [org.springframework.security.web.session.DisableEncodeUrlFilter@11d823a4, org.springframework.security.web.context.request.async.WebAsyncManagerIntegrationFilter@1b4abc8e, org.springframework.security.web.context.SecurityContextHolderFilter@4f63343b, org.springframework.security.web.header.HeaderWriterFilter@4670caf6, org.springframework.web.filter.CorsFilter@4c368165, org.springframework.security.web.authentication.logout.LogoutFilter@414c2c8c, com.parkease.payment.security.JwtAuthFilter@26f480c6, org.springframework.security.web.savedrequest.RequestCacheAwareFilter@3d1b97e4, org.springframework.security.web.servletapi.SecurityContextHolderAwareRequestFilter@6dad9f5e, org.springframework.security.web.authentication.AnonymousAuthenticationFilter@74575124, org.springframework.security.web.session.SessionManagementFilter@183a593f, org.springframework.security.web.access.ExceptionTranslationFilter@1b8117f4, org.springframework.security.web.access.intercept.AuthorizationFilter@ecd7bee]
2026-05-16T12:18:14.524+05:30  INFO 6528 --- [payment-service] [main] o.s.cloud.commons.util.InetUtils         : Cannot determine local hostname
2026-05-16T12:18:14.559+05:30  INFO 6528 --- [payment-service] [main] DiscoveryClientOptionalArgsConfiguration : Eureka HTTP Client uses RestTemplate.
2026-05-16T12:18:14.725+05:30  WARN 6528 --- [payment-service] [main] iguration$LoadBalancerCaffeineWarnLogger : Spring Cloud LoadBalancer is currently working with the default cache. While this cache implementation is useful for development and tests, it's recommended to use Caffeine cache in production.You can switch to using Caffeine cache, by adding it and org.springframework.cache.caffeine.CaffeineCacheManager to the classpath.
2026-05-16T12:18:14.935+05:30  INFO 6528 --- [payment-service] [main] o.s.c.n.eureka.InstanceInfoFactory       : Setting initial instance status as: STARTING
2026-05-16T12:18:15.005+05:30  INFO 6528 --- [payment-service] [main] com.netflix.discovery.DiscoveryClient    : Initializing Eureka in region us-east-1
2026-05-16T12:18:15.012+05:30  INFO 6528 --- [payment-service] [main] c.n.d.s.r.aws.ConfigClusterResolver      : Resolving eureka endpoints via configuration
2026-05-16T12:18:15.053+05:30  INFO 6528 --- [payment-service] [main] com.netflix.discovery.DiscoveryClient    : Disable delta property : false
2026-05-16T12:18:15.053+05:30  INFO 6528 --- [payment-service] [main] com.netflix.discovery.DiscoveryClient    : Single vip registry refresh property : null
2026-05-16T12:18:15.053+05:30  INFO 6528 --- [payment-service] [main] com.netflix.discovery.DiscoveryClient    : Force full registry fetch : false
2026-05-16T12:18:15.053+05:30  INFO 6528 --- [payment-service] [main] com.netflix.discovery.DiscoveryClient    : Application is null : false
2026-05-16T12:18:15.053+05:30  INFO 6528 --- [payment-service] [main] com.netflix.discovery.DiscoveryClient    : Registered Applications size is zero : true
2026-05-16T12:18:15.054+05:30  INFO 6528 --- [payment-service] [main] com.netflix.discovery.DiscoveryClient    : Application version is -1: true
2026-05-16T12:18:15.054+05:30  INFO 6528 --- [payment-service] [main] com.netflix.discovery.DiscoveryClient    : Getting all instance registry info from the eureka server
2026-05-16T12:18:15.430+05:30  INFO 6528 --- [payment-service] [main] com.netflix.discovery.DiscoveryClient    : The response status is 200
2026-05-16T12:18:15.432+05:30  INFO 6528 --- [payment-service] [main] com.netflix.discovery.DiscoveryClient    : Starting heartbeat executor: renew interval is: 30
2026-05-16T12:18:15.438+05:30  INFO 6528 --- [payment-service] [main] c.n.discovery.InstanceInfoReplicator     : InstanceInfoReplicator onDemand update allowed rate per min is 4
2026-05-16T12:18:15.449+05:30  INFO 6528 --- [payment-service] [main] com.netflix.discovery.DiscoveryClient    : Discovery Client initialized at timestamp 1778914095447 with initial instances count: 0
2026-05-16T12:18:15.470+05:30  INFO 6528 --- [payment-service] [main] o.s.c.n.e.s.EurekaServiceRegistry        : Registering application PAYMENT-SERVICE with eureka with status UP
2026-05-16T12:18:15.472+05:30  INFO 6528 --- [payment-service] [main] com.netflix.discovery.DiscoveryClient    : Saw local status change event StatusChangeEvent [timestamp=1778914095471, current=UP, previous=STARTING]
2026-05-16T12:18:15.476+05:30  INFO 6528 --- [payment-service] [DiscoveryClient-InstanceInfoReplicator-0] com.netflix.discovery.DiscoveryClient    : DiscoveryClient_PAYMENT-SERVICE/localhost:payment-service:8086: registering service...
2026-05-16T12:18:15.566+05:30  INFO 6528 --- [payment-service] [DiscoveryClient-InstanceInfoReplicator-0] com.netflix.discovery.DiscoveryClient    : DiscoveryClient_PAYMENT-SERVICE/localhost:payment-service:8086 - registration status: 204
2026-05-16T12:18:15.582+05:30  INFO 6528 --- [payment-service] [main] o.s.b.w.embedded.tomcat.TomcatWebServer  : Tomcat started on port 8086 (http) with context path ''
2026-05-16T12:18:15.583+05:30  INFO 6528 --- [payment-service] [main] .s.c.n.e.s.EurekaAutoServiceRegistration : Updating port to 8086
2026-05-16T12:18:16.981+05:30  INFO 6528 --- [payment-service] [main] o.s.cloud.commons.util.InetUtils         : Cannot determine local hostname
2026-05-16T12:18:17.016+05:30  INFO 6528 --- [payment-service] [main] c.p.payment.PaymentServiceApplication    : Started PaymentServiceApplication in 26.419 seconds (process running for 28.514)
2026-05-16T12:18:17.030+05:30  INFO 6528 --- [payment-service] [main] c.p.payment.PaymentServiceApplication    : Executing database migration to alter pass_balances.status column to VARCHAR...
2026-05-16T12:18:17.107+05:30  INFO 6528 --- [payment-service] [main] c.p.payment.PaymentServiceApplication    : Migration successful.
2026-05-16T12:18:17.263+05:30  INFO 6528 --- [payment-service] [registrationTask1] d.c.b.a.c.r.ApplicationRegistrator       : Application registered itself as 656b08829af6
2026-05-16T12:18:17.378+05:30  INFO 6528 --- [payment-service] [http-nio-8086-exec-1] o.a.c.c.C.[Tomcat].[localhost].[/]       : Initializing Spring DispatcherServlet 'dispatcherServlet'
2026-05-16T12:18:17.378+05:30  INFO 6528 --- [payment-service] [http-nio-8086-exec-1] o.s.web.servlet.DispatcherServlet        : Initializing Servlet 'dispatcherServlet'
2026-05-16T12:18:17.383+05:30  INFO 6528 --- [payment-service] [http-nio-8086-exec-1] o.s.web.servlet.DispatcherServlet        : Completed initialization in 3 ms
2026-05-16T12:18:17.419+05:30  WARN 6528 --- [payment-service] [http-nio-8086-exec-1] o.s.w.s.h.HandlerMappingIntrospector     : Cache miss for REQUEST dispatch to '/actuator/health' (previous null). Performing CorsConfiguration lookup. This is logged once only at WARN level, and every time at TRACE.
2026-05-16T12:18:17.436+05:30  WARN 6528 --- [payment-service] [http-nio-8086-exec-1] o.s.w.s.h.HandlerMappingIntrospector     : Cache miss for REQUEST dispatch to '/actuator/health' (previous null). Performing MatchableHandlerMapping lookup. This is logged once only at WARN level, and every time at TRACE.
2026-05-16T12:18:17.496+05:30  INFO 6528 --- [payment-service] [http-nio-8086-exec-1] o.s.a.r.c.CachingConnectionFactory       : Attempting to connect to: [localhost:5672]
2026-05-16T12:18:17.618+05:30  INFO 6528 --- [payment-service] [http-nio-8086-exec-1] o.s.a.r.c.CachingConnectionFactory       : Created new connection: rabbitConnectionFactory#71c77042:0/SimpleConnection@73f4af7c [delegate=amqp://guest@127.0.0.1:5672/, localPort=51202]
2026-05-16T12:18:45.441+05:30  INFO 6528 --- [payment-service] [DiscoveryClient-CacheRefreshExecutor-0] com.netflix.discovery.DiscoveryClient    : Disable delta property : false
2026-05-16T12:18:45.441+05:30  INFO 6528 --- [payment-service] [DiscoveryClient-CacheRefreshExecutor-0] com.netflix.discovery.DiscoveryClient    : Single vip registry refresh property : null
2026-05-16T12:18:45.442+05:30  INFO 6528 --- [payment-service] [DiscoveryClient-CacheRefreshExecutor-0] com.netflix.discovery.DiscoveryClient    : Force full registry fetch : false
2026-05-16T12:18:45.442+05:30  INFO 6528 --- [payment-service] [DiscoveryClient-CacheRefreshExecutor-0] com.netflix.discovery.DiscoveryClient    : Application is null : false
2026-05-16T12:18:45.442+05:30  INFO 6528 --- [payment-service] [DiscoveryClient-CacheRefreshExecutor-0] com.netflix.discovery.DiscoveryClient    : Registered Applications size is zero : true
2026-05-16T12:18:45.442+05:30  INFO 6528 --- [payment-service] [DiscoveryClient-CacheRefreshExecutor-0] com.netflix.discovery.DiscoveryClient    : Application version is -1: false
2026-05-16T12:18:45.442+05:30  INFO 6528 --- [payment-service] [DiscoveryClient-CacheRefreshExecutor-0] com.netflix.discovery.DiscoveryClient    : Getting all instance registry info from the eureka server
2026-05-16T12:18:45.465+05:30  INFO 6528 --- [payment-service] [DiscoveryClient-CacheRefreshExecutor-0] com.netflix.discovery.DiscoveryClient    : The response status is 200
2026-05-16T12:20:11.643+05:30 DEBUG 6528 --- [payment-service] [http-nio-8086-exec-7] c.p.payment.security.JwtAuthFilter       : Authenticated: aryanborkar03@gmail.com [ROLE_DRIVER]
2026-05-16T12:20:11.643+05:30 DEBUG 6528 --- [payment-service] [http-nio-8086-exec-1] c.p.payment.security.JwtAuthFilter       : Authenticated: aryanborkar03@gmail.com [ROLE_DRIVER]
2026-05-16T12:20:11.643+05:30 DEBUG 6528 --- [payment-service] [http-nio-8086-exec-2] c.p.payment.security.JwtAuthFilter       : Authenticated: aryanborkar03@gmail.com [ROLE_DRIVER]
2026-05-16T12:20:11.651+05:30  INFO 6528 --- [payment-service] [http-nio-8086-exec-2] c.p.payment.controller.PassController    : GET /api/pass/my - driver: aryanborkar03@gmail.com
2026-05-16T12:20:11.651+05:30  INFO 6528 --- [payment-service] [http-nio-8086-exec-1] c.p.payment.controller.PassController    : GET /api/pass/transactions - driver: aryanborkar03@gmail.com
2026-05-16T12:20:11.651+05:30  INFO 6528 --- [payment-service] [http-nio-8086-exec-7] c.p.p.controller.PaymentController       : GET /api/payments/my - driver: aryanborkar03@gmail.com
2026-05-16T12:20:13.215+05:30 DEBUG 6528 --- [payment-service] [http-nio-8086-exec-8] c.p.payment.security.JwtAuthFilter       : Authenticated: aryanborkar03@gmail.com [ROLE_DRIVER]
2026-05-16T12:20:13.219+05:30  INFO 6528 --- [payment-service] [http-nio-8086-exec-8] c.p.payment.controller.PassController    : GET /api/pass/my - driver: aryanborkar03@gmail.com
2026-05-16T12:20:15.558+05:30 DEBUG 6528 --- [payment-service] [http-nio-8086-exec-3] c.p.payment.security.JwtAuthFilter       : Authenticated: aryanborkar03@gmail.com [ROLE_DRIVER]
2026-05-16T12:20:15.561+05:30  INFO 6528 --- [payment-service] [http-nio-8086-exec-3] c.p.payment.controller.PassController    : GET /api/pass/my - driver: aryanborkar03@gmail.com
2026-05-16T12:20:25.351+05:30 DEBUG 6528 --- [payment-service] [http-nio-8086-exec-4] c.p.payment.security.JwtAuthFilter       : Authenticated: aryanborkar03@gmail.com [ROLE_DRIVER]
2026-05-16T12:20:25.353+05:30  INFO 6528 --- [payment-service] [http-nio-8086-exec-4] c.p.payment.controller.PassController    : GET /api/pass/my - driver: aryanborkar03@gmail.com
2026-05-16T12:20:26.081+05:30 DEBUG 6528 --- [payment-service] [http-nio-8086-exec-9] c.p.payment.security.JwtAuthFilter       : Authenticated: aryanborkar03@gmail.com [ROLE_DRIVER]
2026-05-16T12:20:26.081+05:30 DEBUG 6528 --- [payment-service] [http-nio-8086-exec-6] c.p.payment.security.JwtAuthFilter       : Authenticated: aryanborkar03@gmail.com [ROLE_DRIVER]
2026-05-16T12:20:26.082+05:30 DEBUG 6528 --- [payment-service] [http-nio-8086-exec-10] c.p.payment.security.JwtAuthFilter       : Authenticated: aryanborkar03@gmail.com [ROLE_DRIVER]
2026-05-16T12:20:26.084+05:30  INFO 6528 --- [payment-service] [http-nio-8086-exec-10] c.p.payment.controller.PassController    : GET /api/pass/transactions - driver: aryanborkar03@gmail.com
2026-05-16T12:20:26.084+05:30  INFO 6528 --- [payment-service] [http-nio-8086-exec-9] c.p.payment.controller.PassController    : GET /api/pass/my - driver: aryanborkar03@gmail.com
2026-05-16T12:20:26.084+05:30  INFO 6528 --- [payment-service] [http-nio-8086-exec-6] c.p.p.controller.PaymentController       : GET /api/payments/my - driver: aryanborkar03@gmail.com
2026-05-16T12:20:27.505+05:30 DEBUG 6528 --- [payment-service] [http-nio-8086-exec-1] c.p.payment.security.JwtAuthFilter       : Authenticated: aryanborkar03@gmail.com [ROLE_DRIVER]
2026-05-16T12:20:27.505+05:30 DEBUG 6528 --- [payment-service] [http-nio-8086-exec-5] c.p.payment.security.JwtAuthFilter       : Authenticated: aryanborkar03@gmail.com [ROLE_DRIVER]
2026-05-16T12:20:27.508+05:30  INFO 6528 --- [payment-service] [http-nio-8086-exec-5] c.p.payment.controller.PassController    : GET /api/pass/transactions - driver: aryanborkar03@gmail.com
2026-05-16T12:20:27.508+05:30  INFO 6528 --- [payment-service] [http-nio-8086-exec-1] c.p.p.controller.PaymentController       : GET /api/payments/my - driver: aryanborkar03@gmail.com
2026-05-16T12:20:28.971+05:30 DEBUG 6528 --- [payment-service] [http-nio-8086-exec-7] c.p.payment.security.JwtAuthFilter       : Authenticated: aryanborkar03@gmail.com [ROLE_DRIVER]
2026-05-16T12:20:28.972+05:30 DEBUG 6528 --- [payment-service] [http-nio-8086-exec-8] c.p.payment.security.JwtAuthFilter       : Authenticated: aryanborkar03@gmail.com [ROLE_DRIVER]
2026-05-16T12:20:28.974+05:30 DEBUG 6528 --- [payment-service] [http-nio-8086-exec-2] c.p.payment.security.JwtAuthFilter       : Authenticated: aryanborkar03@gmail.com [ROLE_DRIVER]
2026-05-16T12:20:28.974+05:30  INFO 6528 --- [payment-service] [http-nio-8086-exec-7] c.p.payment.controller.PassController    : GET /api/pass/my - driver: aryanborkar03@gmail.com
2026-05-16T12:20:28.984+05:30  WARN 6528 --- [payment-service] [http-nio-8086-exec-8] c.p.p.exception.GlobalExceptionHandler   : Not found: Payment not found for booking: 104
2026-05-16T12:20:28.984+05:30  WARN 6528 --- [payment-service] [http-nio-8086-exec-2] c.p.p.exception.GlobalExceptionHandler   : Not found: No pass transaction found for booking: 104
2026-05-16T12:20:28.995+05:30 DEBUG 6528 --- [payment-service] [http-nio-8086-exec-3] c.p.payment.security.JwtAuthFilter       : Authenticated: aryanborkar03@gmail.com [ROLE_DRIVER]
2026-05-16T12:20:28.996+05:30  INFO 6528 --- [payment-service] [http-nio-8086-exec-3] c.p.payment.controller.PassController    : GET /api/pass/my - driver: aryanborkar03@gmail.com
2026-05-16T12:20:33.896+05:30 DEBUG 6528 --- [payment-service] [http-nio-8086-exec-10] c.p.payment.security.JwtAuthFilter       : Authenticated: aryanborkar03@gmail.com [ROLE_DRIVER]
2026-05-16T12:20:33.953+05:30  INFO 6528 --- [payment-service] [http-nio-8086-exec-10] c.p.p.controller.PaymentController       : POST /api/payments/order - driver: aryanborkar03@gmail.com booking: 104
2026-05-16T12:20:33.954+05:30  INFO 6528 --- [payment-service] [http-nio-8086-exec-10] c.p.payment.service.PaymentServiceImpl   : Creating Razorpay order for booking: 104 amount: Rs.50.0
2026-05-16T12:20:34.353+05:30  INFO 6528 --- [payment-service] [http-nio-8086-exec-10] c.p.payment.service.PaymentServiceImpl   : Razorpay order created: order_SpwVsbOA8qTMnk
2026-05-16T12:20:55.940+05:30 DEBUG 6528 --- [payment-service] [http-nio-8086-exec-6] c.p.payment.security.JwtAuthFilter       : Authenticated: aryanborkar03@gmail.com [ROLE_DRIVER]
2026-05-16T12:20:55.953+05:30  INFO 6528 --- [payment-service] [http-nio-8086-exec-6] c.p.p.controller.PaymentController       : POST /api/payments/verify - order: order_SpwVsbOA8qTMnk
2026-05-16T12:20:55.953+05:30  INFO 6528 --- [payment-service] [http-nio-8086-exec-6] c.p.payment.service.PaymentServiceImpl   : Verifying payment for order: order_SpwVsbOA8qTMnk
2026-05-16T12:20:59.348+05:30  INFO 6528 --- [payment-service] [http-nio-8086-exec-6] c.p.payment.service.PaymentServiceImpl   : Payment 68 verified and marked as PAID
2026-05-16T12:20:59.561+05:30  INFO 6528 --- [payment-service] [http-nio-8086-exec-6] c.p.payment.service.ReceiptService       : Receipt generated: receipts/ParkEase_Receipt_68.pdf
2026-05-16T12:20:59.574+05:30 DEBUG 6528 --- [payment-service] [http-nio-8086-exec-6] c.p.p.messaging.NotificationPublisher    : Published [PAYMENT] notification event for: aryanborkar03@gmail.com
2026-05-16T12:20:59.647+05:30 DEBUG 6528 --- [payment-service] [http-nio-8086-exec-1] c.p.payment.security.JwtAuthFilter       : Authenticated: aryanborkar03@gmail.com [ROLE_DRIVER]
2026-05-16T12:20:59.647+05:30 DEBUG 6528 --- [payment-service] [http-nio-8086-exec-5] c.p.payment.security.JwtAuthFilter       : Authenticated: aryanborkar03@gmail.com [ROLE_DRIVER]
2026-05-16T12:20:59.647+05:30 DEBUG 6528 --- [payment-service] [http-nio-8086-exec-7] c.p.payment.security.JwtAuthFilter       : Authenticated: aryanborkar03@gmail.com [ROLE_DRIVER]
2026-05-16T12:20:59.648+05:30  INFO 6528 --- [payment-service] [http-nio-8086-exec-7] c.p.payment.controller.PassController    : GET /api/pass/transactions - driver: aryanborkar03@gmail.com
2026-05-16T12:20:59.648+05:30  INFO 6528 --- [payment-service] [http-nio-8086-exec-1] c.p.payment.controller.PassController    : GET /api/pass/my - driver: aryanborkar03@gmail.com
2026-05-16T12:20:59.648+05:30  INFO 6528 --- [payment-service] [http-nio-8086-exec-5] c.p.p.controller.PaymentController       : GET /api/payments/my - driver: aryanborkar03@gmail.com
2026-05-16T12:22:03.296+05:30 DEBUG 6528 --- [payment-service] [http-nio-8086-exec-7] c.p.payment.security.JwtAuthFilter       : Authenticated: aryanborkar03@gmail.com [ROLE_DRIVER]
2026-05-16T12:22:03.296+05:30 DEBUG 6528 --- [payment-service] [http-nio-8086-exec-1] c.p.payment.security.JwtAuthFilter       : Authenticated: aryanborkar03@gmail.com [ROLE_DRIVER]
2026-05-16T12:22:03.296+05:30 DEBUG 6528 --- [payment-service] [http-nio-8086-exec-5] c.p.payment.security.JwtAuthFilter       : Authenticated: aryanborkar03@gmail.com [ROLE_DRIVER]
2026-05-16T12:22:03.298+05:30  INFO 6528 --- [payment-service] [http-nio-8086-exec-5] c.p.payment.controller.PassController    : GET /api/pass/my - driver: aryanborkar03@gmail.com
2026-05-16T12:22:03.298+05:30  INFO 6528 --- [payment-service] [http-nio-8086-exec-1] c.p.payment.controller.PassController    : GET /api/pass/transactions - driver: aryanborkar03@gmail.com
2026-05-16T12:22:03.298+05:30  INFO 6528 --- [payment-service] [http-nio-8086-exec-7] c.p.p.controller.PaymentController       : GET /api/payments/my - driver: aryanborkar03@gmail.com
2026-05-16T12:22:04.627+05:30 DEBUG 6528 --- [payment-service] [http-nio-8086-exec-8] c.p.payment.security.JwtAuthFilter       : Authenticated: aryanborkar03@gmail.com [ROLE_DRIVER]
2026-05-16T12:22:04.629+05:30  INFO 6528 --- [payment-service] [http-nio-8086-exec-8] c.p.payment.controller.PassController    : GET /api/pass/my - driver: aryanborkar03@gmail.com
2026-05-16T12:22:07.149+05:30 DEBUG 6528 --- [payment-service] [http-nio-8086-exec-2] c.p.payment.security.JwtAuthFilter       : Authenticated: aryanborkar03@gmail.com [ROLE_DRIVER]
2026-05-16T12:22:07.151+05:30 DEBUG 6528 --- [payment-service] [http-nio-8086-exec-3] c.p.payment.security.JwtAuthFilter       : Authenticated: aryanborkar03@gmail.com [ROLE_DRIVER]
2026-05-16T12:22:07.152+05:30  INFO 6528 --- [payment-service] [http-nio-8086-exec-2] c.p.payment.controller.PassController    : GET /api/pass/my - driver: aryanborkar03@gmail.com
2026-05-16T12:22:07.153+05:30  INFO 6528 --- [payment-service] [http-nio-8086-exec-3] c.p.payment.controller.PassController    : GET /api/pass/transactions/current - driver: aryanborkar03@gmail.com
2026-05-16T12:22:07.168+05:30 DEBUG 6528 --- [payment-service] [http-nio-8086-exec-4] c.p.payment.security.JwtAuthFilter       : Authenticated: aryanborkar03@gmail.com [ROLE_DRIVER]
2026-05-16T12:22:07.170+05:30  INFO 6528 --- [payment-service] [http-nio-8086-exec-4] c.p.payment.controller.PassController    : GET /api/pass/my - driver: aryanborkar03@gmail.com
2026-05-16T12:23:15.056+05:30  INFO 6528 --- [payment-service] [AsyncResolver-bootstrap-executor-0] c.n.d.s.r.aws.ConfigClusterResolver      : Resolving eureka endpoints via configuration
2026-05-16T12:28:15.072+05:30  INFO 6528 --- [payment-service] [AsyncResolver-bootstrap-executor-0] c.n.d.s.r.aws.ConfigClusterResolver      : Resolving eureka endpoints via configuration
2026-05-16T12:33:15.077+05:30  INFO 6528 --- [payment-service] [AsyncResolver-bootstrap-executor-0] c.n.d.s.r.aws.ConfigClusterResolver      : Resolving eureka endpoints via configuration
2026-05-16T12:34:48.268+05:30  INFO 6528 --- [payment-service] [RMI TCP Connection(31)-127.0.0.1] inMXBeanRegistrar$SpringApplicationAdmin : Application shutdown requested.
2026-05-16T12:34:48.588+05:30  INFO 6528 --- [payment-service] [RMI TCP Connection(31)-127.0.0.1] o.s.c.n.e.s.EurekaServiceRegistry        : Unregistering application PAYMENT-SERVICE with eureka with status DOWN
2026-05-16T12:34:48.594+05:30  INFO 6528 --- [payment-service] [RMI TCP Connection(31)-127.0.0.1] com.netflix.discovery.DiscoveryClient    : Saw local status change event StatusChangeEvent [timestamp=1778915088594, current=DOWN, previous=UP]
2026-05-16T12:34:48.597+05:30  INFO 6528 --- [payment-service] [DiscoveryClient-InstanceInfoReplicator-0] com.netflix.discovery.DiscoveryClient    : DiscoveryClient_PAYMENT-SERVICE/localhost:payment-service:8086: registering service...
2026-05-16T12:34:49.211+05:30  INFO 6528 --- [payment-service] [DiscoveryClient-InstanceInfoReplicator-0] c.n.d.s.t.d.RedirectingEurekaHttpClient  : Request execution error. endpoint=DefaultEndpoint{ serviceUrl='http://localhost:8761/eureka/} exception=I/O error on POST request for "http://localhost:8761/eureka/apps/PAYMENT-SERVICE": Connect to http://localhost:8761 [localhost/127.0.0.1, localhost/0:0:0:0:0:0:0:1] failed: Connection refused: no further information stacktrace=org.springframework.web.client.ResourceAccessException: I/O error on POST request for "http://localhost:8761/eureka/apps/PAYMENT-SERVICE": Connect to http://localhost:8761 [localhost/127.0.0.1, localhost/0:0:0:0:0:0:0:1] failed: Connection refused: no further information
	at org.springframework.web.client.RestTemplate.createResourceAccessException(RestTemplate.java:905)
	at org.springframework.web.client.RestTemplate.doExecute(RestTemplate.java:885)
	at org.springframework.web.client.RestTemplate.execute(RestTemplate.java:781)
	at org.springframework.web.client.RestTemplate.exchange(RestTemplate.java:663)
	at org.springframework.cloud.netflix.eureka.http.RestTemplateEurekaHttpClient.register(RestTemplateEurekaHttpClient.java:77)
	at com.netflix.discovery.shared.transport.decorator.EurekaHttpClientDecorator$1.execute(EurekaHttpClientDecorator.java:59)
	at com.netflix.discovery.shared.transport.decorator.RedirectingEurekaHttpClient.execute(RedirectingEurekaHttpClient.java:91)
	at com.netflix.discovery.shared.transport.decorator.EurekaHttpClientDecorator.register(EurekaHttpClientDecorator.java:56)
	at com.netflix.discovery.shared.transport.decorator.EurekaHttpClientDecorator$1.execute(EurekaHttpClientDecorator.java:59)
	at com.netflix.discovery.shared.transport.decorator.RetryableEurekaHttpClient.execute(RetryableEurekaHttpClient.java:120)
	at com.netflix.discovery.shared.transport.decorator.EurekaHttpClientDecorator.register(EurekaHttpClientDecorator.java:56)
	at com.netflix.discovery.shared.transport.decorator.EurekaHttpClientDecorator$1.execute(EurekaHttpClientDecorator.java:59)
	at com.netflix.discovery.shared.transport.decorator.SessionedEurekaHttpClient.execute(SessionedEurekaHttpClient.java:77)
	at com.netflix.discovery.shared.transport.decorator.EurekaHttpClientDecorator.register(EurekaHttpClientDecorator.java:56)
	at com.netflix.discovery.DiscoveryClient.register(DiscoveryClient.java:820)
	at com.netflix.discovery.InstanceInfoReplicator.run(InstanceInfoReplicator.java:121)
	at com.netflix.discovery.InstanceInfoReplicator$1.run(InstanceInfoReplicator.java:101)
	at java.base/java.util.concurrent.Executors$RunnableAdapter.call(Executors.java:539)
	at java.base/java.util.concurrent.FutureTask.run(FutureTask.java:264)
	at java.base/java.util.concurrent.ScheduledThreadPoolExecutor$ScheduledFutureTask.run(ScheduledThreadPoolExecutor.java:304)
	at java.base/java.util.concurrent.ThreadPoolExecutor.runWorker(ThreadPoolExecutor.java:1136)
	at java.base/java.util.concurrent.ThreadPoolExecutor$Worker.run(ThreadPoolExecutor.java:635)
	at java.base/java.lang.Thread.run(Thread.java:833)
Caused by: org.apache.hc.client5.http.HttpHostConnectException: Connect to http://localhost:8761 [localhost/127.0.0.1, localhost/0:0:0:0:0:0:0:1] failed: Connection refused: no further information
	at java.base/sun.nio.ch.Net.pollConnect(Native Method)
	at java.base/sun.nio.ch.Net.pollConnectNow(Net.java:672)
	at java.base/sun.nio.ch.NioSocketImpl.timedFinishConnect(NioSocketImpl.java:539)
	at java.base/sun.nio.ch.NioSocketImpl.connect(NioSocketImpl.java:594)
	at java.base/java.net.SocksSocketImpl.connect(SocksSocketImpl.java:327)
	at java.base/java.net.Socket.connect(Socket.java:633)
	at org.apache.hc.client5.http.socket.PlainConnectionSocketFactory.lambda$connectSocket$0(PlainConnectionSocketFactory.java:85)
	at java.base/java.security.AccessController.doPrivileged(AccessController.java:569)
	at org.apache.hc.client5.http.socket.PlainConnectionSocketFactory.connectSocket(PlainConnectionSocketFactory.java:84)
	at org.apache.hc.client5.http.socket.ConnectionSocketFactory.connectSocket(ConnectionSocketFactory.java:113)
	at org.apache.hc.client5.http.impl.io.DefaultHttpClientConnectionOperator.connect(DefaultHttpClientConnectionOperator.java:181)
	at org.apache.hc.client5.http.impl.io.PoolingHttpClientConnectionManager.connect(PoolingHttpClientConnectionManager.java:447)
	at org.apache.hc.client5.http.impl.classic.InternalExecRuntime.connectEndpoint(InternalExecRuntime.java:162)
	at org.apache.hc.client5.http.impl.classic.InternalExecRuntime.connectEndpoint(InternalExecRuntime.java:172)
	at org.apache.hc.client5.http.impl.classic.ConnectExec.execute(ConnectExec.java:142)
	at org.apache.hc.client5.http.impl.classic.ExecChainElement.execute(ExecChainElement.java:51)
	at org.apache.hc.client5.http.impl.classic.ProtocolExec.execute(ProtocolExec.java:192)
	at org.apache.hc.client5.http.impl.classic.ExecChainElement.execute(ExecChainElement.java:51)
	at org.apache.hc.client5.http.impl.classic.HttpRequestRetryExec.execute(HttpRequestRetryExec.java:96)
	at org.apache.hc.client5.http.impl.classic.ExecChainElement.execute(ExecChainElement.java:51)
	at org.apache.hc.client5.http.impl.classic.ContentCompressionExec.execute(ContentCompressionExec.java:152)
	at org.apache.hc.client5.http.impl.classic.ExecChainElement.execute(ExecChainElement.java:51)
	at org.apache.hc.client5.http.impl.classic.RedirectExec.execute(RedirectExec.java:115)
	at org.apache.hc.client5.http.impl.classic.ExecChainElement.execute(ExecChainElement.java:51)
	at org.apache.hc.client5.http.impl.classic.InternalHttpClient.doExecute(InternalHttpClient.java:170)
	at org.apache.hc.client5.http.impl.classic.CloseableHttpClient.execute(CloseableHttpClient.java:87)
	at org.apache.hc.client5.http.impl.classic.CloseableHttpClient.execute(CloseableHttpClient.java:55)
	at org.apache.hc.client5.http.classic.HttpClient.executeOpen(HttpClient.java:183)
	at org.springframework.http.client.HttpComponentsClientHttpRequest.executeInternal(HttpComponentsClientHttpRequest.java:95)
	at org.springframework.http.client.AbstractStreamingClientHttpRequest.executeInternal(AbstractStreamingClientHttpRequest.java:70)
	at org.springframework.http.client.AbstractClientHttpRequest.execute(AbstractClientHttpRequest.java:66)
	at org.springframework.http.client.InterceptingClientHttpRequest$InterceptingRequestExecution.execute(InterceptingClientHttpRequest.java:101)
	at org.springframework.cloud.netflix.eureka.http.RestTemplateTransportClientFactory.lambda$restTemplate$0(RestTemplateTransportClientFactory.java:143)
	at org.springframework.http.client.InterceptingClientHttpRequest$InterceptingRequestExecution.execute(InterceptingClientHttpRequest.java:87)
	at org.springframework.http.client.InterceptingClientHttpRequest.executeInternal(InterceptingClientHttpRequest.java:71)
	at org.springframework.http.client.AbstractBufferingClientHttpRequest.executeInternal(AbstractBufferingClientHttpRequest.java:48)
	at org.springframework.http.client.AbstractClientHttpRequest.execute(AbstractClientHttpRequest.java:66)
	at org.springframework.web.client.RestTemplate.doExecute(RestTemplate.java:879)
	... 21 more

2026-05-16T12:34:49.219+05:30  WARN 6528 --- [payment-service] [DiscoveryClient-InstanceInfoReplicator-0] c.n.d.s.t.d.RetryableEurekaHttpClient    : Request execution failed with message: I/O error on POST request for "http://localhost:8761/eureka/apps/PAYMENT-SERVICE": Connect to http://localhost:8761 [localhost/127.0.0.1, localhost/0:0:0:0:0:0:0:1] failed: Connection refused: no further information
2026-05-16T12:34:49.359+05:30  INFO 6528 --- [payment-service] [DiscoveryClient-InstanceInfoReplicator-0] c.n.d.s.t.d.RedirectingEurekaHttpClient  : Request execution error. endpoint=DefaultEndpoint{ serviceUrl='http://localhost:8761/eureka/}, exception=I/O error on POST request for "http://localhost:8761/eureka/apps/PAYMENT-SERVICE": Connect to http://localhost:8761 [localhost/127.0.0.1, localhost/0:0:0:0:0:0:0:1] failed: Connection refused: no further information stacktrace=org.springframework.web.client.ResourceAccessException: I/O error on POST request for "http://localhost:8761/eureka/apps/PAYMENT-SERVICE": Connect to http://localhost:8761 [localhost/127.0.0.1, localhost/0:0:0:0:0:0:0:1] failed: Connection refused: no further information
	at org.springframework.web.client.RestTemplate.createResourceAccessException(RestTemplate.java:905)
	at org.springframework.web.client.RestTemplate.doExecute(RestTemplate.java:885)
	at org.springframework.web.client.RestTemplate.execute(RestTemplate.java:781)
	at org.springframework.web.client.RestTemplate.exchange(RestTemplate.java:663)
	at org.springframework.cloud.netflix.eureka.http.RestTemplateEurekaHttpClient.register(RestTemplateEurekaHttpClient.java:77)
	at com.netflix.discovery.shared.transport.decorator.EurekaHttpClientDecorator$1.execute(EurekaHttpClientDecorator.java:59)
	at com.netflix.discovery.shared.transport.decorator.RedirectingEurekaHttpClient.executeOnNewServer(RedirectingEurekaHttpClient.java:121)
	at com.netflix.discovery.shared.transport.decorator.RedirectingEurekaHttpClient.execute(RedirectingEurekaHttpClient.java:80)
	at com.netflix.discovery.shared.transport.decorator.EurekaHttpClientDecorator.register(EurekaHttpClientDecorator.java:56)
	at com.netflix.discovery.shared.transport.decorator.EurekaHttpClientDecorator$1.execute(EurekaHttpClientDecorator.java:59)
	at com.netflix.discovery.shared.transport.decorator.RetryableEurekaHttpClient.execute(RetryableEurekaHttpClient.java:120)
	at com.netflix.discovery.shared.transport.decorator.EurekaHttpClientDecorator.register(EurekaHttpClientDecorator.java:56)
	at com.netflix.discovery.shared.transport.decorator.EurekaHttpClientDecorator$1.execute(EurekaHttpClientDecorator.java:59)
	at com.netflix.discovery.shared.transport.decorator.SessionedEurekaHttpClient.execute(SessionedEurekaHttpClient.java:77)
	at com.netflix.discovery.shared.transport.decorator.EurekaHttpClientDecorator.register(EurekaHttpClientDecorator.java:56)
	at com.netflix.discovery.DiscoveryClient.register(DiscoveryClient.java:820)
	at com.netflix.discovery.InstanceInfoReplicator.run(InstanceInfoReplicator.java:121)
	at com.netflix.discovery.InstanceInfoReplicator$1.run(InstanceInfoReplicator.java:101)
	at java.base/java.util.concurrent.Executors$RunnableAdapter.call(Executors.java:539)
	at java.base/java.util.concurrent.FutureTask.run(FutureTask.java:264)
	at java.base/java.util.concurrent.ScheduledThreadPoolExecutor$ScheduledFutureTask.run(ScheduledThreadPoolExecutor.java:304)
	at java.base/java.util.concurrent.ThreadPoolExecutor.runWorker(ThreadPoolExecutor.java:1136)
	at java.base/java.util.concurrent.ThreadPoolExecutor$Worker.run(ThreadPoolExecutor.java:635)
	at java.base/java.lang.Thread.run(Thread.java:833)
Caused by: org.apache.hc.client5.http.HttpHostConnectException: Connect to http://localhost:8761 [localhost/127.0.0.1, localhost/0:0:0:0:0:0:0:1] failed: Connection refused: no further information
	at java.base/sun.nio.ch.Net.pollConnect(Native Method)
	at java.base/sun.nio.ch.Net.pollConnectNow(Net.java:672)
	at java.base/sun.nio.ch.NioSocketImpl.timedFinishConnect(NioSocketImpl.java:539)
	at java.base/sun.nio.ch.NioSocketImpl.connect(NioSocketImpl.java:594)
	at java.base/java.net.SocksSocketImpl.connect(SocksSocketImpl.java:327)
	at java.base/java.net.Socket.connect(Socket.java:633)
	at org.apache.hc.client5.http.socket.PlainConnectionSocketFactory.lambda$connectSocket$0(PlainConnectionSocketFactory.java:85)
	at java.base/java.security.AccessController.doPrivileged(AccessController.java:569)
	at org.apache.hc.client5.http.socket.PlainConnectionSocketFactory.connectSocket(PlainConnectionSocketFactory.java:84)
	at org.apache.hc.client5.http.socket.ConnectionSocketFactory.connectSocket(ConnectionSocketFactory.java:113)
	at org.apache.hc.client5.http.impl.io.DefaultHttpClientConnectionOperator.connect(DefaultHttpClientConnectionOperator.java:181)
	at org.apache.hc.client5.http.impl.io.PoolingHttpClientConnectionManager.connect(PoolingHttpClientConnectionManager.java:447)
	at org.apache.hc.client5.http.impl.classic.InternalExecRuntime.connectEndpoint(InternalExecRuntime.java:162)
	at org.apache.hc.client5.http.impl.classic.InternalExecRuntime.connectEndpoint(InternalExecRuntime.java:172)
	at org.apache.hc.client5.http.impl.classic.ConnectExec.execute(ConnectExec.java:142)
	at org.apache.hc.client5.http.impl.classic.ExecChainElement.execute(ExecChainElement.java:51)
	at org.apache.hc.client5.http.impl.classic.ProtocolExec.execute(ProtocolExec.java:192)
	at org.apache.hc.client5.http.impl.classic.ExecChainElement.execute(ExecChainElement.java:51)
	at org.apache.hc.client5.http.impl.classic.HttpRequestRetryExec.execute(HttpRequestRetryExec.java:96)
	at org.apache.hc.client5.http.impl.classic.ExecChainElement.execute(ExecChainElement.java:51)
	at org.apache.hc.client5.http.impl.classic.ContentCompressionExec.execute(ContentCompressionExec.java:152)
	at org.apache.hc.client5.http.impl.classic.ExecChainElement.execute(ExecChainElement.java:51)
	at org.apache.hc.client5.http.impl.classic.RedirectExec.execute(RedirectExec.java:115)
	at org.apache.hc.client5.http.impl.classic.ExecChainElement.execute(ExecChainElement.java:51)
	at org.apache.hc.client5.http.impl.classic.InternalHttpClient.doExecute(InternalHttpClient.java:170)
	at org.apache.hc.client5.http.impl.classic.CloseableHttpClient.execute(CloseableHttpClient.java:87)
	at org.apache.hc.client5.http.impl.classic.CloseableHttpClient.execute(CloseableHttpClient.java:55)
	at org.apache.hc.client5.http.classic.HttpClient.executeOpen(HttpClient.java:183)
	at org.springframework.http.client.HttpComponentsClientHttpRequest.executeInternal(HttpComponentsClientHttpRequest.java:95)
	at org.springframework.http.client.AbstractStreamingClientHttpRequest.executeInternal(AbstractStreamingClientHttpRequest.java:70)
	at org.springframework.http.client.AbstractClientHttpRequest.execute(AbstractClientHttpRequest.java:66)
	at org.springframework.http.client.InterceptingClientHttpRequest$InterceptingRequestExecution.execute(InterceptingClientHttpRequest.java:101)
	at org.springframework.cloud.netflix.eureka.http.RestTemplateTransportClientFactory.lambda$restTemplate$0(RestTemplateTransportClientFactory.java:143)
	at org.springframework.http.client.InterceptingClientHttpRequest$InterceptingRequestExecution.execute(InterceptingClientHttpRequest.java:87)
	at org.springframework.http.client.InterceptingClientHttpRequest.executeInternal(InterceptingClientHttpRequest.java:71)
	at org.springframework.http.client.AbstractBufferingClientHttpRequest.executeInternal(AbstractBufferingClientHttpRequest.java:48)
	at org.springframework.http.client.AbstractClientHttpRequest.execute(AbstractClientHttpRequest.java:66)
	at org.springframework.web.client.RestTemplate.doExecute(RestTemplate.java:879)
	... 22 more

2026-05-16T12:34:49.359+05:30  WARN 6528 --- [payment-service] [DiscoveryClient-InstanceInfoReplicator-0] c.n.d.s.t.d.RetryableEurekaHttpClient    : Request execution failed with message: I/O error on POST request for "http://localhost:8761/eureka/apps/PAYMENT-SERVICE": Connect to http://localhost:8761 [localhost/127.0.0.1, localhost/0:0:0:0:0:0:0:1] failed: Connection refused: no further information
2026-05-16T12:34:49.360+05:30  WARN 6528 --- [payment-service] [DiscoveryClient-InstanceInfoReplicator-0] com.netflix.discovery.DiscoveryClient    : DiscoveryClient_PAYMENT-SERVICE/localhost:payment-service:8086 - registration failed Cannot execute request on any known server

com.netflix.discovery.shared.transport.TransportException: Cannot execute request on any known server
	at com.netflix.discovery.shared.transport.decorator.RetryableEurekaHttpClient.execute(RetryableEurekaHttpClient.java:112) ~[eureka-client-2.0.2.jar:2.0.2]
	at com.netflix.discovery.shared.transport.decorator.EurekaHttpClientDecorator.register(EurekaHttpClientDecorator.java:56) ~[eureka-client-2.0.2.jar:2.0.2]
	at com.netflix.discovery.shared.transport.decorator.EurekaHttpClientDecorator$1.execute(EurekaHttpClientDecorator.java:59) ~[eureka-client-2.0.2.jar:2.0.2]
	at com.netflix.discovery.shared.transport.decorator.SessionedEurekaHttpClient.execute(SessionedEurekaHttpClient.java:77) ~[eureka-client-2.0.2.jar:2.0.2]
	at com.netflix.discovery.shared.transport.decorator.EurekaHttpClientDecorator.register(EurekaHttpClientDecorator.java:56) ~[eureka-client-2.0.2.jar:2.0.2]
	at com.netflix.discovery.DiscoveryClient.register(DiscoveryClient.java:820) ~[eureka-client-2.0.2.jar:2.0.2]
	at com.netflix.discovery.InstanceInfoReplicator.run(InstanceInfoReplicator.java:121) ~[eureka-client-2.0.2.jar:2.0.2]
	at com.netflix.discovery.InstanceInfoReplicator$1.run(InstanceInfoReplicator.java:101) ~[eureka-client-2.0.2.jar:2.0.2]
	at java.base/java.util.concurrent.Executors$RunnableAdapter.call(Executors.java:539) ~[na:na]
	at java.base/java.util.concurrent.FutureTask.run(FutureTask.java:264) ~[na:na]
	at java.base/java.util.concurrent.ScheduledThreadPoolExecutor$ScheduledFutureTask.run(ScheduledThreadPoolExecutor.java:304) ~[na:na]
	at java.base/java.util.concurrent.ThreadPoolExecutor.runWorker(ThreadPoolExecutor.java:1136) ~[na:na]
	at java.base/java.util.concurrent.ThreadPoolExecutor$Worker.run(ThreadPoolExecutor.java:635) ~[na:na]
	at java.base/java.lang.Thread.run(Thread.java:833) ~[na:na]

2026-05-16T12:34:49.464+05:30  WARN 6528 --- [payment-service] [DiscoveryClient-InstanceInfoReplicator-0] c.n.discovery.InstanceInfoReplicator     : There was a problem with the instance info replicator

com.netflix.discovery.shared.transport.TransportException: Cannot execute request on any known server
	at com.netflix.discovery.shared.transport.decorator.RetryableEurekaHttpClient.execute(RetryableEurekaHttpClient.java:112) ~[eureka-client-2.0.2.jar:2.0.2]
	at com.netflix.discovery.shared.transport.decorator.EurekaHttpClientDecorator.register(EurekaHttpClientDecorator.java:56) ~[eureka-client-2.0.2.jar:2.0.2]
	at com.netflix.discovery.shared.transport.decorator.EurekaHttpClientDecorator$1.execute(EurekaHttpClientDecorator.java:59) ~[eureka-client-2.0.2.jar:2.0.2]
	at com.netflix.discovery.shared.transport.decorator.SessionedEurekaHttpClient.execute(SessionedEurekaHttpClient.java:77) ~[eureka-client-2.0.2.jar:2.0.2]
	at com.netflix.discovery.shared.transport.decorator.EurekaHttpClientDecorator.register(EurekaHttpClientDecorator.java:56) ~[eureka-client-2.0.2.jar:2.0.2]
	at com.netflix.discovery.DiscoveryClient.register(DiscoveryClient.java:820) ~[eureka-client-2.0.2.jar:2.0.2]
	at com.netflix.discovery.InstanceInfoReplicator.run(InstanceInfoReplicator.java:121) ~[eureka-client-2.0.2.jar:2.0.2]
	at com.netflix.discovery.InstanceInfoReplicator$1.run(InstanceInfoReplicator.java:101) ~[eureka-client-2.0.2.jar:2.0.2]
	at java.base/java.util.concurrent.Executors$RunnableAdapter.call(Executors.java:539) ~[na:na]
	at java.base/java.util.concurrent.FutureTask.run(FutureTask.java:264) ~[na:na]
	at java.base/java.util.concurrent.ScheduledThreadPoolExecutor$ScheduledFutureTask.run(ScheduledThreadPoolExecutor.java:304) ~[na:na]
	at java.base/java.util.concurrent.ThreadPoolExecutor.runWorker(ThreadPoolExecutor.java:1136) ~[na:na]
	at java.base/java.util.concurrent.ThreadPoolExecutor$Worker.run(ThreadPoolExecutor.java:635) ~[na:na]
	at java.base/java.lang.Thread.run(Thread.java:833) ~[na:na]

2026-05-16T12:34:49.787+05:30  INFO 6528 --- [payment-service] [RMI TCP Connection(31)-127.0.0.1] j.LocalContainerEntityManagerFactoryBean : Closing JPA EntityManagerFactory for persistence unit 'default'
2026-05-16T12:34:49.937+05:30  INFO 6528 --- [payment-service] [RMI TCP Connection(31)-127.0.0.1] com.zaxxer.hikari.HikariDataSource       : HikariPool-1 - Shutdown initiated...
2026-05-16T12:34:50.079+05:30  INFO 6528 --- [payment-service] [RMI TCP Connection(31)-127.0.0.1] com.zaxxer.hikari.HikariDataSource       : HikariPool-1 - Shutdown completed.
2026-05-16T12:34:50.099+05:30  INFO 6528 --- [payment-service] [RMI TCP Connection(31)-127.0.0.1] com.netflix.discovery.DiscoveryClient    : Shutting down DiscoveryClient ...
2026-05-16T12:34:53.114+05:30  INFO 6528 --- [payment-service] [RMI TCP Connection(31)-127.0.0.1] com.netflix.discovery.DiscoveryClient    : Unregistering ...
2026-05-16T12:34:53.137+05:30  INFO 6528 --- [payment-service] [RMI TCP Connection(31)-127.0.0.1] c.n.d.s.t.d.RedirectingEurekaHttpClient  : Request execution error. endpoint=DefaultEndpoint{ serviceUrl='http://localhost:8761/eureka/}, exception=Connection pool shut down stacktrace=java.lang.IllegalStateException: Connection pool shut down
	at org.apache.hc.core5.util.Asserts.check(Asserts.java:38)
	at org.apache.hc.core5.pool.StrictConnPool.lease(StrictConnPool.java:176)
	at org.apache.hc.client5.http.impl.io.PoolingHttpClientConnectionManager.lease(PoolingHttpClientConnectionManager.java:298)
	at org.apache.hc.client5.http.impl.classic.InternalExecRuntime.acquireEndpoint(InternalExecRuntime.java:103)
	at org.apache.hc.client5.http.impl.classic.ConnectExec.execute(ConnectExec.java:125)
	at org.apache.hc.client5.http.impl.classic.ExecChainElement.execute(ExecChainElement.java:51)
	at org.apache.hc.client5.http.impl.classic.ProtocolExec.execute(ProtocolExec.java:192)
	at org.apache.hc.client5.http.impl.classic.ExecChainElement.execute(ExecChainElement.java:51)
	at org.apache.hc.client5.http.impl.classic.HttpRequestRetryExec.execute(HttpRequestRetryExec.java:96)
	at org.apache.hc.client5.http.impl.classic.ExecChainElement.execute(ExecChainElement.java:51)
	at org.apache.hc.client5.http.impl.classic.ContentCompressionExec.execute(ContentCompressionExec.java:152)
	at org.apache.hc.client5.http.impl.classic.ExecChainElement.execute(ExecChainElement.java:51)
	at org.apache.hc.client5.http.impl.classic.RedirectExec.execute(RedirectExec.java:115)
	at org.apache.hc.client5.http.impl.classic.ExecChainElement.execute(ExecChainElement.java:51)
	at org.apache.hc.client5.http.impl.classic.InternalHttpClient.doExecute(InternalHttpClient.java:170)
	at org.apache.hc.client5.http.impl.classic.CloseableHttpClient.execute(CloseableHttpClient.java:87)
	at org.apache.hc.client5.http.impl.classic.CloseableHttpClient.execute(CloseableHttpClient.java:55)
	at org.apache.hc.client5.http.classic.HttpClient.executeOpen(HttpClient.java:183)
	at org.springframework.http.client.HttpComponentsClientHttpRequest.executeInternal(HttpComponentsClientHttpRequest.java:95)
	at org.springframework.http.client.AbstractStreamingClientHttpRequest.executeInternal(AbstractStreamingClientHttpRequest.java:70)
	at org.springframework.http.client.AbstractClientHttpRequest.execute(AbstractClientHttpRequest.java:66)
	at org.springframework.http.client.InterceptingClientHttpRequest$InterceptingRequestExecution.execute(InterceptingClientHttpRequest.java:101)
	at org.springframework.cloud.netflix.eureka.http.RestTemplateTransportClientFactory.lambda$restTemplate$0(RestTemplateTransportClientFactory.java:143)
	at org.springframework.http.client.InterceptingClientHttpRequest$InterceptingRequestExecution.execute(InterceptingClientHttpRequest.java:87)
	at org.springframework.http.client.InterceptingClientHttpRequest.executeInternal(InterceptingClientHttpRequest.java:71)
	at org.springframework.http.client.AbstractBufferingClientHttpRequest.executeInternal(AbstractBufferingClientHttpRequest.java:48)
	at org.springframework.http.client.AbstractClientHttpRequest.execute(AbstractClientHttpRequest.java:66)
	at org.springframework.web.client.RestTemplate.doExecute(RestTemplate.java:879)
	at org.springframework.web.client.RestTemplate.execute(RestTemplate.java:781)
	at org.springframework.web.client.RestTemplate.exchange(RestTemplate.java:663)
	at org.springframework.cloud.netflix.eureka.http.RestTemplateEurekaHttpClient.cancel(RestTemplateEurekaHttpClient.java:87)
	at com.netflix.discovery.shared.transport.decorator.EurekaHttpClientDecorator$2.execute(EurekaHttpClientDecorator.java:74)
	at com.netflix.discovery.shared.transport.decorator.RedirectingEurekaHttpClient.executeOnNewServer(RedirectingEurekaHttpClient.java:121)
	at com.netflix.discovery.shared.transport.decorator.RedirectingEurekaHttpClient.execute(RedirectingEurekaHttpClient.java:80)
	at com.netflix.discovery.shared.transport.decorator.EurekaHttpClientDecorator.cancel(EurekaHttpClientDecorator.java:71)
	at com.netflix.discovery.shared.transport.decorator.EurekaHttpClientDecorator$2.execute(EurekaHttpClientDecorator.java:74)
	at com.netflix.discovery.shared.transport.decorator.RetryableEurekaHttpClient.execute(RetryableEurekaHttpClient.java:120)
	at com.netflix.discovery.shared.transport.decorator.EurekaHttpClientDecorator.cancel(EurekaHttpClientDecorator.java:71)
	at com.netflix.discovery.shared.transport.decorator.EurekaHttpClientDecorator$2.execute(EurekaHttpClientDecorator.java:74)
	at com.netflix.discovery.shared.transport.decorator.SessionedEurekaHttpClient.execute(SessionedEurekaHttpClient.java:77)
	at com.netflix.discovery.shared.transport.decorator.EurekaHttpClientDecorator.cancel(EurekaHttpClientDecorator.java:71)
	at com.netflix.discovery.DiscoveryClient.unregister(DiscoveryClient.java:916)
	at com.netflix.discovery.DiscoveryClient.shutdown(DiscoveryClient.java:892)
	at java.base/jdk.internal.reflect.DirectMethodHandleAccessor.invoke(DirectMethodHandleAccessor.java:104)
	at java.base/java.lang.reflect.Method.invoke(Method.java:577)
	at org.springframework.beans.factory.annotation.InitDestroyAnnotationBeanPostProcessor$LifecycleMethod.invoke(InitDestroyAnnotationBeanPostProcessor.java:457)
	at org.springframework.beans.factory.annotation.InitDestroyAnnotationBeanPostProcessor$LifecycleMetadata.invokeDestroyMethods(InitDestroyAnnotationBeanPostProcessor.java:415)
	at org.springframework.beans.factory.annotation.InitDestroyAnnotationBeanPostProcessor.postProcessBeforeDestruction(InitDestroyAnnotationBeanPostProcessor.java:239)
	at org.springframework.beans.factory.support.DisposableBeanAdapter.destroy(DisposableBeanAdapter.java:202)
	at org.springframework.beans.factory.support.DisposableBeanAdapter.run(DisposableBeanAdapter.java:195)
	at org.springframework.cloud.context.scope.GenericScope$BeanLifecycleWrapper.destroy(GenericScope.java:389)
	at org.springframework.cloud.context.scope.GenericScope.destroy(GenericScope.java:136)
	at org.springframework.beans.factory.support.DisposableBeanAdapter.destroy(DisposableBeanAdapter.java:211)
	at org.springframework.beans.factory.support.DefaultSingletonBeanRegistry.destroyBean(DefaultSingletonBeanRegistry.java:587)
	at org.springframework.beans.factory.support.DefaultSingletonBeanRegistry.destroySingleton(DefaultSingletonBeanRegistry.java:559)
	at org.springframework.beans.factory.support.DefaultListableBeanFactory.destroySingleton(DefaultListableBeanFactory.java:1200)
	at org.springframework.beans.factory.support.DefaultSingletonBeanRegistry.destroySingletons(DefaultSingletonBeanRegistry.java:520)
	at org.springframework.beans.factory.support.DefaultListableBeanFactory.destroySingletons(DefaultListableBeanFactory.java:1193)
	at org.springframework.context.support.AbstractApplicationContext.destroyBeans(AbstractApplicationContext.java:1125)
	at org.springframework.context.support.AbstractApplicationContext.doClose(AbstractApplicationContext.java:1086)
	at org.springframework.boot.web.servlet.context.ServletWebServerApplicationContext.doClose(ServletWebServerApplicationContext.java:174)
	at org.springframework.context.support.AbstractApplicationContext.close(AbstractApplicationContext.java:1037)
	at org.springframework.boot.admin.SpringApplicationAdminMXBeanRegistrar$SpringApplicationAdmin.shutdown(SpringApplicationAdminMXBeanRegistrar.java:160)
	at java.base/jdk.internal.reflect.DirectMethodHandleAccessor.invoke(DirectMethodHandleAccessor.java:104)
	at java.base/java.lang.reflect.Method.invoke(Method.java:577)
	at sun.reflect.misc.Trampoline.invoke(MethodUtil.java:72)
	at java.base/jdk.internal.reflect.DirectMethodHandleAccessor.invoke(DirectMethodHandleAccessor.java:104)
	at java.base/java.lang.reflect.Method.invoke(Method.java:577)
	at java.base/sun.reflect.misc.MethodUtil.invoke(MethodUtil.java:262)
	at java.management/com.sun.jmx.mbeanserver.ConvertingMethod.invokeWithOpenReturn(ConvertingMethod.java:193)
	at java.management/com.sun.jmx.mbeanserver.ConvertingMethod.invokeWithOpenReturn(ConvertingMethod.java:175)
	at java.management/com.sun.jmx.mbeanserver.MXBeanIntrospector.invokeM2(MXBeanIntrospector.java:117)
	at java.management/com.sun.jmx.mbeanserver.MXBeanIntrospector.invokeM2(MXBeanIntrospector.java:54)
	at java.management/com.sun.jmx.mbeanserver.MBeanIntrospector.invokeM(MBeanIntrospector.java:237)
	at java.management/com.sun.jmx.mbeanserver.PerInterface.invoke(PerInterface.java:138)
	at java.management/com.sun.jmx.mbeanserver.MBeanSupport.invoke(MBeanSupport.java:252)
	at java.management/com.sun.jmx.interceptor.DefaultMBeanServerInterceptor.invoke(DefaultMBeanServerInterceptor.java:811)
	at java.management/com.sun.jmx.mbeanserver.JmxMBeanServer.invoke(JmxMBeanServer.java:802)
	at java.management.rmi/javax.management.remote.rmi.RMIConnectionImpl.doOperation(RMIConnectionImpl.java:1472)
	at java.management.rmi/javax.management.remote.rmi.RMIConnectionImpl$PrivilegedOperation.run(RMIConnectionImpl.java:1310)
	at java.management.rmi/javax.management.remote.rmi.RMIConnectionImpl.doPrivilegedOperation(RMIConnectionImpl.java:1405)
	at java.management.rmi/javax.management.remote.rmi.RMIConnectionImpl.invoke(RMIConnectionImpl.java:829)
	at java.base/jdk.internal.reflect.DirectMethodHandleAccessor.invoke(DirectMethodHandleAccessor.java:104)
	at java.base/java.lang.reflect.Method.invoke(Method.java:577)
	at java.rmi/sun.rmi.server.UnicastServerRef.dispatch(UnicastServerRef.java:360)
	at java.rmi/sun.rmi.transport.Transport$1.run(Transport.java:200)
	at java.rmi/sun.rmi.transport.Transport$1.run(Transport.java:197)
	at java.base/java.security.AccessController.doPrivileged(AccessController.java:712)
	at java.rmi/sun.rmi.transport.Transport.serviceCall(Transport.java:196)
	at java.rmi/sun.rmi.transport.tcp.TCPTransport.handleMessages(TCPTransport.java:598)
	at java.rmi/sun.rmi.transport.tcp.TCPTransport$ConnectionHandler.run0(TCPTransport.java:844)
	at java.rmi/sun.rmi.transport.tcp.TCPTransport$ConnectionHandler.lambda$run$0(TCPTransport.java:721)
	at java.base/java.security.AccessController.doPrivileged(AccessController.java:399)
	at java.rmi/sun.rmi.transport.tcp.TCPTransport$ConnectionHandler.run(TCPTransport.java:720)
	at java.base/java.util.concurrent.ThreadPoolExecutor.runWorker(ThreadPoolExecutor.java:1136)
	at java.base/java.util.concurrent.ThreadPoolExecutor$Worker.run(ThreadPoolExecutor.java:635)
	at java.base/java.lang.Thread.run(Thread.java:833)

2026-05-16T12:34:53.139+05:30  WARN 6528 --- [payment-service] [RMI TCP Connection(31)-127.0.0.1] c.n.d.s.t.d.RetryableEurekaHttpClient    : Request execution failed with message: Connection pool shut down
2026-05-16T12:34:53.139+05:30 ERROR 6528 --- [payment-service] [RMI TCP Connection(31)-127.0.0.1] com.netflix.discovery.DiscoveryClient    : DiscoveryClient_PAYMENT-SERVICE/localhost:payment-service:8086 - de-registration failedCannot execute request on any known server

com.netflix.discovery.shared.transport.TransportException: Cannot execute request on any known server
	at com.netflix.discovery.shared.transport.decorator.RetryableEurekaHttpClient.execute(RetryableEurekaHttpClient.java:112) ~[eureka-client-2.0.2.jar:2.0.2]
	at com.netflix.discovery.shared.transport.decorator.EurekaHttpClientDecorator.cancel(EurekaHttpClientDecorator.java:71) ~[eureka-client-2.0.2.jar:2.0.2]
	at com.netflix.discovery.shared.transport.decorator.EurekaHttpClientDecorator$2.execute(EurekaHttpClientDecorator.java:74) ~[eureka-client-2.0.2.jar:2.0.2]
	at com.netflix.discovery.shared.transport.decorator.SessionedEurekaHttpClient.execute(SessionedEurekaHttpClient.java:77) ~[eureka-client-2.0.2.jar:2.0.2]
	at com.netflix.discovery.shared.transport.decorator.EurekaHttpClientDecorator.cancel(EurekaHttpClientDecorator.java:71) ~[eureka-client-2.0.2.jar:2.0.2]
	at com.netflix.discovery.DiscoveryClient.unregister(DiscoveryClient.java:916) ~[eureka-client-2.0.2.jar:2.0.2]
	at com.netflix.discovery.DiscoveryClient.shutdown(DiscoveryClient.java:892) ~[eureka-client-2.0.2.jar:2.0.2]
	at java.base/jdk.internal.reflect.DirectMethodHandleAccessor.invoke(DirectMethodHandleAccessor.java:104) ~[na:na]
	at java.base/java.lang.reflect.Method.invoke(Method.java:577) ~[na:na]
	at org.springframework.beans.factory.annotation.InitDestroyAnnotationBeanPostProcessor$LifecycleMethod.invoke(InitDestroyAnnotationBeanPostProcessor.java:457) ~[spring-beans-6.1.1.jar:6.1.1]
	at org.springframework.beans.factory.annotation.InitDestroyAnnotationBeanPostProcessor$LifecycleMetadata.invokeDestroyMethods(InitDestroyAnnotationBeanPostProcessor.java:415) ~[spring-beans-6.1.1.jar:6.1.1]
	at org.springframework.beans.factory.annotation.InitDestroyAnnotationBeanPostProcessor.postProcessBeforeDestruction(InitDestroyAnnotationBeanPostProcessor.java:239) ~[spring-beans-6.1.1.jar:6.1.1]
	at org.springframework.beans.factory.support.DisposableBeanAdapter.destroy(DisposableBeanAdapter.java:202) ~[spring-beans-6.1.1.jar:6.1.1]
	at org.springframework.beans.factory.support.DisposableBeanAdapter.run(DisposableBeanAdapter.java:195) ~[spring-beans-6.1.1.jar:6.1.1]
	at org.springframework.cloud.context.scope.GenericScope$BeanLifecycleWrapper.destroy(GenericScope.java:389) ~[spring-cloud-context-4.1.2.jar:4.1.2]
	at org.springframework.cloud.context.scope.GenericScope.destroy(GenericScope.java:136) ~[spring-cloud-context-4.1.2.jar:4.1.2]
	at org.springframework.beans.factory.support.DisposableBeanAdapter.destroy(DisposableBeanAdapter.java:211) ~[spring-beans-6.1.1.jar:6.1.1]
	at org.springframework.beans.factory.support.DefaultSingletonBeanRegistry.destroyBean(DefaultSingletonBeanRegistry.java:587) ~[spring-beans-6.1.1.jar:6.1.1]
	at org.springframework.beans.factory.support.DefaultSingletonBeanRegistry.destroySingleton(DefaultSingletonBeanRegistry.java:559) ~[spring-beans-6.1.1.jar:6.1.1]
	at org.springframework.beans.factory.support.DefaultListableBeanFactory.destroySingleton(DefaultListableBeanFactory.java:1200) ~[spring-beans-6.1.1.jar:6.1.1]
	at org.springframework.beans.factory.support.DefaultSingletonBeanRegistry.destroySingletons(DefaultSingletonBeanRegistry.java:520) ~[spring-beans-6.1.1.jar:6.1.1]
	at org.springframework.beans.factory.support.DefaultListableBeanFactory.destroySingletons(DefaultListableBeanFactory.java:1193) ~[spring-beans-6.1.1.jar:6.1.1]
	at org.springframework.context.support.AbstractApplicationContext.destroyBeans(AbstractApplicationContext.java:1125) ~[spring-context-6.1.1.jar:6.1.1]
	at org.springframework.context.support.AbstractApplicationContext.doClose(AbstractApplicationContext.java:1086) ~[spring-context-6.1.1.jar:6.1.1]
	at org.springframework.boot.web.servlet.context.ServletWebServerApplicationContext.doClose(ServletWebServerApplicationContext.java:174) ~[spring-boot-3.2.0.jar:3.2.0]
	at org.springframework.context.support.AbstractApplicationContext.close(AbstractApplicationContext.java:1037) ~[spring-context-6.1.1.jar:6.1.1]
	at org.springframework.boot.admin.SpringApplicationAdminMXBeanRegistrar$SpringApplicationAdmin.shutdown(SpringApplicationAdminMXBeanRegistrar.java:160) ~[spring-boot-3.2.0.jar:3.2.0]
	at java.base/jdk.internal.reflect.DirectMethodHandleAccessor.invoke(DirectMethodHandleAccessor.java:104) ~[na:na]
	at java.base/java.lang.reflect.Method.invoke(Method.java:577) ~[na:na]
	at sun.reflect.misc.Trampoline.invoke(MethodUtil.java:72) ~[na:na]
	at java.base/jdk.internal.reflect.DirectMethodHandleAccessor.invoke(DirectMethodHandleAccessor.java:104) ~[na:na]
	at java.base/java.lang.reflect.Method.invoke(Method.java:577) ~[na:na]
	at java.base/sun.reflect.misc.MethodUtil.invoke(MethodUtil.java:262) ~[na:na]
	at java.management/com.sun.jmx.mbeanserver.ConvertingMethod.invokeWithOpenReturn(ConvertingMethod.java:193) ~[na:na]
	at java.management/com.sun.jmx.mbeanserver.ConvertingMethod.invokeWithOpenReturn(ConvertingMethod.java:175) ~[na:na]
	at java.management/com.sun.jmx.mbeanserver.MXBeanIntrospector.invokeM2(MXBeanIntrospector.java:117) ~[na:na]
	at java.management/com.sun.jmx.mbeanserver.MXBeanIntrospector.invokeM2(MXBeanIntrospector.java:54) ~[na:na]
	at java.management/com.sun.jmx.mbeanserver.MBeanIntrospector.invokeM(MBeanIntrospector.java:237) ~[na:na]
	at java.management/com.sun.jmx.mbeanserver.PerInterface.invoke(PerInterface.java:138) ~[na:na]
	at java.management/com.sun.jmx.mbeanserver.MBeanSupport.invoke(MBeanSupport.java:252) ~[na:na]
	at java.management/com.sun.jmx.interceptor.DefaultMBeanServerInterceptor.invoke(DefaultMBeanServerInterceptor.java:811) ~[na:na]
	at java.management/com.sun.jmx.mbeanserver.JmxMBeanServer.invoke(JmxMBeanServer.java:802) ~[na:na]
	at java.management.rmi/javax.management.remote.rmi.RMIConnectionImpl.doOperation(RMIConnectionImpl.java:1472) ~[na:na]
	at java.management.rmi/javax.management.remote.rmi.RMIConnectionImpl$PrivilegedOperation.run(RMIConnectionImpl.java:1310) ~[na:na]
	at java.management.rmi/javax.management.remote.rmi.RMIConnectionImpl.doPrivilegedOperation(RMIConnectionImpl.java:1405) ~[na:na]
	at java.management.rmi/javax.management.remote.rmi.RMIConnectionImpl.invoke(RMIConnectionImpl.java:829) ~[na:na]
	at java.base/jdk.internal.reflect.DirectMethodHandleAccessor.invoke(DirectMethodHandleAccessor.java:104) ~[na:na]
	at java.base/java.lang.reflect.Method.invoke(Method.java:577) ~[na:na]
	at java.rmi/sun.rmi.server.UnicastServerRef.dispatch(UnicastServerRef.java:360) ~[na:na]
	at java.rmi/sun.rmi.transport.Transport$1.run(Transport.java:200) ~[na:na]
	at java.rmi/sun.rmi.transport.Transport$1.run(Transport.java:197) ~[na:na]
	at java.base/java.security.AccessController.doPrivileged(AccessController.java:712) ~[na:na]
	at java.rmi/sun.rmi.transport.Transport.serviceCall(Transport.java:196) ~[na:na]
	at java.rmi/sun.rmi.transport.tcp.TCPTransport.handleMessages(TCPTransport.java:598) ~[na:na]
	at java.rmi/sun.rmi.transport.tcp.TCPTransport$ConnectionHandler.run0(TCPTransport.java:844) ~[na:na]
	at java.rmi/sun.rmi.transport.tcp.TCPTransport$ConnectionHandler.lambda$run$0(TCPTransport.java:721) ~[na:na]
	at java.base/java.security.AccessController.doPrivileged(AccessController.java:399) ~[na:na]
	at java.rmi/sun.rmi.transport.tcp.TCPTransport$ConnectionHandler.run(TCPTransport.java:720) ~[na:na]
	at java.base/java.util.concurrent.ThreadPoolExecutor.runWorker(ThreadPoolExecutor.java:1136) ~[na:na]
	at java.base/java.util.concurrent.ThreadPoolExecutor$Worker.run(ThreadPoolExecutor.java:635) ~[na:na]
	at java.base/java.lang.Thread.run(Thread.java:833) ~[na:na]

2026-05-16T12:34:53.204+05:30  INFO 6528 --- [payment-service] [RMI TCP Connection(31)-127.0.0.1] com.netflix.discovery.DiscoveryClient    : Completed shut down of DiscoveryClient
2026-05-16T14:05:42.794+05:30  WARN 26100 --- [payment-service] [main] ory$DuplicateJsonObjectContextCustomizer : 

Found multiple occurrences of org.json.JSONObject on the class path:

	jar:file:/C:/Users/Hp/.m2/repository/org/json/json/20180130/json-20180130.jar!/org/json/JSONObject.class
	jar:file:/C:/Users/Hp/.m2/repository/com/vaadin/external/google/android-json/0.0.20131108.vaadin1/android-json-0.0.20131108.vaadin1.jar!/org/json/JSONObject.class

You may wish to exclude one of them to ensure predictable runtime behavior

2026-05-16T14:05:42.857+05:30  INFO 26100 --- [payment-service] [main] c.p.p.PaymentServiceApplicationTests     : Starting PaymentServiceApplicationTests using Java 21.0.10 with PID 26100 (started by Hp in C:\Users\Hp\Desktop\Parkease-Backend\payment-service)
2026-05-16T14:05:42.858+05:30 DEBUG 26100 --- [payment-service] [main] c.p.p.PaymentServiceApplicationTests     : Running with Spring Boot v3.2.0, Spring v6.1.1
2026-05-16T14:05:42.858+05:30  INFO 26100 --- [payment-service] [main] c.p.p.PaymentServiceApplicationTests     : No active profile set, falling back to 1 default profile: "default"
2026-05-16T14:05:44.461+05:30  INFO 26100 --- [payment-service] [main] .s.d.r.c.RepositoryConfigurationDelegate : Bootstrapping Spring Data JPA repositories in DEFAULT mode.
2026-05-16T14:05:44.555+05:30  INFO 26100 --- [payment-service] [main] .s.d.r.c.RepositoryConfigurationDelegate : Finished Spring Data repository scanning in 83 ms. Found 3 JPA repository interfaces.
2026-05-16T14:05:44.955+05:30  INFO 26100 --- [payment-service] [main] o.s.cloud.context.scope.GenericScope     : BeanFactory id=fa746c78-4274-3410-82cb-e52e461e88e9
2026-05-16T14:05:45.510+05:30  WARN 26100 --- [payment-service] [main] trationDelegate$BeanPostProcessorChecker : Bean 'org.springframework.cloud.client.loadbalancer.LoadBalancerAutoConfiguration$DeferringLoadBalancerInterceptorConfig' of type [org.springframework.cloud.client.loadbalancer.LoadBalancerAutoConfiguration$DeferringLoadBalancerInterceptorConfig] is not eligible for getting processed by all BeanPostProcessors (for example: not eligible for auto-proxying). The currently created BeanPostProcessor [lbRestClientPostProcessor] is declared through a non-static factory method on that class; consider declaring it as static instead.
2026-05-16T14:05:45.516+05:30  WARN 26100 --- [payment-service] [main] trationDelegate$BeanPostProcessorChecker : Bean 'deferringLoadBalancerInterceptor' of type [org.springframework.cloud.client.loadbalancer.DeferringLoadBalancerInterceptor] is not eligible for getting processed by all BeanPostProcessors (for example: not eligible for auto-proxying). Is this bean getting eagerly injected into a currently created BeanPostProcessor [lbRestClientPostProcessor]? Check the corresponding BeanPostProcessor declaration and its dependencies.
2026-05-16T14:05:45.781+05:30  INFO 26100 --- [payment-service] [main] o.hibernate.jpa.internal.util.LogHelper  : HHH000204: Processing PersistenceUnitInfo [name: default]
2026-05-16T14:05:45.870+05:30  INFO 26100 --- [payment-service] [main] org.hibernate.Version                    : HHH000412: Hibernate ORM core version 6.3.1.Final
2026-05-16T14:05:45.921+05:30  INFO 26100 --- [payment-service] [main] o.h.c.internal.RegionFactoryInitiator    : HHH000026: Second-level cache disabled
2026-05-16T14:05:46.061+05:30  INFO 26100 --- [payment-service] [main] o.s.o.j.p.SpringPersistenceUnitInfo      : No LoadTimeWeaver setup: ignoring JPA class transformer
2026-05-16T14:05:46.096+05:30  INFO 26100 --- [payment-service] [main] com.zaxxer.hikari.HikariDataSource       : HikariPool-1 - Starting...
2026-05-16T14:05:46.313+05:30  INFO 26100 --- [payment-service] [main] com.zaxxer.hikari.pool.HikariPool        : HikariPool-1 - Added connection com.mysql.cj.jdbc.ConnectionImpl@5589f2c0
2026-05-16T14:05:46.315+05:30  INFO 26100 --- [payment-service] [main] com.zaxxer.hikari.HikariDataSource       : HikariPool-1 - Start completed.
2026-05-16T14:05:46.397+05:30  WARN 26100 --- [payment-service] [main] org.hibernate.orm.deprecation            : HHH90000025: MySQLDialect does not need to be specified explicitly using 'hibernate.dialect' (remove the property setting and it will be selected by default)
2026-05-16T14:05:47.459+05:30  INFO 26100 --- [payment-service] [main] o.h.e.t.j.p.i.JtaPlatformInitiator       : HHH000489: No JTA platform available (set 'hibernate.transaction.jta.platform' to enable JTA platform integration)
2026-05-16T14:05:47.553+05:30  INFO 26100 --- [payment-service] [main] j.LocalContainerEntityManagerFactoryBean : Initialized JPA EntityManagerFactory for persistence unit 'default'
2026-05-16T14:05:48.262+05:30  INFO 26100 --- [payment-service] [main] c.p.payment.config.RazorpayConfig        : Initializing Razorpay client with key: rzp_test...
2026-05-16T14:05:49.081+05:30  INFO 26100 --- [payment-service] [main] o.s.d.j.r.query.QueryEnhancerFactory     : Hibernate is in classpath; If applicable, HQL parser will be used.
2026-05-16T14:05:50.048+05:30  WARN 26100 --- [payment-service] [main] JpaBaseConfiguration$JpaWebConfiguration : spring.jpa.open-in-view is enabled by default. Therefore, database queries may be performed during view rendering. Explicitly configure spring.jpa.open-in-view to disable this warning
2026-05-16T14:05:50.139+05:30  WARN 26100 --- [payment-service] [main] .s.s.UserDetailsServiceAutoConfiguration : 

Using generated security password: c6391487-8c76-48dc-aae1-79b602fd0cd8

This generated password is for development use only. Your security configuration must be updated before running your application in production.

2026-05-16T14:05:51.733+05:30  INFO 26100 --- [payment-service] [main] o.s.cloud.commons.util.InetUtils         : Cannot determine local hostname
2026-05-16T14:05:51.962+05:30  INFO 26100 --- [payment-service] [main] o.s.b.a.e.web.EndpointLinksResolver      : Exposing 17 endpoint(s) beneath base path '/actuator'
2026-05-16T14:05:52.028+05:30  INFO 26100 --- [payment-service] [main] o.s.s.web.DefaultSecurityFilterChain     : Will secure any request with [org.springframework.security.web.session.DisableEncodeUrlFilter@99c866, org.springframework.security.web.context.request.async.WebAsyncManagerIntegrationFilter@456573c, org.springframework.security.web.context.SecurityContextHolderFilter@368a7abf, org.springframework.security.web.header.HeaderWriterFilter@7c116f72, org.springframework.web.filter.CorsFilter@6c91e939, org.springframework.security.web.authentication.logout.LogoutFilter@7a74da6f, com.parkease.payment.security.JwtAuthFilter@4eb4367d, org.springframework.security.web.savedrequest.RequestCacheAwareFilter@48be580b, org.springframework.security.web.servletapi.SecurityContextHolderAwareRequestFilter@5e2ed405, org.springframework.security.web.authentication.AnonymousAuthenticationFilter@27b0b2aa, org.springframework.security.web.session.SessionManagementFilter@315582fa, org.springframework.security.web.access.ExceptionTranslationFilter@7088051d, org.springframework.security.web.access.intercept.AuthorizationFilter@82440d6]
2026-05-16T14:05:53.958+05:30  INFO 26100 --- [payment-service] [main] o.s.cloud.commons.util.InetUtils         : Cannot determine local hostname
2026-05-16T14:05:53.972+05:30  INFO 26100 --- [payment-service] [main] DiscoveryClientOptionalArgsConfiguration : Eureka HTTP Client uses RestTemplate.
2026-05-16T14:05:54.046+05:30  WARN 26100 --- [payment-service] [main] iguration$LoadBalancerCaffeineWarnLogger : Spring Cloud LoadBalancer is currently working with the default cache. While this cache implementation is useful for development and tests, it's recommended to use Caffeine cache in production.You can switch to using Caffeine cache, by adding it and org.springframework.cache.caffeine.CaffeineCacheManager to the classpath.
2026-05-16T14:05:54.114+05:30  INFO 26100 --- [payment-service] [main] o.s.c.n.eureka.InstanceInfoFactory       : Setting initial instance status as: STARTING
2026-05-16T14:05:54.231+05:30  INFO 26100 --- [payment-service] [main] com.netflix.discovery.DiscoveryClient    : Initializing Eureka in region us-east-1
2026-05-16T14:05:54.237+05:30  INFO 26100 --- [payment-service] [main] c.n.d.s.r.aws.ConfigClusterResolver      : Resolving eureka endpoints via configuration
2026-05-16T14:05:54.270+05:30  INFO 26100 --- [payment-service] [main] com.netflix.discovery.DiscoveryClient    : Disable delta property : false
2026-05-16T14:05:54.270+05:30  INFO 26100 --- [payment-service] [main] com.netflix.discovery.DiscoveryClient    : Single vip registry refresh property : null
2026-05-16T14:05:54.270+05:30  INFO 26100 --- [payment-service] [main] com.netflix.discovery.DiscoveryClient    : Force full registry fetch : false
2026-05-16T14:05:54.272+05:30  INFO 26100 --- [payment-service] [main] com.netflix.discovery.DiscoveryClient    : Application is null : false
2026-05-16T14:05:54.272+05:30  INFO 26100 --- [payment-service] [main] com.netflix.discovery.DiscoveryClient    : Registered Applications size is zero : true
2026-05-16T14:05:54.272+05:30  INFO 26100 --- [payment-service] [main] com.netflix.discovery.DiscoveryClient    : Application version is -1: true
2026-05-16T14:05:54.272+05:30  INFO 26100 --- [payment-service] [main] com.netflix.discovery.DiscoveryClient    : Getting all instance registry info from the eureka server
2026-05-16T14:05:54.416+05:30  INFO 26100 --- [payment-service] [main] c.n.d.s.t.d.RedirectingEurekaHttpClient  : Request execution error. endpoint=DefaultEndpoint{ serviceUrl='http://localhost:8761/eureka/}, exception=I/O error on GET request for "http://localhost:8761/eureka/apps/": Connect to http://localhost:8761 [localhost/127.0.0.1, localhost/0:0:0:0:0:0:0:1] failed: Connection refused: getsockopt stacktrace=org.springframework.web.client.ResourceAccessException: I/O error on GET request for "http://localhost:8761/eureka/apps/": Connect to http://localhost:8761 [localhost/127.0.0.1, localhost/0:0:0:0:0:0:0:1] failed: Connection refused: getsockopt
	at org.springframework.web.client.RestTemplate.createResourceAccessException(RestTemplate.java:905)
	at org.springframework.web.client.RestTemplate.doExecute(RestTemplate.java:885)
	at org.springframework.web.client.RestTemplate.execute(RestTemplate.java:781)
	at org.springframework.web.client.RestTemplate.exchange(RestTemplate.java:663)
	at org.springframework.cloud.netflix.eureka.http.RestTemplateEurekaHttpClient.getApplicationsInternal(RestTemplateEurekaHttpClient.java:145)
	at org.springframework.cloud.netflix.eureka.http.RestTemplateEurekaHttpClient.getApplications(RestTemplateEurekaHttpClient.java:135)
	at com.netflix.discovery.shared.transport.decorator.EurekaHttpClientDecorator$6.execute(EurekaHttpClientDecorator.java:137)
	at com.netflix.discovery.shared.transport.decorator.RedirectingEurekaHttpClient.executeOnNewServer(RedirectingEurekaHttpClient.java:121)
	at com.netflix.discovery.shared.transport.decorator.RedirectingEurekaHttpClient.execute(RedirectingEurekaHttpClient.java:80)
	at com.netflix.discovery.shared.transport.decorator.EurekaHttpClientDecorator.getApplications(EurekaHttpClientDecorator.java:134)
	at com.netflix.discovery.shared.transport.decorator.EurekaHttpClientDecorator$6.execute(EurekaHttpClientDecorator.java:137)
	at com.netflix.discovery.shared.transport.decorator.RetryableEurekaHttpClient.execute(RetryableEurekaHttpClient.java:120)
	at com.netflix.discovery.shared.transport.decorator.EurekaHttpClientDecorator.getApplications(EurekaHttpClientDecorator.java:134)
	at com.netflix.discovery.shared.transport.decorator.EurekaHttpClientDecorator$6.execute(EurekaHttpClientDecorator.java:137)
	at com.netflix.discovery.shared.transport.decorator.SessionedEurekaHttpClient.execute(SessionedEurekaHttpClient.java:77)
	at com.netflix.discovery.shared.transport.decorator.EurekaHttpClientDecorator.getApplications(EurekaHttpClientDecorator.java:134)
	at com.netflix.discovery.DiscoveryClient.getAndStoreFullRegistry(DiscoveryClient.java:1045)
	at com.netflix.discovery.DiscoveryClient.fetchRegistry(DiscoveryClient.java:958)
	at com.netflix.discovery.DiscoveryClient.<init>(DiscoveryClient.java:396)
	at com.netflix.discovery.DiscoveryClient.<init>(DiscoveryClient.java:247)
	at com.netflix.discovery.DiscoveryClient.<init>(DiscoveryClient.java:242)
	at org.springframework.cloud.netflix.eureka.CloudEurekaClient.<init>(CloudEurekaClient.java:68)
	at org.springframework.cloud.netflix.eureka.EurekaClientAutoConfiguration$RefreshableEurekaClientConfiguration.eurekaClient(EurekaClientAutoConfiguration.java:321)
	at java.base/jdk.internal.reflect.DirectMethodHandleAccessor.invoke(DirectMethodHandleAccessor.java:103)
	at java.base/java.lang.reflect.Method.invoke(Method.java:580)
	at org.springframework.beans.factory.support.SimpleInstantiationStrategy.instantiate(SimpleInstantiationStrategy.java:140)
	at org.springframework.beans.factory.support.ConstructorResolver.instantiate(ConstructorResolver.java:651)
	at org.springframework.beans.factory.support.ConstructorResolver.instantiateUsingFactoryMethod(ConstructorResolver.java:643)
	at org.springframework.beans.factory.support.AbstractAutowireCapableBeanFactory.instantiateUsingFactoryMethod(AbstractAutowireCapableBeanFactory.java:1336)
	at org.springframework.beans.factory.support.AbstractAutowireCapableBeanFactory.createBeanInstance(AbstractAutowireCapableBeanFactory.java:1166)
	at org.springframework.beans.factory.support.AbstractAutowireCapableBeanFactory.doCreateBean(AbstractAutowireCapableBeanFactory.java:563)
	at org.springframework.beans.factory.support.AbstractAutowireCapableBeanFactory.createBean(AbstractAutowireCapableBeanFactory.java:523)
	at org.springframework.beans.factory.support.AbstractBeanFactory.lambda$doGetBean$1(AbstractBeanFactory.java:364)
	at org.springframework.cloud.context.scope.GenericScope$BeanLifecycleWrapper.getBean(GenericScope.java:375)
	at org.springframework.cloud.context.scope.GenericScope.get(GenericScope.java:179)
	at org.springframework.beans.factory.support.AbstractBeanFactory.doGetBean(AbstractBeanFactory.java:361)
	at org.springframework.beans.factory.support.AbstractBeanFactory.getBean(AbstractBeanFactory.java:199)
	at org.springframework.aop.target.SimpleBeanTargetSource.getTarget(SimpleBeanTargetSource.java:35)
	at org.springframework.cloud.netflix.eureka.serviceregistry.EurekaRegistration.getTargetObject(EurekaRegistration.java:128)
	at org.springframework.cloud.netflix.eureka.serviceregistry.EurekaRegistration.getEurekaClient(EurekaRegistration.java:116)
	at java.base/jdk.internal.reflect.DirectMethodHandleAccessor.invoke(DirectMethodHandleAccessor.java:103)
	at java.base/java.lang.reflect.Method.invoke(Method.java:580)
	at org.springframework.util.ReflectionUtils.invokeMethod(ReflectionUtils.java:281)
	at org.springframework.cloud.context.scope.GenericScope$LockedScopedProxyFactoryBean.invoke(GenericScope.java:482)
	at org.springframework.aop.framework.ReflectiveMethodInvocation.proceed(ReflectiveMethodInvocation.java:184)
	at org.springframework.aop.framework.CglibAopProxy$CglibMethodInvocation.proceed(CglibAopProxy.java:765)
	at org.springframework.aop.framework.CglibAopProxy$DynamicAdvisedInterceptor.intercept(CglibAopProxy.java:717)
	at org.springframework.cloud.netflix.eureka.serviceregistry.EurekaRegistration$$SpringCGLIB$$0.getEurekaClient(<generated>)
	at org.springframework.cloud.netflix.eureka.serviceregistry.EurekaServiceRegistry.maybeInitializeClient(EurekaServiceRegistry.java:83)
	at org.springframework.cloud.netflix.eureka.serviceregistry.EurekaServiceRegistry.register(EurekaServiceRegistry.java:66)
	at org.springframework.cloud.netflix.eureka.serviceregistry.EurekaAutoServiceRegistration.start(EurekaAutoServiceRegistration.java:89)
	at org.springframework.context.support.DefaultLifecycleProcessor.doStart(DefaultLifecycleProcessor.java:284)
	at org.springframework.context.support.DefaultLifecycleProcessor$LifecycleGroup.start(DefaultLifecycleProcessor.java:467)
	at java.base/java.lang.Iterable.forEach(Iterable.java:75)
	at org.springframework.context.support.DefaultLifecycleProcessor.startBeans(DefaultLifecycleProcessor.java:256)
	at org.springframework.context.support.DefaultLifecycleProcessor.onRefresh(DefaultLifecycleProcessor.java:201)
	at org.springframework.context.support.AbstractApplicationContext.finishRefresh(AbstractApplicationContext.java:965)
	at org.springframework.context.support.AbstractApplicationContext.refresh(AbstractApplicationContext.java:619)
	at org.springframework.boot.SpringApplication.refresh(SpringApplication.java:753)
	at org.springframework.boot.SpringApplication.refreshContext(SpringApplication.java:455)
	at org.springframework.boot.SpringApplication.run(SpringApplication.java:323)
	at org.springframework.boot.test.context.SpringBootContextLoader.lambda$loadContext$3(SpringBootContextLoader.java:137)
	at org.springframework.util.function.ThrowingSupplier.get(ThrowingSupplier.java:58)
	at org.springframework.util.function.ThrowingSupplier.get(ThrowingSupplier.java:46)
	at org.springframework.boot.SpringApplication.withHook(SpringApplication.java:1442)
	at org.springframework.boot.test.context.SpringBootContextLoader$ContextLoaderHook.run(SpringBootContextLoader.java:552)
	at org.springframework.boot.test.context.SpringBootContextLoader.loadContext(SpringBootContextLoader.java:137)
	at org.springframework.boot.test.context.SpringBootContextLoader.loadContext(SpringBootContextLoader.java:108)
	at org.springframework.test.context.cache.DefaultCacheAwareContextLoaderDelegate.loadContextInternal(DefaultCacheAwareContextLoaderDelegate.java:225)
	at org.springframework.test.context.cache.DefaultCacheAwareContextLoaderDelegate.loadContext(DefaultCacheAwareContextLoaderDelegate.java:152)
	at org.springframework.test.context.support.DefaultTestContext.getApplicationContext(DefaultTestContext.java:130)
	at org.springframework.test.context.web.ServletTestExecutionListener.setUpRequestContextIfNecessary(ServletTestExecutionListener.java:191)
	at org.springframework.test.context.web.ServletTestExecutionListener.prepareTestInstance(ServletTestExecutionListener.java:130)
	at org.springframework.test.context.TestContextManager.prepareTestInstance(TestContextManager.java:247)
	at org.springframework.test.context.junit.jupiter.SpringExtension.postProcessTestInstance(SpringExtension.java:163)
	at org.junit.jupiter.engine.descriptor.ClassBasedTestDescriptor.lambda$invokeTestInstancePostProcessors$10(ClassBasedTestDescriptor.java:378)
	at org.junit.jupiter.engine.descriptor.ClassBasedTestDescriptor.executeAndMaskThrowable(ClassBasedTestDescriptor.java:383)
	at org.junit.jupiter.engine.descriptor.ClassBasedTestDescriptor.lambda$invokeTestInstancePostProcessors$11(ClassBasedTestDescriptor.java:378)
	at java.base/java.util.stream.ReferencePipeline$3$1.accept(ReferencePipeline.java:197)
	at java.base/java.util.stream.ReferencePipeline$2$1.accept(ReferencePipeline.java:179)
	at java.base/java.util.ArrayList$ArrayListSpliterator.forEachRemaining(ArrayList.java:1708)
	at java.base/java.util.stream.AbstractPipeline.copyInto(AbstractPipeline.java:509)
	at java.base/java.util.stream.AbstractPipeline.wrapAndCopyInto(AbstractPipeline.java:499)
	at java.base/java.util.stream.StreamSpliterators$WrappingSpliterator.forEachRemaining(StreamSpliterators.java:310)
	at java.base/java.util.stream.Streams$ConcatSpliterator.forEachRemaining(Streams.java:735)
	at java.base/java.util.stream.Streams$ConcatSpliterator.forEachRemaining(Streams.java:734)
	at java.base/java.util.stream.ReferencePipeline$Head.forEach(ReferencePipeline.java:762)
	at org.junit.jupiter.engine.descriptor.ClassBasedTestDescriptor.invokeTestInstancePostProcessors(ClassBasedTestDescriptor.java:377)
	at org.junit.jupiter.engine.descriptor.ClassBasedTestDescriptor.lambda$instantiateAndPostProcessTestInstance$6(ClassBasedTestDescriptor.java:290)
	at org.junit.platform.engine.support.hierarchical.ThrowableCollector.execute(ThrowableCollector.java:73)
	at org.junit.jupiter.engine.descriptor.ClassBasedTestDescriptor.instantiateAndPostProcessTestInstance(ClassBasedTestDescriptor.java:289)
	at org.junit.jupiter.engine.descriptor.ClassBasedTestDescriptor.lambda$testInstancesProvider$4(ClassBasedTestDescriptor.java:279)
	at java.base/java.util.Optional.orElseGet(Optional.java:364)
	at org.junit.jupiter.engine.descriptor.ClassBasedTestDescriptor.lambda$testInstancesProvider$5(ClassBasedTestDescriptor.java:278)
	at org.junit.jupiter.engine.execution.TestInstancesProvider.getTestInstances(TestInstancesProvider.java:31)
	at org.junit.jupiter.engine.descriptor.TestMethodTestDescriptor.lambda$prepare$0(TestMethodTestDescriptor.java:106)
	at org.junit.platform.engine.support.hierarchical.ThrowableCollector.execute(ThrowableCollector.java:73)
	at org.junit.jupiter.engine.descriptor.TestMethodTestDescriptor.prepare(TestMethodTestDescriptor.java:105)
	at org.junit.jupiter.engine.descriptor.TestMethodTestDescriptor.prepare(TestMethodTestDescriptor.java:69)
	at org.junit.platform.engine.support.hierarchical.NodeTestTask.lambda$prepare$2(NodeTestTask.java:123)
	at org.junit.platform.engine.support.hierarchical.ThrowableCollector.execute(ThrowableCollector.java:73)
	at org.junit.platform.engine.support.hierarchical.NodeTestTask.prepare(NodeTestTask.java:123)
	at org.junit.platform.engine.support.hierarchical.NodeTestTask.execute(NodeTestTask.java:90)
	at java.base/java.util.ArrayList.forEach(ArrayList.java:1596)
	at org.junit.platform.engine.support.hierarchical.SameThreadHierarchicalTestExecutorService.invokeAll(SameThreadHierarchicalTestExecutorService.java:41)
	at org.junit.platform.engine.support.hierarchical.NodeTestTask.lambda$executeRecursively$6(NodeTestTask.java:155)
	at org.junit.platform.engine.support.hierarchical.ThrowableCollector.execute(ThrowableCollector.java:73)
	at org.junit.platform.engine.support.hierarchical.NodeTestTask.lambda$executeRecursively$8(NodeTestTask.java:141)
	at org.junit.platform.engine.support.hierarchical.Node.around(Node.java:137)
	at org.junit.platform.engine.support.hierarchical.NodeTestTask.lambda$executeRecursively$9(NodeTestTask.java:139)
	at org.junit.platform.engine.support.hierarchical.ThrowableCollector.execute(ThrowableCollector.java:73)
	at org.junit.platform.engine.support.hierarchical.NodeTestTask.executeRecursively(NodeTestTask.java:138)
	at org.junit.platform.engine.support.hierarchical.NodeTestTask.execute(NodeTestTask.java:95)
	at java.base/java.util.ArrayList.forEach(ArrayList.java:1596)
	at org.junit.platform.engine.support.hierarchical.SameThreadHierarchicalTestExecutorService.invokeAll(SameThreadHierarchicalTestExecutorService.java:41)
	at org.junit.platform.engine.support.hierarchical.NodeTestTask.lambda$executeRecursively$6(NodeTestTask.java:155)
	at org.junit.platform.engine.support.hierarchical.ThrowableCollector.execute(ThrowableCollector.java:73)
	at org.junit.platform.engine.support.hierarchical.NodeTestTask.lambda$executeRecursively$8(NodeTestTask.java:141)
	at org.junit.platform.engine.support.hierarchical.Node.around(Node.java:137)
	at org.junit.platform.engine.support.hierarchical.NodeTestTask.lambda$executeRecursively$9(NodeTestTask.java:139)
	at org.junit.platform.engine.support.hierarchical.ThrowableCollector.execute(ThrowableCollector.java:73)
	at org.junit.platform.engine.support.hierarchical.NodeTestTask.executeRecursively(NodeTestTask.java:138)
	at org.junit.platform.engine.support.hierarchical.NodeTestTask.execute(NodeTestTask.java:95)
	at org.junit.platform.engine.support.hierarchical.SameThreadHierarchicalTestExecutorService.submit(SameThreadHierarchicalTestExecutorService.java:35)
	at org.junit.platform.engine.support.hierarchical.HierarchicalTestExecutor.execute(HierarchicalTestExecutor.java:57)
	at org.junit.platform.engine.support.hierarchical.HierarchicalTestEngine.execute(HierarchicalTestEngine.java:54)
	at org.junit.platform.launcher.core.EngineExecutionOrchestrator.execute(EngineExecutionOrchestrator.java:198)
	at org.junit.platform.launcher.core.EngineExecutionOrchestrator.execute(EngineExecutionOrchestrator.java:169)
	at org.junit.platform.launcher.core.EngineExecutionOrchestrator.execute(EngineExecutionOrchestrator.java:93)
	at org.junit.platform.launcher.core.EngineExecutionOrchestrator.lambda$execute$0(EngineExecutionOrchestrator.java:58)
	at org.junit.platform.launcher.core.EngineExecutionOrchestrator.withInterceptedStreams(EngineExecutionOrchestrator.java:141)
	at org.junit.platform.launcher.core.EngineExecutionOrchestrator.execute(EngineExecutionOrchestrator.java:57)
	at org.junit.platform.launcher.core.DefaultLauncher.execute(DefaultLauncher.java:103)
	at org.junit.platform.launcher.core.DefaultLauncher.execute(DefaultLauncher.java:85)
	at org.junit.platform.launcher.core.DelegatingLauncher.execute(DelegatingLauncher.java:47)
	at org.apache.maven.surefire.junitplatform.LazyLauncher.execute(LazyLauncher.java:56)
	at org.apache.maven.surefire.junitplatform.JUnitPlatformProvider.execute(JUnitPlatformProvider.java:184)
	at org.apache.maven.surefire.junitplatform.JUnitPlatformProvider.invokeAllTests(JUnitPlatformProvider.java:148)
	at org.apache.maven.surefire.junitplatform.JUnitPlatformProvider.invoke(JUnitPlatformProvider.java:122)
	at org.apache.maven.surefire.booter.ForkedBooter.runSuitesInProcess(ForkedBooter.java:385)
	at org.apache.maven.surefire.booter.ForkedBooter.execute(ForkedBooter.java:162)
	at org.apache.maven.surefire.booter.ForkedBooter.run(ForkedBooter.java:507)
	at org.apache.maven.surefire.booter.ForkedBooter.main(ForkedBooter.java:495)
Caused by: org.apache.hc.client5.http.HttpHostConnectException: Connect to http://localhost:8761 [localhost/127.0.0.1, localhost/0:0:0:0:0:0:0:1] failed: Connection refused: getsockopt
	at java.base/sun.nio.ch.Net.pollConnect(Native Method)
	at java.base/sun.nio.ch.Net.pollConnectNow(Net.java:690)
	at java.base/sun.nio.ch.NioSocketImpl.timedFinishConnect(NioSocketImpl.java:542)
	at java.base/sun.nio.ch.NioSocketImpl.connect(NioSocketImpl.java:592)
	at java.base/java.net.SocksSocketImpl.connect(SocksSocketImpl.java:327)
	at java.base/java.net.Socket.connect(Socket.java:751)
	at org.apache.hc.client5.http.socket.PlainConnectionSocketFactory.lambda$connectSocket$0(PlainConnectionSocketFactory.java:85)
	at java.base/java.security.AccessController.doPrivileged(AccessController.java:571)
	at org.apache.hc.client5.http.socket.PlainConnectionSocketFactory.connectSocket(PlainConnectionSocketFactory.java:84)
	at org.apache.hc.client5.http.socket.ConnectionSocketFactory.connectSocket(ConnectionSocketFactory.java:113)
	at org.apache.hc.client5.http.impl.io.DefaultHttpClientConnectionOperator.connect(DefaultHttpClientConnectionOperator.java:181)
	at org.apache.hc.client5.http.impl.io.PoolingHttpClientConnectionManager.connect(PoolingHttpClientConnectionManager.java:447)
	at org.apache.hc.client5.http.impl.classic.InternalExecRuntime.connectEndpoint(InternalExecRuntime.java:162)
	at org.apache.hc.client5.http.impl.classic.InternalExecRuntime.connectEndpoint(InternalExecRuntime.java:172)
	at org.apache.hc.client5.http.impl.classic.ConnectExec.execute(ConnectExec.java:142)
	at org.apache.hc.client5.http.impl.classic.ExecChainElement.execute(ExecChainElement.java:51)
	at org.apache.hc.client5.http.impl.classic.ProtocolExec.execute(ProtocolExec.java:192)
	at org.apache.hc.client5.http.impl.classic.ExecChainElement.execute(ExecChainElement.java:51)
	at org.apache.hc.client5.http.impl.classic.HttpRequestRetryExec.execute(HttpRequestRetryExec.java:96)
	at org.apache.hc.client5.http.impl.classic.ExecChainElement.execute(ExecChainElement.java:51)
	at org.apache.hc.client5.http.impl.classic.ContentCompressionExec.execute(ContentCompressionExec.java:152)
	at org.apache.hc.client5.http.impl.classic.ExecChainElement.execute(ExecChainElement.java:51)
	at org.apache.hc.client5.http.impl.classic.RedirectExec.execute(RedirectExec.java:115)
	at org.apache.hc.client5.http.impl.classic.ExecChainElement.execute(ExecChainElement.java:51)
	at org.apache.hc.client5.http.impl.classic.InternalHttpClient.doExecute(InternalHttpClient.java:170)
	at org.apache.hc.client5.http.impl.classic.CloseableHttpClient.execute(CloseableHttpClient.java:87)
	at org.apache.hc.client5.http.impl.classic.CloseableHttpClient.execute(CloseableHttpClient.java:55)
	at org.apache.hc.client5.http.classic.HttpClient.executeOpen(HttpClient.java:183)
	at org.springframework.http.client.HttpComponentsClientHttpRequest.executeInternal(HttpComponentsClientHttpRequest.java:95)
	at org.springframework.http.client.AbstractStreamingClientHttpRequest.executeInternal(AbstractStreamingClientHttpRequest.java:70)
	at org.springframework.http.client.AbstractClientHttpRequest.execute(AbstractClientHttpRequest.java:66)
	at org.springframework.http.client.InterceptingClientHttpRequest$InterceptingRequestExecution.execute(InterceptingClientHttpRequest.java:101)
	at org.springframework.cloud.netflix.eureka.http.RestTemplateTransportClientFactory.lambda$restTemplate$0(RestTemplateTransportClientFactory.java:143)
	at org.springframework.http.client.InterceptingClientHttpRequest$InterceptingRequestExecution.execute(InterceptingClientHttpRequest.java:87)
	at org.springframework.http.client.InterceptingClientHttpRequest.executeInternal(InterceptingClientHttpRequest.java:71)
	at org.springframework.http.client.AbstractBufferingClientHttpRequest.executeInternal(AbstractBufferingClientHttpRequest.java:48)
	at org.springframework.http.client.AbstractClientHttpRequest.execute(AbstractClientHttpRequest.java:66)
	at org.springframework.web.client.RestTemplate.doExecute(RestTemplate.java:879)
	... 141 more

2026-05-16T14:05:54.416+05:30  WARN 26100 --- [payment-service] [main] c.n.d.s.t.d.RetryableEurekaHttpClient    : Request execution failed with message: I/O error on GET request for "http://localhost:8761/eureka/apps/": Connect to http://localhost:8761 [localhost/127.0.0.1, localhost/0:0:0:0:0:0:0:1] failed: Connection refused: getsockopt
2026-05-16T14:05:54.416+05:30  INFO 26100 --- [payment-service] [main] com.netflix.discovery.DiscoveryClient    : DiscoveryClient_PAYMENT-SERVICE/localhost:payment-service:8086 - was unable to refresh its cache! This periodic background refresh will be retried in 30 seconds. status = Cannot execute request on any known server stacktrace = com.netflix.discovery.shared.transport.TransportException: Cannot execute request on any known server
	at com.netflix.discovery.shared.transport.decorator.RetryableEurekaHttpClient.execute(RetryableEurekaHttpClient.java:112)
	at com.netflix.discovery.shared.transport.decorator.EurekaHttpClientDecorator.getApplications(EurekaHttpClientDecorator.java:134)
	at com.netflix.discovery.shared.transport.decorator.EurekaHttpClientDecorator$6.execute(EurekaHttpClientDecorator.java:137)
	at com.netflix.discovery.shared.transport.decorator.SessionedEurekaHttpClient.execute(SessionedEurekaHttpClient.java:77)
	at com.netflix.discovery.shared.transport.decorator.EurekaHttpClientDecorator.getApplications(EurekaHttpClientDecorator.java:134)
	at com.netflix.discovery.DiscoveryClient.getAndStoreFullRegistry(DiscoveryClient.java:1045)
	at com.netflix.discovery.DiscoveryClient.fetchRegistry(DiscoveryClient.java:958)
	at com.netflix.discovery.DiscoveryClient.<init>(DiscoveryClient.java:396)
	at com.netflix.discovery.DiscoveryClient.<init>(DiscoveryClient.java:247)
	at com.netflix.discovery.DiscoveryClient.<init>(DiscoveryClient.java:242)
	at org.springframework.cloud.netflix.eureka.CloudEurekaClient.<init>(CloudEurekaClient.java:68)
	at org.springframework.cloud.netflix.eureka.EurekaClientAutoConfiguration$RefreshableEurekaClientConfiguration.eurekaClient(EurekaClientAutoConfiguration.java:321)
	at java.base/jdk.internal.reflect.DirectMethodHandleAccessor.invoke(DirectMethodHandleAccessor.java:103)
	at java.base/java.lang.reflect.Method.invoke(Method.java:580)
	at org.springframework.beans.factory.support.SimpleInstantiationStrategy.instantiate(SimpleInstantiationStrategy.java:140)
	at org.springframework.beans.factory.support.ConstructorResolver.instantiate(ConstructorResolver.java:651)
	at org.springframework.beans.factory.support.ConstructorResolver.instantiateUsingFactoryMethod(ConstructorResolver.java:643)
	at org.springframework.beans.factory.support.AbstractAutowireCapableBeanFactory.instantiateUsingFactoryMethod(AbstractAutowireCapableBeanFactory.java:1336)
	at org.springframework.beans.factory.support.AbstractAutowireCapableBeanFactory.createBeanInstance(AbstractAutowireCapableBeanFactory.java:1166)
	at org.springframework.beans.factory.support.AbstractAutowireCapableBeanFactory.doCreateBean(AbstractAutowireCapableBeanFactory.java:563)
	at org.springframework.beans.factory.support.AbstractAutowireCapableBeanFactory.createBean(AbstractAutowireCapableBeanFactory.java:523)
	at org.springframework.beans.factory.support.AbstractBeanFactory.lambda$doGetBean$1(AbstractBeanFactory.java:364)
	at org.springframework.cloud.context.scope.GenericScope$BeanLifecycleWrapper.getBean(GenericScope.java:375)
	at org.springframework.cloud.context.scope.GenericScope.get(GenericScope.java:179)
	at org.springframework.beans.factory.support.AbstractBeanFactory.doGetBean(AbstractBeanFactory.java:361)
	at org.springframework.beans.factory.support.AbstractBeanFactory.getBean(AbstractBeanFactory.java:199)
	at org.springframework.aop.target.SimpleBeanTargetSource.getTarget(SimpleBeanTargetSource.java:35)
	at org.springframework.cloud.netflix.eureka.serviceregistry.EurekaRegistration.getTargetObject(EurekaRegistration.java:128)
	at org.springframework.cloud.netflix.eureka.serviceregistry.EurekaRegistration.getEurekaClient(EurekaRegistration.java:116)
	at java.base/jdk.internal.reflect.DirectMethodHandleAccessor.invoke(DirectMethodHandleAccessor.java:103)
	at java.base/java.lang.reflect.Method.invoke(Method.java:580)
	at org.springframework.util.ReflectionUtils.invokeMethod(ReflectionUtils.java:281)
	at org.springframework.cloud.context.scope.GenericScope$LockedScopedProxyFactoryBean.invoke(GenericScope.java:482)
	at org.springframework.aop.framework.ReflectiveMethodInvocation.proceed(ReflectiveMethodInvocation.java:184)
	at org.springframework.aop.framework.CglibAopProxy$CglibMethodInvocation.proceed(CglibAopProxy.java:765)
	at org.springframework.aop.framework.CglibAopProxy$DynamicAdvisedInterceptor.intercept(CglibAopProxy.java:717)
	at org.springframework.cloud.netflix.eureka.serviceregistry.EurekaRegistration$$SpringCGLIB$$0.getEurekaClient(<generated>)
	at org.springframework.cloud.netflix.eureka.serviceregistry.EurekaServiceRegistry.maybeInitializeClient(EurekaServiceRegistry.java:83)
	at org.springframework.cloud.netflix.eureka.serviceregistry.EurekaServiceRegistry.register(EurekaServiceRegistry.java:66)
	at org.springframework.cloud.netflix.eureka.serviceregistry.EurekaAutoServiceRegistration.start(EurekaAutoServiceRegistration.java:89)
	at org.springframework.context.support.DefaultLifecycleProcessor.doStart(DefaultLifecycleProcessor.java:284)
	at org.springframework.context.support.DefaultLifecycleProcessor$LifecycleGroup.start(DefaultLifecycleProcessor.java:467)
	at java.base/java.lang.Iterable.forEach(Iterable.java:75)
	at org.springframework.context.support.DefaultLifecycleProcessor.startBeans(DefaultLifecycleProcessor.java:256)
	at org.springframework.context.support.DefaultLifecycleProcessor.onRefresh(DefaultLifecycleProcessor.java:201)
	at org.springframework.context.support.AbstractApplicationContext.finishRefresh(AbstractApplicationContext.java:965)
	at org.springframework.context.support.AbstractApplicationContext.refresh(AbstractApplicationContext.java:619)
	at org.springframework.boot.SpringApplication.refresh(SpringApplication.java:753)
	at org.springframework.boot.SpringApplication.refreshContext(SpringApplication.java:455)
	at org.springframework.boot.SpringApplication.run(SpringApplication.java:323)
	at org.springframework.boot.test.context.SpringBootContextLoader.lambda$loadContext$3(SpringBootContextLoader.java:137)
	at org.springframework.util.function.ThrowingSupplier.get(ThrowingSupplier.java:58)
	at org.springframework.util.function.ThrowingSupplier.get(ThrowingSupplier.java:46)
	at org.springframework.boot.SpringApplication.withHook(SpringApplication.java:1442)
	at org.springframework.boot.test.context.SpringBootContextLoader$ContextLoaderHook.run(SpringBootContextLoader.java:552)
	at org.springframework.boot.test.context.SpringBootContextLoader.loadContext(SpringBootContextLoader.java:137)
	at org.springframework.boot.test.context.SpringBootContextLoader.loadContext(SpringBootContextLoader.java:108)
	at org.springframework.test.context.cache.DefaultCacheAwareContextLoaderDelegate.loadContextInternal(DefaultCacheAwareContextLoaderDelegate.java:225)
	at org.springframework.test.context.cache.DefaultCacheAwareContextLoaderDelegate.loadContext(DefaultCacheAwareContextLoaderDelegate.java:152)
	at org.springframework.test.context.support.DefaultTestContext.getApplicationContext(DefaultTestContext.java:130)
	at org.springframework.test.context.web.ServletTestExecutionListener.setUpRequestContextIfNecessary(ServletTestExecutionListener.java:191)
	at org.springframework.test.context.web.ServletTestExecutionListener.prepareTestInstance(ServletTestExecutionListener.java:130)
	at org.springframework.test.context.TestContextManager.prepareTestInstance(TestContextManager.java:247)
	at org.springframework.test.context.junit.jupiter.SpringExtension.postProcessTestInstance(SpringExtension.java:163)
	at org.junit.jupiter.engine.descriptor.ClassBasedTestDescriptor.lambda$invokeTestInstancePostProcessors$10(ClassBasedTestDescriptor.java:378)
	at org.junit.jupiter.engine.descriptor.ClassBasedTestDescriptor.executeAndMaskThrowable(ClassBasedTestDescriptor.java:383)
	at org.junit.jupiter.engine.descriptor.ClassBasedTestDescriptor.lambda$invokeTestInstancePostProcessors$11(ClassBasedTestDescriptor.java:378)
	at java.base/java.util.stream.ReferencePipeline$3$1.accept(ReferencePipeline.java:197)
	at java.base/java.util.stream.ReferencePipeline$2$1.accept(ReferencePipeline.java:179)
	at java.base/java.util.ArrayList$ArrayListSpliterator.forEachRemaining(ArrayList.java:1708)
	at java.base/java.util.stream.AbstractPipeline.copyInto(AbstractPipeline.java:509)
	at java.base/java.util.stream.AbstractPipeline.wrapAndCopyInto(AbstractPipeline.java:499)
	at java.base/java.util.stream.StreamSpliterators$WrappingSpliterator.forEachRemaining(StreamSpliterators.java:310)
	at java.base/java.util.stream.Streams$ConcatSpliterator.forEachRemaining(Streams.java:735)
	at java.base/java.util.stream.Streams$ConcatSpliterator.forEachRemaining(Streams.java:734)
	at java.base/java.util.stream.ReferencePipeline$Head.forEach(ReferencePipeline.java:762)
	at org.junit.jupiter.engine.descriptor.ClassBasedTestDescriptor.invokeTestInstancePostProcessors(ClassBasedTestDescriptor.java:377)
	at org.junit.jupiter.engine.descriptor.ClassBasedTestDescriptor.lambda$instantiateAndPostProcessTestInstance$6(ClassBasedTestDescriptor.java:290)
	at org.junit.platform.engine.support.hierarchical.ThrowableCollector.execute(ThrowableCollector.java:73)
	at org.junit.jupiter.engine.descriptor.ClassBasedTestDescriptor.instantiateAndPostProcessTestInstance(ClassBasedTestDescriptor.java:289)
	at org.junit.jupiter.engine.descriptor.ClassBasedTestDescriptor.lambda$testInstancesProvider$4(ClassBasedTestDescriptor.java:279)
	at java.base/java.util.Optional.orElseGet(Optional.java:364)
	at org.junit.jupiter.engine.descriptor.ClassBasedTestDescriptor.lambda$testInstancesProvider$5(ClassBasedTestDescriptor.java:278)
	at org.junit.jupiter.engine.execution.TestInstancesProvider.getTestInstances(TestInstancesProvider.java:31)
	at org.junit.jupiter.engine.descriptor.TestMethodTestDescriptor.lambda$prepare$0(TestMethodTestDescriptor.java:106)
	at org.junit.platform.engine.support.hierarchical.ThrowableCollector.execute(ThrowableCollector.java:73)
	at org.junit.jupiter.engine.descriptor.TestMethodTestDescriptor.prepare(TestMethodTestDescriptor.java:105)
	at org.junit.jupiter.engine.descriptor.TestMethodTestDescriptor.prepare(TestMethodTestDescriptor.java:69)
	at org.junit.platform.engine.support.hierarchical.NodeTestTask.lambda$prepare$2(NodeTestTask.java:123)
	at org.junit.platform.engine.support.hierarchical.ThrowableCollector.execute(ThrowableCollector.java:73)
	at org.junit.platform.engine.support.hierarchical.NodeTestTask.prepare(NodeTestTask.java:123)
	at org.junit.platform.engine.support.hierarchical.NodeTestTask.execute(NodeTestTask.java:90)
	at java.base/java.util.ArrayList.forEach(ArrayList.java:1596)
	at org.junit.platform.engine.support.hierarchical.SameThreadHierarchicalTestExecutorService.invokeAll(SameThreadHierarchicalTestExecutorService.java:41)
	at org.junit.platform.engine.support.hierarchical.NodeTestTask.lambda$executeRecursively$6(NodeTestTask.java:155)
	at org.junit.platform.engine.support.hierarchical.ThrowableCollector.execute(ThrowableCollector.java:73)
	at org.junit.platform.engine.support.hierarchical.NodeTestTask.lambda$executeRecursively$8(NodeTestTask.java:141)
	at org.junit.platform.engine.support.hierarchical.Node.around(Node.java:137)
	at org.junit.platform.engine.support.hierarchical.NodeTestTask.lambda$executeRecursively$9(NodeTestTask.java:139)
	at org.junit.platform.engine.support.hierarchical.ThrowableCollector.execute(ThrowableCollector.java:73)
	at org.junit.platform.engine.support.hierarchical.NodeTestTask.executeRecursively(NodeTestTask.java:138)
	at org.junit.platform.engine.support.hierarchical.NodeTestTask.execute(NodeTestTask.java:95)
	at java.base/java.util.ArrayList.forEach(ArrayList.java:1596)
	at org.junit.platform.engine.support.hierarchical.SameThreadHierarchicalTestExecutorService.invokeAll(SameThreadHierarchicalTestExecutorService.java:41)
	at org.junit.platform.engine.support.hierarchical.NodeTestTask.lambda$executeRecursively$6(NodeTestTask.java:155)
	at org.junit.platform.engine.support.hierarchical.ThrowableCollector.execute(ThrowableCollector.java:73)
	at org.junit.platform.engine.support.hierarchical.NodeTestTask.lambda$executeRecursively$8(NodeTestTask.java:141)
	at org.junit.platform.engine.support.hierarchical.Node.around(Node.java:137)
	at org.junit.platform.engine.support.hierarchical.NodeTestTask.lambda$executeRecursively$9(NodeTestTask.java:139)
	at org.junit.platform.engine.support.hierarchical.ThrowableCollector.execute(ThrowableCollector.java:73)
	at org.junit.platform.engine.support.hierarchical.NodeTestTask.executeRecursively(NodeTestTask.java:138)
	at org.junit.platform.engine.support.hierarchical.NodeTestTask.execute(NodeTestTask.java:95)
	at org.junit.platform.engine.support.hierarchical.SameThreadHierarchicalTestExecutorService.submit(SameThreadHierarchicalTestExecutorService.java:35)
	at org.junit.platform.engine.support.hierarchical.HierarchicalTestExecutor.execute(HierarchicalTestExecutor.java:57)
	at org.junit.platform.engine.support.hierarchical.HierarchicalTestEngine.execute(HierarchicalTestEngine.java:54)
	at org.junit.platform.launcher.core.EngineExecutionOrchestrator.execute(EngineExecutionOrchestrator.java:198)
	at org.junit.platform.launcher.core.EngineExecutionOrchestrator.execute(EngineExecutionOrchestrator.java:169)
	at org.junit.platform.launcher.core.EngineExecutionOrchestrator.execute(EngineExecutionOrchestrator.java:93)
	at org.junit.platform.launcher.core.EngineExecutionOrchestrator.lambda$execute$0(EngineExecutionOrchestrator.java:58)
	at org.junit.platform.launcher.core.EngineExecutionOrchestrator.withInterceptedStreams(EngineExecutionOrchestrator.java:141)
	at org.junit.platform.launcher.core.EngineExecutionOrchestrator.execute(EngineExecutionOrchestrator.java:57)
	at org.junit.platform.launcher.core.DefaultLauncher.execute(DefaultLauncher.java:103)
	at org.junit.platform.launcher.core.DefaultLauncher.execute(DefaultLauncher.java:85)
	at org.junit.platform.launcher.core.DelegatingLauncher.execute(DelegatingLauncher.java:47)
	at org.apache.maven.surefire.junitplatform.LazyLauncher.execute(LazyLauncher.java:56)
	at org.apache.maven.surefire.junitplatform.JUnitPlatformProvider.execute(JUnitPlatformProvider.java:184)
	at org.apache.maven.surefire.junitplatform.JUnitPlatformProvider.invokeAllTests(JUnitPlatformProvider.java:148)
	at org.apache.maven.surefire.junitplatform.JUnitPlatformProvider.invoke(JUnitPlatformProvider.java:122)
	at org.apache.maven.surefire.booter.ForkedBooter.runSuitesInProcess(ForkedBooter.java:385)
	at org.apache.maven.surefire.booter.ForkedBooter.execute(ForkedBooter.java:162)
	at org.apache.maven.surefire.booter.ForkedBooter.run(ForkedBooter.java:507)
	at org.apache.maven.surefire.booter.ForkedBooter.main(ForkedBooter.java:495)

2026-05-16T14:05:54.417+05:30  INFO 26100 --- [payment-service] [main] com.netflix.discovery.DiscoveryClient    : Initial registry fetch from primary servers failed
2026-05-16T14:05:54.417+05:30  WARN 26100 --- [payment-service] [main] com.netflix.discovery.DiscoveryClient    : Using default backup registry implementation which does not do anything.
2026-05-16T14:05:54.417+05:30  INFO 26100 --- [payment-service] [main] com.netflix.discovery.DiscoveryClient    : Initial registry fetch from backup servers failed
2026-05-16T14:05:54.420+05:30  INFO 26100 --- [payment-service] [main] com.netflix.discovery.DiscoveryClient    : Starting heartbeat executor: renew interval is: 30
2026-05-16T14:05:54.422+05:30  INFO 26100 --- [payment-service] [main] c.n.discovery.InstanceInfoReplicator     : InstanceInfoReplicator onDemand update allowed rate per min is 4
2026-05-16T14:05:54.428+05:30  INFO 26100 --- [payment-service] [main] com.netflix.discovery.DiscoveryClient    : Discovery Client initialized at timestamp 1778920554426 with initial instances count: 0
2026-05-16T14:05:54.433+05:30  INFO 26100 --- [payment-service] [main] o.s.c.n.e.s.EurekaServiceRegistry        : Registering application PAYMENT-SERVICE with eureka with status UP
2026-05-16T14:05:54.435+05:30  INFO 26100 --- [payment-service] [main] com.netflix.discovery.DiscoveryClient    : Saw local status change event StatusChangeEvent [timestamp=1778920554435, current=UP, previous=STARTING]
2026-05-16T14:05:54.437+05:30  INFO 26100 --- [payment-service] [DiscoveryClient-InstanceInfoReplicator-0] com.netflix.discovery.DiscoveryClient    : DiscoveryClient_PAYMENT-SERVICE/localhost:payment-service:8086: registering service...
2026-05-16T14:05:54.458+05:30  INFO 26100 --- [payment-service] [main] c.p.p.PaymentServiceApplicationTests     : Started PaymentServiceApplicationTests in 13.226 seconds (process running for 20.191)
2026-05-16T14:05:54.466+05:30  INFO 26100 --- [payment-service] [main] c.p.payment.PaymentServiceApplication    : Executing database migration to alter pass_balances.status column to VARCHAR...
2026-05-16T14:05:54.472+05:30  INFO 26100 --- [payment-service] [DiscoveryClient-InstanceInfoReplicator-0] c.n.d.s.t.d.RedirectingEurekaHttpClient  : Request execution error. endpoint=DefaultEndpoint{ serviceUrl='http://localhost:8761/eureka/}, exception=I/O error on POST request for "http://localhost:8761/eureka/apps/PAYMENT-SERVICE": Connect to http://localhost:8761 [localhost/127.0.0.1, localhost/0:0:0:0:0:0:0:1] failed: Connection refused: getsockopt stacktrace=org.springframework.web.client.ResourceAccessException: I/O error on POST request for "http://localhost:8761/eureka/apps/PAYMENT-SERVICE": Connect to http://localhost:8761 [localhost/127.0.0.1, localhost/0:0:0:0:0:0:0:1] failed: Connection refused: getsockopt
	at org.springframework.web.client.RestTemplate.createResourceAccessException(RestTemplate.java:905)
	at org.springframework.web.client.RestTemplate.doExecute(RestTemplate.java:885)
	at org.springframework.web.client.RestTemplate.execute(RestTemplate.java:781)
	at org.springframework.web.client.RestTemplate.exchange(RestTemplate.java:663)
	at org.springframework.cloud.netflix.eureka.http.RestTemplateEurekaHttpClient.register(RestTemplateEurekaHttpClient.java:77)
	at com.netflix.discovery.shared.transport.decorator.EurekaHttpClientDecorator$1.execute(EurekaHttpClientDecorator.java:59)
	at com.netflix.discovery.shared.transport.decorator.RedirectingEurekaHttpClient.executeOnNewServer(RedirectingEurekaHttpClient.java:121)
	at com.netflix.discovery.shared.transport.decorator.RedirectingEurekaHttpClient.execute(RedirectingEurekaHttpClient.java:80)
	at com.netflix.discovery.shared.transport.decorator.EurekaHttpClientDecorator.register(EurekaHttpClientDecorator.java:56)
	at com.netflix.discovery.shared.transport.decorator.EurekaHttpClientDecorator$1.execute(EurekaHttpClientDecorator.java:59)
	at com.netflix.discovery.shared.transport.decorator.RetryableEurekaHttpClient.execute(RetryableEurekaHttpClient.java:120)
	at com.netflix.discovery.shared.transport.decorator.EurekaHttpClientDecorator.register(EurekaHttpClientDecorator.java:56)
	at com.netflix.discovery.shared.transport.decorator.EurekaHttpClientDecorator$1.execute(EurekaHttpClientDecorator.java:59)
	at com.netflix.discovery.shared.transport.decorator.SessionedEurekaHttpClient.execute(SessionedEurekaHttpClient.java:77)
	at com.netflix.discovery.shared.transport.decorator.EurekaHttpClientDecorator.register(EurekaHttpClientDecorator.java:56)
	at com.netflix.discovery.DiscoveryClient.register(DiscoveryClient.java:820)
	at com.netflix.discovery.InstanceInfoReplicator.run(InstanceInfoReplicator.java:121)
	at com.netflix.discovery.InstanceInfoReplicator$1.run(InstanceInfoReplicator.java:101)
	at java.base/java.util.concurrent.Executors$RunnableAdapter.call(Executors.java:572)
	at java.base/java.util.concurrent.FutureTask.run(FutureTask.java:317)
	at java.base/java.util.concurrent.ScheduledThreadPoolExecutor$ScheduledFutureTask.run(ScheduledThreadPoolExecutor.java:304)
	at java.base/java.util.concurrent.ThreadPoolExecutor.runWorker(ThreadPoolExecutor.java:1144)
	at java.base/java.util.concurrent.ThreadPoolExecutor$Worker.run(ThreadPoolExecutor.java:642)
	at java.base/java.lang.Thread.run(Thread.java:1583)
Caused by: org.apache.hc.client5.http.HttpHostConnectException: Connect to http://localhost:8761 [localhost/127.0.0.1, localhost/0:0:0:0:0:0:0:1] failed: Connection refused: getsockopt
	at java.base/sun.nio.ch.Net.pollConnect(Native Method)
	at java.base/sun.nio.ch.Net.pollConnectNow(Net.java:690)
	at java.base/sun.nio.ch.NioSocketImpl.timedFinishConnect(NioSocketImpl.java:542)
	at java.base/sun.nio.ch.NioSocketImpl.connect(NioSocketImpl.java:592)
	at java.base/java.net.SocksSocketImpl.connect(SocksSocketImpl.java:327)
	at java.base/java.net.Socket.connect(Socket.java:751)
	at org.apache.hc.client5.http.socket.PlainConnectionSocketFactory.lambda$connectSocket$0(PlainConnectionSocketFactory.java:85)
	at java.base/java.security.AccessController.doPrivileged(AccessController.java:571)
	at org.apache.hc.client5.http.socket.PlainConnectionSocketFactory.connectSocket(PlainConnectionSocketFactory.java:84)
	at org.apache.hc.client5.http.socket.ConnectionSocketFactory.connectSocket(ConnectionSocketFactory.java:113)
	at org.apache.hc.client5.http.impl.io.DefaultHttpClientConnectionOperator.connect(DefaultHttpClientConnectionOperator.java:181)
	at org.apache.hc.client5.http.impl.io.PoolingHttpClientConnectionManager.connect(PoolingHttpClientConnectionManager.java:447)
	at org.apache.hc.client5.http.impl.classic.InternalExecRuntime.connectEndpoint(InternalExecRuntime.java:162)
	at org.apache.hc.client5.http.impl.classic.InternalExecRuntime.connectEndpoint(InternalExecRuntime.java:172)
	at org.apache.hc.client5.http.impl.classic.ConnectExec.execute(ConnectExec.java:142)
	at org.apache.hc.client5.http.impl.classic.ExecChainElement.execute(ExecChainElement.java:51)
	at org.apache.hc.client5.http.impl.classic.ProtocolExec.execute(ProtocolExec.java:192)
	at org.apache.hc.client5.http.impl.classic.ExecChainElement.execute(ExecChainElement.java:51)
	at org.apache.hc.client5.http.impl.classic.HttpRequestRetryExec.execute(HttpRequestRetryExec.java:96)
	at org.apache.hc.client5.http.impl.classic.ExecChainElement.execute(ExecChainElement.java:51)
	at org.apache.hc.client5.http.impl.classic.ContentCompressionExec.execute(ContentCompressionExec.java:152)
	at org.apache.hc.client5.http.impl.classic.ExecChainElement.execute(ExecChainElement.java:51)
	at org.apache.hc.client5.http.impl.classic.RedirectExec.execute(RedirectExec.java:115)
	at org.apache.hc.client5.http.impl.classic.ExecChainElement.execute(ExecChainElement.java:51)
	at org.apache.hc.client5.http.impl.classic.InternalHttpClient.doExecute(InternalHttpClient.java:170)
	at org.apache.hc.client5.http.impl.classic.CloseableHttpClient.execute(CloseableHttpClient.java:87)
	at org.apache.hc.client5.http.impl.classic.CloseableHttpClient.execute(CloseableHttpClient.java:55)
	at org.apache.hc.client5.http.classic.HttpClient.executeOpen(HttpClient.java:183)
	at org.springframework.http.client.HttpComponentsClientHttpRequest.executeInternal(HttpComponentsClientHttpRequest.java:95)
	at org.springframework.http.client.AbstractStreamingClientHttpRequest.executeInternal(AbstractStreamingClientHttpRequest.java:70)
	at org.springframework.http.client.AbstractClientHttpRequest.execute(AbstractClientHttpRequest.java:66)
	at org.springframework.http.client.InterceptingClientHttpRequest$InterceptingRequestExecution.execute(InterceptingClientHttpRequest.java:101)
	at org.springframework.cloud.netflix.eureka.http.RestTemplateTransportClientFactory.lambda$restTemplate$0(RestTemplateTransportClientFactory.java:143)
	at org.springframework.http.client.InterceptingClientHttpRequest$InterceptingRequestExecution.execute(InterceptingClientHttpRequest.java:87)
	at org.springframework.http.client.InterceptingClientHttpRequest.executeInternal(InterceptingClientHttpRequest.java:71)
	at org.springframework.http.client.AbstractBufferingClientHttpRequest.executeInternal(AbstractBufferingClientHttpRequest.java:48)
	at org.springframework.http.client.AbstractClientHttpRequest.execute(AbstractClientHttpRequest.java:66)
	at org.springframework.web.client.RestTemplate.doExecute(RestTemplate.java:879)
	... 22 more

2026-05-16T14:05:54.473+05:30  WARN 26100 --- [payment-service] [DiscoveryClient-InstanceInfoReplicator-0] c.n.d.s.t.d.RetryableEurekaHttpClient    : Request execution failed with message: I/O error on POST request for "http://localhost:8761/eureka/apps/PAYMENT-SERVICE": Connect to http://localhost:8761 [localhost/127.0.0.1, localhost/0:0:0:0:0:0:0:1] failed: Connection refused: getsockopt
2026-05-16T14:05:54.473+05:30  WARN 26100 --- [payment-service] [DiscoveryClient-InstanceInfoReplicator-0] com.netflix.discovery.DiscoveryClient    : DiscoveryClient_PAYMENT-SERVICE/localhost:payment-service:8086 - registration failed Cannot execute request on any known server

com.netflix.discovery.shared.transport.TransportException: Cannot execute request on any known server
	at com.netflix.discovery.shared.transport.decorator.RetryableEurekaHttpClient.execute(RetryableEurekaHttpClient.java:112) ~[eureka-client-2.0.2.jar:2.0.2]
	at com.netflix.discovery.shared.transport.decorator.EurekaHttpClientDecorator.register(EurekaHttpClientDecorator.java:56) ~[eureka-client-2.0.2.jar:2.0.2]
	at com.netflix.discovery.shared.transport.decorator.EurekaHttpClientDecorator$1.execute(EurekaHttpClientDecorator.java:59) ~[eureka-client-2.0.2.jar:2.0.2]
	at com.netflix.discovery.shared.transport.decorator.SessionedEurekaHttpClient.execute(SessionedEurekaHttpClient.java:77) ~[eureka-client-2.0.2.jar:2.0.2]
	at com.netflix.discovery.shared.transport.decorator.EurekaHttpClientDecorator.register(EurekaHttpClientDecorator.java:56) ~[eureka-client-2.0.2.jar:2.0.2]
	at com.netflix.discovery.DiscoveryClient.register(DiscoveryClient.java:820) ~[eureka-client-2.0.2.jar:2.0.2]
	at com.netflix.discovery.InstanceInfoReplicator.run(InstanceInfoReplicator.java:121) ~[eureka-client-2.0.2.jar:2.0.2]
	at com.netflix.discovery.InstanceInfoReplicator$1.run(InstanceInfoReplicator.java:101) ~[eureka-client-2.0.2.jar:2.0.2]
	at java.base/java.util.concurrent.Executors$RunnableAdapter.call(Executors.java:572) ~[na:na]
	at java.base/java.util.concurrent.FutureTask.run(FutureTask.java:317) ~[na:na]
	at java.base/java.util.concurrent.ScheduledThreadPoolExecutor$ScheduledFutureTask.run(ScheduledThreadPoolExecutor.java:304) ~[na:na]
	at java.base/java.util.concurrent.ThreadPoolExecutor.runWorker(ThreadPoolExecutor.java:1144) ~[na:na]
	at java.base/java.util.concurrent.ThreadPoolExecutor$Worker.run(ThreadPoolExecutor.java:642) ~[na:na]
	at java.base/java.lang.Thread.run(Thread.java:1583) ~[na:na]

2026-05-16T14:05:54.476+05:30  WARN 26100 --- [payment-service] [DiscoveryClient-InstanceInfoReplicator-0] c.n.discovery.InstanceInfoReplicator     : There was a problem with the instance info replicator

com.netflix.discovery.shared.transport.TransportException: Cannot execute request on any known server
	at com.netflix.discovery.shared.transport.decorator.RetryableEurekaHttpClient.execute(RetryableEurekaHttpClient.java:112) ~[eureka-client-2.0.2.jar:2.0.2]
	at com.netflix.discovery.shared.transport.decorator.EurekaHttpClientDecorator.register(EurekaHttpClientDecorator.java:56) ~[eureka-client-2.0.2.jar:2.0.2]
	at com.netflix.discovery.shared.transport.decorator.EurekaHttpClientDecorator$1.execute(EurekaHttpClientDecorator.java:59) ~[eureka-client-2.0.2.jar:2.0.2]
	at com.netflix.discovery.shared.transport.decorator.SessionedEurekaHttpClient.execute(SessionedEurekaHttpClient.java:77) ~[eureka-client-2.0.2.jar:2.0.2]
	at com.netflix.discovery.shared.transport.decorator.EurekaHttpClientDecorator.register(EurekaHttpClientDecorator.java:56) ~[eureka-client-2.0.2.jar:2.0.2]
	at com.netflix.discovery.DiscoveryClient.register(DiscoveryClient.java:820) ~[eureka-client-2.0.2.jar:2.0.2]
	at com.netflix.discovery.InstanceInfoReplicator.run(InstanceInfoReplicator.java:121) ~[eureka-client-2.0.2.jar:2.0.2]
	at com.netflix.discovery.InstanceInfoReplicator$1.run(InstanceInfoReplicator.java:101) ~[eureka-client-2.0.2.jar:2.0.2]
	at java.base/java.util.concurrent.Executors$RunnableAdapter.call(Executors.java:572) ~[na:na]
	at java.base/java.util.concurrent.FutureTask.run(FutureTask.java:317) ~[na:na]
	at java.base/java.util.concurrent.ScheduledThreadPoolExecutor$ScheduledFutureTask.run(ScheduledThreadPoolExecutor.java:304) ~[na:na]
	at java.base/java.util.concurrent.ThreadPoolExecutor.runWorker(ThreadPoolExecutor.java:1144) ~[na:na]
	at java.base/java.util.concurrent.ThreadPoolExecutor$Worker.run(ThreadPoolExecutor.java:642) ~[na:na]
	at java.base/java.lang.Thread.run(Thread.java:1583) ~[na:na]

2026-05-16T14:05:54.532+05:30  INFO 26100 --- [payment-service] [main] c.p.payment.PaymentServiceApplication    : Migration successful.
2026-05-16T14:05:54.537+05:30 ERROR 26100 --- [payment-service] [registrationTask1] o.s.s.s.TaskUtils$LoggingErrorHandler    : Unexpected error occurred in scheduled task

java.lang.IllegalStateException: couldn't determine local port. Please set spring.boot.admin.client.instance.service-base-url.
	at de.codecentric.boot.admin.client.registration.DefaultApplicationFactory.getLocalServerPort(DefaultApplicationFactory.java:205) ~[spring-boot-admin-client-3.2.3.jar:3.2.3]
	at de.codecentric.boot.admin.client.registration.DefaultApplicationFactory.getServiceBaseUrl(DefaultApplicationFactory.java:109) ~[spring-boot-admin-client-3.2.3.jar:3.2.3]
	at de.codecentric.boot.admin.client.registration.ServletApplicationFactory.getServiceUrl(ServletApplicationFactory.java:62) ~[spring-boot-admin-client-3.2.3.jar:3.2.3]
	at de.codecentric.boot.admin.client.registration.ServletApplicationFactory.getManagementBaseUrl(ServletApplicationFactory.java:77) ~[spring-boot-admin-client-3.2.3.jar:3.2.3]
	at de.codecentric.boot.admin.client.registration.DefaultApplicationFactory.getHealthUrl(DefaultApplicationFactory.java:165) ~[spring-boot-admin-client-3.2.3.jar:3.2.3]
	at de.codecentric.boot.admin.client.registration.DefaultApplicationFactory.createApplication(DefaultApplicationFactory.java:80) ~[spring-boot-admin-client-3.2.3.jar:3.2.3]
	at de.codecentric.boot.admin.client.registration.DefaultApplicationRegistrator.register(DefaultApplicationRegistrator.java:56) ~[spring-boot-admin-client-3.2.3.jar:3.2.3]
	at org.springframework.scheduling.support.DelegatingErrorHandlingRunnable.run(DelegatingErrorHandlingRunnable.java:54) ~[spring-context-6.1.1.jar:6.1.1]
	at java.base/java.util.concurrent.Executors$RunnableAdapter.call(Executors.java:572) ~[na:na]
	at java.base/java.util.concurrent.FutureTask.runAndReset(FutureTask.java:358) ~[na:na]
	at java.base/java.util.concurrent.ScheduledThreadPoolExecutor$ScheduledFutureTask.run(ScheduledThreadPoolExecutor.java:305) ~[na:na]
	at java.base/java.util.concurrent.ThreadPoolExecutor.runWorker(ThreadPoolExecutor.java:1144) ~[na:na]
	at java.base/java.util.concurrent.ThreadPoolExecutor$Worker.run(ThreadPoolExecutor.java:642) ~[na:na]
	at java.base/java.lang.Thread.run(Thread.java:1583) ~[na:na]

2026-05-16T14:05:54.826+05:30 DEBUG 26100 --- [payment-service] [main] c.p.payment.security.JwtAuthFilter       : Authenticated: test@test.com [ROLE_DRIVER]
2026-05-16T14:05:54.832+05:30 ERROR 26100 --- [payment-service] [main] c.p.payment.security.JwtAuthFilter       : JWT filter error: Test Exception
2026-05-16T14:05:54.836+05:30 DEBUG 26100 --- [payment-service] [main] c.p.payment.security.JwtAuthFilter       : Authenticated: test@test.com [ROLE_DRIVER]
2026-05-16T14:05:54.851+05:30 ERROR 26100 --- [payment-service] [main] c.p.payment.service.PassReceiptService   : Failed to create receipts directory: Z:\bad_path\invalid: Unable to determine if root directory exists
2026-05-16T14:05:54.935+05:30 ERROR 26100 --- [payment-service] [main] c.p.payment.service.PassReceiptService   : Failed to generate pass receipt for txn 11: Z:\bad_path\invalid\ParkEase_PassReceipt_11.pdf (The system cannot find the path specified)
2026-05-16T14:05:55.196+05:30  INFO 26100 --- [payment-service] [main] c.p.payment.service.PassReceiptService   : Pass receipt generated: C:\Users\Hp\AppData\Local\Temp\junit2183290326772305520\ParkEase_PassReceipt_12.pdf
2026-05-16T14:05:55.208+05:30  INFO 26100 --- [payment-service] [main] c.p.payment.service.PassReceiptService   : Pass receipt generated: C:\Users\Hp\AppData\Local\Temp\junit16501656064304554733\ParkEase_PassReceipt_10.pdf
2026-05-16T14:05:55.597+05:30  INFO 26100 --- [payment-service] [main] c.p.payment.service.PassServiceImpl      : Activating pass for driver: aryan@test.com order: order_pass_123
2026-05-16T14:05:55.598+05:30  INFO 26100 --- [payment-service] [main] c.p.payment.service.PassServiceImpl      : Pass 1 activated for driver: aryan@test.com, valid until: 2026-06-15T14:05:55.598130500
2026-05-16T14:05:55.602+05:30  INFO 26100 --- [payment-service] [main] c.p.payment.service.PassServiceImpl      : Processing pass payment for driver: aryan@test.com booking: 103
2026-05-16T14:05:55.611+05:30  INFO 26100 --- [payment-service] [main] c.p.payment.service.PassServiceImpl      : Processing pass payment for driver: aryan@test.com booking: 104
2026-05-16T14:05:55.612+05:30  INFO 26100 --- [payment-service] [main] c.p.payment.service.PassServiceImpl      : Pass payment recorded: PASS-8A7B6964-67E3-4AA6-AC48-B509AEE9BE78 for booking: 104, remaining: 0
2026-05-16T14:05:55.615+05:30  INFO 26100 --- [payment-service] [main] c.p.payment.service.PassServiceImpl      : Cancelling pass for driver: aryan@test.com
2026-05-16T14:05:55.617+05:30  INFO 26100 --- [payment-service] [main] c.p.payment.service.PassServiceImpl      : Pass 1 cancelled by driver: aryan@test.com
2026-05-16T14:05:55.620+05:30  INFO 26100 --- [payment-service] [main] c.p.payment.service.PassServiceImpl      : Scheduler expired 1 pass(es).
2026-05-16T14:05:55.627+05:30  INFO 26100 --- [payment-service] [main] c.p.payment.service.PassServiceImpl      : Pass receipt missing for txn 10, regenerating...
2026-05-16T14:05:55.631+05:30  INFO 26100 --- [payment-service] [main] c.p.payment.service.PassServiceImpl      : Processing pass payment for driver: aryan@test.com booking: 100
2026-05-16T14:05:55.635+05:30  INFO 26100 --- [payment-service] [main] c.p.payment.service.PassServiceImpl      : Processing pass payment for driver: aryan@test.com booking: 102
2026-05-16T14:05:55.637+05:30  INFO 26100 --- [payment-service] [main] c.p.payment.service.PassServiceImpl      : Creating pass order for driver: aryan@test.com
2026-05-16T14:05:55.694+05:30  INFO 26100 --- [payment-service] [main] c.p.payment.service.PassServiceImpl      : Creating pass order for driver: aryan@test.com
2026-05-16T14:05:55.697+05:30  INFO 26100 --- [payment-service] [main] c.p.payment.service.PassServiceImpl      : Razorpay pass order created: order_pass_123 for driver: aryan@test.com
2026-05-16T14:05:55.700+05:30  INFO 26100 --- [payment-service] [main] c.p.payment.service.PassServiceImpl      : Pass 1 lazily expired for driver: aryan@test.com
2026-05-16T14:05:55.706+05:30  INFO 26100 --- [payment-service] [main] c.p.payment.service.PassServiceImpl      : Cancelling pass for driver: aryan@test.com
2026-05-16T14:05:55.719+05:30  INFO 26100 --- [payment-service] [main] c.p.payment.service.PassServiceImpl      : Pass receipt missing for txn 10, regenerating...
2026-05-16T14:05:55.726+05:30  INFO 26100 --- [payment-service] [main] c.p.payment.service.PassServiceImpl      : Pass receipt missing for txn 10, regenerating...
2026-05-16T14:05:55.730+05:30  INFO 26100 --- [payment-service] [main] c.p.payment.service.PassServiceImpl      : Scheduler expired 1 pass(es).
2026-05-16T14:05:55.743+05:30  INFO 26100 --- [payment-service] [main] c.p.payment.service.PassServiceImpl      : Activating pass for driver: aryan@test.com order: order_pass_123
2026-05-16T14:05:55.745+05:30  INFO 26100 --- [payment-service] [main] c.p.payment.service.PassServiceImpl      : Cleaned up 1 old pass record(s) for driver: aryan@test.com
2026-05-16T14:05:55.745+05:30  INFO 26100 --- [payment-service] [main] c.p.payment.service.PassServiceImpl      : Pass 1 activated for driver: aryan@test.com, valid until: 2026-06-15T14:05:55.743773700
2026-05-16T14:05:55.748+05:30  INFO 26100 --- [payment-service] [main] c.p.payment.service.PassServiceImpl      : Processing pass payment for driver: aryan@test.com booking: 101
2026-05-16T14:05:55.752+05:30  INFO 26100 --- [payment-service] [main] c.p.payment.service.PassServiceImpl      : Creating pass order for driver: aryan@test.com
2026-05-16T14:05:55.753+05:30  INFO 26100 --- [payment-service] [main] c.p.payment.service.PassServiceImpl      : Razorpay pass order created: order_pass_456 for driver: aryan@test.com
2026-05-16T14:05:55.756+05:30  INFO 26100 --- [payment-service] [main] c.p.payment.service.PassServiceImpl      : Processing pass payment for driver: aryan@test.com booking: 100
2026-05-16T14:05:55.757+05:30  INFO 26100 --- [payment-service] [main] c.p.payment.service.PassServiceImpl      : Pass payment recorded: PASS-AEAA9738-212F-405E-A9A1-633E72049ED5 for booking: 100, remaining: 144
2026-05-16T14:05:55.763+05:30  INFO 26100 --- [payment-service] [main] c.p.payment.service.PassServiceImpl      : Activating pass for driver: aryan@test.com order: order_pass_123
2026-05-16T14:05:55.768+05:30  INFO 26100 --- [payment-service] [main] c.p.payment.service.PassServiceImpl      : Creating pass order for driver: aryan@test.com
2026-05-16T14:05:55.768+05:30 ERROR 26100 --- [payment-service] [main] c.p.payment.service.PassServiceImpl      : Razorpay pass order creation failed: Network error
2026-05-16T14:05:55.771+05:30  INFO 26100 --- [payment-service] [main] c.p.payment.service.PassServiceImpl      : Cancelling pass for driver: aryan@test.com
2026-05-16T14:05:56.055+05:30  INFO 26100 --- [payment-service] [main] c.p.payment.service.PaymentServiceImpl   : Processing refund for booking: 100
2026-05-16T14:05:56.056+05:30  INFO 26100 --- [payment-service] [main] c.p.payment.service.PaymentServiceImpl   : Razorpay refund created: refund_123
2026-05-16T14:05:56.062+05:30  INFO 26100 --- [payment-service] [main] c.p.payment.service.PaymentServiceImpl   : Processing refund for booking: 100
2026-05-16T14:05:56.063+05:30  INFO 26100 --- [payment-service] [main] c.p.payment.service.PaymentServiceImpl   : Razorpay refund created: refund_123
2026-05-16T14:05:56.073+05:30  INFO 26100 --- [payment-service] [main] c.p.payment.service.PaymentServiceImpl   : Creating Razorpay order for booking: 100 amount: Rs.150.0
2026-05-16T14:05:56.074+05:30  INFO 26100 --- [payment-service] [main] c.p.payment.service.PaymentServiceImpl   : Razorpay order created: order_123
2026-05-16T14:05:56.077+05:30  INFO 26100 --- [payment-service] [main] c.p.payment.service.PaymentServiceImpl   : Processing refund for booking: 999
2026-05-16T14:05:56.136+05:30  INFO 26100 --- [payment-service] [main] c.p.payment.service.PaymentServiceImpl   : Verifying payment for order: order_123
2026-05-16T14:05:56.137+05:30  INFO 26100 --- [payment-service] [main] c.p.payment.service.PaymentServiceImpl   : Payment 1 verified and marked as PAID
2026-05-16T14:05:56.143+05:30  INFO 26100 --- [payment-service] [main] c.p.payment.service.PaymentServiceImpl   : Creating Razorpay order for booking: 100 amount: Rs.150.0
2026-05-16T14:05:56.146+05:30  INFO 26100 --- [payment-service] [main] c.p.payment.service.PaymentServiceImpl   : Verifying payment for order: order_123
2026-05-16T14:05:56.148+05:30  INFO 26100 --- [payment-service] [main] c.p.payment.service.PaymentServiceImpl   : Payment 1 verified and marked as PAID
2026-05-16T14:05:56.152+05:30  INFO 26100 --- [payment-service] [main] c.p.payment.service.PaymentServiceImpl   : Verifying payment for order: order_123
2026-05-16T14:05:56.152+05:30  INFO 26100 --- [payment-service] [main] c.p.payment.service.PaymentServiceImpl   : Payment 1 verified and marked as PAID
2026-05-16T14:05:56.157+05:30  INFO 26100 --- [payment-service] [main] c.p.payment.service.PaymentServiceImpl   : Receipt missing for payment 1, regenerating...
2026-05-16T14:05:56.167+05:30  INFO 26100 --- [payment-service] [main] c.p.payment.service.PaymentServiceImpl   : Verifying payment for order: order_123
2026-05-16T14:05:56.168+05:30  WARN 26100 --- [payment-service] [main] c.p.payment.service.PaymentServiceImpl   : Invalid signature for order: order_123
2026-05-16T14:05:56.170+05:30  INFO 26100 --- [payment-service] [main] c.p.payment.service.PaymentServiceImpl   : Processing refund for booking: 100
2026-05-16T14:05:56.175+05:30  INFO 26100 --- [payment-service] [main] c.p.payment.service.PaymentServiceImpl   : Processing refund for booking: 100
2026-05-16T14:05:56.176+05:30 ERROR 26100 --- [payment-service] [main] c.p.payment.service.PaymentServiceImpl   : Refund failed for payment 1: Razorpay error
2026-05-16T14:05:56.179+05:30  INFO 26100 --- [payment-service] [main] c.p.payment.service.PaymentServiceImpl   : Receipt missing for payment 1, regenerating...
2026-05-16T14:05:56.183+05:30  INFO 26100 --- [payment-service] [main] c.p.payment.service.PaymentServiceImpl   : Creating Razorpay order for booking: 100 amount: Rs.150.0
2026-05-16T14:05:56.184+05:30 ERROR 26100 --- [payment-service] [main] c.p.payment.service.PaymentServiceImpl   : Razorpay order creation failed: Razorpay error
2026-05-16T14:05:56.187+05:30  INFO 26100 --- [payment-service] [main] c.p.payment.service.PaymentServiceImpl   : Verifying payment for order: order_123
2026-05-16T14:05:56.188+05:30  WARN 26100 --- [payment-service] [main] c.p.payment.service.PaymentServiceImpl   : Could not fetch payment method from Razorpay: Fetch error
2026-05-16T14:05:56.188+05:30  INFO 26100 --- [payment-service] [main] c.p.payment.service.PaymentServiceImpl   : Payment 1 verified and marked as PAID
2026-05-16T14:05:56.192+05:30  INFO 26100 --- [payment-service] [main] c.p.payment.service.PaymentServiceImpl   : Verifying payment for order: order_123
2026-05-16T14:05:56.193+05:30  INFO 26100 --- [payment-service] [main] c.p.payment.service.PaymentServiceImpl   : Payment 1 verified and marked as PAID
2026-05-16T14:05:56.197+05:30  INFO 26100 --- [payment-service] [main] c.p.payment.service.PaymentServiceImpl   : Verifying payment for order: order_not_found
2026-05-16T14:05:56.211+05:30  INFO 26100 --- [payment-service] [main] c.p.payment.service.ReceiptService       : Receipt generated: C:\Users\Hp\AppData\Local\Temp\junit11695552736271356850\ParkEase_Receipt_3.pdf
2026-05-16T14:05:56.228+05:30  INFO 26100 --- [payment-service] [main] c.p.payment.service.ReceiptService       : Receipt generated: C:\Users\Hp\AppData\Local\Temp\junit8721325987274806824\ParkEase_Receipt_1.pdf
2026-05-16T14:05:56.233+05:30 ERROR 26100 --- [payment-service] [main] c.p.payment.service.ReceiptService       : Failed to create receipts directory: Z:\non_existent_drive\invalid: Unable to determine if root directory exists
2026-05-16T14:05:56.233+05:30 ERROR 26100 --- [payment-service] [main] c.p.payment.service.ReceiptService       : Failed to generate receipt for payment 1: Z:\non_existent_drive\invalid\ParkEase_Receipt_1.pdf (The system cannot find the path specified)
2026-05-16T14:05:56.242+05:30  INFO 26100 --- [payment-service] [main] c.p.payment.service.ReceiptService       : Receipt generated: C:\Users\Hp\AppData\Local\Temp\junit3457287206240062015\ParkEase_Receipt_2.pdf
2026-05-16T14:05:56.308+05:30  WARN 26100 --- [payment-service] [main] com.parkease.payment.util.JwtUtil        : JWT invalid: JWT expired at 2026-05-16T08:35:51Z. Current time: 2026-05-16T08:35:56Z, a difference of 5306 milliseconds.  Allowed clock skew: 0 milliseconds.
2026-05-16T14:05:56.312+05:30  WARN 26100 --- [payment-service] [main] com.parkease.payment.util.JwtUtil        : JWT invalid: JWT strings must contain exactly 2 period characters. Found: 0
2026-05-16T14:05:56.342+05:30  INFO 26100 --- [payment-service] [SpringApplicationShutdownHook] o.s.c.n.e.s.EurekaServiceRegistry        : Unregistering application PAYMENT-SERVICE with eureka with status DOWN
2026-05-16T14:05:56.342+05:30  INFO 26100 --- [payment-service] [SpringApplicationShutdownHook] com.netflix.discovery.DiscoveryClient    : Saw local status change event StatusChangeEvent [timestamp=1778920556342, current=DOWN, previous=UP]
2026-05-16T14:05:56.342+05:30  INFO 26100 --- [payment-service] [DiscoveryClient-InstanceInfoReplicator-0] com.netflix.discovery.DiscoveryClient    : DiscoveryClient_PAYMENT-SERVICE/localhost:payment-service:8086: registering service...
2026-05-16T14:05:56.366+05:30  INFO 26100 --- [payment-service] [SpringApplicationShutdownHook] j.LocalContainerEntityManagerFactoryBean : Closing JPA EntityManagerFactory for persistence unit 'default'
2026-05-16T14:05:56.369+05:30  INFO 26100 --- [payment-service] [SpringApplicationShutdownHook] com.zaxxer.hikari.HikariDataSource       : HikariPool-1 - Shutdown initiated...
2026-05-16T14:05:56.371+05:30  INFO 26100 --- [payment-service] [DiscoveryClient-InstanceInfoReplicator-0] c.n.d.s.t.d.RedirectingEurekaHttpClient  : Request execution error. endpoint=DefaultEndpoint{ serviceUrl='http://localhost:8761/eureka/}, exception=I/O error on POST request for "http://localhost:8761/eureka/apps/PAYMENT-SERVICE": Socket closed stacktrace=org.springframework.web.client.ResourceAccessException: I/O error on POST request for "http://localhost:8761/eureka/apps/PAYMENT-SERVICE": Socket closed
	at org.springframework.web.client.RestTemplate.createResourceAccessException(RestTemplate.java:905)
	at org.springframework.web.client.RestTemplate.doExecute(RestTemplate.java:885)
	at org.springframework.web.client.RestTemplate.execute(RestTemplate.java:781)
	at org.springframework.web.client.RestTemplate.exchange(RestTemplate.java:663)
	at org.springframework.cloud.netflix.eureka.http.RestTemplateEurekaHttpClient.register(RestTemplateEurekaHttpClient.java:77)
	at com.netflix.discovery.shared.transport.decorator.EurekaHttpClientDecorator$1.execute(EurekaHttpClientDecorator.java:59)
	at com.netflix.discovery.shared.transport.decorator.RedirectingEurekaHttpClient.executeOnNewServer(RedirectingEurekaHttpClient.java:121)
	at com.netflix.discovery.shared.transport.decorator.RedirectingEurekaHttpClient.execute(RedirectingEurekaHttpClient.java:80)
	at com.netflix.discovery.shared.transport.decorator.EurekaHttpClientDecorator.register(EurekaHttpClientDecorator.java:56)
	at com.netflix.discovery.shared.transport.decorator.EurekaHttpClientDecorator$1.execute(EurekaHttpClientDecorator.java:59)
	at com.netflix.discovery.shared.transport.decorator.RetryableEurekaHttpClient.execute(RetryableEurekaHttpClient.java:120)
	at com.netflix.discovery.shared.transport.decorator.EurekaHttpClientDecorator.register(EurekaHttpClientDecorator.java:56)
	at com.netflix.discovery.shared.transport.decorator.EurekaHttpClientDecorator$1.execute(EurekaHttpClientDecorator.java:59)
	at com.netflix.discovery.shared.transport.decorator.SessionedEurekaHttpClient.execute(SessionedEurekaHttpClient.java:77)
	at com.netflix.discovery.shared.transport.decorator.EurekaHttpClientDecorator.register(EurekaHttpClientDecorator.java:56)
	at com.netflix.discovery.DiscoveryClient.register(DiscoveryClient.java:820)
	at com.netflix.discovery.InstanceInfoReplicator.run(InstanceInfoReplicator.java:121)
	at com.netflix.discovery.InstanceInfoReplicator$1.run(InstanceInfoReplicator.java:101)
	at java.base/java.util.concurrent.Executors$RunnableAdapter.call(Executors.java:572)
	at java.base/java.util.concurrent.FutureTask.run(FutureTask.java:317)
	at java.base/java.util.concurrent.ScheduledThreadPoolExecutor$ScheduledFutureTask.run(ScheduledThreadPoolExecutor.java:304)
	at java.base/java.util.concurrent.ThreadPoolExecutor.runWorker(ThreadPoolExecutor.java:1144)
	at java.base/java.util.concurrent.ThreadPoolExecutor$Worker.run(ThreadPoolExecutor.java:642)
	at java.base/java.lang.Thread.run(Thread.java:1583)
Caused by: java.net.SocketException: Socket closed
	at java.base/sun.nio.ch.NioSocketImpl.endConnect(NioSocketImpl.java:531)
	at java.base/sun.nio.ch.NioSocketImpl.connect(NioSocketImpl.java:604)
	at java.base/java.net.SocksSocketImpl.connect(SocksSocketImpl.java:327)
	at java.base/java.net.Socket.connect(Socket.java:751)
	at org.apache.hc.client5.http.socket.PlainConnectionSocketFactory.lambda$connectSocket$0(PlainConnectionSocketFactory.java:85)
	at java.base/java.security.AccessController.doPrivileged(AccessController.java:571)
	at org.apache.hc.client5.http.socket.PlainConnectionSocketFactory.connectSocket(PlainConnectionSocketFactory.java:84)
	at org.apache.hc.client5.http.socket.ConnectionSocketFactory.connectSocket(ConnectionSocketFactory.java:113)
	at org.apache.hc.client5.http.impl.io.DefaultHttpClientConnectionOperator.connect(DefaultHttpClientConnectionOperator.java:181)
	at org.apache.hc.client5.http.impl.io.PoolingHttpClientConnectionManager.connect(PoolingHttpClientConnectionManager.java:447)
	at org.apache.hc.client5.http.impl.classic.InternalExecRuntime.connectEndpoint(InternalExecRuntime.java:162)
	at org.apache.hc.client5.http.impl.classic.InternalExecRuntime.connectEndpoint(InternalExecRuntime.java:172)
	at org.apache.hc.client5.http.impl.classic.ConnectExec.execute(ConnectExec.java:142)
	at org.apache.hc.client5.http.impl.classic.ExecChainElement.execute(ExecChainElement.java:51)
	at org.apache.hc.client5.http.impl.classic.ProtocolExec.execute(ProtocolExec.java:192)
	at org.apache.hc.client5.http.impl.classic.ExecChainElement.execute(ExecChainElement.java:51)
	at org.apache.hc.client5.http.impl.classic.HttpRequestRetryExec.execute(HttpRequestRetryExec.java:96)
	at org.apache.hc.client5.http.impl.classic.ExecChainElement.execute(ExecChainElement.java:51)
	at org.apache.hc.client5.http.impl.classic.ContentCompressionExec.execute(ContentCompressionExec.java:152)
	at org.apache.hc.client5.http.impl.classic.ExecChainElement.execute(ExecChainElement.java:51)
	at org.apache.hc.client5.http.impl.classic.RedirectExec.execute(RedirectExec.java:115)
	at org.apache.hc.client5.http.impl.classic.ExecChainElement.execute(ExecChainElement.java:51)
	at org.apache.hc.client5.http.impl.classic.InternalHttpClient.doExecute(InternalHttpClient.java:170)
	at org.apache.hc.client5.http.impl.classic.CloseableHttpClient.execute(CloseableHttpClient.java:87)
	at org.apache.hc.client5.http.impl.classic.CloseableHttpClient.execute(CloseableHttpClient.java:55)
	at org.apache.hc.client5.http.classic.HttpClient.executeOpen(HttpClient.java:183)
	at org.springframework.http.client.HttpComponentsClientHttpRequest.executeInternal(HttpComponentsClientHttpRequest.java:95)
	at org.springframework.http.client.AbstractStreamingClientHttpRequest.executeInternal(AbstractStreamingClientHttpRequest.java:70)
	at org.springframework.http.client.AbstractClientHttpRequest.execute(AbstractClientHttpRequest.java:66)
	at org.springframework.http.client.InterceptingClientHttpRequest$InterceptingRequestExecution.execute(InterceptingClientHttpRequest.java:101)
	at org.springframework.cloud.netflix.eureka.http.RestTemplateTransportClientFactory.lambda$restTemplate$0(RestTemplateTransportClientFactory.java:143)
	at org.springframework.http.client.InterceptingClientHttpRequest$InterceptingRequestExecution.execute(InterceptingClientHttpRequest.java:87)
	at org.springframework.http.client.InterceptingClientHttpRequest.executeInternal(InterceptingClientHttpRequest.java:71)
	at org.springframework.http.client.AbstractBufferingClientHttpRequest.executeInternal(AbstractBufferingClientHttpRequest.java:48)
	at org.springframework.http.client.AbstractClientHttpRequest.execute(AbstractClientHttpRequest.java:66)
	at org.springframework.web.client.RestTemplate.doExecute(RestTemplate.java:879)
	... 22 more

2026-05-16T14:05:56.371+05:30  WARN 26100 --- [payment-service] [DiscoveryClient-InstanceInfoReplicator-0] c.n.d.s.t.d.RetryableEurekaHttpClient    : Request execution failed with message: I/O error on POST request for "http://localhost:8761/eureka/apps/PAYMENT-SERVICE": Socket closed
2026-05-16T14:05:56.371+05:30  WARN 26100 --- [payment-service] [DiscoveryClient-InstanceInfoReplicator-0] com.netflix.discovery.DiscoveryClient    : DiscoveryClient_PAYMENT-SERVICE/localhost:payment-service:8086 - registration failed Cannot execute request on any known server

com.netflix.discovery.shared.transport.TransportException: Cannot execute request on any known server
	at com.netflix.discovery.shared.transport.decorator.RetryableEurekaHttpClient.execute(RetryableEurekaHttpClient.java:112) ~[eureka-client-2.0.2.jar:2.0.2]
	at com.netflix.discovery.shared.transport.decorator.EurekaHttpClientDecorator.register(EurekaHttpClientDecorator.java:56) ~[eureka-client-2.0.2.jar:2.0.2]
	at com.netflix.discovery.shared.transport.decorator.EurekaHttpClientDecorator$1.execute(EurekaHttpClientDecorator.java:59) ~[eureka-client-2.0.2.jar:2.0.2]
	at com.netflix.discovery.shared.transport.decorator.SessionedEurekaHttpClient.execute(SessionedEurekaHttpClient.java:77) ~[eureka-client-2.0.2.jar:2.0.2]
	at com.netflix.discovery.shared.transport.decorator.EurekaHttpClientDecorator.register(EurekaHttpClientDecorator.java:56) ~[eureka-client-2.0.2.jar:2.0.2]
	at com.netflix.discovery.DiscoveryClient.register(DiscoveryClient.java:820) ~[eureka-client-2.0.2.jar:2.0.2]
	at com.netflix.discovery.InstanceInfoReplicator.run(InstanceInfoReplicator.java:121) ~[eureka-client-2.0.2.jar:2.0.2]
	at com.netflix.discovery.InstanceInfoReplicator$1.run(InstanceInfoReplicator.java:101) ~[eureka-client-2.0.2.jar:2.0.2]
	at java.base/java.util.concurrent.Executors$RunnableAdapter.call(Executors.java:572) ~[na:na]
	at java.base/java.util.concurrent.FutureTask.run(FutureTask.java:317) ~[na:na]
	at java.base/java.util.concurrent.ScheduledThreadPoolExecutor$ScheduledFutureTask.run(ScheduledThreadPoolExecutor.java:304) ~[na:na]
	at java.base/java.util.concurrent.ThreadPoolExecutor.runWorker(ThreadPoolExecutor.java:1144) ~[na:na]
	at java.base/java.util.concurrent.ThreadPoolExecutor$Worker.run(ThreadPoolExecutor.java:642) ~[na:na]
	at java.base/java.lang.Thread.run(Thread.java:1583) ~[na:na]

2026-05-16T14:05:56.372+05:30  WARN 26100 --- [payment-service] [DiscoveryClient-InstanceInfoReplicator-0] c.n.discovery.InstanceInfoReplicator     : There was a problem with the instance info replicator

com.netflix.discovery.shared.transport.TransportException: Cannot execute request on any known server
	at com.netflix.discovery.shared.transport.decorator.RetryableEurekaHttpClient.execute(RetryableEurekaHttpClient.java:112) ~[eureka-client-2.0.2.jar:2.0.2]
	at com.netflix.discovery.shared.transport.decorator.EurekaHttpClientDecorator.register(EurekaHttpClientDecorator.java:56) ~[eureka-client-2.0.2.jar:2.0.2]
	at com.netflix.discovery.shared.transport.decorator.EurekaHttpClientDecorator$1.execute(EurekaHttpClientDecorator.java:59) ~[eureka-client-2.0.2.jar:2.0.2]
	at com.netflix.discovery.shared.transport.decorator.SessionedEurekaHttpClient.execute(SessionedEurekaHttpClient.java:77) ~[eureka-client-2.0.2.jar:2.0.2]
	at com.netflix.discovery.shared.transport.decorator.EurekaHttpClientDecorator.register(EurekaHttpClientDecorator.java:56) ~[eureka-client-2.0.2.jar:2.0.2]
	at com.netflix.discovery.DiscoveryClient.register(DiscoveryClient.java:820) ~[eureka-client-2.0.2.jar:2.0.2]
	at com.netflix.discovery.InstanceInfoReplicator.run(InstanceInfoReplicator.java:121) ~[eureka-client-2.0.2.jar:2.0.2]
	at com.netflix.discovery.InstanceInfoReplicator$1.run(InstanceInfoReplicator.java:101) ~[eureka-client-2.0.2.jar:2.0.2]
	at java.base/java.util.concurrent.Executors$RunnableAdapter.call(Executors.java:572) ~[na:na]
	at java.base/java.util.concurrent.FutureTask.run(FutureTask.java:317) ~[na:na]
	at java.base/java.util.concurrent.ScheduledThreadPoolExecutor$ScheduledFutureTask.run(ScheduledThreadPoolExecutor.java:304) ~[na:na]
	at java.base/java.util.concurrent.ThreadPoolExecutor.runWorker(ThreadPoolExecutor.java:1144) ~[na:na]
	at java.base/java.util.concurrent.ThreadPoolExecutor$Worker.run(ThreadPoolExecutor.java:642) ~[na:na]
	at java.base/java.lang.Thread.run(Thread.java:1583) ~[na:na]

2026-05-16T14:05:56.645+05:30  INFO 26100 --- [payment-service] [SpringApplicationShutdownHook] com.zaxxer.hikari.HikariDataSource       : HikariPool-1 - Shutdown completed.
2026-05-16T14:05:56.645+05:30  INFO 26100 --- [payment-service] [SpringApplicationShutdownHook] com.netflix.discovery.DiscoveryClient    : Shutting down DiscoveryClient ...
2026-05-16T14:05:59.656+05:30  INFO 26100 --- [payment-service] [SpringApplicationShutdownHook] com.netflix.discovery.DiscoveryClient    : Unregistering ...
2026-05-16T14:05:59.661+05:30  INFO 26100 --- [payment-service] [SpringApplicationShutdownHook] c.n.d.s.t.d.RedirectingEurekaHttpClient  : Request execution error. endpoint=DefaultEndpoint{ serviceUrl='http://localhost:8761/eureka/}, exception=Connection pool shut down stacktrace=java.lang.IllegalStateException: Connection pool shut down
	at org.apache.hc.core5.util.Asserts.check(Asserts.java:38)
	at org.apache.hc.core5.pool.StrictConnPool.lease(StrictConnPool.java:176)
	at org.apache.hc.client5.http.impl.io.PoolingHttpClientConnectionManager.lease(PoolingHttpClientConnectionManager.java:298)
	at org.apache.hc.client5.http.impl.classic.InternalExecRuntime.acquireEndpoint(InternalExecRuntime.java:103)
	at org.apache.hc.client5.http.impl.classic.ConnectExec.execute(ConnectExec.java:125)
	at org.apache.hc.client5.http.impl.classic.ExecChainElement.execute(ExecChainElement.java:51)
	at org.apache.hc.client5.http.impl.classic.ProtocolExec.execute(ProtocolExec.java:192)
	at org.apache.hc.client5.http.impl.classic.ExecChainElement.execute(ExecChainElement.java:51)
	at org.apache.hc.client5.http.impl.classic.HttpRequestRetryExec.execute(HttpRequestRetryExec.java:96)
	at org.apache.hc.client5.http.impl.classic.ExecChainElement.execute(ExecChainElement.java:51)
	at org.apache.hc.client5.http.impl.classic.ContentCompressionExec.execute(ContentCompressionExec.java:152)
	at org.apache.hc.client5.http.impl.classic.ExecChainElement.execute(ExecChainElement.java:51)
	at org.apache.hc.client5.http.impl.classic.RedirectExec.execute(RedirectExec.java:115)
	at org.apache.hc.client5.http.impl.classic.ExecChainElement.execute(ExecChainElement.java:51)
	at org.apache.hc.client5.http.impl.classic.InternalHttpClient.doExecute(InternalHttpClient.java:170)
	at org.apache.hc.client5.http.impl.classic.CloseableHttpClient.execute(CloseableHttpClient.java:87)
	at org.apache.hc.client5.http.impl.classic.CloseableHttpClient.execute(CloseableHttpClient.java:55)
	at org.apache.hc.client5.http.classic.HttpClient.executeOpen(HttpClient.java:183)
	at org.springframework.http.client.HttpComponentsClientHttpRequest.executeInternal(HttpComponentsClientHttpRequest.java:95)
	at org.springframework.http.client.AbstractStreamingClientHttpRequest.executeInternal(AbstractStreamingClientHttpRequest.java:70)
	at org.springframework.http.client.AbstractClientHttpRequest.execute(AbstractClientHttpRequest.java:66)
	at org.springframework.http.client.InterceptingClientHttpRequest$InterceptingRequestExecution.execute(InterceptingClientHttpRequest.java:101)
	at org.springframework.cloud.netflix.eureka.http.RestTemplateTransportClientFactory.lambda$restTemplate$0(RestTemplateTransportClientFactory.java:143)
	at org.springframework.http.client.InterceptingClientHttpRequest$InterceptingRequestExecution.execute(InterceptingClientHttpRequest.java:87)
	at org.springframework.http.client.InterceptingClientHttpRequest.executeInternal(InterceptingClientHttpRequest.java:71)
	at org.springframework.http.client.AbstractBufferingClientHttpRequest.executeInternal(AbstractBufferingClientHttpRequest.java:48)
	at org.springframework.http.client.AbstractClientHttpRequest.execute(AbstractClientHttpRequest.java:66)
	at org.springframework.web.client.RestTemplate.doExecute(RestTemplate.java:879)
	at org.springframework.web.client.RestTemplate.execute(RestTemplate.java:781)
	at org.springframework.web.client.RestTemplate.exchange(RestTemplate.java:663)
	at org.springframework.cloud.netflix.eureka.http.RestTemplateEurekaHttpClient.cancel(RestTemplateEurekaHttpClient.java:87)
	at com.netflix.discovery.shared.transport.decorator.EurekaHttpClientDecorator$2.execute(EurekaHttpClientDecorator.java:74)
	at com.netflix.discovery.shared.transport.decorator.RedirectingEurekaHttpClient.executeOnNewServer(RedirectingEurekaHttpClient.java:121)
	at com.netflix.discovery.shared.transport.decorator.RedirectingEurekaHttpClient.execute(RedirectingEurekaHttpClient.java:80)
	at com.netflix.discovery.shared.transport.decorator.EurekaHttpClientDecorator.cancel(EurekaHttpClientDecorator.java:71)
	at com.netflix.discovery.shared.transport.decorator.EurekaHttpClientDecorator$2.execute(EurekaHttpClientDecorator.java:74)
	at com.netflix.discovery.shared.transport.decorator.RetryableEurekaHttpClient.execute(RetryableEurekaHttpClient.java:120)
	at com.netflix.discovery.shared.transport.decorator.EurekaHttpClientDecorator.cancel(EurekaHttpClientDecorator.java:71)
	at com.netflix.discovery.shared.transport.decorator.EurekaHttpClientDecorator$2.execute(EurekaHttpClientDecorator.java:74)
	at com.netflix.discovery.shared.transport.decorator.SessionedEurekaHttpClient.execute(SessionedEurekaHttpClient.java:77)
	at com.netflix.discovery.shared.transport.decorator.EurekaHttpClientDecorator.cancel(EurekaHttpClientDecorator.java:71)
	at com.netflix.discovery.DiscoveryClient.unregister(DiscoveryClient.java:916)
	at com.netflix.discovery.DiscoveryClient.shutdown(DiscoveryClient.java:892)
	at java.base/jdk.internal.reflect.DirectMethodHandleAccessor.invoke(DirectMethodHandleAccessor.java:103)
	at java.base/java.lang.reflect.Method.invoke(Method.java:580)
	at org.springframework.beans.factory.annotation.InitDestroyAnnotationBeanPostProcessor$LifecycleMethod.invoke(InitDestroyAnnotationBeanPostProcessor.java:457)
	at org.springframework.beans.factory.annotation.InitDestroyAnnotationBeanPostProcessor$LifecycleMetadata.invokeDestroyMethods(InitDestroyAnnotationBeanPostProcessor.java:415)
	at org.springframework.beans.factory.annotation.InitDestroyAnnotationBeanPostProcessor.postProcessBeforeDestruction(InitDestroyAnnotationBeanPostProcessor.java:239)
	at org.springframework.beans.factory.support.DisposableBeanAdapter.destroy(DisposableBeanAdapter.java:202)
	at org.springframework.beans.factory.support.DisposableBeanAdapter.run(DisposableBeanAdapter.java:195)
	at org.springframework.cloud.context.scope.GenericScope$BeanLifecycleWrapper.destroy(GenericScope.java:389)
	at org.springframework.cloud.context.scope.GenericScope.destroy(GenericScope.java:136)
	at org.springframework.beans.factory.support.DisposableBeanAdapter.destroy(DisposableBeanAdapter.java:211)
	at org.springframework.beans.factory.support.DefaultSingletonBeanRegistry.destroyBean(DefaultSingletonBeanRegistry.java:587)
	at org.springframework.beans.factory.support.DefaultSingletonBeanRegistry.destroySingleton(DefaultSingletonBeanRegistry.java:559)
	at org.springframework.beans.factory.support.DefaultListableBeanFactory.destroySingleton(DefaultListableBeanFactory.java:1200)
	at org.springframework.beans.factory.support.DefaultSingletonBeanRegistry.destroySingletons(DefaultSingletonBeanRegistry.java:520)
	at org.springframework.beans.factory.support.DefaultListableBeanFactory.destroySingletons(DefaultListableBeanFactory.java:1193)
	at org.springframework.context.support.AbstractApplicationContext.destroyBeans(AbstractApplicationContext.java:1125)
	at org.springframework.context.support.AbstractApplicationContext.doClose(AbstractApplicationContext.java:1086)
	at org.springframework.context.support.AbstractApplicationContext.close(AbstractApplicationContext.java:1037)
	at org.springframework.boot.SpringApplicationShutdownHook.closeAndWait(SpringApplicationShutdownHook.java:145)
	at java.base/java.lang.Iterable.forEach(Iterable.java:75)
	at org.springframework.boot.SpringApplicationShutdownHook.run(SpringApplicationShutdownHook.java:114)
	at java.base/java.lang.Thread.run(Thread.java:1583)

2026-05-16T14:05:59.662+05:30  WARN 26100 --- [payment-service] [SpringApplicationShutdownHook] c.n.d.s.t.d.RetryableEurekaHttpClient    : Request execution failed with message: Connection pool shut down
2026-05-16T14:05:59.662+05:30 ERROR 26100 --- [payment-service] [SpringApplicationShutdownHook] com.netflix.discovery.DiscoveryClient    : DiscoveryClient_PAYMENT-SERVICE/localhost:payment-service:8086 - de-registration failedCannot execute request on any known server

com.netflix.discovery.shared.transport.TransportException: Cannot execute request on any known server
	at com.netflix.discovery.shared.transport.decorator.RetryableEurekaHttpClient.execute(RetryableEurekaHttpClient.java:112) ~[eureka-client-2.0.2.jar:2.0.2]
	at com.netflix.discovery.shared.transport.decorator.EurekaHttpClientDecorator.cancel(EurekaHttpClientDecorator.java:71) ~[eureka-client-2.0.2.jar:2.0.2]
	at com.netflix.discovery.shared.transport.decorator.EurekaHttpClientDecorator$2.execute(EurekaHttpClientDecorator.java:74) ~[eureka-client-2.0.2.jar:2.0.2]
	at com.netflix.discovery.shared.transport.decorator.SessionedEurekaHttpClient.execute(SessionedEurekaHttpClient.java:77) ~[eureka-client-2.0.2.jar:2.0.2]
	at com.netflix.discovery.shared.transport.decorator.EurekaHttpClientDecorator.cancel(EurekaHttpClientDecorator.java:71) ~[eureka-client-2.0.2.jar:2.0.2]
	at com.netflix.discovery.DiscoveryClient.unregister(DiscoveryClient.java:916) ~[eureka-client-2.0.2.jar:2.0.2]
	at com.netflix.discovery.DiscoveryClient.shutdown(DiscoveryClient.java:892) ~[eureka-client-2.0.2.jar:2.0.2]
	at java.base/jdk.internal.reflect.DirectMethodHandleAccessor.invoke(DirectMethodHandleAccessor.java:103) ~[na:na]
	at java.base/java.lang.reflect.Method.invoke(Method.java:580) ~[na:na]
	at org.springframework.beans.factory.annotation.InitDestroyAnnotationBeanPostProcessor$LifecycleMethod.invoke(InitDestroyAnnotationBeanPostProcessor.java:457) ~[spring-beans-6.1.1.jar:6.1.1]
	at org.springframework.beans.factory.annotation.InitDestroyAnnotationBeanPostProcessor$LifecycleMetadata.invokeDestroyMethods(InitDestroyAnnotationBeanPostProcessor.java:415) ~[spring-beans-6.1.1.jar:6.1.1]
	at org.springframework.beans.factory.annotation.InitDestroyAnnotationBeanPostProcessor.postProcessBeforeDestruction(InitDestroyAnnotationBeanPostProcessor.java:239) ~[spring-beans-6.1.1.jar:6.1.1]
	at org.springframework.beans.factory.support.DisposableBeanAdapter.destroy(DisposableBeanAdapter.java:202) ~[spring-beans-6.1.1.jar:6.1.1]
	at org.springframework.beans.factory.support.DisposableBeanAdapter.run(DisposableBeanAdapter.java:195) ~[spring-beans-6.1.1.jar:6.1.1]
	at org.springframework.cloud.context.scope.GenericScope$BeanLifecycleWrapper.destroy(GenericScope.java:389) ~[spring-cloud-context-4.1.2.jar:4.1.2]
	at org.springframework.cloud.context.scope.GenericScope.destroy(GenericScope.java:136) ~[spring-cloud-context-4.1.2.jar:4.1.2]
	at org.springframework.beans.factory.support.DisposableBeanAdapter.destroy(DisposableBeanAdapter.java:211) ~[spring-beans-6.1.1.jar:6.1.1]
	at org.springframework.beans.factory.support.DefaultSingletonBeanRegistry.destroyBean(DefaultSingletonBeanRegistry.java:587) ~[spring-beans-6.1.1.jar:6.1.1]
	at org.springframework.beans.factory.support.DefaultSingletonBeanRegistry.destroySingleton(DefaultSingletonBeanRegistry.java:559) ~[spring-beans-6.1.1.jar:6.1.1]
	at org.springframework.beans.factory.support.DefaultListableBeanFactory.destroySingleton(DefaultListableBeanFactory.java:1200) ~[spring-beans-6.1.1.jar:6.1.1]
	at org.springframework.beans.factory.support.DefaultSingletonBeanRegistry.destroySingletons(DefaultSingletonBeanRegistry.java:520) ~[spring-beans-6.1.1.jar:6.1.1]
	at org.springframework.beans.factory.support.DefaultListableBeanFactory.destroySingletons(DefaultListableBeanFactory.java:1193) ~[spring-beans-6.1.1.jar:6.1.1]
	at org.springframework.context.support.AbstractApplicationContext.destroyBeans(AbstractApplicationContext.java:1125) ~[spring-context-6.1.1.jar:6.1.1]
	at org.springframework.context.support.AbstractApplicationContext.doClose(AbstractApplicationContext.java:1086) ~[spring-context-6.1.1.jar:6.1.1]
	at org.springframework.context.support.AbstractApplicationContext.close(AbstractApplicationContext.java:1037) ~[spring-context-6.1.1.jar:6.1.1]
	at org.springframework.boot.SpringApplicationShutdownHook.closeAndWait(SpringApplicationShutdownHook.java:145) ~[spring-boot-3.2.0.jar:3.2.0]
	at java.base/java.lang.Iterable.forEach(Iterable.java:75) ~[na:na]
	at org.springframework.boot.SpringApplicationShutdownHook.run(SpringApplicationShutdownHook.java:114) ~[spring-boot-3.2.0.jar:3.2.0]
	at java.base/java.lang.Thread.run(Thread.java:1583) ~[na:na]

2026-05-16T14:05:59.666+05:30  INFO 26100 --- [payment-service] [SpringApplicationShutdownHook] com.netflix.discovery.DiscoveryClient    : Completed shut down of DiscoveryClient
2026-05-16T14:18:15.953+05:30  WARN 21248 --- [payment-service] [main] ory$DuplicateJsonObjectContextCustomizer : 

Found multiple occurrences of org.json.JSONObject on the class path:

	jar:file:/C:/Users/Hp/.m2/repository/org/json/json/20180130/json-20180130.jar!/org/json/JSONObject.class
	jar:file:/C:/Users/Hp/.m2/repository/com/vaadin/external/google/android-json/0.0.20131108.vaadin1/android-json-0.0.20131108.vaadin1.jar!/org/json/JSONObject.class

You may wish to exclude one of them to ensure predictable runtime behavior

2026-05-16T14:18:16.012+05:30  INFO 21248 --- [payment-service] [main] c.p.p.PaymentServiceApplicationTests     : Starting PaymentServiceApplicationTests using Java 21.0.10 with PID 21248 (started by Hp in C:\Users\Hp\Desktop\Parkease-Backend\payment-service)
2026-05-16T14:18:16.012+05:30 DEBUG 21248 --- [payment-service] [main] c.p.p.PaymentServiceApplicationTests     : Running with Spring Boot v3.2.0, Spring v6.1.1
2026-05-16T14:18:16.013+05:30  INFO 21248 --- [payment-service] [main] c.p.p.PaymentServiceApplicationTests     : No active profile set, falling back to 1 default profile: "default"
2026-05-16T14:18:18.113+05:30  INFO 21248 --- [payment-service] [main] .s.d.r.c.RepositoryConfigurationDelegate : Bootstrapping Spring Data JPA repositories in DEFAULT mode.
2026-05-16T14:18:18.223+05:30  INFO 21248 --- [payment-service] [main] .s.d.r.c.RepositoryConfigurationDelegate : Finished Spring Data repository scanning in 99 ms. Found 3 JPA repository interfaces.
2026-05-16T14:18:18.755+05:30  INFO 21248 --- [payment-service] [main] o.s.cloud.context.scope.GenericScope     : BeanFactory id=fa746c78-4274-3410-82cb-e52e461e88e9
2026-05-16T14:18:19.458+05:30  WARN 21248 --- [payment-service] [main] trationDelegate$BeanPostProcessorChecker : Bean 'org.springframework.cloud.client.loadbalancer.LoadBalancerAutoConfiguration$DeferringLoadBalancerInterceptorConfig' of type [org.springframework.cloud.client.loadbalancer.LoadBalancerAutoConfiguration$DeferringLoadBalancerInterceptorConfig] is not eligible for getting processed by all BeanPostProcessors (for example: not eligible for auto-proxying). The currently created BeanPostProcessor [lbRestClientPostProcessor] is declared through a non-static factory method on that class; consider declaring it as static instead.
2026-05-16T14:18:19.465+05:30  WARN 21248 --- [payment-service] [main] trationDelegate$BeanPostProcessorChecker : Bean 'deferringLoadBalancerInterceptor' of type [org.springframework.cloud.client.loadbalancer.DeferringLoadBalancerInterceptor] is not eligible for getting processed by all BeanPostProcessors (for example: not eligible for auto-proxying). Is this bean getting eagerly injected into a currently created BeanPostProcessor [lbRestClientPostProcessor]? Check the corresponding BeanPostProcessor declaration and its dependencies.
2026-05-16T14:18:19.803+05:30  INFO 21248 --- [payment-service] [main] o.hibernate.jpa.internal.util.LogHelper  : HHH000204: Processing PersistenceUnitInfo [name: default]
2026-05-16T14:18:19.930+05:30  INFO 21248 --- [payment-service] [main] org.hibernate.Version                    : HHH000412: Hibernate ORM core version 6.3.1.Final
2026-05-16T14:18:19.996+05:30  INFO 21248 --- [payment-service] [main] o.h.c.internal.RegionFactoryInitiator    : HHH000026: Second-level cache disabled
2026-05-16T14:18:20.186+05:30  INFO 21248 --- [payment-service] [main] o.s.o.j.p.SpringPersistenceUnitInfo      : No LoadTimeWeaver setup: ignoring JPA class transformer
2026-05-16T14:18:20.275+05:30  INFO 21248 --- [payment-service] [main] com.zaxxer.hikari.HikariDataSource       : HikariPool-1 - Starting...
2026-05-16T14:18:20.575+05:30  INFO 21248 --- [payment-service] [main] com.zaxxer.hikari.pool.HikariPool        : HikariPool-1 - Added connection com.mysql.cj.jdbc.ConnectionImpl@13d48b82
2026-05-16T14:18:20.576+05:30  INFO 21248 --- [payment-service] [main] com.zaxxer.hikari.HikariDataSource       : HikariPool-1 - Start completed.
2026-05-16T14:18:20.649+05:30  WARN 21248 --- [payment-service] [main] org.hibernate.orm.deprecation            : HHH90000025: MySQLDialect does not need to be specified explicitly using 'hibernate.dialect' (remove the property setting and it will be selected by default)
2026-05-16T14:18:21.880+05:30  INFO 21248 --- [payment-service] [main] o.h.e.t.j.p.i.JtaPlatformInitiator       : HHH000489: No JTA platform available (set 'hibernate.transaction.jta.platform' to enable JTA platform integration)
2026-05-16T14:18:21.979+05:30  INFO 21248 --- [payment-service] [main] j.LocalContainerEntityManagerFactoryBean : Initialized JPA EntityManagerFactory for persistence unit 'default'
2026-05-16T14:18:22.841+05:30  INFO 21248 --- [payment-service] [main] c.p.payment.config.RazorpayConfig        : Initializing Razorpay client with key: rzp_test...
2026-05-16T14:18:23.869+05:30  INFO 21248 --- [payment-service] [main] o.s.d.j.r.query.QueryEnhancerFactory     : Hibernate is in classpath; If applicable, HQL parser will be used.
2026-05-16T14:18:25.209+05:30  WARN 21248 --- [payment-service] [main] JpaBaseConfiguration$JpaWebConfiguration : spring.jpa.open-in-view is enabled by default. Therefore, database queries may be performed during view rendering. Explicitly configure spring.jpa.open-in-view to disable this warning
2026-05-16T14:18:25.350+05:30  WARN 21248 --- [payment-service] [main] .s.s.UserDetailsServiceAutoConfiguration : 

Using generated security password: f1e407f6-a5b0-44b2-a310-5e4c8801ebdc

This generated password is for development use only. Your security configuration must be updated before running your application in production.

2026-05-16T14:18:27.179+05:30  INFO 21248 --- [payment-service] [main] o.s.cloud.commons.util.InetUtils         : Cannot determine local hostname
2026-05-16T14:18:27.519+05:30  INFO 21248 --- [payment-service] [main] o.s.b.a.e.web.EndpointLinksResolver      : Exposing 17 endpoint(s) beneath base path '/actuator'
2026-05-16T14:18:27.626+05:30  INFO 21248 --- [payment-service] [main] o.s.s.web.DefaultSecurityFilterChain     : Will secure any request with [org.springframework.security.web.session.DisableEncodeUrlFilter@6c91e939, org.springframework.security.web.context.request.async.WebAsyncManagerIntegrationFilter@27b0b2aa, org.springframework.security.web.context.SecurityContextHolderFilter@753d7dea, org.springframework.security.web.header.HeaderWriterFilter@16408892, org.springframework.web.filter.CorsFilter@69a484c2, org.springframework.security.web.authentication.logout.LogoutFilter@4cdcb16d, com.parkease.payment.security.JwtAuthFilter@ff75e38, org.springframework.security.web.savedrequest.RequestCacheAwareFilter@7bc10307, org.springframework.security.web.servletapi.SecurityContextHolderAwareRequestFilter@54bfc137, org.springframework.security.web.authentication.AnonymousAuthenticationFilter@5f7dd17d, org.springframework.security.web.session.SessionManagementFilter@6fd8f181, org.springframework.security.web.access.ExceptionTranslationFilter@26353025, org.springframework.security.web.access.intercept.AuthorizationFilter@49cf151f]
2026-05-16T14:18:30.043+05:30  INFO 21248 --- [payment-service] [main] o.s.cloud.commons.util.InetUtils         : Cannot determine local hostname
2026-05-16T14:18:30.058+05:30  INFO 21248 --- [payment-service] [main] DiscoveryClientOptionalArgsConfiguration : Eureka HTTP Client uses RestTemplate.
2026-05-16T14:18:30.147+05:30  WARN 21248 --- [payment-service] [main] iguration$LoadBalancerCaffeineWarnLogger : Spring Cloud LoadBalancer is currently working with the default cache. While this cache implementation is useful for development and tests, it's recommended to use Caffeine cache in production.You can switch to using Caffeine cache, by adding it and org.springframework.cache.caffeine.CaffeineCacheManager to the classpath.
2026-05-16T14:18:30.255+05:30  INFO 21248 --- [payment-service] [main] o.s.c.n.eureka.InstanceInfoFactory       : Setting initial instance status as: STARTING
2026-05-16T14:18:30.382+05:30  INFO 21248 --- [payment-service] [main] com.netflix.discovery.DiscoveryClient    : Initializing Eureka in region us-east-1
2026-05-16T14:18:30.390+05:30  INFO 21248 --- [payment-service] [main] c.n.d.s.r.aws.ConfigClusterResolver      : Resolving eureka endpoints via configuration
2026-05-16T14:18:30.419+05:30  INFO 21248 --- [payment-service] [main] com.netflix.discovery.DiscoveryClient    : Disable delta property : false
2026-05-16T14:18:30.420+05:30  INFO 21248 --- [payment-service] [main] com.netflix.discovery.DiscoveryClient    : Single vip registry refresh property : null
2026-05-16T14:18:30.420+05:30  INFO 21248 --- [payment-service] [main] com.netflix.discovery.DiscoveryClient    : Force full registry fetch : false
2026-05-16T14:18:30.420+05:30  INFO 21248 --- [payment-service] [main] com.netflix.discovery.DiscoveryClient    : Application is null : false
2026-05-16T14:18:30.420+05:30  INFO 21248 --- [payment-service] [main] com.netflix.discovery.DiscoveryClient    : Registered Applications size is zero : true
2026-05-16T14:18:30.420+05:30  INFO 21248 --- [payment-service] [main] com.netflix.discovery.DiscoveryClient    : Application version is -1: true
2026-05-16T14:18:30.420+05:30  INFO 21248 --- [payment-service] [main] com.netflix.discovery.DiscoveryClient    : Getting all instance registry info from the eureka server
2026-05-16T14:18:30.579+05:30  INFO 21248 --- [payment-service] [main] c.n.d.s.t.d.RedirectingEurekaHttpClient  : Request execution error. endpoint=DefaultEndpoint{ serviceUrl='http://localhost:8761/eureka/}, exception=I/O error on GET request for "http://localhost:8761/eureka/apps/": Connect to http://localhost:8761 [localhost/127.0.0.1, localhost/0:0:0:0:0:0:0:1] failed: Connection refused: getsockopt stacktrace=org.springframework.web.client.ResourceAccessException: I/O error on GET request for "http://localhost:8761/eureka/apps/": Connect to http://localhost:8761 [localhost/127.0.0.1, localhost/0:0:0:0:0:0:0:1] failed: Connection refused: getsockopt
	at org.springframework.web.client.RestTemplate.createResourceAccessException(RestTemplate.java:905)
	at org.springframework.web.client.RestTemplate.doExecute(RestTemplate.java:885)
	at org.springframework.web.client.RestTemplate.execute(RestTemplate.java:781)
	at org.springframework.web.client.RestTemplate.exchange(RestTemplate.java:663)
	at org.springframework.cloud.netflix.eureka.http.RestTemplateEurekaHttpClient.getApplicationsInternal(RestTemplateEurekaHttpClient.java:145)
	at org.springframework.cloud.netflix.eureka.http.RestTemplateEurekaHttpClient.getApplications(RestTemplateEurekaHttpClient.java:135)
	at com.netflix.discovery.shared.transport.decorator.EurekaHttpClientDecorator$6.execute(EurekaHttpClientDecorator.java:137)
	at com.netflix.discovery.shared.transport.decorator.RedirectingEurekaHttpClient.executeOnNewServer(RedirectingEurekaHttpClient.java:121)
	at com.netflix.discovery.shared.transport.decorator.RedirectingEurekaHttpClient.execute(RedirectingEurekaHttpClient.java:80)
	at com.netflix.discovery.shared.transport.decorator.EurekaHttpClientDecorator.getApplications(EurekaHttpClientDecorator.java:134)
	at com.netflix.discovery.shared.transport.decorator.EurekaHttpClientDecorator$6.execute(EurekaHttpClientDecorator.java:137)
	at com.netflix.discovery.shared.transport.decorator.RetryableEurekaHttpClient.execute(RetryableEurekaHttpClient.java:120)
	at com.netflix.discovery.shared.transport.decorator.EurekaHttpClientDecorator.getApplications(EurekaHttpClientDecorator.java:134)
	at com.netflix.discovery.shared.transport.decorator.EurekaHttpClientDecorator$6.execute(EurekaHttpClientDecorator.java:137)
	at com.netflix.discovery.shared.transport.decorator.SessionedEurekaHttpClient.execute(SessionedEurekaHttpClient.java:77)
	at com.netflix.discovery.shared.transport.decorator.EurekaHttpClientDecorator.getApplications(EurekaHttpClientDecorator.java:134)
	at com.netflix.discovery.DiscoveryClient.getAndStoreFullRegistry(DiscoveryClient.java:1045)
	at com.netflix.discovery.DiscoveryClient.fetchRegistry(DiscoveryClient.java:958)
	at com.netflix.discovery.DiscoveryClient.<init>(DiscoveryClient.java:396)
	at com.netflix.discovery.DiscoveryClient.<init>(DiscoveryClient.java:247)
	at com.netflix.discovery.DiscoveryClient.<init>(DiscoveryClient.java:242)
	at org.springframework.cloud.netflix.eureka.CloudEurekaClient.<init>(CloudEurekaClient.java:68)
	at org.springframework.cloud.netflix.eureka.EurekaClientAutoConfiguration$RefreshableEurekaClientConfiguration.eurekaClient(EurekaClientAutoConfiguration.java:321)
	at java.base/jdk.internal.reflect.DirectMethodHandleAccessor.invoke(DirectMethodHandleAccessor.java:103)
	at java.base/java.lang.reflect.Method.invoke(Method.java:580)
	at org.springframework.beans.factory.support.SimpleInstantiationStrategy.instantiate(SimpleInstantiationStrategy.java:140)
	at org.springframework.beans.factory.support.ConstructorResolver.instantiate(ConstructorResolver.java:651)
	at org.springframework.beans.factory.support.ConstructorResolver.instantiateUsingFactoryMethod(ConstructorResolver.java:643)
	at org.springframework.beans.factory.support.AbstractAutowireCapableBeanFactory.instantiateUsingFactoryMethod(AbstractAutowireCapableBeanFactory.java:1336)
	at org.springframework.beans.factory.support.AbstractAutowireCapableBeanFactory.createBeanInstance(AbstractAutowireCapableBeanFactory.java:1166)
	at org.springframework.beans.factory.support.AbstractAutowireCapableBeanFactory.doCreateBean(AbstractAutowireCapableBeanFactory.java:563)
	at org.springframework.beans.factory.support.AbstractAutowireCapableBeanFactory.createBean(AbstractAutowireCapableBeanFactory.java:523)
	at org.springframework.beans.factory.support.AbstractBeanFactory.lambda$doGetBean$1(AbstractBeanFactory.java:364)
	at org.springframework.cloud.context.scope.GenericScope$BeanLifecycleWrapper.getBean(GenericScope.java:375)
	at org.springframework.cloud.context.scope.GenericScope.get(GenericScope.java:179)
	at org.springframework.beans.factory.support.AbstractBeanFactory.doGetBean(AbstractBeanFactory.java:361)
	at org.springframework.beans.factory.support.AbstractBeanFactory.getBean(AbstractBeanFactory.java:199)
	at org.springframework.aop.target.SimpleBeanTargetSource.getTarget(SimpleBeanTargetSource.java:35)
	at org.springframework.cloud.netflix.eureka.serviceregistry.EurekaRegistration.getTargetObject(EurekaRegistration.java:128)
	at org.springframework.cloud.netflix.eureka.serviceregistry.EurekaRegistration.getEurekaClient(EurekaRegistration.java:116)
	at java.base/jdk.internal.reflect.DirectMethodHandleAccessor.invoke(DirectMethodHandleAccessor.java:103)
	at java.base/java.lang.reflect.Method.invoke(Method.java:580)
	at org.springframework.util.ReflectionUtils.invokeMethod(ReflectionUtils.java:281)
	at org.springframework.cloud.context.scope.GenericScope$LockedScopedProxyFactoryBean.invoke(GenericScope.java:482)
	at org.springframework.aop.framework.ReflectiveMethodInvocation.proceed(ReflectiveMethodInvocation.java:184)
	at org.springframework.aop.framework.CglibAopProxy$CglibMethodInvocation.proceed(CglibAopProxy.java:765)
	at org.springframework.aop.framework.CglibAopProxy$DynamicAdvisedInterceptor.intercept(CglibAopProxy.java:717)
	at org.springframework.cloud.netflix.eureka.serviceregistry.EurekaRegistration$$SpringCGLIB$$0.getEurekaClient(<generated>)
	at org.springframework.cloud.netflix.eureka.serviceregistry.EurekaServiceRegistry.maybeInitializeClient(EurekaServiceRegistry.java:83)
	at org.springframework.cloud.netflix.eureka.serviceregistry.EurekaServiceRegistry.register(EurekaServiceRegistry.java:66)
	at org.springframework.cloud.netflix.eureka.serviceregistry.EurekaAutoServiceRegistration.start(EurekaAutoServiceRegistration.java:89)
	at org.springframework.context.support.DefaultLifecycleProcessor.doStart(DefaultLifecycleProcessor.java:284)
	at org.springframework.context.support.DefaultLifecycleProcessor$LifecycleGroup.start(DefaultLifecycleProcessor.java:467)
	at java.base/java.lang.Iterable.forEach(Iterable.java:75)
	at org.springframework.context.support.DefaultLifecycleProcessor.startBeans(DefaultLifecycleProcessor.java:256)
	at org.springframework.context.support.DefaultLifecycleProcessor.onRefresh(DefaultLifecycleProcessor.java:201)
	at org.springframework.context.support.AbstractApplicationContext.finishRefresh(AbstractApplicationContext.java:965)
	at org.springframework.context.support.AbstractApplicationContext.refresh(AbstractApplicationContext.java:619)
	at org.springframework.boot.SpringApplication.refresh(SpringApplication.java:753)
	at org.springframework.boot.SpringApplication.refreshContext(SpringApplication.java:455)
	at org.springframework.boot.SpringApplication.run(SpringApplication.java:323)
	at org.springframework.boot.test.context.SpringBootContextLoader.lambda$loadContext$3(SpringBootContextLoader.java:137)
	at org.springframework.util.function.ThrowingSupplier.get(ThrowingSupplier.java:58)
	at org.springframework.util.function.ThrowingSupplier.get(ThrowingSupplier.java:46)
	at org.springframework.boot.SpringApplication.withHook(SpringApplication.java:1442)
	at org.springframework.boot.test.context.SpringBootContextLoader$ContextLoaderHook.run(SpringBootContextLoader.java:552)
	at org.springframework.boot.test.context.SpringBootContextLoader.loadContext(SpringBootContextLoader.java:137)
	at org.springframework.boot.test.context.SpringBootContextLoader.loadContext(SpringBootContextLoader.java:108)
	at org.springframework.test.context.cache.DefaultCacheAwareContextLoaderDelegate.loadContextInternal(DefaultCacheAwareContextLoaderDelegate.java:225)
	at org.springframework.test.context.cache.DefaultCacheAwareContextLoaderDelegate.loadContext(DefaultCacheAwareContextLoaderDelegate.java:152)
	at org.springframework.test.context.support.DefaultTestContext.getApplicationContext(DefaultTestContext.java:130)
	at org.springframework.test.context.web.ServletTestExecutionListener.setUpRequestContextIfNecessary(ServletTestExecutionListener.java:191)
	at org.springframework.test.context.web.ServletTestExecutionListener.prepareTestInstance(ServletTestExecutionListener.java:130)
	at org.springframework.test.context.TestContextManager.prepareTestInstance(TestContextManager.java:247)
	at org.springframework.test.context.junit.jupiter.SpringExtension.postProcessTestInstance(SpringExtension.java:163)
	at org.junit.jupiter.engine.descriptor.ClassBasedTestDescriptor.lambda$invokeTestInstancePostProcessors$10(ClassBasedTestDescriptor.java:378)
	at org.junit.jupiter.engine.descriptor.ClassBasedTestDescriptor.executeAndMaskThrowable(ClassBasedTestDescriptor.java:383)
	at org.junit.jupiter.engine.descriptor.ClassBasedTestDescriptor.lambda$invokeTestInstancePostProcessors$11(ClassBasedTestDescriptor.java:378)
	at java.base/java.util.stream.ReferencePipeline$3$1.accept(ReferencePipeline.java:197)
	at java.base/java.util.stream.ReferencePipeline$2$1.accept(ReferencePipeline.java:179)
	at java.base/java.util.ArrayList$ArrayListSpliterator.forEachRemaining(ArrayList.java:1708)
	at java.base/java.util.stream.AbstractPipeline.copyInto(AbstractPipeline.java:509)
	at java.base/java.util.stream.AbstractPipeline.wrapAndCopyInto(AbstractPipeline.java:499)
	at java.base/java.util.stream.StreamSpliterators$WrappingSpliterator.forEachRemaining(StreamSpliterators.java:310)
	at java.base/java.util.stream.Streams$ConcatSpliterator.forEachRemaining(Streams.java:735)
	at java.base/java.util.stream.Streams$ConcatSpliterator.forEachRemaining(Streams.java:734)
	at java.base/java.util.stream.ReferencePipeline$Head.forEach(ReferencePipeline.java:762)
	at org.junit.jupiter.engine.descriptor.ClassBasedTestDescriptor.invokeTestInstancePostProcessors(ClassBasedTestDescriptor.java:377)
	at org.junit.jupiter.engine.descriptor.ClassBasedTestDescriptor.lambda$instantiateAndPostProcessTestInstance$6(ClassBasedTestDescriptor.java:290)
	at org.junit.platform.engine.support.hierarchical.ThrowableCollector.execute(ThrowableCollector.java:73)
	at org.junit.jupiter.engine.descriptor.ClassBasedTestDescriptor.instantiateAndPostProcessTestInstance(ClassBasedTestDescriptor.java:289)
	at org.junit.jupiter.engine.descriptor.ClassBasedTestDescriptor.lambda$testInstancesProvider$4(ClassBasedTestDescriptor.java:279)
	at java.base/java.util.Optional.orElseGet(Optional.java:364)
	at org.junit.jupiter.engine.descriptor.ClassBasedTestDescriptor.lambda$testInstancesProvider$5(ClassBasedTestDescriptor.java:278)
	at org.junit.jupiter.engine.execution.TestInstancesProvider.getTestInstances(TestInstancesProvider.java:31)
	at org.junit.jupiter.engine.descriptor.TestMethodTestDescriptor.lambda$prepare$0(TestMethodTestDescriptor.java:106)
	at org.junit.platform.engine.support.hierarchical.ThrowableCollector.execute(ThrowableCollector.java:73)
	at org.junit.jupiter.engine.descriptor.TestMethodTestDescriptor.prepare(TestMethodTestDescriptor.java:105)
	at org.junit.jupiter.engine.descriptor.TestMethodTestDescriptor.prepare(TestMethodTestDescriptor.java:69)
	at org.junit.platform.engine.support.hierarchical.NodeTestTask.lambda$prepare$2(NodeTestTask.java:123)
	at org.junit.platform.engine.support.hierarchical.ThrowableCollector.execute(ThrowableCollector.java:73)
	at org.junit.platform.engine.support.hierarchical.NodeTestTask.prepare(NodeTestTask.java:123)
	at org.junit.platform.engine.support.hierarchical.NodeTestTask.execute(NodeTestTask.java:90)
	at java.base/java.util.ArrayList.forEach(ArrayList.java:1596)
	at org.junit.platform.engine.support.hierarchical.SameThreadHierarchicalTestExecutorService.invokeAll(SameThreadHierarchicalTestExecutorService.java:41)
	at org.junit.platform.engine.support.hierarchical.NodeTestTask.lambda$executeRecursively$6(NodeTestTask.java:155)
	at org.junit.platform.engine.support.hierarchical.ThrowableCollector.execute(ThrowableCollector.java:73)
	at org.junit.platform.engine.support.hierarchical.NodeTestTask.lambda$executeRecursively$8(NodeTestTask.java:141)
	at org.junit.platform.engine.support.hierarchical.Node.around(Node.java:137)
	at org.junit.platform.engine.support.hierarchical.NodeTestTask.lambda$executeRecursively$9(NodeTestTask.java:139)
	at org.junit.platform.engine.support.hierarchical.ThrowableCollector.execute(ThrowableCollector.java:73)
	at org.junit.platform.engine.support.hierarchical.NodeTestTask.executeRecursively(NodeTestTask.java:138)
	at org.junit.platform.engine.support.hierarchical.NodeTestTask.execute(NodeTestTask.java:95)
	at java.base/java.util.ArrayList.forEach(ArrayList.java:1596)
	at org.junit.platform.engine.support.hierarchical.SameThreadHierarchicalTestExecutorService.invokeAll(SameThreadHierarchicalTestExecutorService.java:41)
	at org.junit.platform.engine.support.hierarchical.NodeTestTask.lambda$executeRecursively$6(NodeTestTask.java:155)
	at org.junit.platform.engine.support.hierarchical.ThrowableCollector.execute(ThrowableCollector.java:73)
	at org.junit.platform.engine.support.hierarchical.NodeTestTask.lambda$executeRecursively$8(NodeTestTask.java:141)
	at org.junit.platform.engine.support.hierarchical.Node.around(Node.java:137)
	at org.junit.platform.engine.support.hierarchical.NodeTestTask.lambda$executeRecursively$9(NodeTestTask.java:139)
	at org.junit.platform.engine.support.hierarchical.ThrowableCollector.execute(ThrowableCollector.java:73)
	at org.junit.platform.engine.support.hierarchical.NodeTestTask.executeRecursively(NodeTestTask.java:138)
	at org.junit.platform.engine.support.hierarchical.NodeTestTask.execute(NodeTestTask.java:95)
	at org.junit.platform.engine.support.hierarchical.SameThreadHierarchicalTestExecutorService.submit(SameThreadHierarchicalTestExecutorService.java:35)
	at org.junit.platform.engine.support.hierarchical.HierarchicalTestExecutor.execute(HierarchicalTestExecutor.java:57)
	at org.junit.platform.engine.support.hierarchical.HierarchicalTestEngine.execute(HierarchicalTestEngine.java:54)
	at org.junit.platform.launcher.core.EngineExecutionOrchestrator.execute(EngineExecutionOrchestrator.java:198)
	at org.junit.platform.launcher.core.EngineExecutionOrchestrator.execute(EngineExecutionOrchestrator.java:169)
	at org.junit.platform.launcher.core.EngineExecutionOrchestrator.execute(EngineExecutionOrchestrator.java:93)
	at org.junit.platform.launcher.core.EngineExecutionOrchestrator.lambda$execute$0(EngineExecutionOrchestrator.java:58)
	at org.junit.platform.launcher.core.EngineExecutionOrchestrator.withInterceptedStreams(EngineExecutionOrchestrator.java:141)
	at org.junit.platform.launcher.core.EngineExecutionOrchestrator.execute(EngineExecutionOrchestrator.java:57)
	at org.junit.platform.launcher.core.DefaultLauncher.execute(DefaultLauncher.java:103)
	at org.junit.platform.launcher.core.DefaultLauncher.execute(DefaultLauncher.java:85)
	at org.junit.platform.launcher.core.DelegatingLauncher.execute(DelegatingLauncher.java:47)
	at org.apache.maven.surefire.junitplatform.LazyLauncher.execute(LazyLauncher.java:56)
	at org.apache.maven.surefire.junitplatform.JUnitPlatformProvider.execute(JUnitPlatformProvider.java:184)
	at org.apache.maven.surefire.junitplatform.JUnitPlatformProvider.invokeAllTests(JUnitPlatformProvider.java:148)
	at org.apache.maven.surefire.junitplatform.JUnitPlatformProvider.invoke(JUnitPlatformProvider.java:122)
	at org.apache.maven.surefire.booter.ForkedBooter.runSuitesInProcess(ForkedBooter.java:385)
	at org.apache.maven.surefire.booter.ForkedBooter.execute(ForkedBooter.java:162)
	at org.apache.maven.surefire.booter.ForkedBooter.run(ForkedBooter.java:507)
	at org.apache.maven.surefire.booter.ForkedBooter.main(ForkedBooter.java:495)
Caused by: org.apache.hc.client5.http.HttpHostConnectException: Connect to http://localhost:8761 [localhost/127.0.0.1, localhost/0:0:0:0:0:0:0:1] failed: Connection refused: getsockopt
	at java.base/sun.nio.ch.Net.pollConnect(Native Method)
	at java.base/sun.nio.ch.Net.pollConnectNow(Net.java:690)
	at java.base/sun.nio.ch.NioSocketImpl.timedFinishConnect(NioSocketImpl.java:542)
	at java.base/sun.nio.ch.NioSocketImpl.connect(NioSocketImpl.java:592)
	at java.base/java.net.SocksSocketImpl.connect(SocksSocketImpl.java:327)
	at java.base/java.net.Socket.connect(Socket.java:751)
	at org.apache.hc.client5.http.socket.PlainConnectionSocketFactory.lambda$connectSocket$0(PlainConnectionSocketFactory.java:85)
	at java.base/java.security.AccessController.doPrivileged(AccessController.java:571)
	at org.apache.hc.client5.http.socket.PlainConnectionSocketFactory.connectSocket(PlainConnectionSocketFactory.java:84)
	at org.apache.hc.client5.http.socket.ConnectionSocketFactory.connectSocket(ConnectionSocketFactory.java:113)
	at org.apache.hc.client5.http.impl.io.DefaultHttpClientConnectionOperator.connect(DefaultHttpClientConnectionOperator.java:181)
	at org.apache.hc.client5.http.impl.io.PoolingHttpClientConnectionManager.connect(PoolingHttpClientConnectionManager.java:447)
	at org.apache.hc.client5.http.impl.classic.InternalExecRuntime.connectEndpoint(InternalExecRuntime.java:162)
	at org.apache.hc.client5.http.impl.classic.InternalExecRuntime.connectEndpoint(InternalExecRuntime.java:172)
	at org.apache.hc.client5.http.impl.classic.ConnectExec.execute(ConnectExec.java:142)
	at org.apache.hc.client5.http.impl.classic.ExecChainElement.execute(ExecChainElement.java:51)
	at org.apache.hc.client5.http.impl.classic.ProtocolExec.execute(ProtocolExec.java:192)
	at org.apache.hc.client5.http.impl.classic.ExecChainElement.execute(ExecChainElement.java:51)
	at org.apache.hc.client5.http.impl.classic.HttpRequestRetryExec.execute(HttpRequestRetryExec.java:96)
	at org.apache.hc.client5.http.impl.classic.ExecChainElement.execute(ExecChainElement.java:51)
	at org.apache.hc.client5.http.impl.classic.ContentCompressionExec.execute(ContentCompressionExec.java:152)
	at org.apache.hc.client5.http.impl.classic.ExecChainElement.execute(ExecChainElement.java:51)
	at org.apache.hc.client5.http.impl.classic.RedirectExec.execute(RedirectExec.java:115)
	at org.apache.hc.client5.http.impl.classic.ExecChainElement.execute(ExecChainElement.java:51)
	at org.apache.hc.client5.http.impl.classic.InternalHttpClient.doExecute(InternalHttpClient.java:170)
	at org.apache.hc.client5.http.impl.classic.CloseableHttpClient.execute(CloseableHttpClient.java:87)
	at org.apache.hc.client5.http.impl.classic.CloseableHttpClient.execute(CloseableHttpClient.java:55)
	at org.apache.hc.client5.http.classic.HttpClient.executeOpen(HttpClient.java:183)
	at org.springframework.http.client.HttpComponentsClientHttpRequest.executeInternal(HttpComponentsClientHttpRequest.java:95)
	at org.springframework.http.client.AbstractStreamingClientHttpRequest.executeInternal(AbstractStreamingClientHttpRequest.java:70)
	at org.springframework.http.client.AbstractClientHttpRequest.execute(AbstractClientHttpRequest.java:66)
	at org.springframework.http.client.InterceptingClientHttpRequest$InterceptingRequestExecution.execute(InterceptingClientHttpRequest.java:101)
	at org.springframework.cloud.netflix.eureka.http.RestTemplateTransportClientFactory.lambda$restTemplate$0(RestTemplateTransportClientFactory.java:143)
	at org.springframework.http.client.InterceptingClientHttpRequest$InterceptingRequestExecution.execute(InterceptingClientHttpRequest.java:87)
	at org.springframework.http.client.InterceptingClientHttpRequest.executeInternal(InterceptingClientHttpRequest.java:71)
	at org.springframework.http.client.AbstractBufferingClientHttpRequest.executeInternal(AbstractBufferingClientHttpRequest.java:48)
	at org.springframework.http.client.AbstractClientHttpRequest.execute(AbstractClientHttpRequest.java:66)
	at org.springframework.web.client.RestTemplate.doExecute(RestTemplate.java:879)
	... 141 more

2026-05-16T14:18:30.580+05:30  WARN 21248 --- [payment-service] [main] c.n.d.s.t.d.RetryableEurekaHttpClient    : Request execution failed with message: I/O error on GET request for "http://localhost:8761/eureka/apps/": Connect to http://localhost:8761 [localhost/127.0.0.1, localhost/0:0:0:0:0:0:0:1] failed: Connection refused: getsockopt
2026-05-16T14:18:30.581+05:30  INFO 21248 --- [payment-service] [main] com.netflix.discovery.DiscoveryClient    : DiscoveryClient_PAYMENT-SERVICE/localhost:payment-service:8086 - was unable to refresh its cache! This periodic background refresh will be retried in 30 seconds. status = Cannot execute request on any known server stacktrace = com.netflix.discovery.shared.transport.TransportException: Cannot execute request on any known server
	at com.netflix.discovery.shared.transport.decorator.RetryableEurekaHttpClient.execute(RetryableEurekaHttpClient.java:112)
	at com.netflix.discovery.shared.transport.decorator.EurekaHttpClientDecorator.getApplications(EurekaHttpClientDecorator.java:134)
	at com.netflix.discovery.shared.transport.decorator.EurekaHttpClientDecorator$6.execute(EurekaHttpClientDecorator.java:137)
	at com.netflix.discovery.shared.transport.decorator.SessionedEurekaHttpClient.execute(SessionedEurekaHttpClient.java:77)
	at com.netflix.discovery.shared.transport.decorator.EurekaHttpClientDecorator.getApplications(EurekaHttpClientDecorator.java:134)
	at com.netflix.discovery.DiscoveryClient.getAndStoreFullRegistry(DiscoveryClient.java:1045)
	at com.netflix.discovery.DiscoveryClient.fetchRegistry(DiscoveryClient.java:958)
	at com.netflix.discovery.DiscoveryClient.<init>(DiscoveryClient.java:396)
	at com.netflix.discovery.DiscoveryClient.<init>(DiscoveryClient.java:247)
	at com.netflix.discovery.DiscoveryClient.<init>(DiscoveryClient.java:242)
	at org.springframework.cloud.netflix.eureka.CloudEurekaClient.<init>(CloudEurekaClient.java:68)
	at org.springframework.cloud.netflix.eureka.EurekaClientAutoConfiguration$RefreshableEurekaClientConfiguration.eurekaClient(EurekaClientAutoConfiguration.java:321)
	at java.base/jdk.internal.reflect.DirectMethodHandleAccessor.invoke(DirectMethodHandleAccessor.java:103)
	at java.base/java.lang.reflect.Method.invoke(Method.java:580)
	at org.springframework.beans.factory.support.SimpleInstantiationStrategy.instantiate(SimpleInstantiationStrategy.java:140)
	at org.springframework.beans.factory.support.ConstructorResolver.instantiate(ConstructorResolver.java:651)
	at org.springframework.beans.factory.support.ConstructorResolver.instantiateUsingFactoryMethod(ConstructorResolver.java:643)
	at org.springframework.beans.factory.support.AbstractAutowireCapableBeanFactory.instantiateUsingFactoryMethod(AbstractAutowireCapableBeanFactory.java:1336)
	at org.springframework.beans.factory.support.AbstractAutowireCapableBeanFactory.createBeanInstance(AbstractAutowireCapableBeanFactory.java:1166)
	at org.springframework.beans.factory.support.AbstractAutowireCapableBeanFactory.doCreateBean(AbstractAutowireCapableBeanFactory.java:563)
	at org.springframework.beans.factory.support.AbstractAutowireCapableBeanFactory.createBean(AbstractAutowireCapableBeanFactory.java:523)
	at org.springframework.beans.factory.support.AbstractBeanFactory.lambda$doGetBean$1(AbstractBeanFactory.java:364)
	at org.springframework.cloud.context.scope.GenericScope$BeanLifecycleWrapper.getBean(GenericScope.java:375)
	at org.springframework.cloud.context.scope.GenericScope.get(GenericScope.java:179)
	at org.springframework.beans.factory.support.AbstractBeanFactory.doGetBean(AbstractBeanFactory.java:361)
	at org.springframework.beans.factory.support.AbstractBeanFactory.getBean(AbstractBeanFactory.java:199)
	at org.springframework.aop.target.SimpleBeanTargetSource.getTarget(SimpleBeanTargetSource.java:35)
	at org.springframework.cloud.netflix.eureka.serviceregistry.EurekaRegistration.getTargetObject(EurekaRegistration.java:128)
	at org.springframework.cloud.netflix.eureka.serviceregistry.EurekaRegistration.getEurekaClient(EurekaRegistration.java:116)
	at java.base/jdk.internal.reflect.DirectMethodHandleAccessor.invoke(DirectMethodHandleAccessor.java:103)
	at java.base/java.lang.reflect.Method.invoke(Method.java:580)
	at org.springframework.util.ReflectionUtils.invokeMethod(ReflectionUtils.java:281)
	at org.springframework.cloud.context.scope.GenericScope$LockedScopedProxyFactoryBean.invoke(GenericScope.java:482)
	at org.springframework.aop.framework.ReflectiveMethodInvocation.proceed(ReflectiveMethodInvocation.java:184)
	at org.springframework.aop.framework.CglibAopProxy$CglibMethodInvocation.proceed(CglibAopProxy.java:765)
	at org.springframework.aop.framework.CglibAopProxy$DynamicAdvisedInterceptor.intercept(CglibAopProxy.java:717)
	at org.springframework.cloud.netflix.eureka.serviceregistry.EurekaRegistration$$SpringCGLIB$$0.getEurekaClient(<generated>)
	at org.springframework.cloud.netflix.eureka.serviceregistry.EurekaServiceRegistry.maybeInitializeClient(EurekaServiceRegistry.java:83)
	at org.springframework.cloud.netflix.eureka.serviceregistry.EurekaServiceRegistry.register(EurekaServiceRegistry.java:66)
	at org.springframework.cloud.netflix.eureka.serviceregistry.EurekaAutoServiceRegistration.start(EurekaAutoServiceRegistration.java:89)
	at org.springframework.context.support.DefaultLifecycleProcessor.doStart(DefaultLifecycleProcessor.java:284)
	at org.springframework.context.support.DefaultLifecycleProcessor$LifecycleGroup.start(DefaultLifecycleProcessor.java:467)
	at java.base/java.lang.Iterable.forEach(Iterable.java:75)
	at org.springframework.context.support.DefaultLifecycleProcessor.startBeans(DefaultLifecycleProcessor.java:256)
	at org.springframework.context.support.DefaultLifecycleProcessor.onRefresh(DefaultLifecycleProcessor.java:201)
	at org.springframework.context.support.AbstractApplicationContext.finishRefresh(AbstractApplicationContext.java:965)
	at org.springframework.context.support.AbstractApplicationContext.refresh(AbstractApplicationContext.java:619)
	at org.springframework.boot.SpringApplication.refresh(SpringApplication.java:753)
	at org.springframework.boot.SpringApplication.refreshContext(SpringApplication.java:455)
	at org.springframework.boot.SpringApplication.run(SpringApplication.java:323)
	at org.springframework.boot.test.context.SpringBootContextLoader.lambda$loadContext$3(SpringBootContextLoader.java:137)
	at org.springframework.util.function.ThrowingSupplier.get(ThrowingSupplier.java:58)
	at org.springframework.util.function.ThrowingSupplier.get(ThrowingSupplier.java:46)
	at org.springframework.boot.SpringApplication.withHook(SpringApplication.java:1442)
	at org.springframework.boot.test.context.SpringBootContextLoader$ContextLoaderHook.run(SpringBootContextLoader.java:552)
	at org.springframework.boot.test.context.SpringBootContextLoader.loadContext(SpringBootContextLoader.java:137)
	at org.springframework.boot.test.context.SpringBootContextLoader.loadContext(SpringBootContextLoader.java:108)
	at org.springframework.test.context.cache.DefaultCacheAwareContextLoaderDelegate.loadContextInternal(DefaultCacheAwareContextLoaderDelegate.java:225)
	at org.springframework.test.context.cache.DefaultCacheAwareContextLoaderDelegate.loadContext(DefaultCacheAwareContextLoaderDelegate.java:152)
	at org.springframework.test.context.support.DefaultTestContext.getApplicationContext(DefaultTestContext.java:130)
	at org.springframework.test.context.web.ServletTestExecutionListener.setUpRequestContextIfNecessary(ServletTestExecutionListener.java:191)
	at org.springframework.test.context.web.ServletTestExecutionListener.prepareTestInstance(ServletTestExecutionListener.java:130)
	at org.springframework.test.context.TestContextManager.prepareTestInstance(TestContextManager.java:247)
	at org.springframework.test.context.junit.jupiter.SpringExtension.postProcessTestInstance(SpringExtension.java:163)
	at org.junit.jupiter.engine.descriptor.ClassBasedTestDescriptor.lambda$invokeTestInstancePostProcessors$10(ClassBasedTestDescriptor.java:378)
	at org.junit.jupiter.engine.descriptor.ClassBasedTestDescriptor.executeAndMaskThrowable(ClassBasedTestDescriptor.java:383)
	at org.junit.jupiter.engine.descriptor.ClassBasedTestDescriptor.lambda$invokeTestInstancePostProcessors$11(ClassBasedTestDescriptor.java:378)
	at java.base/java.util.stream.ReferencePipeline$3$1.accept(ReferencePipeline.java:197)
	at java.base/java.util.stream.ReferencePipeline$2$1.accept(ReferencePipeline.java:179)
	at java.base/java.util.ArrayList$ArrayListSpliterator.forEachRemaining(ArrayList.java:1708)
	at java.base/java.util.stream.AbstractPipeline.copyInto(AbstractPipeline.java:509)
	at java.base/java.util.stream.AbstractPipeline.wrapAndCopyInto(AbstractPipeline.java:499)
	at java.base/java.util.stream.StreamSpliterators$WrappingSpliterator.forEachRemaining(StreamSpliterators.java:310)
	at java.base/java.util.stream.Streams$ConcatSpliterator.forEachRemaining(Streams.java:735)
	at java.base/java.util.stream.Streams$ConcatSpliterator.forEachRemaining(Streams.java:734)
	at java.base/java.util.stream.ReferencePipeline$Head.forEach(ReferencePipeline.java:762)
	at org.junit.jupiter.engine.descriptor.ClassBasedTestDescriptor.invokeTestInstancePostProcessors(ClassBasedTestDescriptor.java:377)
	at org.junit.jupiter.engine.descriptor.ClassBasedTestDescriptor.lambda$instantiateAndPostProcessTestInstance$6(ClassBasedTestDescriptor.java:290)
	at org.junit.platform.engine.support.hierarchical.ThrowableCollector.execute(ThrowableCollector.java:73)
	at org.junit.jupiter.engine.descriptor.ClassBasedTestDescriptor.instantiateAndPostProcessTestInstance(ClassBasedTestDescriptor.java:289)
	at org.junit.jupiter.engine.descriptor.ClassBasedTestDescriptor.lambda$testInstancesProvider$4(ClassBasedTestDescriptor.java:279)
	at java.base/java.util.Optional.orElseGet(Optional.java:364)
	at org.junit.jupiter.engine.descriptor.ClassBasedTestDescriptor.lambda$testInstancesProvider$5(ClassBasedTestDescriptor.java:278)
	at org.junit.jupiter.engine.execution.TestInstancesProvider.getTestInstances(TestInstancesProvider.java:31)
	at org.junit.jupiter.engine.descriptor.TestMethodTestDescriptor.lambda$prepare$0(TestMethodTestDescriptor.java:106)
	at org.junit.platform.engine.support.hierarchical.ThrowableCollector.execute(ThrowableCollector.java:73)
	at org.junit.jupiter.engine.descriptor.TestMethodTestDescriptor.prepare(TestMethodTestDescriptor.java:105)
	at org.junit.jupiter.engine.descriptor.TestMethodTestDescriptor.prepare(TestMethodTestDescriptor.java:69)
	at org.junit.platform.engine.support.hierarchical.NodeTestTask.lambda$prepare$2(NodeTestTask.java:123)
	at org.junit.platform.engine.support.hierarchical.ThrowableCollector.execute(ThrowableCollector.java:73)
	at org.junit.platform.engine.support.hierarchical.NodeTestTask.prepare(NodeTestTask.java:123)
	at org.junit.platform.engine.support.hierarchical.NodeTestTask.execute(NodeTestTask.java:90)
	at java.base/java.util.ArrayList.forEach(ArrayList.java:1596)
	at org.junit.platform.engine.support.hierarchical.SameThreadHierarchicalTestExecutorService.invokeAll(SameThreadHierarchicalTestExecutorService.java:41)
	at org.junit.platform.engine.support.hierarchical.NodeTestTask.lambda$executeRecursively$6(NodeTestTask.java:155)
	at org.junit.platform.engine.support.hierarchical.ThrowableCollector.execute(ThrowableCollector.java:73)
	at org.junit.platform.engine.support.hierarchical.NodeTestTask.lambda$executeRecursively$8(NodeTestTask.java:141)
	at org.junit.platform.engine.support.hierarchical.Node.around(Node.java:137)
	at org.junit.platform.engine.support.hierarchical.NodeTestTask.lambda$executeRecursively$9(NodeTestTask.java:139)
	at org.junit.platform.engine.support.hierarchical.ThrowableCollector.execute(ThrowableCollector.java:73)
	at org.junit.platform.engine.support.hierarchical.NodeTestTask.executeRecursively(NodeTestTask.java:138)
	at org.junit.platform.engine.support.hierarchical.NodeTestTask.execute(NodeTestTask.java:95)
	at java.base/java.util.ArrayList.forEach(ArrayList.java:1596)
	at org.junit.platform.engine.support.hierarchical.SameThreadHierarchicalTestExecutorService.invokeAll(SameThreadHierarchicalTestExecutorService.java:41)
	at org.junit.platform.engine.support.hierarchical.NodeTestTask.lambda$executeRecursively$6(NodeTestTask.java:155)
	at org.junit.platform.engine.support.hierarchical.ThrowableCollector.execute(ThrowableCollector.java:73)
	at org.junit.platform.engine.support.hierarchical.NodeTestTask.lambda$executeRecursively$8(NodeTestTask.java:141)
	at org.junit.platform.engine.support.hierarchical.Node.around(Node.java:137)
	at org.junit.platform.engine.support.hierarchical.NodeTestTask.lambda$executeRecursively$9(NodeTestTask.java:139)
	at org.junit.platform.engine.support.hierarchical.ThrowableCollector.execute(ThrowableCollector.java:73)
	at org.junit.platform.engine.support.hierarchical.NodeTestTask.executeRecursively(NodeTestTask.java:138)
	at org.junit.platform.engine.support.hierarchical.NodeTestTask.execute(NodeTestTask.java:95)
	at org.junit.platform.engine.support.hierarchical.SameThreadHierarchicalTestExecutorService.submit(SameThreadHierarchicalTestExecutorService.java:35)
	at org.junit.platform.engine.support.hierarchical.HierarchicalTestExecutor.execute(HierarchicalTestExecutor.java:57)
	at org.junit.platform.engine.support.hierarchical.HierarchicalTestEngine.execute(HierarchicalTestEngine.java:54)
	at org.junit.platform.launcher.core.EngineExecutionOrchestrator.execute(EngineExecutionOrchestrator.java:198)
	at org.junit.platform.launcher.core.EngineExecutionOrchestrator.execute(EngineExecutionOrchestrator.java:169)
	at org.junit.platform.launcher.core.EngineExecutionOrchestrator.execute(EngineExecutionOrchestrator.java:93)
	at org.junit.platform.launcher.core.EngineExecutionOrchestrator.lambda$execute$0(EngineExecutionOrchestrator.java:58)
	at org.junit.platform.launcher.core.EngineExecutionOrchestrator.withInterceptedStreams(EngineExecutionOrchestrator.java:141)
	at org.junit.platform.launcher.core.EngineExecutionOrchestrator.execute(EngineExecutionOrchestrator.java:57)
	at org.junit.platform.launcher.core.DefaultLauncher.execute(DefaultLauncher.java:103)
	at org.junit.platform.launcher.core.DefaultLauncher.execute(DefaultLauncher.java:85)
	at org.junit.platform.launcher.core.DelegatingLauncher.execute(DelegatingLauncher.java:47)
	at org.apache.maven.surefire.junitplatform.LazyLauncher.execute(LazyLauncher.java:56)
	at org.apache.maven.surefire.junitplatform.JUnitPlatformProvider.execute(JUnitPlatformProvider.java:184)
	at org.apache.maven.surefire.junitplatform.JUnitPlatformProvider.invokeAllTests(JUnitPlatformProvider.java:148)
	at org.apache.maven.surefire.junitplatform.JUnitPlatformProvider.invoke(JUnitPlatformProvider.java:122)
	at org.apache.maven.surefire.booter.ForkedBooter.runSuitesInProcess(ForkedBooter.java:385)
	at org.apache.maven.surefire.booter.ForkedBooter.execute(ForkedBooter.java:162)
	at org.apache.maven.surefire.booter.ForkedBooter.run(ForkedBooter.java:507)
	at org.apache.maven.surefire.booter.ForkedBooter.main(ForkedBooter.java:495)

2026-05-16T14:18:30.582+05:30  INFO 21248 --- [payment-service] [main] com.netflix.discovery.DiscoveryClient    : Initial registry fetch from primary servers failed
2026-05-16T14:18:30.582+05:30  WARN 21248 --- [payment-service] [main] com.netflix.discovery.DiscoveryClient    : Using default backup registry implementation which does not do anything.
2026-05-16T14:18:30.582+05:30  INFO 21248 --- [payment-service] [main] com.netflix.discovery.DiscoveryClient    : Initial registry fetch from backup servers failed
2026-05-16T14:18:30.584+05:30  INFO 21248 --- [payment-service] [main] com.netflix.discovery.DiscoveryClient    : Starting heartbeat executor: renew interval is: 30
2026-05-16T14:18:30.590+05:30  INFO 21248 --- [payment-service] [main] c.n.discovery.InstanceInfoReplicator     : InstanceInfoReplicator onDemand update allowed rate per min is 4
2026-05-16T14:18:30.597+05:30  INFO 21248 --- [payment-service] [main] com.netflix.discovery.DiscoveryClient    : Discovery Client initialized at timestamp 1778921310596 with initial instances count: 0
2026-05-16T14:18:30.608+05:30  INFO 21248 --- [payment-service] [main] o.s.c.n.e.s.EurekaServiceRegistry        : Registering application PAYMENT-SERVICE with eureka with status UP
2026-05-16T14:18:30.609+05:30  INFO 21248 --- [payment-service] [main] com.netflix.discovery.DiscoveryClient    : Saw local status change event StatusChangeEvent [timestamp=1778921310609, current=UP, previous=STARTING]
2026-05-16T14:18:30.613+05:30  INFO 21248 --- [payment-service] [DiscoveryClient-InstanceInfoReplicator-0] com.netflix.discovery.DiscoveryClient    : DiscoveryClient_PAYMENT-SERVICE/localhost:payment-service:8086: registering service...
2026-05-16T14:18:30.644+05:30  INFO 21248 --- [payment-service] [main] c.p.p.PaymentServiceApplicationTests     : Started PaymentServiceApplicationTests in 16.441 seconds (process running for 24.913)
2026-05-16T14:18:30.648+05:30  INFO 21248 --- [payment-service] [DiscoveryClient-InstanceInfoReplicator-0] c.n.d.s.t.d.RedirectingEurekaHttpClient  : Request execution error. endpoint=DefaultEndpoint{ serviceUrl='http://localhost:8761/eureka/}, exception=I/O error on POST request for "http://localhost:8761/eureka/apps/PAYMENT-SERVICE": Connect to http://localhost:8761 [localhost/127.0.0.1, localhost/0:0:0:0:0:0:0:1] failed: Connection refused: getsockopt stacktrace=org.springframework.web.client.ResourceAccessException: I/O error on POST request for "http://localhost:8761/eureka/apps/PAYMENT-SERVICE": Connect to http://localhost:8761 [localhost/127.0.0.1, localhost/0:0:0:0:0:0:0:1] failed: Connection refused: getsockopt
	at org.springframework.web.client.RestTemplate.createResourceAccessException(RestTemplate.java:905)
	at org.springframework.web.client.RestTemplate.doExecute(RestTemplate.java:885)
	at org.springframework.web.client.RestTemplate.execute(RestTemplate.java:781)
	at org.springframework.web.client.RestTemplate.exchange(RestTemplate.java:663)
	at org.springframework.cloud.netflix.eureka.http.RestTemplateEurekaHttpClient.register(RestTemplateEurekaHttpClient.java:77)
	at com.netflix.discovery.shared.transport.decorator.EurekaHttpClientDecorator$1.execute(EurekaHttpClientDecorator.java:59)
	at com.netflix.discovery.shared.transport.decorator.RedirectingEurekaHttpClient.executeOnNewServer(RedirectingEurekaHttpClient.java:121)
	at com.netflix.discovery.shared.transport.decorator.RedirectingEurekaHttpClient.execute(RedirectingEurekaHttpClient.java:80)
	at com.netflix.discovery.shared.transport.decorator.EurekaHttpClientDecorator.register(EurekaHttpClientDecorator.java:56)
	at com.netflix.discovery.shared.transport.decorator.EurekaHttpClientDecorator$1.execute(EurekaHttpClientDecorator.java:59)
	at com.netflix.discovery.shared.transport.decorator.RetryableEurekaHttpClient.execute(RetryableEurekaHttpClient.java:120)
	at com.netflix.discovery.shared.transport.decorator.EurekaHttpClientDecorator.register(EurekaHttpClientDecorator.java:56)
	at com.netflix.discovery.shared.transport.decorator.EurekaHttpClientDecorator$1.execute(EurekaHttpClientDecorator.java:59)
	at com.netflix.discovery.shared.transport.decorator.SessionedEurekaHttpClient.execute(SessionedEurekaHttpClient.java:77)
	at com.netflix.discovery.shared.transport.decorator.EurekaHttpClientDecorator.register(EurekaHttpClientDecorator.java:56)
	at com.netflix.discovery.DiscoveryClient.register(DiscoveryClient.java:820)
	at com.netflix.discovery.InstanceInfoReplicator.run(InstanceInfoReplicator.java:121)
	at com.netflix.discovery.InstanceInfoReplicator$1.run(InstanceInfoReplicator.java:101)
	at java.base/java.util.concurrent.Executors$RunnableAdapter.call(Executors.java:572)
	at java.base/java.util.concurrent.FutureTask.run(FutureTask.java:317)
	at java.base/java.util.concurrent.ScheduledThreadPoolExecutor$ScheduledFutureTask.run(ScheduledThreadPoolExecutor.java:304)
	at java.base/java.util.concurrent.ThreadPoolExecutor.runWorker(ThreadPoolExecutor.java:1144)
	at java.base/java.util.concurrent.ThreadPoolExecutor$Worker.run(ThreadPoolExecutor.java:642)
	at java.base/java.lang.Thread.run(Thread.java:1583)
Caused by: org.apache.hc.client5.http.HttpHostConnectException: Connect to http://localhost:8761 [localhost/127.0.0.1, localhost/0:0:0:0:0:0:0:1] failed: Connection refused: getsockopt
	at java.base/sun.nio.ch.Net.pollConnect(Native Method)
	at java.base/sun.nio.ch.Net.pollConnectNow(Net.java:690)
	at java.base/sun.nio.ch.NioSocketImpl.timedFinishConnect(NioSocketImpl.java:542)
	at java.base/sun.nio.ch.NioSocketImpl.connect(NioSocketImpl.java:592)
	at java.base/java.net.SocksSocketImpl.connect(SocksSocketImpl.java:327)
	at java.base/java.net.Socket.connect(Socket.java:751)
	at org.apache.hc.client5.http.socket.PlainConnectionSocketFactory.lambda$connectSocket$0(PlainConnectionSocketFactory.java:85)
	at java.base/java.security.AccessController.doPrivileged(AccessController.java:571)
	at org.apache.hc.client5.http.socket.PlainConnectionSocketFactory.connectSocket(PlainConnectionSocketFactory.java:84)
	at org.apache.hc.client5.http.socket.ConnectionSocketFactory.connectSocket(ConnectionSocketFactory.java:113)
	at org.apache.hc.client5.http.impl.io.DefaultHttpClientConnectionOperator.connect(DefaultHttpClientConnectionOperator.java:181)
	at org.apache.hc.client5.http.impl.io.PoolingHttpClientConnectionManager.connect(PoolingHttpClientConnectionManager.java:447)
	at org.apache.hc.client5.http.impl.classic.InternalExecRuntime.connectEndpoint(InternalExecRuntime.java:162)
	at org.apache.hc.client5.http.impl.classic.InternalExecRuntime.connectEndpoint(InternalExecRuntime.java:172)
	at org.apache.hc.client5.http.impl.classic.ConnectExec.execute(ConnectExec.java:142)
	at org.apache.hc.client5.http.impl.classic.ExecChainElement.execute(ExecChainElement.java:51)
	at org.apache.hc.client5.http.impl.classic.ProtocolExec.execute(ProtocolExec.java:192)
	at org.apache.hc.client5.http.impl.classic.ExecChainElement.execute(ExecChainElement.java:51)
	at org.apache.hc.client5.http.impl.classic.HttpRequestRetryExec.execute(HttpRequestRetryExec.java:96)
	at org.apache.hc.client5.http.impl.classic.ExecChainElement.execute(ExecChainElement.java:51)
	at org.apache.hc.client5.http.impl.classic.ContentCompressionExec.execute(ContentCompressionExec.java:152)
	at org.apache.hc.client5.http.impl.classic.ExecChainElement.execute(ExecChainElement.java:51)
	at org.apache.hc.client5.http.impl.classic.RedirectExec.execute(RedirectExec.java:115)
	at org.apache.hc.client5.http.impl.classic.ExecChainElement.execute(ExecChainElement.java:51)
	at org.apache.hc.client5.http.impl.classic.InternalHttpClient.doExecute(InternalHttpClient.java:170)
	at org.apache.hc.client5.http.impl.classic.CloseableHttpClient.execute(CloseableHttpClient.java:87)
	at org.apache.hc.client5.http.impl.classic.CloseableHttpClient.execute(CloseableHttpClient.java:55)
	at org.apache.hc.client5.http.classic.HttpClient.executeOpen(HttpClient.java:183)
	at org.springframework.http.client.HttpComponentsClientHttpRequest.executeInternal(HttpComponentsClientHttpRequest.java:95)
	at org.springframework.http.client.AbstractStreamingClientHttpRequest.executeInternal(AbstractStreamingClientHttpRequest.java:70)
	at org.springframework.http.client.AbstractClientHttpRequest.execute(AbstractClientHttpRequest.java:66)
	at org.springframework.http.client.InterceptingClientHttpRequest$InterceptingRequestExecution.execute(InterceptingClientHttpRequest.java:101)
	at org.springframework.cloud.netflix.eureka.http.RestTemplateTransportClientFactory.lambda$restTemplate$0(RestTemplateTransportClientFactory.java:143)
	at org.springframework.http.client.InterceptingClientHttpRequest$InterceptingRequestExecution.execute(InterceptingClientHttpRequest.java:87)
	at org.springframework.http.client.InterceptingClientHttpRequest.executeInternal(InterceptingClientHttpRequest.java:71)
	at org.springframework.http.client.AbstractBufferingClientHttpRequest.executeInternal(AbstractBufferingClientHttpRequest.java:48)
	at org.springframework.http.client.AbstractClientHttpRequest.execute(AbstractClientHttpRequest.java:66)
	at org.springframework.web.client.RestTemplate.doExecute(RestTemplate.java:879)
	... 22 more

2026-05-16T14:18:30.648+05:30  WARN 21248 --- [payment-service] [DiscoveryClient-InstanceInfoReplicator-0] c.n.d.s.t.d.RetryableEurekaHttpClient    : Request execution failed with message: I/O error on POST request for "http://localhost:8761/eureka/apps/PAYMENT-SERVICE": Connect to http://localhost:8761 [localhost/127.0.0.1, localhost/0:0:0:0:0:0:0:1] failed: Connection refused: getsockopt
2026-05-16T14:18:30.648+05:30  WARN 21248 --- [payment-service] [DiscoveryClient-InstanceInfoReplicator-0] com.netflix.discovery.DiscoveryClient    : DiscoveryClient_PAYMENT-SERVICE/localhost:payment-service:8086 - registration failed Cannot execute request on any known server

com.netflix.discovery.shared.transport.TransportException: Cannot execute request on any known server
	at com.netflix.discovery.shared.transport.decorator.RetryableEurekaHttpClient.execute(RetryableEurekaHttpClient.java:112) ~[eureka-client-2.0.2.jar:2.0.2]
	at com.netflix.discovery.shared.transport.decorator.EurekaHttpClientDecorator.register(EurekaHttpClientDecorator.java:56) ~[eureka-client-2.0.2.jar:2.0.2]
	at com.netflix.discovery.shared.transport.decorator.EurekaHttpClientDecorator$1.execute(EurekaHttpClientDecorator.java:59) ~[eureka-client-2.0.2.jar:2.0.2]
	at com.netflix.discovery.shared.transport.decorator.SessionedEurekaHttpClient.execute(SessionedEurekaHttpClient.java:77) ~[eureka-client-2.0.2.jar:2.0.2]
	at com.netflix.discovery.shared.transport.decorator.EurekaHttpClientDecorator.register(EurekaHttpClientDecorator.java:56) ~[eureka-client-2.0.2.jar:2.0.2]
	at com.netflix.discovery.DiscoveryClient.register(DiscoveryClient.java:820) ~[eureka-client-2.0.2.jar:2.0.2]
	at com.netflix.discovery.InstanceInfoReplicator.run(InstanceInfoReplicator.java:121) ~[eureka-client-2.0.2.jar:2.0.2]
	at com.netflix.discovery.InstanceInfoReplicator$1.run(InstanceInfoReplicator.java:101) ~[eureka-client-2.0.2.jar:2.0.2]
	at java.base/java.util.concurrent.Executors$RunnableAdapter.call(Executors.java:572) ~[na:na]
	at java.base/java.util.concurrent.FutureTask.run(FutureTask.java:317) ~[na:na]
	at java.base/java.util.concurrent.ScheduledThreadPoolExecutor$ScheduledFutureTask.run(ScheduledThreadPoolExecutor.java:304) ~[na:na]
	at java.base/java.util.concurrent.ThreadPoolExecutor.runWorker(ThreadPoolExecutor.java:1144) ~[na:na]
	at java.base/java.util.concurrent.ThreadPoolExecutor$Worker.run(ThreadPoolExecutor.java:642) ~[na:na]
	at java.base/java.lang.Thread.run(Thread.java:1583) ~[na:na]

2026-05-16T14:18:30.651+05:30  WARN 21248 --- [payment-service] [DiscoveryClient-InstanceInfoReplicator-0] c.n.discovery.InstanceInfoReplicator     : There was a problem with the instance info replicator

com.netflix.discovery.shared.transport.TransportException: Cannot execute request on any known server
	at com.netflix.discovery.shared.transport.decorator.RetryableEurekaHttpClient.execute(RetryableEurekaHttpClient.java:112) ~[eureka-client-2.0.2.jar:2.0.2]
	at com.netflix.discovery.shared.transport.decorator.EurekaHttpClientDecorator.register(EurekaHttpClientDecorator.java:56) ~[eureka-client-2.0.2.jar:2.0.2]
	at com.netflix.discovery.shared.transport.decorator.EurekaHttpClientDecorator$1.execute(EurekaHttpClientDecorator.java:59) ~[eureka-client-2.0.2.jar:2.0.2]
	at com.netflix.discovery.shared.transport.decorator.SessionedEurekaHttpClient.execute(SessionedEurekaHttpClient.java:77) ~[eureka-client-2.0.2.jar:2.0.2]
	at com.netflix.discovery.shared.transport.decorator.EurekaHttpClientDecorator.register(EurekaHttpClientDecorator.java:56) ~[eureka-client-2.0.2.jar:2.0.2]
	at com.netflix.discovery.DiscoveryClient.register(DiscoveryClient.java:820) ~[eureka-client-2.0.2.jar:2.0.2]
	at com.netflix.discovery.InstanceInfoReplicator.run(InstanceInfoReplicator.java:121) ~[eureka-client-2.0.2.jar:2.0.2]
	at com.netflix.discovery.InstanceInfoReplicator$1.run(InstanceInfoReplicator.java:101) ~[eureka-client-2.0.2.jar:2.0.2]
	at java.base/java.util.concurrent.Executors$RunnableAdapter.call(Executors.java:572) ~[na:na]
	at java.base/java.util.concurrent.FutureTask.run(FutureTask.java:317) ~[na:na]
	at java.base/java.util.concurrent.ScheduledThreadPoolExecutor$ScheduledFutureTask.run(ScheduledThreadPoolExecutor.java:304) ~[na:na]
	at java.base/java.util.concurrent.ThreadPoolExecutor.runWorker(ThreadPoolExecutor.java:1144) ~[na:na]
	at java.base/java.util.concurrent.ThreadPoolExecutor$Worker.run(ThreadPoolExecutor.java:642) ~[na:na]
	at java.base/java.lang.Thread.run(Thread.java:1583) ~[na:na]

2026-05-16T14:18:30.653+05:30  INFO 21248 --- [payment-service] [main] c.p.payment.PaymentServiceApplication    : Executing database migration to alter pass_balances.status column to VARCHAR...
2026-05-16T14:18:30.709+05:30  INFO 21248 --- [payment-service] [main] c.p.payment.PaymentServiceApplication    : Migration successful.
2026-05-16T14:18:30.714+05:30 ERROR 21248 --- [payment-service] [registrationTask1] o.s.s.s.TaskUtils$LoggingErrorHandler    : Unexpected error occurred in scheduled task

java.lang.IllegalStateException: couldn't determine local port. Please set spring.boot.admin.client.instance.service-base-url.
	at de.codecentric.boot.admin.client.registration.DefaultApplicationFactory.getLocalServerPort(DefaultApplicationFactory.java:205) ~[spring-boot-admin-client-3.2.3.jar:3.2.3]
	at de.codecentric.boot.admin.client.registration.DefaultApplicationFactory.getServiceBaseUrl(DefaultApplicationFactory.java:109) ~[spring-boot-admin-client-3.2.3.jar:3.2.3]
	at de.codecentric.boot.admin.client.registration.ServletApplicationFactory.getServiceUrl(ServletApplicationFactory.java:62) ~[spring-boot-admin-client-3.2.3.jar:3.2.3]
	at de.codecentric.boot.admin.client.registration.ServletApplicationFactory.getManagementBaseUrl(ServletApplicationFactory.java:77) ~[spring-boot-admin-client-3.2.3.jar:3.2.3]
	at de.codecentric.boot.admin.client.registration.DefaultApplicationFactory.getHealthUrl(DefaultApplicationFactory.java:165) ~[spring-boot-admin-client-3.2.3.jar:3.2.3]
	at de.codecentric.boot.admin.client.registration.DefaultApplicationFactory.createApplication(DefaultApplicationFactory.java:80) ~[spring-boot-admin-client-3.2.3.jar:3.2.3]
	at de.codecentric.boot.admin.client.registration.DefaultApplicationRegistrator.register(DefaultApplicationRegistrator.java:56) ~[spring-boot-admin-client-3.2.3.jar:3.2.3]
	at org.springframework.scheduling.support.DelegatingErrorHandlingRunnable.run(DelegatingErrorHandlingRunnable.java:54) ~[spring-context-6.1.1.jar:6.1.1]
	at java.base/java.util.concurrent.Executors$RunnableAdapter.call(Executors.java:572) ~[na:na]
	at java.base/java.util.concurrent.FutureTask.runAndReset(FutureTask.java:358) ~[na:na]
	at java.base/java.util.concurrent.ScheduledThreadPoolExecutor$ScheduledFutureTask.run(ScheduledThreadPoolExecutor.java:305) ~[na:na]
	at java.base/java.util.concurrent.ThreadPoolExecutor.runWorker(ThreadPoolExecutor.java:1144) ~[na:na]
	at java.base/java.util.concurrent.ThreadPoolExecutor$Worker.run(ThreadPoolExecutor.java:642) ~[na:na]
	at java.base/java.lang.Thread.run(Thread.java:1583) ~[na:na]

2026-05-16T14:18:31.106+05:30 DEBUG 21248 --- [payment-service] [main] c.p.payment.security.JwtAuthFilter       : Authenticated: test@test.com [ROLE_DRIVER]
2026-05-16T14:18:31.114+05:30 ERROR 21248 --- [payment-service] [main] c.p.payment.security.JwtAuthFilter       : JWT filter error: Test Exception
2026-05-16T14:18:31.119+05:30 DEBUG 21248 --- [payment-service] [main] c.p.payment.security.JwtAuthFilter       : Authenticated: test@test.com [ROLE_DRIVER]
2026-05-16T14:18:31.139+05:30 ERROR 21248 --- [payment-service] [main] c.p.payment.service.PassReceiptService   : Failed to create receipts directory: Z:\bad_path\invalid: Unable to determine if root directory exists
2026-05-16T14:18:31.254+05:30 ERROR 21248 --- [payment-service] [main] c.p.payment.service.PassReceiptService   : Failed to generate pass receipt for txn 11: Z:\bad_path\invalid\ParkEase_PassReceipt_11.pdf (The system cannot find the path specified)
2026-05-16T14:18:31.600+05:30  INFO 21248 --- [payment-service] [main] c.p.payment.service.PassReceiptService   : Pass receipt generated: C:\Users\Hp\AppData\Local\Temp\junit4929502157238938114\ParkEase_PassReceipt_12.pdf
2026-05-16T14:18:31.613+05:30  INFO 21248 --- [payment-service] [main] c.p.payment.service.PassReceiptService   : Pass receipt generated: C:\Users\Hp\AppData\Local\Temp\junit12874573556610508373\ParkEase_PassReceipt_10.pdf
2026-05-16T14:18:32.147+05:30  INFO 21248 --- [payment-service] [main] c.p.payment.service.PassServiceImpl      : Activating pass for driver: aryan@test.com order: order_pass_123
2026-05-16T14:18:32.148+05:30  INFO 21248 --- [payment-service] [main] c.p.payment.service.PassServiceImpl      : Pass 1 activated for driver: aryan@test.com, valid until: 2026-06-15T14:18:32.148376400
2026-05-16T14:18:32.154+05:30  INFO 21248 --- [payment-service] [main] c.p.payment.service.PassServiceImpl      : Processing pass payment for driver: aryan@test.com booking: 103
2026-05-16T14:18:32.165+05:30  INFO 21248 --- [payment-service] [main] c.p.payment.service.PassServiceImpl      : Processing pass payment for driver: aryan@test.com booking: 104
2026-05-16T14:18:32.166+05:30  INFO 21248 --- [payment-service] [main] c.p.payment.service.PassServiceImpl      : Pass payment recorded: PASS-12DD8D7A-BCA5-4D82-B3CB-5E26F3DA000D for booking: 104, remaining: 0
2026-05-16T14:18:32.173+05:30  INFO 21248 --- [payment-service] [main] c.p.payment.service.PassServiceImpl      : Cancelling pass for driver: aryan@test.com
2026-05-16T14:18:32.174+05:30  INFO 21248 --- [payment-service] [main] c.p.payment.service.PassServiceImpl      : Pass 1 cancelled by driver: aryan@test.com
2026-05-16T14:18:32.180+05:30  INFO 21248 --- [payment-service] [main] c.p.payment.service.PassServiceImpl      : Scheduler expired 1 pass(es).
2026-05-16T14:18:32.189+05:30  INFO 21248 --- [payment-service] [main] c.p.payment.service.PassServiceImpl      : Pass receipt missing for txn 10, regenerating...
2026-05-16T14:18:32.195+05:30  INFO 21248 --- [payment-service] [main] c.p.payment.service.PassServiceImpl      : Processing pass payment for driver: aryan@test.com booking: 100
2026-05-16T14:18:32.200+05:30  INFO 21248 --- [payment-service] [main] c.p.payment.service.PassServiceImpl      : Processing pass payment for driver: aryan@test.com booking: 102
2026-05-16T14:18:32.205+05:30  INFO 21248 --- [payment-service] [main] c.p.payment.service.PassServiceImpl      : Creating pass order for driver: aryan@test.com
2026-05-16T14:18:32.281+05:30  INFO 21248 --- [payment-service] [main] c.p.payment.service.PassServiceImpl      : Creating pass order for driver: aryan@test.com
2026-05-16T14:18:32.286+05:30  INFO 21248 --- [payment-service] [main] c.p.payment.service.PassServiceImpl      : Razorpay pass order created: order_pass_123 for driver: aryan@test.com
2026-05-16T14:18:32.291+05:30  INFO 21248 --- [payment-service] [main] c.p.payment.service.PassServiceImpl      : Pass 1 lazily expired for driver: aryan@test.com
2026-05-16T14:18:32.301+05:30  INFO 21248 --- [payment-service] [main] c.p.payment.service.PassServiceImpl      : Cancelling pass for driver: aryan@test.com
2026-05-16T14:18:32.322+05:30  INFO 21248 --- [payment-service] [main] c.p.payment.service.PassServiceImpl      : Pass receipt missing for txn 10, regenerating...
2026-05-16T14:18:32.331+05:30  INFO 21248 --- [payment-service] [main] c.p.payment.service.PassServiceImpl      : Pass receipt missing for txn 10, regenerating...
2026-05-16T14:18:32.336+05:30  INFO 21248 --- [payment-service] [main] c.p.payment.service.PassServiceImpl      : Scheduler expired 1 pass(es).
2026-05-16T14:18:32.356+05:30  INFO 21248 --- [payment-service] [main] c.p.payment.service.PassServiceImpl      : Activating pass for driver: aryan@test.com order: order_pass_123
2026-05-16T14:18:32.357+05:30  INFO 21248 --- [payment-service] [main] c.p.payment.service.PassServiceImpl      : Cleaned up 1 old pass record(s) for driver: aryan@test.com
2026-05-16T14:18:32.357+05:30  INFO 21248 --- [payment-service] [main] c.p.payment.service.PassServiceImpl      : Pass 1 activated for driver: aryan@test.com, valid until: 2026-06-15T14:18:32.356969900
2026-05-16T14:18:32.361+05:30  INFO 21248 --- [payment-service] [main] c.p.payment.service.PassServiceImpl      : Processing pass payment for driver: aryan@test.com booking: 101
2026-05-16T14:18:32.366+05:30  INFO 21248 --- [payment-service] [main] c.p.payment.service.PassServiceImpl      : Creating pass order for driver: aryan@test.com
2026-05-16T14:18:32.367+05:30  INFO 21248 --- [payment-service] [main] c.p.payment.service.PassServiceImpl      : Razorpay pass order created: order_pass_456 for driver: aryan@test.com
2026-05-16T14:18:32.372+05:30  INFO 21248 --- [payment-service] [main] c.p.payment.service.PassServiceImpl      : Processing pass payment for driver: aryan@test.com booking: 100
2026-05-16T14:18:32.373+05:30  INFO 21248 --- [payment-service] [main] c.p.payment.service.PassServiceImpl      : Pass payment recorded: PASS-2A04EB46-8A65-4E46-8E71-E191D456C0FC for booking: 100, remaining: 144
2026-05-16T14:18:32.381+05:30  INFO 21248 --- [payment-service] [main] c.p.payment.service.PassServiceImpl      : Activating pass for driver: aryan@test.com order: order_pass_123
2026-05-16T14:18:32.388+05:30  INFO 21248 --- [payment-service] [main] c.p.payment.service.PassServiceImpl      : Creating pass order for driver: aryan@test.com
2026-05-16T14:18:32.389+05:30 ERROR 21248 --- [payment-service] [main] c.p.payment.service.PassServiceImpl      : Razorpay pass order creation failed: Network error
2026-05-16T14:18:32.393+05:30  INFO 21248 --- [payment-service] [main] c.p.payment.service.PassServiceImpl      : Cancelling pass for driver: aryan@test.com
2026-05-16T14:18:32.751+05:30  INFO 21248 --- [payment-service] [main] c.p.payment.service.PaymentServiceImpl   : Processing refund for booking: 100
2026-05-16T14:18:32.753+05:30  INFO 21248 --- [payment-service] [main] c.p.payment.service.PaymentServiceImpl   : Razorpay refund created: refund_123
2026-05-16T14:18:32.758+05:30  INFO 21248 --- [payment-service] [main] c.p.payment.service.PaymentServiceImpl   : Processing refund for booking: 100
2026-05-16T14:18:32.759+05:30  INFO 21248 --- [payment-service] [main] c.p.payment.service.PaymentServiceImpl   : Razorpay refund created: refund_123
2026-05-16T14:18:32.769+05:30  INFO 21248 --- [payment-service] [main] c.p.payment.service.PaymentServiceImpl   : Creating Razorpay order for booking: 100 amount: Rs.150.0
2026-05-16T14:18:32.770+05:30  INFO 21248 --- [payment-service] [main] c.p.payment.service.PaymentServiceImpl   : Razorpay order created: order_123
2026-05-16T14:18:32.774+05:30  INFO 21248 --- [payment-service] [main] c.p.payment.service.PaymentServiceImpl   : Processing refund for booking: 999
2026-05-16T14:18:32.861+05:30  INFO 21248 --- [payment-service] [main] c.p.payment.service.PaymentServiceImpl   : Verifying payment for order: order_123
2026-05-16T14:18:32.861+05:30  INFO 21248 --- [payment-service] [main] c.p.payment.service.PaymentServiceImpl   : Payment 1 verified and marked as PAID
2026-05-16T14:18:32.872+05:30  INFO 21248 --- [payment-service] [main] c.p.payment.service.PaymentServiceImpl   : Creating Razorpay order for booking: 100 amount: Rs.150.0
2026-05-16T14:18:32.876+05:30  INFO 21248 --- [payment-service] [main] c.p.payment.service.PaymentServiceImpl   : Verifying payment for order: order_123
2026-05-16T14:18:32.877+05:30  INFO 21248 --- [payment-service] [main] c.p.payment.service.PaymentServiceImpl   : Payment 1 verified and marked as PAID
2026-05-16T14:18:32.883+05:30  INFO 21248 --- [payment-service] [main] c.p.payment.service.PaymentServiceImpl   : Verifying payment for order: order_123
2026-05-16T14:18:32.883+05:30  INFO 21248 --- [payment-service] [main] c.p.payment.service.PaymentServiceImpl   : Payment 1 verified and marked as PAID
2026-05-16T14:18:32.891+05:30  INFO 21248 --- [payment-service] [main] c.p.payment.service.PaymentServiceImpl   : Receipt missing for payment 1, regenerating...
2026-05-16T14:18:32.905+05:30  INFO 21248 --- [payment-service] [main] c.p.payment.service.PaymentServiceImpl   : Verifying payment for order: order_123
2026-05-16T14:18:32.906+05:30  WARN 21248 --- [payment-service] [main] c.p.payment.service.PaymentServiceImpl   : Invalid signature for order: order_123
2026-05-16T14:18:32.909+05:30  INFO 21248 --- [payment-service] [main] c.p.payment.service.PaymentServiceImpl   : Processing refund for booking: 100
2026-05-16T14:18:32.918+05:30  INFO 21248 --- [payment-service] [main] c.p.payment.service.PaymentServiceImpl   : Processing refund for booking: 100
2026-05-16T14:18:32.919+05:30 ERROR 21248 --- [payment-service] [main] c.p.payment.service.PaymentServiceImpl   : Refund failed for payment 1: Razorpay error
2026-05-16T14:18:32.923+05:30  INFO 21248 --- [payment-service] [main] c.p.payment.service.PaymentServiceImpl   : Receipt missing for payment 1, regenerating...
2026-05-16T14:18:32.927+05:30  INFO 21248 --- [payment-service] [main] c.p.payment.service.PaymentServiceImpl   : Creating Razorpay order for booking: 100 amount: Rs.150.0
2026-05-16T14:18:32.928+05:30 ERROR 21248 --- [payment-service] [main] c.p.payment.service.PaymentServiceImpl   : Razorpay order creation failed: Razorpay error
2026-05-16T14:18:32.933+05:30  INFO 21248 --- [payment-service] [main] c.p.payment.service.PaymentServiceImpl   : Verifying payment for order: order_123
2026-05-16T14:18:32.934+05:30  WARN 21248 --- [payment-service] [main] c.p.payment.service.PaymentServiceImpl   : Could not fetch payment method from Razorpay: Fetch error
2026-05-16T14:18:32.934+05:30  INFO 21248 --- [payment-service] [main] c.p.payment.service.PaymentServiceImpl   : Payment 1 verified and marked as PAID
2026-05-16T14:18:32.939+05:30  INFO 21248 --- [payment-service] [main] c.p.payment.service.PaymentServiceImpl   : Verifying payment for order: order_123
2026-05-16T14:18:32.940+05:30  INFO 21248 --- [payment-service] [main] c.p.payment.service.PaymentServiceImpl   : Payment 1 verified and marked as PAID
2026-05-16T14:18:32.945+05:30  INFO 21248 --- [payment-service] [main] c.p.payment.service.PaymentServiceImpl   : Verifying payment for order: order_not_found
2026-05-16T14:18:32.961+05:30  INFO 21248 --- [payment-service] [main] c.p.payment.service.ReceiptService       : Receipt generated: C:\Users\Hp\AppData\Local\Temp\junit3038273285636552676\ParkEase_Receipt_3.pdf
2026-05-16T14:18:32.975+05:30  INFO 21248 --- [payment-service] [main] c.p.payment.service.ReceiptService       : Receipt generated: C:\Users\Hp\AppData\Local\Temp\junit10009301534428950268\ParkEase_Receipt_1.pdf
2026-05-16T14:18:32.980+05:30 ERROR 21248 --- [payment-service] [main] c.p.payment.service.ReceiptService       : Failed to create receipts directory: Z:\non_existent_drive\invalid: Unable to determine if root directory exists
2026-05-16T14:18:32.980+05:30 ERROR 21248 --- [payment-service] [main] c.p.payment.service.ReceiptService       : Failed to generate receipt for payment 1: Z:\non_existent_drive\invalid\ParkEase_Receipt_1.pdf (The system cannot find the path specified)
2026-05-16T14:18:32.993+05:30  INFO 21248 --- [payment-service] [main] c.p.payment.service.ReceiptService       : Receipt generated: C:\Users\Hp\AppData\Local\Temp\junit4620680663675482056\ParkEase_Receipt_2.pdf
2026-05-16T14:18:33.096+05:30  WARN 21248 --- [payment-service] [main] com.parkease.payment.util.JwtUtil        : JWT invalid: JWT expired at 2026-05-16T08:48:28Z. Current time: 2026-05-16T08:48:33Z, a difference of 5095 milliseconds.  Allowed clock skew: 0 milliseconds.
2026-05-16T14:18:33.103+05:30  WARN 21248 --- [payment-service] [main] com.parkease.payment.util.JwtUtil        : JWT invalid: JWT strings must contain exactly 2 period characters. Found: 0
2026-05-16T14:18:33.142+05:30  INFO 21248 --- [payment-service] [SpringApplicationShutdownHook] o.s.c.n.e.s.EurekaServiceRegistry        : Unregistering application PAYMENT-SERVICE with eureka with status DOWN
2026-05-16T14:18:33.142+05:30  INFO 21248 --- [payment-service] [SpringApplicationShutdownHook] com.netflix.discovery.DiscoveryClient    : Saw local status change event StatusChangeEvent [timestamp=1778921313142, current=DOWN, previous=UP]
2026-05-16T14:18:33.143+05:30  INFO 21248 --- [payment-service] [DiscoveryClient-InstanceInfoReplicator-0] com.netflix.discovery.DiscoveryClient    : DiscoveryClient_PAYMENT-SERVICE/localhost:payment-service:8086: registering service...
2026-05-16T14:18:33.159+05:30  INFO 21248 --- [payment-service] [DiscoveryClient-InstanceInfoReplicator-0] c.n.d.s.t.d.RedirectingEurekaHttpClient  : Request execution error. endpoint=DefaultEndpoint{ serviceUrl='http://localhost:8761/eureka/}, exception=Connection pool shut down stacktrace=java.lang.IllegalStateException: Connection pool shut down
	at org.apache.hc.core5.util.Asserts.check(Asserts.java:38)
	at org.apache.hc.core5.pool.StrictConnPool.lease(StrictConnPool.java:176)
	at org.apache.hc.client5.http.impl.io.PoolingHttpClientConnectionManager.lease(PoolingHttpClientConnectionManager.java:298)
	at org.apache.hc.client5.http.impl.classic.InternalExecRuntime.acquireEndpoint(InternalExecRuntime.java:103)
	at org.apache.hc.client5.http.impl.classic.ConnectExec.execute(ConnectExec.java:125)
	at org.apache.hc.client5.http.impl.classic.ExecChainElement.execute(ExecChainElement.java:51)
	at org.apache.hc.client5.http.impl.classic.ProtocolExec.execute(ProtocolExec.java:192)
	at org.apache.hc.client5.http.impl.classic.ExecChainElement.execute(ExecChainElement.java:51)
	at org.apache.hc.client5.http.impl.classic.HttpRequestRetryExec.execute(HttpRequestRetryExec.java:96)
	at org.apache.hc.client5.http.impl.classic.ExecChainElement.execute(ExecChainElement.java:51)
	at org.apache.hc.client5.http.impl.classic.ContentCompressionExec.execute(ContentCompressionExec.java:152)
	at org.apache.hc.client5.http.impl.classic.ExecChainElement.execute(ExecChainElement.java:51)
	at org.apache.hc.client5.http.impl.classic.RedirectExec.execute(RedirectExec.java:115)
	at org.apache.hc.client5.http.impl.classic.ExecChainElement.execute(ExecChainElement.java:51)
	at org.apache.hc.client5.http.impl.classic.InternalHttpClient.doExecute(InternalHttpClient.java:170)
	at org.apache.hc.client5.http.impl.classic.CloseableHttpClient.execute(CloseableHttpClient.java:87)
	at org.apache.hc.client5.http.impl.classic.CloseableHttpClient.execute(CloseableHttpClient.java:55)
	at org.apache.hc.client5.http.classic.HttpClient.executeOpen(HttpClient.java:183)
	at org.springframework.http.client.HttpComponentsClientHttpRequest.executeInternal(HttpComponentsClientHttpRequest.java:95)
	at org.springframework.http.client.AbstractStreamingClientHttpRequest.executeInternal(AbstractStreamingClientHttpRequest.java:70)
	at org.springframework.http.client.AbstractClientHttpRequest.execute(AbstractClientHttpRequest.java:66)
	at org.springframework.http.client.InterceptingClientHttpRequest$InterceptingRequestExecution.execute(InterceptingClientHttpRequest.java:101)
	at org.springframework.cloud.netflix.eureka.http.RestTemplateTransportClientFactory.lambda$restTemplate$0(RestTemplateTransportClientFactory.java:143)
	at org.springframework.http.client.InterceptingClientHttpRequest$InterceptingRequestExecution.execute(InterceptingClientHttpRequest.java:87)
	at org.springframework.http.client.InterceptingClientHttpRequest.executeInternal(InterceptingClientHttpRequest.java:71)
	at org.springframework.http.client.AbstractBufferingClientHttpRequest.executeInternal(AbstractBufferingClientHttpRequest.java:48)
	at org.springframework.http.client.AbstractClientHttpRequest.execute(AbstractClientHttpRequest.java:66)
	at org.springframework.web.client.RestTemplate.doExecute(RestTemplate.java:879)
	at org.springframework.web.client.RestTemplate.execute(RestTemplate.java:781)
	at org.springframework.web.client.RestTemplate.exchange(RestTemplate.java:663)
	at org.springframework.cloud.netflix.eureka.http.RestTemplateEurekaHttpClient.register(RestTemplateEurekaHttpClient.java:77)
	at com.netflix.discovery.shared.transport.decorator.EurekaHttpClientDecorator$1.execute(EurekaHttpClientDecorator.java:59)
	at com.netflix.discovery.shared.transport.decorator.RedirectingEurekaHttpClient.executeOnNewServer(RedirectingEurekaHttpClient.java:121)
	at com.netflix.discovery.shared.transport.decorator.RedirectingEurekaHttpClient.execute(RedirectingEurekaHttpClient.java:80)
	at com.netflix.discovery.shared.transport.decorator.EurekaHttpClientDecorator.register(EurekaHttpClientDecorator.java:56)
	at com.netflix.discovery.shared.transport.decorator.EurekaHttpClientDecorator$1.execute(EurekaHttpClientDecorator.java:59)
	at com.netflix.discovery.shared.transport.decorator.RetryableEurekaHttpClient.execute(RetryableEurekaHttpClient.java:120)
	at com.netflix.discovery.shared.transport.decorator.EurekaHttpClientDecorator.register(EurekaHttpClientDecorator.java:56)
	at com.netflix.discovery.shared.transport.decorator.EurekaHttpClientDecorator$1.execute(EurekaHttpClientDecorator.java:59)
	at com.netflix.discovery.shared.transport.decorator.SessionedEurekaHttpClient.execute(SessionedEurekaHttpClient.java:77)
	at com.netflix.discovery.shared.transport.decorator.EurekaHttpClientDecorator.register(EurekaHttpClientDecorator.java:56)
	at com.netflix.discovery.DiscoveryClient.register(DiscoveryClient.java:820)
	at com.netflix.discovery.InstanceInfoReplicator.run(InstanceInfoReplicator.java:121)
	at com.netflix.discovery.InstanceInfoReplicator$1.run(InstanceInfoReplicator.java:101)
	at java.base/java.util.concurrent.Executors$RunnableAdapter.call(Executors.java:572)
	at java.base/java.util.concurrent.FutureTask.run(FutureTask.java:317)
	at java.base/java.util.concurrent.ScheduledThreadPoolExecutor$ScheduledFutureTask.run(ScheduledThreadPoolExecutor.java:304)
	at java.base/java.util.concurrent.ThreadPoolExecutor.runWorker(ThreadPoolExecutor.java:1144)
	at java.base/java.util.concurrent.ThreadPoolExecutor$Worker.run(ThreadPoolExecutor.java:642)
	at java.base/java.lang.Thread.run(Thread.java:1583)

2026-05-16T14:18:33.161+05:30  WARN 21248 --- [payment-service] [DiscoveryClient-InstanceInfoReplicator-0] c.n.d.s.t.d.RetryableEurekaHttpClient    : Request execution failed with message: Connection pool shut down
2026-05-16T14:18:33.161+05:30  WARN 21248 --- [payment-service] [DiscoveryClient-InstanceInfoReplicator-0] com.netflix.discovery.DiscoveryClient    : DiscoveryClient_PAYMENT-SERVICE/localhost:payment-service:8086 - registration failed Cannot execute request on any known server

com.netflix.discovery.shared.transport.TransportException: Cannot execute request on any known server
	at com.netflix.discovery.shared.transport.decorator.RetryableEurekaHttpClient.execute(RetryableEurekaHttpClient.java:112) ~[eureka-client-2.0.2.jar:2.0.2]
	at com.netflix.discovery.shared.transport.decorator.EurekaHttpClientDecorator.register(EurekaHttpClientDecorator.java:56) ~[eureka-client-2.0.2.jar:2.0.2]
	at com.netflix.discovery.shared.transport.decorator.EurekaHttpClientDecorator$1.execute(EurekaHttpClientDecorator.java:59) ~[eureka-client-2.0.2.jar:2.0.2]
	at com.netflix.discovery.shared.transport.decorator.SessionedEurekaHttpClient.execute(SessionedEurekaHttpClient.java:77) ~[eureka-client-2.0.2.jar:2.0.2]
	at com.netflix.discovery.shared.transport.decorator.EurekaHttpClientDecorator.register(EurekaHttpClientDecorator.java:56) ~[eureka-client-2.0.2.jar:2.0.2]
	at com.netflix.discovery.DiscoveryClient.register(DiscoveryClient.java:820) ~[eureka-client-2.0.2.jar:2.0.2]
	at com.netflix.discovery.InstanceInfoReplicator.run(InstanceInfoReplicator.java:121) ~[eureka-client-2.0.2.jar:2.0.2]
	at com.netflix.discovery.InstanceInfoReplicator$1.run(InstanceInfoReplicator.java:101) ~[eureka-client-2.0.2.jar:2.0.2]
	at java.base/java.util.concurrent.Executors$RunnableAdapter.call(Executors.java:572) ~[na:na]
	at java.base/java.util.concurrent.FutureTask.run(FutureTask.java:317) ~[na:na]
	at java.base/java.util.concurrent.ScheduledThreadPoolExecutor$ScheduledFutureTask.run(ScheduledThreadPoolExecutor.java:304) ~[na:na]
	at java.base/java.util.concurrent.ThreadPoolExecutor.runWorker(ThreadPoolExecutor.java:1144) ~[na:na]
	at java.base/java.util.concurrent.ThreadPoolExecutor$Worker.run(ThreadPoolExecutor.java:642) ~[na:na]
	at java.base/java.lang.Thread.run(Thread.java:1583) ~[na:na]

2026-05-16T14:18:33.162+05:30  WARN 21248 --- [payment-service] [DiscoveryClient-InstanceInfoReplicator-0] c.n.discovery.InstanceInfoReplicator     : There was a problem with the instance info replicator

com.netflix.discovery.shared.transport.TransportException: Cannot execute request on any known server
	at com.netflix.discovery.shared.transport.decorator.RetryableEurekaHttpClient.execute(RetryableEurekaHttpClient.java:112) ~[eureka-client-2.0.2.jar:2.0.2]
	at com.netflix.discovery.shared.transport.decorator.EurekaHttpClientDecorator.register(EurekaHttpClientDecorator.java:56) ~[eureka-client-2.0.2.jar:2.0.2]
	at com.netflix.discovery.shared.transport.decorator.EurekaHttpClientDecorator$1.execute(EurekaHttpClientDecorator.java:59) ~[eureka-client-2.0.2.jar:2.0.2]
	at com.netflix.discovery.shared.transport.decorator.SessionedEurekaHttpClient.execute(SessionedEurekaHttpClient.java:77) ~[eureka-client-2.0.2.jar:2.0.2]
	at com.netflix.discovery.shared.transport.decorator.EurekaHttpClientDecorator.register(EurekaHttpClientDecorator.java:56) ~[eureka-client-2.0.2.jar:2.0.2]
	at com.netflix.discovery.DiscoveryClient.register(DiscoveryClient.java:820) ~[eureka-client-2.0.2.jar:2.0.2]
	at com.netflix.discovery.InstanceInfoReplicator.run(InstanceInfoReplicator.java:121) ~[eureka-client-2.0.2.jar:2.0.2]
	at com.netflix.discovery.InstanceInfoReplicator$1.run(InstanceInfoReplicator.java:101) ~[eureka-client-2.0.2.jar:2.0.2]
	at java.base/java.util.concurrent.Executors$RunnableAdapter.call(Executors.java:572) ~[na:na]
	at java.base/java.util.concurrent.FutureTask.run(FutureTask.java:317) ~[na:na]
	at java.base/java.util.concurrent.ScheduledThreadPoolExecutor$ScheduledFutureTask.run(ScheduledThreadPoolExecutor.java:304) ~[na:na]
	at java.base/java.util.concurrent.ThreadPoolExecutor.runWorker(ThreadPoolExecutor.java:1144) ~[na:na]
	at java.base/java.util.concurrent.ThreadPoolExecutor$Worker.run(ThreadPoolExecutor.java:642) ~[na:na]
	at java.base/java.lang.Thread.run(Thread.java:1583) ~[na:na]

2026-05-16T14:18:33.169+05:30  INFO 21248 --- [payment-service] [SpringApplicationShutdownHook] j.LocalContainerEntityManagerFactoryBean : Closing JPA EntityManagerFactory for persistence unit 'default'
2026-05-16T14:18:33.174+05:30  INFO 21248 --- [payment-service] [SpringApplicationShutdownHook] com.zaxxer.hikari.HikariDataSource       : HikariPool-1 - Shutdown initiated...
2026-05-16T14:18:33.589+05:30  INFO 21248 --- [payment-service] [SpringApplicationShutdownHook] com.zaxxer.hikari.HikariDataSource       : HikariPool-1 - Shutdown completed.
2026-05-16T14:18:33.589+05:30  INFO 21248 --- [payment-service] [SpringApplicationShutdownHook] com.netflix.discovery.DiscoveryClient    : Shutting down DiscoveryClient ...
2026-05-16T14:18:36.607+05:30  INFO 21248 --- [payment-service] [SpringApplicationShutdownHook] com.netflix.discovery.DiscoveryClient    : Unregistering ...
2026-05-16T14:18:36.615+05:30  INFO 21248 --- [payment-service] [SpringApplicationShutdownHook] c.n.d.s.t.d.RedirectingEurekaHttpClient  : Request execution error. endpoint=DefaultEndpoint{ serviceUrl='http://localhost:8761/eureka/}, exception=Connection pool shut down stacktrace=java.lang.IllegalStateException: Connection pool shut down
	at org.apache.hc.core5.util.Asserts.check(Asserts.java:38)
	at org.apache.hc.core5.pool.StrictConnPool.lease(StrictConnPool.java:176)
	at org.apache.hc.client5.http.impl.io.PoolingHttpClientConnectionManager.lease(PoolingHttpClientConnectionManager.java:298)
	at org.apache.hc.client5.http.impl.classic.InternalExecRuntime.acquireEndpoint(InternalExecRuntime.java:103)
	at org.apache.hc.client5.http.impl.classic.ConnectExec.execute(ConnectExec.java:125)
	at org.apache.hc.client5.http.impl.classic.ExecChainElement.execute(ExecChainElement.java:51)
	at org.apache.hc.client5.http.impl.classic.ProtocolExec.execute(ProtocolExec.java:192)
	at org.apache.hc.client5.http.impl.classic.ExecChainElement.execute(ExecChainElement.java:51)
	at org.apache.hc.client5.http.impl.classic.HttpRequestRetryExec.execute(HttpRequestRetryExec.java:96)
	at org.apache.hc.client5.http.impl.classic.ExecChainElement.execute(ExecChainElement.java:51)
	at org.apache.hc.client5.http.impl.classic.ContentCompressionExec.execute(ContentCompressionExec.java:152)
	at org.apache.hc.client5.http.impl.classic.ExecChainElement.execute(ExecChainElement.java:51)
	at org.apache.hc.client5.http.impl.classic.RedirectExec.execute(RedirectExec.java:115)
	at org.apache.hc.client5.http.impl.classic.ExecChainElement.execute(ExecChainElement.java:51)
	at org.apache.hc.client5.http.impl.classic.InternalHttpClient.doExecute(InternalHttpClient.java:170)
	at org.apache.hc.client5.http.impl.classic.CloseableHttpClient.execute(CloseableHttpClient.java:87)
	at org.apache.hc.client5.http.impl.classic.CloseableHttpClient.execute(CloseableHttpClient.java:55)
	at org.apache.hc.client5.http.classic.HttpClient.executeOpen(HttpClient.java:183)
	at org.springframework.http.client.HttpComponentsClientHttpRequest.executeInternal(HttpComponentsClientHttpRequest.java:95)
	at org.springframework.http.client.AbstractStreamingClientHttpRequest.executeInternal(AbstractStreamingClientHttpRequest.java:70)
	at org.springframework.http.client.AbstractClientHttpRequest.execute(AbstractClientHttpRequest.java:66)
	at org.springframework.http.client.InterceptingClientHttpRequest$InterceptingRequestExecution.execute(InterceptingClientHttpRequest.java:101)
	at org.springframework.cloud.netflix.eureka.http.RestTemplateTransportClientFactory.lambda$restTemplate$0(RestTemplateTransportClientFactory.java:143)
	at org.springframework.http.client.InterceptingClientHttpRequest$InterceptingRequestExecution.execute(InterceptingClientHttpRequest.java:87)
	at org.springframework.http.client.InterceptingClientHttpRequest.executeInternal(InterceptingClientHttpRequest.java:71)
	at org.springframework.http.client.AbstractBufferingClientHttpRequest.executeInternal(AbstractBufferingClientHttpRequest.java:48)
	at org.springframework.http.client.AbstractClientHttpRequest.execute(AbstractClientHttpRequest.java:66)
	at org.springframework.web.client.RestTemplate.doExecute(RestTemplate.java:879)
	at org.springframework.web.client.RestTemplate.execute(RestTemplate.java:781)
	at org.springframework.web.client.RestTemplate.exchange(RestTemplate.java:663)
	at org.springframework.cloud.netflix.eureka.http.RestTemplateEurekaHttpClient.cancel(RestTemplateEurekaHttpClient.java:87)
	at com.netflix.discovery.shared.transport.decorator.EurekaHttpClientDecorator$2.execute(EurekaHttpClientDecorator.java:74)
	at com.netflix.discovery.shared.transport.decorator.RedirectingEurekaHttpClient.executeOnNewServer(RedirectingEurekaHttpClient.java:121)
	at com.netflix.discovery.shared.transport.decorator.RedirectingEurekaHttpClient.execute(RedirectingEurekaHttpClient.java:80)
	at com.netflix.discovery.shared.transport.decorator.EurekaHttpClientDecorator.cancel(EurekaHttpClientDecorator.java:71)
	at com.netflix.discovery.shared.transport.decorator.EurekaHttpClientDecorator$2.execute(EurekaHttpClientDecorator.java:74)
	at com.netflix.discovery.shared.transport.decorator.RetryableEurekaHttpClient.execute(RetryableEurekaHttpClient.java:120)
	at com.netflix.discovery.shared.transport.decorator.EurekaHttpClientDecorator.cancel(EurekaHttpClientDecorator.java:71)
	at com.netflix.discovery.shared.transport.decorator.EurekaHttpClientDecorator$2.execute(EurekaHttpClientDecorator.java:74)
	at com.netflix.discovery.shared.transport.decorator.SessionedEurekaHttpClient.execute(SessionedEurekaHttpClient.java:77)
	at com.netflix.discovery.shared.transport.decorator.EurekaHttpClientDecorator.cancel(EurekaHttpClientDecorator.java:71)
	at com.netflix.discovery.DiscoveryClient.unregister(DiscoveryClient.java:916)
	at com.netflix.discovery.DiscoveryClient.shutdown(DiscoveryClient.java:892)
	at java.base/jdk.internal.reflect.DirectMethodHandleAccessor.invoke(DirectMethodHandleAccessor.java:103)
	at java.base/java.lang.reflect.Method.invoke(Method.java:580)
	at org.springframework.beans.factory.annotation.InitDestroyAnnotationBeanPostProcessor$LifecycleMethod.invoke(InitDestroyAnnotationBeanPostProcessor.java:457)
	at org.springframework.beans.factory.annotation.InitDestroyAnnotationBeanPostProcessor$LifecycleMetadata.invokeDestroyMethods(InitDestroyAnnotationBeanPostProcessor.java:415)
	at org.springframework.beans.factory.annotation.InitDestroyAnnotationBeanPostProcessor.postProcessBeforeDestruction(InitDestroyAnnotationBeanPostProcessor.java:239)
	at org.springframework.beans.factory.support.DisposableBeanAdapter.destroy(DisposableBeanAdapter.java:202)
	at org.springframework.beans.factory.support.DisposableBeanAdapter.run(DisposableBeanAdapter.java:195)
	at org.springframework.cloud.context.scope.GenericScope$BeanLifecycleWrapper.destroy(GenericScope.java:389)
	at org.springframework.cloud.context.scope.GenericScope.destroy(GenericScope.java:136)
	at org.springframework.beans.factory.support.DisposableBeanAdapter.destroy(DisposableBeanAdapter.java:211)
	at org.springframework.beans.factory.support.DefaultSingletonBeanRegistry.destroyBean(DefaultSingletonBeanRegistry.java:587)
	at org.springframework.beans.factory.support.DefaultSingletonBeanRegistry.destroySingleton(DefaultSingletonBeanRegistry.java:559)
	at org.springframework.beans.factory.support.DefaultListableBeanFactory.destroySingleton(DefaultListableBeanFactory.java:1200)
	at org.springframework.beans.factory.support.DefaultSingletonBeanRegistry.destroySingletons(DefaultSingletonBeanRegistry.java:520)
	at org.springframework.beans.factory.support.DefaultListableBeanFactory.destroySingletons(DefaultListableBeanFactory.java:1193)
	at org.springframework.context.support.AbstractApplicationContext.destroyBeans(AbstractApplicationContext.java:1125)
	at org.springframework.context.support.AbstractApplicationContext.doClose(AbstractApplicationContext.java:1086)
	at org.springframework.context.support.AbstractApplicationContext.close(AbstractApplicationContext.java:1037)
	at org.springframework.boot.SpringApplicationShutdownHook.closeAndWait(SpringApplicationShutdownHook.java:145)
	at java.base/java.lang.Iterable.forEach(Iterable.java:75)
	at org.springframework.boot.SpringApplicationShutdownHook.run(SpringApplicationShutdownHook.java:114)
	at java.base/java.lang.Thread.run(Thread.java:1583)

2026-05-16T14:18:36.615+05:30  WARN 21248 --- [payment-service] [SpringApplicationShutdownHook] c.n.d.s.t.d.RetryableEurekaHttpClient    : Request execution failed with message: Connection pool shut down
2026-05-16T14:18:36.616+05:30 ERROR 21248 --- [payment-service] [SpringApplicationShutdownHook] com.netflix.discovery.DiscoveryClient    : DiscoveryClient_PAYMENT-SERVICE/localhost:payment-service:8086 - de-registration failedCannot execute request on any known server

com.netflix.discovery.shared.transport.TransportException: Cannot execute request on any known server
	at com.netflix.discovery.shared.transport.decorator.RetryableEurekaHttpClient.execute(RetryableEurekaHttpClient.java:112) ~[eureka-client-2.0.2.jar:2.0.2]
	at com.netflix.discovery.shared.transport.decorator.EurekaHttpClientDecorator.cancel(EurekaHttpClientDecorator.java:71) ~[eureka-client-2.0.2.jar:2.0.2]
	at com.netflix.discovery.shared.transport.decorator.EurekaHttpClientDecorator$2.execute(EurekaHttpClientDecorator.java:74) ~[eureka-client-2.0.2.jar:2.0.2]
	at com.netflix.discovery.shared.transport.decorator.SessionedEurekaHttpClient.execute(SessionedEurekaHttpClient.java:77) ~[eureka-client-2.0.2.jar:2.0.2]
	at com.netflix.discovery.shared.transport.decorator.EurekaHttpClientDecorator.cancel(EurekaHttpClientDecorator.java:71) ~[eureka-client-2.0.2.jar:2.0.2]
	at com.netflix.discovery.DiscoveryClient.unregister(DiscoveryClient.java:916) ~[eureka-client-2.0.2.jar:2.0.2]
	at com.netflix.discovery.DiscoveryClient.shutdown(DiscoveryClient.java:892) ~[eureka-client-2.0.2.jar:2.0.2]
	at java.base/jdk.internal.reflect.DirectMethodHandleAccessor.invoke(DirectMethodHandleAccessor.java:103) ~[na:na]
	at java.base/java.lang.reflect.Method.invoke(Method.java:580) ~[na:na]
	at org.springframework.beans.factory.annotation.InitDestroyAnnotationBeanPostProcessor$LifecycleMethod.invoke(InitDestroyAnnotationBeanPostProcessor.java:457) ~[spring-beans-6.1.1.jar:6.1.1]
	at org.springframework.beans.factory.annotation.InitDestroyAnnotationBeanPostProcessor$LifecycleMetadata.invokeDestroyMethods(InitDestroyAnnotationBeanPostProcessor.java:415) ~[spring-beans-6.1.1.jar:6.1.1]
	at org.springframework.beans.factory.annotation.InitDestroyAnnotationBeanPostProcessor.postProcessBeforeDestruction(InitDestroyAnnotationBeanPostProcessor.java:239) ~[spring-beans-6.1.1.jar:6.1.1]
	at org.springframework.beans.factory.support.DisposableBeanAdapter.destroy(DisposableBeanAdapter.java:202) ~[spring-beans-6.1.1.jar:6.1.1]
	at org.springframework.beans.factory.support.DisposableBeanAdapter.run(DisposableBeanAdapter.java:195) ~[spring-beans-6.1.1.jar:6.1.1]
	at org.springframework.cloud.context.scope.GenericScope$BeanLifecycleWrapper.destroy(GenericScope.java:389) ~[spring-cloud-context-4.1.2.jar:4.1.2]
	at org.springframework.cloud.context.scope.GenericScope.destroy(GenericScope.java:136) ~[spring-cloud-context-4.1.2.jar:4.1.2]
	at org.springframework.beans.factory.support.DisposableBeanAdapter.destroy(DisposableBeanAdapter.java:211) ~[spring-beans-6.1.1.jar:6.1.1]
	at org.springframework.beans.factory.support.DefaultSingletonBeanRegistry.destroyBean(DefaultSingletonBeanRegistry.java:587) ~[spring-beans-6.1.1.jar:6.1.1]
	at org.springframework.beans.factory.support.DefaultSingletonBeanRegistry.destroySingleton(DefaultSingletonBeanRegistry.java:559) ~[spring-beans-6.1.1.jar:6.1.1]
	at org.springframework.beans.factory.support.DefaultListableBeanFactory.destroySingleton(DefaultListableBeanFactory.java:1200) ~[spring-beans-6.1.1.jar:6.1.1]
	at org.springframework.beans.factory.support.DefaultSingletonBeanRegistry.destroySingletons(DefaultSingletonBeanRegistry.java:520) ~[spring-beans-6.1.1.jar:6.1.1]
	at org.springframework.beans.factory.support.DefaultListableBeanFactory.destroySingletons(DefaultListableBeanFactory.java:1193) ~[spring-beans-6.1.1.jar:6.1.1]
	at org.springframework.context.support.AbstractApplicationContext.destroyBeans(AbstractApplicationContext.java:1125) ~[spring-context-6.1.1.jar:6.1.1]
	at org.springframework.context.support.AbstractApplicationContext.doClose(AbstractApplicationContext.java:1086) ~[spring-context-6.1.1.jar:6.1.1]
	at org.springframework.context.support.AbstractApplicationContext.close(AbstractApplicationContext.java:1037) ~[spring-context-6.1.1.jar:6.1.1]
	at org.springframework.boot.SpringApplicationShutdownHook.closeAndWait(SpringApplicationShutdownHook.java:145) ~[spring-boot-3.2.0.jar:3.2.0]
	at java.base/java.lang.Iterable.forEach(Iterable.java:75) ~[na:na]
	at org.springframework.boot.SpringApplicationShutdownHook.run(SpringApplicationShutdownHook.java:114) ~[spring-boot-3.2.0.jar:3.2.0]
	at java.base/java.lang.Thread.run(Thread.java:1583) ~[na:na]

2026-05-16T14:18:36.622+05:30  INFO 21248 --- [payment-service] [SpringApplicationShutdownHook] com.netflix.discovery.DiscoveryClient    : Completed shut down of DiscoveryClient
