2026-05-15T11:11:33.066+05:30  INFO 14864 --- [auth-service] [main] c.parkease.auth.AuthServiceApplication   : Starting AuthServiceApplication using Java 18.0.2 with PID 14864 (C:\Users\Hp\Desktop\Parkease-Backend\auth-service\target\classes started by Hp in C:\Users\Hp\Desktop\Parkease-Backend\auth-service)
2026-05-15T11:11:33.069+05:30 DEBUG 14864 --- [auth-service] [main] c.parkease.auth.AuthServiceApplication   : Running with Spring Boot v3.2.0, Spring v6.1.1
2026-05-15T11:11:33.070+05:30  INFO 14864 --- [auth-service] [main] c.parkease.auth.AuthServiceApplication   : No active profile set, falling back to 1 default profile: "default"
2026-05-15T11:11:39.190+05:30  INFO 14864 --- [auth-service] [main] .s.d.r.c.RepositoryConfigurationDelegate : Bootstrapping Spring Data JPA repositories in DEFAULT mode.
2026-05-15T11:11:40.073+05:30  INFO 14864 --- [auth-service] [main] .s.d.r.c.RepositoryConfigurationDelegate : Finished Spring Data repository scanning in 825 ms. Found 3 JPA repository interfaces.
2026-05-15T11:11:41.120+05:30  INFO 14864 --- [auth-service] [main] o.s.cloud.context.scope.GenericScope     : BeanFactory id=5be28b0a-4837-3904-a1e5-bdfd25be5d39
2026-05-15T11:11:42.589+05:30  WARN 14864 --- [auth-service] [main] trationDelegate$BeanPostProcessorChecker : Bean 'org.springframework.cloud.client.loadbalancer.LoadBalancerAutoConfiguration$DeferringLoadBalancerInterceptorConfig' of type [org.springframework.cloud.client.loadbalancer.LoadBalancerAutoConfiguration$DeferringLoadBalancerInterceptorConfig] is not eligible for getting processed by all BeanPostProcessors (for example: not eligible for auto-proxying). The currently created BeanPostProcessor [lbRestClientPostProcessor] is declared through a non-static factory method on that class; consider declaring it as static instead.
2026-05-15T11:11:42.601+05:30  WARN 14864 --- [auth-service] [main] trationDelegate$BeanPostProcessorChecker : Bean 'deferringLoadBalancerInterceptor' of type [org.springframework.cloud.client.loadbalancer.DeferringLoadBalancerInterceptor] is not eligible for getting processed by all BeanPostProcessors (for example: not eligible for auto-proxying). Is this bean getting eagerly injected into a currently created BeanPostProcessor [lbRestClientPostProcessor]? Check the corresponding BeanPostProcessor declaration and its dependencies.
2026-05-15T11:11:43.808+05:30  INFO 14864 --- [auth-service] [main] o.s.b.w.embedded.tomcat.TomcatWebServer  : Tomcat initialized with port 8081 (http)
2026-05-15T11:11:43.832+05:30  INFO 14864 --- [auth-service] [main] o.apache.catalina.core.StandardService   : Starting service [Tomcat]
2026-05-15T11:11:43.832+05:30  INFO 14864 --- [auth-service] [main] o.apache.catalina.core.StandardEngine    : Starting Servlet engine: [Apache Tomcat/10.1.16]
2026-05-15T11:11:44.086+05:30  INFO 14864 --- [auth-service] [main] o.a.c.c.C.[Tomcat].[localhost].[/]       : Initializing Spring embedded WebApplicationContext
2026-05-15T11:11:44.087+05:30  INFO 14864 --- [auth-service] [main] w.s.c.ServletWebServerApplicationContext : Root WebApplicationContext: initialization completed in 10909 ms
2026-05-15T11:11:45.727+05:30  INFO 14864 --- [auth-service] [main] o.hibernate.jpa.internal.util.LogHelper  : HHH000204: Processing PersistenceUnitInfo [name: default]
2026-05-15T11:11:46.011+05:30  INFO 14864 --- [auth-service] [main] org.hibernate.Version                    : HHH000412: Hibernate ORM core version 6.3.1.Final
2026-05-15T11:11:46.143+05:30  INFO 14864 --- [auth-service] [main] o.h.c.internal.RegionFactoryInitiator    : HHH000026: Second-level cache disabled
2026-05-15T11:11:47.350+05:30  INFO 14864 --- [auth-service] [main] o.s.o.j.p.SpringPersistenceUnitInfo      : No LoadTimeWeaver setup: ignoring JPA class transformer
2026-05-15T11:11:47.442+05:30  INFO 14864 --- [auth-service] [main] com.zaxxer.hikari.HikariDataSource       : HikariPool-1 - Starting...
2026-05-15T11:11:48.127+05:30  INFO 14864 --- [auth-service] [main] com.zaxxer.hikari.pool.HikariPool        : HikariPool-1 - Added connection com.mysql.cj.jdbc.ConnectionImpl@626b9092
2026-05-15T11:11:48.131+05:30  INFO 14864 --- [auth-service] [main] com.zaxxer.hikari.HikariDataSource       : HikariPool-1 - Start completed.
2026-05-15T11:11:48.336+05:30  WARN 14864 --- [auth-service] [main] org.hibernate.orm.deprecation            : HHH90000025: MySQLDialect does not need to be specified explicitly using 'hibernate.dialect' (remove the property setting and it will be selected by default)
2026-05-15T11:11:51.986+05:30  INFO 14864 --- [auth-service] [main] o.h.e.t.j.p.i.JtaPlatformInitiator       : HHH000489: No JTA platform available (set 'hibernate.transaction.jta.platform' to enable JTA platform integration)
2026-05-15T11:11:52.215+05:30  INFO 14864 --- [auth-service] [main] j.LocalContainerEntityManagerFactoryBean : Initialized JPA EntityManagerFactory for persistence unit 'default'
2026-05-15T11:11:53.995+05:30 DEBUG 14864 --- [auth-service] [main] c.parkease.auth.security.JwtAuthFilter   : Filter 'jwtAuthFilter' configured for use
2026-05-15T11:11:56.595+05:30  WARN 14864 --- [auth-service] [main] JpaBaseConfiguration$JpaWebConfiguration : spring.jpa.open-in-view is enabled by default. Therefore, database queries may be performed during view rendering. Explicitly configure spring.jpa.open-in-view to disable this warning
2026-05-15T11:11:59.795+05:30  INFO 14864 --- [auth-service] [main] o.s.cloud.commons.util.InetUtils         : Cannot determine local hostname
2026-05-15T11:12:00.634+05:30  INFO 14864 --- [auth-service] [main] o.s.b.a.e.web.EndpointLinksResolver      : Exposing 17 endpoint(s) beneath base path '/actuator'
2026-05-15T11:12:01.233+05:30  INFO 14864 --- [auth-service] [main] o.s.s.web.DefaultSecurityFilterChain     : Will secure any request with [org.springframework.security.web.session.DisableEncodeUrlFilter@2f3ba597, org.springframework.security.web.context.request.async.WebAsyncManagerIntegrationFilter@4d555b85, org.springframework.security.web.context.SecurityContextHolderFilter@4e216b7e, org.springframework.security.web.header.HeaderWriterFilter@a9339e5, org.springframework.security.web.authentication.logout.LogoutFilter@54b1ba04, org.springframework.security.oauth2.client.web.OAuth2AuthorizationRequestRedirectFilter@2fb3c642, org.springframework.security.oauth2.client.web.OAuth2LoginAuthenticationFilter@34018757, com.parkease.auth.security.JwtAuthFilter@318d69ea, org.springframework.security.web.authentication.ui.DefaultLoginPageGeneratingFilter@135ddb56, org.springframework.security.web.authentication.ui.DefaultLogoutPageGeneratingFilter@1132c14, org.springframework.security.web.savedrequest.RequestCacheAwareFilter@5af535ff, org.springframework.security.web.servletapi.SecurityContextHolderAwareRequestFilter@66a0fae1, org.springframework.security.web.authentication.AnonymousAuthenticationFilter@41f4693a, org.springframework.security.web.session.SessionManagementFilter@73760b13, org.springframework.security.web.access.ExceptionTranslationFilter@9d573a6, org.springframework.security.web.access.intercept.AuthorizationFilter@52f9a620]
2026-05-15T11:12:06.028+05:30  INFO 14864 --- [auth-service] [main] o.s.cloud.commons.util.InetUtils         : Cannot determine local hostname
2026-05-15T11:12:06.108+05:30  INFO 14864 --- [auth-service] [main] DiscoveryClientOptionalArgsConfiguration : Eureka HTTP Client uses RestTemplate.
2026-05-15T11:12:06.447+05:30  WARN 14864 --- [auth-service] [main] iguration$LoadBalancerCaffeineWarnLogger : Spring Cloud LoadBalancer is currently working with the default cache. While this cache implementation is useful for development and tests, it's recommended to use Caffeine cache in production.You can switch to using Caffeine cache, by adding it and org.springframework.cache.caffeine.CaffeineCacheManager to the classpath.
2026-05-15T11:12:06.856+05:30  INFO 14864 --- [auth-service] [main] o.s.c.n.eureka.InstanceInfoFactory       : Setting initial instance status as: STARTING
2026-05-15T11:12:06.970+05:30  INFO 14864 --- [auth-service] [main] com.netflix.discovery.DiscoveryClient    : Initializing Eureka in region us-east-1
2026-05-15T11:12:06.985+05:30  INFO 14864 --- [auth-service] [main] c.n.d.s.r.aws.ConfigClusterResolver      : Resolving eureka endpoints via configuration
2026-05-15T11:12:07.032+05:30  INFO 14864 --- [auth-service] [main] com.netflix.discovery.DiscoveryClient    : Disable delta property : false
2026-05-15T11:12:07.033+05:30  INFO 14864 --- [auth-service] [main] com.netflix.discovery.DiscoveryClient    : Single vip registry refresh property : null
2026-05-15T11:12:07.034+05:30  INFO 14864 --- [auth-service] [main] com.netflix.discovery.DiscoveryClient    : Force full registry fetch : false
2026-05-15T11:12:07.034+05:30  INFO 14864 --- [auth-service] [main] com.netflix.discovery.DiscoveryClient    : Application is null : false
2026-05-15T11:12:07.035+05:30  INFO 14864 --- [auth-service] [main] com.netflix.discovery.DiscoveryClient    : Registered Applications size is zero : true
2026-05-15T11:12:07.035+05:30  INFO 14864 --- [auth-service] [main] com.netflix.discovery.DiscoveryClient    : Application version is -1: true
2026-05-15T11:12:07.035+05:30  INFO 14864 --- [auth-service] [main] com.netflix.discovery.DiscoveryClient    : Getting all instance registry info from the eureka server
2026-05-15T11:12:07.684+05:30  INFO 14864 --- [auth-service] [main] com.netflix.discovery.DiscoveryClient    : The response status is 200
2026-05-15T11:12:07.687+05:30  INFO 14864 --- [auth-service] [main] com.netflix.discovery.DiscoveryClient    : Starting heartbeat executor: renew interval is: 30
2026-05-15T11:12:07.693+05:30  INFO 14864 --- [auth-service] [main] c.n.discovery.InstanceInfoReplicator     : InstanceInfoReplicator onDemand update allowed rate per min is 4
2026-05-15T11:12:07.705+05:30  INFO 14864 --- [auth-service] [main] com.netflix.discovery.DiscoveryClient    : Discovery Client initialized at timestamp 1778823727704 with initial instances count: 0
2026-05-15T11:12:07.729+05:30  INFO 14864 --- [auth-service] [main] o.s.c.n.e.s.EurekaServiceRegistry        : Registering application AUTH-SERVICE with eureka with status UP
2026-05-15T11:12:07.731+05:30  INFO 14864 --- [auth-service] [main] com.netflix.discovery.DiscoveryClient    : Saw local status change event StatusChangeEvent [timestamp=1778823727731, current=UP, previous=STARTING]
2026-05-15T11:12:07.735+05:30  INFO 14864 --- [auth-service] [DiscoveryClient-InstanceInfoReplicator-0] com.netflix.discovery.DiscoveryClient    : DiscoveryClient_AUTH-SERVICE/localhost:auth-service:8081: registering service...
2026-05-15T11:12:07.775+05:30  INFO 14864 --- [auth-service] [main] o.s.b.w.embedded.tomcat.TomcatWebServer  : Tomcat started on port 8081 (http) with context path ''
2026-05-15T11:12:07.776+05:30  INFO 14864 --- [auth-service] [main] .s.c.n.e.s.EurekaAutoServiceRegistration : Updating port to 8081
2026-05-15T11:12:07.802+05:30  INFO 14864 --- [auth-service] [DiscoveryClient-InstanceInfoReplicator-0] com.netflix.discovery.DiscoveryClient    : DiscoveryClient_AUTH-SERVICE/localhost:auth-service:8081 - registration status: 204
2026-05-15T11:12:09.101+05:30  INFO 14864 --- [auth-service] [main] o.s.cloud.commons.util.InetUtils         : Cannot determine local hostname
2026-05-15T11:12:09.144+05:30  INFO 14864 --- [auth-service] [main] c.parkease.auth.AuthServiceApplication   : Started AuthServiceApplication in 40.56 seconds (process running for 42.434)
2026-05-15T11:12:09.430+05:30  INFO 14864 --- [auth-service] [registrationTask1] d.c.b.a.c.r.ApplicationRegistrator       : Application registered itself as 81c0489e17ea
2026-05-15T11:12:09.641+05:30  INFO 14864 --- [auth-service] [http-nio-8081-exec-1] o.a.c.c.C.[Tomcat].[localhost].[/]       : Initializing Spring DispatcherServlet 'dispatcherServlet'
2026-05-15T11:12:09.642+05:30  INFO 14864 --- [auth-service] [http-nio-8081-exec-1] o.s.web.servlet.DispatcherServlet        : Initializing Servlet 'dispatcherServlet'
2026-05-15T11:12:09.655+05:30  INFO 14864 --- [auth-service] [http-nio-8081-exec-1] o.s.web.servlet.DispatcherServlet        : Completed initialization in 5 ms
2026-05-15T11:12:09.824+05:30  WARN 14864 --- [auth-service] [http-nio-8081-exec-1] o.s.w.s.h.HandlerMappingIntrospector     : Cache miss for REQUEST dispatch to '/actuator/health' (previous null). Performing MatchableHandlerMapping lookup. This is logged once only at WARN level, and every time at TRACE.
2026-05-15T11:12:37.692+05:30  INFO 14864 --- [auth-service] [DiscoveryClient-CacheRefreshExecutor-0] com.netflix.discovery.DiscoveryClient    : Disable delta property : false
2026-05-15T11:12:37.692+05:30  INFO 14864 --- [auth-service] [DiscoveryClient-CacheRefreshExecutor-0] com.netflix.discovery.DiscoveryClient    : Single vip registry refresh property : null
2026-05-15T11:12:37.692+05:30  INFO 14864 --- [auth-service] [DiscoveryClient-CacheRefreshExecutor-0] com.netflix.discovery.DiscoveryClient    : Force full registry fetch : false
2026-05-15T11:12:37.692+05:30  INFO 14864 --- [auth-service] [DiscoveryClient-CacheRefreshExecutor-0] com.netflix.discovery.DiscoveryClient    : Application is null : false
2026-05-15T11:12:37.693+05:30  INFO 14864 --- [auth-service] [DiscoveryClient-CacheRefreshExecutor-0] com.netflix.discovery.DiscoveryClient    : Registered Applications size is zero : true
2026-05-15T11:12:37.693+05:30  INFO 14864 --- [auth-service] [DiscoveryClient-CacheRefreshExecutor-0] com.netflix.discovery.DiscoveryClient    : Application version is -1: false
2026-05-15T11:12:37.693+05:30  INFO 14864 --- [auth-service] [DiscoveryClient-CacheRefreshExecutor-0] com.netflix.discovery.DiscoveryClient    : Getting all instance registry info from the eureka server
2026-05-15T11:12:37.717+05:30  INFO 14864 --- [auth-service] [DiscoveryClient-CacheRefreshExecutor-0] com.netflix.discovery.DiscoveryClient    : The response status is 200
2026-05-15T11:13:20.044+05:30  INFO 14864 --- [auth-service] [http-nio-8081-exec-9] com.parkease.auth.aspect.LoggingAspect   : >>> Entering  [AuthController.login]
2026-05-15T11:13:20.046+05:30  INFO 14864 --- [auth-service] [http-nio-8081-exec-9] c.p.auth.controller.AuthController       : POST /api/auth/login - email: aryanborkar03@gmail.com
2026-05-15T11:13:20.046+05:30  INFO 14864 --- [auth-service] [http-nio-8081-exec-9] com.parkease.auth.aspect.LoggingAspect   : >>> Entering  [AuthServiceImpl.login]
2026-05-15T11:13:20.046+05:30  INFO 14864 --- [auth-service] [http-nio-8081-exec-9] c.parkease.auth.service.AuthServiceImpl  : Login attempt for email: aryanborkar03@gmail.com
2026-05-15T11:13:20.046+05:30  INFO 14864 --- [auth-service] [http-nio-8081-exec-9] c.parkease.auth.service.AuthServiceImpl  : EnableDefaultAdmin value: false
2026-05-15T11:13:20.134+05:30 DEBUG 14864 --- [auth-service] [http-nio-8081-exec-9] c.p.a.security.UserDetailsServiceImpl    : Loading user by email: aryanborkar03@gmail.com
2026-05-15T11:13:20.434+05:30  INFO 14864 --- [auth-service] [http-nio-8081-exec-9] c.parkease.auth.service.AuthServiceImpl  : Login successful for: aryanborkar03@gmail.com
2026-05-15T11:13:20.474+05:30  INFO 14864 --- [auth-service] [http-nio-8081-exec-9] com.parkease.auth.aspect.LoggingAspect   : >>> Entering  [RefreshTokenService.createRefreshToken]
2026-05-15T11:13:20.497+05:30 DEBUG 14864 --- [auth-service] [http-nio-8081-exec-9] c.p.auth.service.RefreshTokenService     : Updated refresh token for user: aryanborkar03@gmail.com
2026-05-15T11:13:20.506+05:30  INFO 14864 --- [auth-service] [http-nio-8081-exec-9] com.parkease.auth.aspect.LoggingAspect   : <<< Exiting   [RefreshTokenService.createRefreshToken] | Time: 32 ms
2026-05-15T11:13:20.553+05:30  INFO 14864 --- [auth-service] [http-nio-8081-exec-9] com.parkease.auth.aspect.LoggingAspect   : <<< Exiting   [AuthServiceImpl.login] | Time: 507 ms
2026-05-15T11:13:20.553+05:30  INFO 14864 --- [auth-service] [http-nio-8081-exec-9] com.parkease.auth.aspect.LoggingAspect   : <<< Exiting   [AuthController.login] | Time: 507 ms
2026-05-15T11:13:37.590+05:30  INFO 14864 --- [auth-service] [http-nio-8081-exec-8] com.parkease.auth.aspect.LoggingAspect   : >>> Entering  [AuthController.login]
2026-05-15T11:13:37.591+05:30  INFO 14864 --- [auth-service] [http-nio-8081-exec-8] c.p.auth.controller.AuthController       : POST /api/auth/login - email: aryanborkar03@gmail.com
2026-05-15T11:13:37.591+05:30  INFO 14864 --- [auth-service] [http-nio-8081-exec-8] com.parkease.auth.aspect.LoggingAspect   : >>> Entering  [AuthServiceImpl.login]
2026-05-15T11:13:37.591+05:30  INFO 14864 --- [auth-service] [http-nio-8081-exec-8] c.parkease.auth.service.AuthServiceImpl  : Login attempt for email: aryanborkar03@gmail.com
2026-05-15T11:13:37.591+05:30  INFO 14864 --- [auth-service] [http-nio-8081-exec-8] c.parkease.auth.service.AuthServiceImpl  : EnableDefaultAdmin value: false
2026-05-15T11:13:37.591+05:30 DEBUG 14864 --- [auth-service] [http-nio-8081-exec-8] c.p.a.security.UserDetailsServiceImpl    : Loading user by email: aryanborkar03@gmail.com
2026-05-15T11:13:37.687+05:30  INFO 14864 --- [auth-service] [http-nio-8081-exec-8] c.parkease.auth.service.AuthServiceImpl  : Login successful for: aryanborkar03@gmail.com
2026-05-15T11:13:37.693+05:30  INFO 14864 --- [auth-service] [http-nio-8081-exec-8] com.parkease.auth.aspect.LoggingAspect   : >>> Entering  [RefreshTokenService.createRefreshToken]
2026-05-15T11:13:37.696+05:30 DEBUG 14864 --- [auth-service] [http-nio-8081-exec-8] c.p.auth.service.RefreshTokenService     : Updated refresh token for user: aryanborkar03@gmail.com
2026-05-15T11:13:37.697+05:30  INFO 14864 --- [auth-service] [http-nio-8081-exec-8] com.parkease.auth.aspect.LoggingAspect   : <<< Exiting   [RefreshTokenService.createRefreshToken] | Time: 4 ms
2026-05-15T11:13:37.707+05:30  INFO 14864 --- [auth-service] [http-nio-8081-exec-8] com.parkease.auth.aspect.LoggingAspect   : <<< Exiting   [AuthServiceImpl.login] | Time: 116 ms
2026-05-15T11:13:37.707+05:30  INFO 14864 --- [auth-service] [http-nio-8081-exec-8] com.parkease.auth.aspect.LoggingAspect   : <<< Exiting   [AuthController.login] | Time: 116 ms
2026-05-15T11:17:07.052+05:30  INFO 14864 --- [auth-service] [AsyncResolver-bootstrap-executor-0] c.n.d.s.r.aws.ConfigClusterResolver      : Resolving eureka endpoints via configuration
2026-05-15T11:19:33.928+05:30  WARN 14864 --- [auth-service] [http-nio-8081-exec-2] o.s.b.actuate.mail.MailHealthIndicator   : Mail health check failed

org.eclipse.angus.mail.util.MailConnectException: Couldn't connect to host, port: smtp.gmail.com, 587; timeout -1
	at org.eclipse.angus.mail.smtp.SMTPTransport.openServer(SMTPTransport.java:2243) ~[jakarta.mail-2.0.2.jar:na]
	at org.eclipse.angus.mail.smtp.SMTPTransport.protocolConnect(SMTPTransport.java:729) ~[jakarta.mail-2.0.2.jar:na]
	at jakarta.mail.Service.connect(Service.java:345) ~[jakarta.mail-2.0.2.jar:na]
	at org.springframework.mail.javamail.JavaMailSenderImpl.connectTransport(JavaMailSenderImpl.java:480) ~[spring-context-support-6.1.1.jar:6.1.1]
	at org.springframework.mail.javamail.JavaMailSenderImpl.testConnection(JavaMailSenderImpl.java:360) ~[spring-context-support-6.1.1.jar:6.1.1]
	at org.springframework.boot.actuate.mail.MailHealthIndicator.doHealthCheck(MailHealthIndicator.java:52) ~[spring-boot-actuator-3.2.0.jar:3.2.0]
	at org.springframework.boot.actuate.health.AbstractHealthIndicator.health(AbstractHealthIndicator.java:82) ~[spring-boot-actuator-3.2.0.jar:3.2.0]
	at org.springframework.boot.actuate.health.HealthIndicator.getHealth(HealthIndicator.java:37) ~[spring-boot-actuator-3.2.0.jar:3.2.0]
	at org.springframework.boot.actuate.health.HealthEndpointWebExtension.getHealth(HealthEndpointWebExtension.java:94) ~[spring-boot-actuator-3.2.0.jar:3.2.0]
	at org.springframework.boot.actuate.health.HealthEndpointWebExtension.getHealth(HealthEndpointWebExtension.java:47) ~[spring-boot-actuator-3.2.0.jar:3.2.0]
	at org.springframework.boot.actuate.health.HealthEndpointSupport.getLoggedHealth(HealthEndpointSupport.java:172) ~[spring-boot-actuator-3.2.0.jar:3.2.0]
	at org.springframework.boot.actuate.health.HealthEndpointSupport.getContribution(HealthEndpointSupport.java:145) ~[spring-boot-actuator-3.2.0.jar:3.2.0]
	at org.springframework.boot.actuate.health.HealthEndpointSupport.getAggregateContribution(HealthEndpointSupport.java:156) ~[spring-boot-actuator-3.2.0.jar:3.2.0]
	at org.springframework.boot.actuate.health.HealthEndpointSupport.getContribution(HealthEndpointSupport.java:141) ~[spring-boot-actuator-3.2.0.jar:3.2.0]
	at org.springframework.boot.actuate.health.HealthEndpointSupport.getHealth(HealthEndpointSupport.java:110) ~[spring-boot-actuator-3.2.0.jar:3.2.0]
	at org.springframework.boot.actuate.health.HealthEndpointSupport.getHealth(HealthEndpointSupport.java:81) ~[spring-boot-actuator-3.2.0.jar:3.2.0]
	at org.springframework.boot.actuate.health.HealthEndpointWebExtension.health(HealthEndpointWebExtension.java:80) ~[spring-boot-actuator-3.2.0.jar:3.2.0]
	at org.springframework.boot.actuate.health.HealthEndpointWebExtension.health(HealthEndpointWebExtension.java:69) ~[spring-boot-actuator-3.2.0.jar:3.2.0]
	at java.base/jdk.internal.reflect.DirectMethodHandleAccessor.invoke(DirectMethodHandleAccessor.java:104) ~[na:na]
	at java.base/java.lang.reflect.Method.invoke(Method.java:577) ~[na:na]
	at org.springframework.util.ReflectionUtils.invokeMethod(ReflectionUtils.java:281) ~[spring-core-6.1.1.jar:6.1.1]
	at org.springframework.boot.actuate.endpoint.invoke.reflect.ReflectiveOperationInvoker.invoke(ReflectiveOperationInvoker.java:74) ~[spring-boot-actuator-3.2.0.jar:3.2.0]
	at org.springframework.boot.actuate.endpoint.annotation.AbstractDiscoveredOperation.invoke(AbstractDiscoveredOperation.java:60) ~[spring-boot-actuator-3.2.0.jar:3.2.0]
	at org.springframework.boot.actuate.endpoint.web.servlet.AbstractWebMvcEndpointHandlerMapping$ServletWebOperationAdapter.handle(AbstractWebMvcEndpointHandlerMapping.java:321) ~[spring-boot-actuator-3.2.0.jar:3.2.0]
	at org.springframework.boot.actuate.endpoint.web.servlet.AbstractWebMvcEndpointHandlerMapping$OperationHandler.handle(AbstractWebMvcEndpointHandlerMapping.java:428) ~[spring-boot-actuator-3.2.0.jar:3.2.0]
	at java.base/jdk.internal.reflect.DirectMethodHandleAccessor.invoke(DirectMethodHandleAccessor.java:104) ~[na:na]
	at java.base/java.lang.reflect.Method.invoke(Method.java:577) ~[na:na]
	at org.springframework.web.method.support.InvocableHandlerMethod.doInvoke(InvocableHandlerMethod.java:254) ~[spring-web-6.1.1.jar:6.1.1]
	at org.springframework.web.method.support.InvocableHandlerMethod.invokeForRequest(InvocableHandlerMethod.java:182) ~[spring-web-6.1.1.jar:6.1.1]
	at org.springframework.web.servlet.mvc.method.annotation.ServletInvocableHandlerMethod.invokeAndHandle(ServletInvocableHandlerMethod.java:118) ~[spring-webmvc-6.1.1.jar:6.1.1]
	at org.springframework.web.servlet.mvc.method.annotation.RequestMappingHandlerAdapter.invokeHandlerMethod(RequestMappingHandlerAdapter.java:917) ~[spring-webmvc-6.1.1.jar:6.1.1]
	at org.springframework.web.servlet.mvc.method.annotation.RequestMappingHandlerAdapter.handleInternal(RequestMappingHandlerAdapter.java:829) ~[spring-webmvc-6.1.1.jar:6.1.1]
	at org.springframework.web.servlet.mvc.method.AbstractHandlerMethodAdapter.handle(AbstractHandlerMethodAdapter.java:87) ~[spring-webmvc-6.1.1.jar:6.1.1]
	at org.springframework.web.servlet.DispatcherServlet.doDispatch(DispatcherServlet.java:1089) ~[spring-webmvc-6.1.1.jar:6.1.1]
	at org.springframework.web.servlet.DispatcherServlet.doService(DispatcherServlet.java:979) ~[spring-webmvc-6.1.1.jar:6.1.1]
	at org.springframework.web.servlet.FrameworkServlet.processRequest(FrameworkServlet.java:1014) ~[spring-webmvc-6.1.1.jar:6.1.1]
	at org.springframework.web.servlet.FrameworkServlet.doGet(FrameworkServlet.java:903) ~[spring-webmvc-6.1.1.jar:6.1.1]
	at jakarta.servlet.http.HttpServlet.service(HttpServlet.java:564) ~[tomcat-embed-core-10.1.16.jar:6.0]
	at org.springframework.web.servlet.FrameworkServlet.service(FrameworkServlet.java:885) ~[spring-webmvc-6.1.1.jar:6.1.1]
	at jakarta.servlet.http.HttpServlet.service(HttpServlet.java:658) ~[tomcat-embed-core-10.1.16.jar:6.0]
	at org.apache.catalina.core.ApplicationFilterChain.internalDoFilter(ApplicationFilterChain.java:205) ~[tomcat-embed-core-10.1.16.jar:10.1.16]
	at org.apache.catalina.core.ApplicationFilterChain.doFilter(ApplicationFilterChain.java:149) ~[tomcat-embed-core-10.1.16.jar:10.1.16]
	at org.apache.tomcat.websocket.server.WsFilter.doFilter(WsFilter.java:51) ~[tomcat-embed-websocket-10.1.16.jar:10.1.16]
	at org.apache.catalina.core.ApplicationFilterChain.internalDoFilter(ApplicationFilterChain.java:174) ~[tomcat-embed-core-10.1.16.jar:10.1.16]
	at org.apache.catalina.core.ApplicationFilterChain.doFilter(ApplicationFilterChain.java:149) ~[tomcat-embed-core-10.1.16.jar:10.1.16]
	at org.springframework.web.filter.OncePerRequestFilter.doFilter(OncePerRequestFilter.java:110) ~[spring-web-6.1.1.jar:6.1.1]
	at org.apache.catalina.core.ApplicationFilterChain.internalDoFilter(ApplicationFilterChain.java:174) ~[tomcat-embed-core-10.1.16.jar:10.1.16]
	at org.apache.catalina.core.ApplicationFilterChain.doFilter(ApplicationFilterChain.java:149) ~[tomcat-embed-core-10.1.16.jar:10.1.16]
	at org.springframework.security.web.FilterChainProxy.lambda$doFilterInternal$3(FilterChainProxy.java:231) ~[spring-security-web-6.2.0.jar:6.2.0]
	at org.springframework.security.web.ObservationFilterChainDecorator$FilterObservation$SimpleFilterObservation.lambda$wrap$1(ObservationFilterChainDecorator.java:479) ~[spring-security-web-6.2.0.jar:6.2.0]
	at org.springframework.security.web.ObservationFilterChainDecorator$AroundFilterObservation$SimpleAroundFilterObservation.lambda$wrap$1(ObservationFilterChainDecorator.java:340) ~[spring-security-web-6.2.0.jar:6.2.0]
	at org.springframework.security.web.ObservationFilterChainDecorator.lambda$wrapSecured$0(ObservationFilterChainDecorator.java:82) ~[spring-security-web-6.2.0.jar:6.2.0]
	at org.springframework.security.web.ObservationFilterChainDecorator$VirtualFilterChain.doFilter(ObservationFilterChainDecorator.java:128) ~[spring-security-web-6.2.0.jar:6.2.0]
	at org.springframework.security.web.access.intercept.AuthorizationFilter.doFilter(AuthorizationFilter.java:100) ~[spring-security-web-6.2.0.jar:6.2.0]
	at org.springframework.security.web.ObservationFilterChainDecorator$ObservationFilter.wrapFilter(ObservationFilterChainDecorator.java:240) ~[spring-security-web-6.2.0.jar:6.2.0]
	at org.springframework.security.web.ObservationFilterChainDecorator$ObservationFilter.doFilter(ObservationFilterChainDecorator.java:227) ~[spring-security-web-6.2.0.jar:6.2.0]
	at org.springframework.security.web.ObservationFilterChainDecorator$VirtualFilterChain.doFilter(ObservationFilterChainDecorator.java:137) ~[spring-security-web-6.2.0.jar:6.2.0]
	at org.springframework.security.web.access.ExceptionTranslationFilter.doFilter(ExceptionTranslationFilter.java:126) ~[spring-security-web-6.2.0.jar:6.2.0]
	at org.springframework.security.web.access.ExceptionTranslationFilter.doFilter(ExceptionTranslationFilter.java:120) ~[spring-security-web-6.2.0.jar:6.2.0]
	at org.springframework.security.web.ObservationFilterChainDecorator$ObservationFilter.wrapFilter(ObservationFilterChainDecorator.java:240) ~[spring-security-web-6.2.0.jar:6.2.0]
	at org.springframework.security.web.ObservationFilterChainDecorator$ObservationFilter.doFilter(ObservationFilterChainDecorator.java:227) ~[spring-security-web-6.2.0.jar:6.2.0]
	at org.springframework.security.web.ObservationFilterChainDecorator$VirtualFilterChain.doFilter(ObservationFilterChainDecorator.java:137) ~[spring-security-web-6.2.0.jar:6.2.0]
	at org.springframework.security.web.session.SessionManagementFilter.doFilter(SessionManagementFilter.java:131) ~[spring-security-web-6.2.0.jar:6.2.0]
	at org.springframework.security.web.session.SessionManagementFilter.doFilter(SessionManagementFilter.java:85) ~[spring-security-web-6.2.0.jar:6.2.0]
	at org.springframework.security.web.ObservationFilterChainDecorator$ObservationFilter.wrapFilter(ObservationFilterChainDecorator.java:240) ~[spring-security-web-6.2.0.jar:6.2.0]
	at org.springframework.security.web.ObservationFilterChainDecorator$ObservationFilter.doFilter(ObservationFilterChainDecorator.java:227) ~[spring-security-web-6.2.0.jar:6.2.0]
	at org.springframework.security.web.ObservationFilterChainDecorator$VirtualFilterChain.doFilter(ObservationFilterChainDecorator.java:137) ~[spring-security-web-6.2.0.jar:6.2.0]
	at org.springframework.security.web.authentication.AnonymousAuthenticationFilter.doFilter(AnonymousAuthenticationFilter.java:100) ~[spring-security-web-6.2.0.jar:6.2.0]
	at org.springframework.security.web.ObservationFilterChainDecorator$ObservationFilter.wrapFilter(ObservationFilterChainDecorator.java:240) ~[spring-security-web-6.2.0.jar:6.2.0]
	at org.springframework.security.web.ObservationFilterChainDecorator$ObservationFilter.doFilter(ObservationFilterChainDecorator.java:227) ~[spring-security-web-6.2.0.jar:6.2.0]
	at org.springframework.security.web.ObservationFilterChainDecorator$VirtualFilterChain.doFilter(ObservationFilterChainDecorator.java:137) ~[spring-security-web-6.2.0.jar:6.2.0]
	at org.springframework.security.web.servletapi.SecurityContextHolderAwareRequestFilter.doFilter(SecurityContextHolderAwareRequestFilter.java:179) ~[spring-security-web-6.2.0.jar:6.2.0]
	at org.springframework.security.web.ObservationFilterChainDecorator$ObservationFilter.wrapFilter(ObservationFilterChainDecorator.java:240) ~[spring-security-web-6.2.0.jar:6.2.0]
	at org.springframework.security.web.ObservationFilterChainDecorator$ObservationFilter.doFilter(ObservationFilterChainDecorator.java:227) ~[spring-security-web-6.2.0.jar:6.2.0]
	at org.springframework.security.web.ObservationFilterChainDecorator$VirtualFilterChain.doFilter(ObservationFilterChainDecorator.java:137) ~[spring-security-web-6.2.0.jar:6.2.0]
	at org.springframework.security.web.savedrequest.RequestCacheAwareFilter.doFilter(RequestCacheAwareFilter.java:63) ~[spring-security-web-6.2.0.jar:6.2.0]
	at org.springframework.security.web.ObservationFilterChainDecorator$ObservationFilter.wrapFilter(ObservationFilterChainDecorator.java:240) ~[spring-security-web-6.2.0.jar:6.2.0]
	at org.springframework.security.web.ObservationFilterChainDecorator$ObservationFilter.doFilter(ObservationFilterChainDecorator.java:227) ~[spring-security-web-6.2.0.jar:6.2.0]
	at org.springframework.security.web.ObservationFilterChainDecorator$VirtualFilterChain.doFilter(ObservationFilterChainDecorator.java:137) ~[spring-security-web-6.2.0.jar:6.2.0]
	at org.springframework.security.web.authentication.ui.DefaultLogoutPageGeneratingFilter.doFilterInternal(DefaultLogoutPageGeneratingFilter.java:58) ~[spring-security-web-6.2.0.jar:6.2.0]
	at org.springframework.web.filter.OncePerRequestFilter.doFilter(OncePerRequestFilter.java:116) ~[spring-web-6.1.1.jar:6.1.1]
	at org.springframework.security.web.ObservationFilterChainDecorator$ObservationFilter.wrapFilter(ObservationFilterChainDecorator.java:240) ~[spring-security-web-6.2.0.jar:6.2.0]
	at org.springframework.security.web.ObservationFilterChainDecorator$ObservationFilter.doFilter(ObservationFilterChainDecorator.java:227) ~[spring-security-web-6.2.0.jar:6.2.0]
	at org.springframework.security.web.ObservationFilterChainDecorator$VirtualFilterChain.doFilter(ObservationFilterChainDecorator.java:137) ~[spring-security-web-6.2.0.jar:6.2.0]
	at org.springframework.security.web.authentication.ui.DefaultLoginPageGeneratingFilter.doFilter(DefaultLoginPageGeneratingFilter.java:189) ~[spring-security-web-6.2.0.jar:6.2.0]
	at org.springframework.security.web.authentication.ui.DefaultLoginPageGeneratingFilter.doFilter(DefaultLoginPageGeneratingFilter.java:175) ~[spring-security-web-6.2.0.jar:6.2.0]
	at org.springframework.security.web.ObservationFilterChainDecorator$ObservationFilter.wrapFilter(ObservationFilterChainDecorator.java:240) ~[spring-security-web-6.2.0.jar:6.2.0]
	at org.springframework.security.web.ObservationFilterChainDecorator$ObservationFilter.doFilter(ObservationFilterChainDecorator.java:227) ~[spring-security-web-6.2.0.jar:6.2.0]
	at org.springframework.security.web.ObservationFilterChainDecorator$VirtualFilterChain.doFilter(ObservationFilterChainDecorator.java:137) ~[spring-security-web-6.2.0.jar:6.2.0]
	at com.parkease.auth.security.JwtAuthFilter.doFilterInternal(JwtAuthFilter.java:75) ~[classes/:na]
	at org.springframework.web.filter.OncePerRequestFilter.doFilter(OncePerRequestFilter.java:116) ~[spring-web-6.1.1.jar:6.1.1]
	at org.springframework.security.web.ObservationFilterChainDecorator$ObservationFilter.wrapFilter(ObservationFilterChainDecorator.java:240) ~[spring-security-web-6.2.0.jar:6.2.0]
	at org.springframework.security.web.ObservationFilterChainDecorator$ObservationFilter.doFilter(ObservationFilterChainDecorator.java:227) ~[spring-security-web-6.2.0.jar:6.2.0]
	at org.springframework.security.web.ObservationFilterChainDecorator$VirtualFilterChain.doFilter(ObservationFilterChainDecorator.java:137) ~[spring-security-web-6.2.0.jar:6.2.0]
	at org.springframework.security.web.authentication.AbstractAuthenticationProcessingFilter.doFilter(AbstractAuthenticationProcessingFilter.java:227) ~[spring-security-web-6.2.0.jar:6.2.0]
	at org.springframework.security.web.authentication.AbstractAuthenticationProcessingFilter.doFilter(AbstractAuthenticationProcessingFilter.java:221) ~[spring-security-web-6.2.0.jar:6.2.0]
	at org.springframework.security.web.ObservationFilterChainDecorator$ObservationFilter.wrapFilter(ObservationFilterChainDecorator.java:240) ~[spring-security-web-6.2.0.jar:6.2.0]
	at org.springframework.security.web.ObservationFilterChainDecorator$ObservationFilter.doFilter(ObservationFilterChainDecorator.java:227) ~[spring-security-web-6.2.0.jar:6.2.0]
	at org.springframework.security.web.ObservationFilterChainDecorator$VirtualFilterChain.doFilter(ObservationFilterChainDecorator.java:137) ~[spring-security-web-6.2.0.jar:6.2.0]
	at org.springframework.security.oauth2.client.web.OAuth2AuthorizationRequestRedirectFilter.doFilterInternal(OAuth2AuthorizationRequestRedirectFilter.java:181) ~[spring-security-oauth2-client-6.2.0.jar:6.2.0]
	at org.springframework.web.filter.OncePerRequestFilter.doFilter(OncePerRequestFilter.java:116) ~[spring-web-6.1.1.jar:6.1.1]
	at org.springframework.security.web.ObservationFilterChainDecorator$ObservationFilter.wrapFilter(ObservationFilterChainDecorator.java:240) ~[spring-security-web-6.2.0.jar:6.2.0]
	at org.springframework.security.web.ObservationFilterChainDecorator$ObservationFilter.doFilter(ObservationFilterChainDecorator.java:227) ~[spring-security-web-6.2.0.jar:6.2.0]
	at org.springframework.security.web.ObservationFilterChainDecorator$VirtualFilterChain.doFilter(ObservationFilterChainDecorator.java:137) ~[spring-security-web-6.2.0.jar:6.2.0]
	at org.springframework.security.web.authentication.logout.LogoutFilter.doFilter(LogoutFilter.java:107) ~[spring-security-web-6.2.0.jar:6.2.0]
	at org.springframework.security.web.authentication.logout.LogoutFilter.doFilter(LogoutFilter.java:93) ~[spring-security-web-6.2.0.jar:6.2.0]
	at org.springframework.security.web.ObservationFilterChainDecorator$ObservationFilter.wrapFilter(ObservationFilterChainDecorator.java:240) ~[spring-security-web-6.2.0.jar:6.2.0]
	at org.springframework.security.web.ObservationFilterChainDecorator$ObservationFilter.doFilter(ObservationFilterChainDecorator.java:227) ~[spring-security-web-6.2.0.jar:6.2.0]
	at org.springframework.security.web.ObservationFilterChainDecorator$VirtualFilterChain.doFilter(ObservationFilterChainDecorator.java:137) ~[spring-security-web-6.2.0.jar:6.2.0]
	at org.springframework.security.web.header.HeaderWriterFilter.doHeadersAfter(HeaderWriterFilter.java:90) ~[spring-security-web-6.2.0.jar:6.2.0]
	at org.springframework.security.web.header.HeaderWriterFilter.doFilterInternal(HeaderWriterFilter.java:75) ~[spring-security-web-6.2.0.jar:6.2.0]
	at org.springframework.web.filter.OncePerRequestFilter.doFilter(OncePerRequestFilter.java:116) ~[spring-web-6.1.1.jar:6.1.1]
	at org.springframework.security.web.ObservationFilterChainDecorator$ObservationFilter.wrapFilter(ObservationFilterChainDecorator.java:240) ~[spring-security-web-6.2.0.jar:6.2.0]
	at org.springframework.security.web.ObservationFilterChainDecorator$ObservationFilter.doFilter(ObservationFilterChainDecorator.java:227) ~[spring-security-web-6.2.0.jar:6.2.0]
	at org.springframework.security.web.ObservationFilterChainDecorator$VirtualFilterChain.doFilter(ObservationFilterChainDecorator.java:137) ~[spring-security-web-6.2.0.jar:6.2.0]
	at org.springframework.security.web.context.SecurityContextHolderFilter.doFilter(SecurityContextHolderFilter.java:82) ~[spring-security-web-6.2.0.jar:6.2.0]
	at org.springframework.security.web.context.SecurityContextHolderFilter.doFilter(SecurityContextHolderFilter.java:69) ~[spring-security-web-6.2.0.jar:6.2.0]
	at org.springframework.security.web.ObservationFilterChainDecorator$ObservationFilter.wrapFilter(ObservationFilterChainDecorator.java:240) ~[spring-security-web-6.2.0.jar:6.2.0]
	at org.springframework.security.web.ObservationFilterChainDecorator$ObservationFilter.doFilter(ObservationFilterChainDecorator.java:227) ~[spring-security-web-6.2.0.jar:6.2.0]
	at org.springframework.security.web.ObservationFilterChainDecorator$VirtualFilterChain.doFilter(ObservationFilterChainDecorator.java:137) ~[spring-security-web-6.2.0.jar:6.2.0]
	at org.springframework.security.web.context.request.async.WebAsyncManagerIntegrationFilter.doFilterInternal(WebAsyncManagerIntegrationFilter.java:62) ~[spring-security-web-6.2.0.jar:6.2.0]
	at org.springframework.web.filter.OncePerRequestFilter.doFilter(OncePerRequestFilter.java:116) ~[spring-web-6.1.1.jar:6.1.1]
	at org.springframework.security.web.ObservationFilterChainDecorator$ObservationFilter.wrapFilter(ObservationFilterChainDecorator.java:240) ~[spring-security-web-6.2.0.jar:6.2.0]
	at org.springframework.security.web.ObservationFilterChainDecorator$ObservationFilter.doFilter(ObservationFilterChainDecorator.java:227) ~[spring-security-web-6.2.0.jar:6.2.0]
	at org.springframework.security.web.ObservationFilterChainDecorator$VirtualFilterChain.doFilter(ObservationFilterChainDecorator.java:137) ~[spring-security-web-6.2.0.jar:6.2.0]
	at org.springframework.security.web.session.DisableEncodeUrlFilter.doFilterInternal(DisableEncodeUrlFilter.java:42) ~[spring-security-web-6.2.0.jar:6.2.0]
	at org.springframework.web.filter.OncePerRequestFilter.doFilter(OncePerRequestFilter.java:116) ~[spring-web-6.1.1.jar:6.1.1]
	at org.springframework.security.web.ObservationFilterChainDecorator$ObservationFilter.wrapFilter(ObservationFilterChainDecorator.java:240) ~[spring-security-web-6.2.0.jar:6.2.0]
	at org.springframework.security.web.ObservationFilterChainDecorator$AroundFilterObservation$SimpleAroundFilterObservation.lambda$wrap$0(ObservationFilterChainDecorator.java:323) ~[spring-security-web-6.2.0.jar:6.2.0]
	at org.springframework.security.web.ObservationFilterChainDecorator$ObservationFilter.doFilter(ObservationFilterChainDecorator.java:224) ~[spring-security-web-6.2.0.jar:6.2.0]
	at org.springframework.security.web.ObservationFilterChainDecorator$VirtualFilterChain.doFilter(ObservationFilterChainDecorator.java:137) ~[spring-security-web-6.2.0.jar:6.2.0]
	at org.springframework.security.web.FilterChainProxy.doFilterInternal(FilterChainProxy.java:233) ~[spring-security-web-6.2.0.jar:6.2.0]
	at org.springframework.security.web.FilterChainProxy.doFilter(FilterChainProxy.java:191) ~[spring-security-web-6.2.0.jar:6.2.0]
	at org.springframework.web.filter.DelegatingFilterProxy.invokeDelegate(DelegatingFilterProxy.java:352) ~[spring-web-6.1.1.jar:6.1.1]
	at org.springframework.web.filter.DelegatingFilterProxy.doFilter(DelegatingFilterProxy.java:268) ~[spring-web-6.1.1.jar:6.1.1]
	at org.apache.catalina.core.ApplicationFilterChain.internalDoFilter(ApplicationFilterChain.java:174) ~[tomcat-embed-core-10.1.16.jar:10.1.16]
	at org.apache.catalina.core.ApplicationFilterChain.doFilter(ApplicationFilterChain.java:149) ~[tomcat-embed-core-10.1.16.jar:10.1.16]
	at org.springframework.web.filter.RequestContextFilter.doFilterInternal(RequestContextFilter.java:100) ~[spring-web-6.1.1.jar:6.1.1]
	at org.springframework.web.filter.OncePerRequestFilter.doFilter(OncePerRequestFilter.java:116) ~[spring-web-6.1.1.jar:6.1.1]
	at org.apache.catalina.core.ApplicationFilterChain.internalDoFilter(ApplicationFilterChain.java:174) ~[tomcat-embed-core-10.1.16.jar:10.1.16]
	at org.apache.catalina.core.ApplicationFilterChain.doFilter(ApplicationFilterChain.java:149) ~[tomcat-embed-core-10.1.16.jar:10.1.16]
	at org.springframework.web.filter.FormContentFilter.doFilterInternal(FormContentFilter.java:93) ~[spring-web-6.1.1.jar:6.1.1]
	at org.springframework.web.filter.OncePerRequestFilter.doFilter(OncePerRequestFilter.java:116) ~[spring-web-6.1.1.jar:6.1.1]
	at org.apache.catalina.core.ApplicationFilterChain.internalDoFilter(ApplicationFilterChain.java:174) ~[tomcat-embed-core-10.1.16.jar:10.1.16]
	at org.apache.catalina.core.ApplicationFilterChain.doFilter(ApplicationFilterChain.java:149) ~[tomcat-embed-core-10.1.16.jar:10.1.16]
	at org.springframework.web.filter.ServerHttpObservationFilter.doFilterInternal(ServerHttpObservationFilter.java:109) ~[spring-web-6.1.1.jar:6.1.1]
	at org.springframework.web.filter.OncePerRequestFilter.doFilter(OncePerRequestFilter.java:116) ~[spring-web-6.1.1.jar:6.1.1]
	at org.apache.catalina.core.ApplicationFilterChain.internalDoFilter(ApplicationFilterChain.java:174) ~[tomcat-embed-core-10.1.16.jar:10.1.16]
	at org.apache.catalina.core.ApplicationFilterChain.doFilter(ApplicationFilterChain.java:149) ~[tomcat-embed-core-10.1.16.jar:10.1.16]
	at org.springframework.web.filter.CharacterEncodingFilter.doFilterInternal(CharacterEncodingFilter.java:201) ~[spring-web-6.1.1.jar:6.1.1]
	at org.springframework.web.filter.OncePerRequestFilter.doFilter(OncePerRequestFilter.java:116) ~[spring-web-6.1.1.jar:6.1.1]
	at org.apache.catalina.core.ApplicationFilterChain.internalDoFilter(ApplicationFilterChain.java:174) ~[tomcat-embed-core-10.1.16.jar:10.1.16]
	at org.apache.catalina.core.ApplicationFilterChain.doFilter(ApplicationFilterChain.java:149) ~[tomcat-embed-core-10.1.16.jar:10.1.16]
	at org.springframework.web.filter.OncePerRequestFilter.doFilter(OncePerRequestFilter.java:101) ~[spring-web-6.1.1.jar:6.1.1]
	at org.apache.catalina.core.ApplicationFilterChain.internalDoFilter(ApplicationFilterChain.java:174) ~[tomcat-embed-core-10.1.16.jar:10.1.16]
	at org.apache.catalina.core.ApplicationFilterChain.doFilter(ApplicationFilterChain.java:149) ~[tomcat-embed-core-10.1.16.jar:10.1.16]
	at org.apache.catalina.core.StandardWrapperValve.invoke(StandardWrapperValve.java:167) ~[tomcat-embed-core-10.1.16.jar:10.1.16]
	at org.apache.catalina.core.StandardContextValve.invoke(StandardContextValve.java:90) ~[tomcat-embed-core-10.1.16.jar:10.1.16]
	at org.apache.catalina.authenticator.AuthenticatorBase.invoke(AuthenticatorBase.java:482) ~[tomcat-embed-core-10.1.16.jar:10.1.16]
	at org.apache.catalina.core.StandardHostValve.invoke(StandardHostValve.java:115) ~[tomcat-embed-core-10.1.16.jar:10.1.16]
	at org.apache.catalina.valves.ErrorReportValve.invoke(ErrorReportValve.java:93) ~[tomcat-embed-core-10.1.16.jar:10.1.16]
	at org.apache.catalina.core.StandardEngineValve.invoke(StandardEngineValve.java:74) ~[tomcat-embed-core-10.1.16.jar:10.1.16]
	at org.apache.catalina.connector.CoyoteAdapter.service(CoyoteAdapter.java:340) ~[tomcat-embed-core-10.1.16.jar:10.1.16]
	at org.apache.coyote.http11.Http11Processor.service(Http11Processor.java:391) ~[tomcat-embed-core-10.1.16.jar:10.1.16]
	at org.apache.coyote.AbstractProcessorLight.process(AbstractProcessorLight.java:63) ~[tomcat-embed-core-10.1.16.jar:10.1.16]
	at org.apache.coyote.AbstractProtocol$ConnectionHandler.process(AbstractProtocol.java:896) ~[tomcat-embed-core-10.1.16.jar:10.1.16]
	at org.apache.tomcat.util.net.NioEndpoint$SocketProcessor.doRun(NioEndpoint.java:1744) ~[tomcat-embed-core-10.1.16.jar:10.1.16]
	at org.apache.tomcat.util.net.SocketProcessorBase.run(SocketProcessorBase.java:52) ~[tomcat-embed-core-10.1.16.jar:10.1.16]
	at org.apache.tomcat.util.threads.ThreadPoolExecutor.runWorker(ThreadPoolExecutor.java:1191) ~[tomcat-embed-core-10.1.16.jar:10.1.16]
	at org.apache.tomcat.util.threads.ThreadPoolExecutor$Worker.run(ThreadPoolExecutor.java:659) ~[tomcat-embed-core-10.1.16.jar:10.1.16]
	at org.apache.tomcat.util.threads.TaskThread$WrappingRunnable.run(TaskThread.java:61) ~[tomcat-embed-core-10.1.16.jar:10.1.16]
	at java.base/java.lang.Thread.run(Thread.java:833) ~[na:na]
Caused by: java.net.UnknownHostException: smtp.gmail.com
	at java.base/sun.nio.ch.NioSocketImpl.connect(NioSocketImpl.java:564) ~[na:na]
	at java.base/java.net.SocksSocketImpl.connect(SocksSocketImpl.java:327) ~[na:na]
	at java.base/java.net.Socket.connect(Socket.java:633) ~[na:na]
	at java.base/java.net.Socket.connect(Socket.java:583) ~[na:na]
	at org.eclipse.angus.mail.util.SocketFetcher.createSocket(SocketFetcher.java:360) ~[jakarta.mail-2.0.2.jar:na]
	at org.eclipse.angus.mail.util.SocketFetcher.getSocket(SocketFetcher.java:235) ~[jakarta.mail-2.0.2.jar:na]
	at org.eclipse.angus.mail.smtp.SMTPTransport.openServer(SMTPTransport.java:2193) ~[jakarta.mail-2.0.2.jar:na]
	... 171 common frames omitted

2026-05-15T11:19:33.927+05:30  WARN 14864 --- [auth-service] [http-nio-8081-exec-3] o.s.b.actuate.mail.MailHealthIndicator   : Mail health check failed

org.eclipse.angus.mail.util.MailConnectException: Couldn't connect to host, port: smtp.gmail.com, 587; timeout -1
	at org.eclipse.angus.mail.smtp.SMTPTransport.openServer(SMTPTransport.java:2243) ~[jakarta.mail-2.0.2.jar:na]
	at org.eclipse.angus.mail.smtp.SMTPTransport.protocolConnect(SMTPTransport.java:729) ~[jakarta.mail-2.0.2.jar:na]
	at jakarta.mail.Service.connect(Service.java:345) ~[jakarta.mail-2.0.2.jar:na]
	at org.springframework.mail.javamail.JavaMailSenderImpl.connectTransport(JavaMailSenderImpl.java:480) ~[spring-context-support-6.1.1.jar:6.1.1]
	at org.springframework.mail.javamail.JavaMailSenderImpl.testConnection(JavaMailSenderImpl.java:360) ~[spring-context-support-6.1.1.jar:6.1.1]
	at org.springframework.boot.actuate.mail.MailHealthIndicator.doHealthCheck(MailHealthIndicator.java:52) ~[spring-boot-actuator-3.2.0.jar:3.2.0]
	at org.springframework.boot.actuate.health.AbstractHealthIndicator.health(AbstractHealthIndicator.java:82) ~[spring-boot-actuator-3.2.0.jar:3.2.0]
	at org.springframework.boot.actuate.health.HealthIndicator.getHealth(HealthIndicator.java:37) ~[spring-boot-actuator-3.2.0.jar:3.2.0]
	at org.springframework.boot.actuate.health.HealthEndpointWebExtension.getHealth(HealthEndpointWebExtension.java:94) ~[spring-boot-actuator-3.2.0.jar:3.2.0]
	at org.springframework.boot.actuate.health.HealthEndpointWebExtension.getHealth(HealthEndpointWebExtension.java:47) ~[spring-boot-actuator-3.2.0.jar:3.2.0]
	at org.springframework.boot.actuate.health.HealthEndpointSupport.getLoggedHealth(HealthEndpointSupport.java:172) ~[spring-boot-actuator-3.2.0.jar:3.2.0]
	at org.springframework.boot.actuate.health.HealthEndpointSupport.getContribution(HealthEndpointSupport.java:145) ~[spring-boot-actuator-3.2.0.jar:3.2.0]
	at org.springframework.boot.actuate.health.HealthEndpointSupport.getAggregateContribution(HealthEndpointSupport.java:156) ~[spring-boot-actuator-3.2.0.jar:3.2.0]
	at org.springframework.boot.actuate.health.HealthEndpointSupport.getContribution(HealthEndpointSupport.java:141) ~[spring-boot-actuator-3.2.0.jar:3.2.0]
	at org.springframework.boot.actuate.health.HealthEndpointSupport.getHealth(HealthEndpointSupport.java:110) ~[spring-boot-actuator-3.2.0.jar:3.2.0]
	at org.springframework.boot.actuate.health.HealthEndpointSupport.getHealth(HealthEndpointSupport.java:81) ~[spring-boot-actuator-3.2.0.jar:3.2.0]
	at org.springframework.boot.actuate.health.HealthEndpointWebExtension.health(HealthEndpointWebExtension.java:80) ~[spring-boot-actuator-3.2.0.jar:3.2.0]
	at org.springframework.boot.actuate.health.HealthEndpointWebExtension.health(HealthEndpointWebExtension.java:69) ~[spring-boot-actuator-3.2.0.jar:3.2.0]
	at java.base/jdk.internal.reflect.DirectMethodHandleAccessor.invoke(DirectMethodHandleAccessor.java:104) ~[na:na]
	at java.base/java.lang.reflect.Method.invoke(Method.java:577) ~[na:na]
	at org.springframework.util.ReflectionUtils.invokeMethod(ReflectionUtils.java:281) ~[spring-core-6.1.1.jar:6.1.1]
	at org.springframework.boot.actuate.endpoint.invoke.reflect.ReflectiveOperationInvoker.invoke(ReflectiveOperationInvoker.java:74) ~[spring-boot-actuator-3.2.0.jar:3.2.0]
	at org.springframework.boot.actuate.endpoint.annotation.AbstractDiscoveredOperation.invoke(AbstractDiscoveredOperation.java:60) ~[spring-boot-actuator-3.2.0.jar:3.2.0]
	at org.springframework.boot.actuate.endpoint.web.servlet.AbstractWebMvcEndpointHandlerMapping$ServletWebOperationAdapter.handle(AbstractWebMvcEndpointHandlerMapping.java:321) ~[spring-boot-actuator-3.2.0.jar:3.2.0]
	at org.springframework.boot.actuate.endpoint.web.servlet.AbstractWebMvcEndpointHandlerMapping$OperationHandler.handle(AbstractWebMvcEndpointHandlerMapping.java:428) ~[spring-boot-actuator-3.2.0.jar:3.2.0]
	at java.base/jdk.internal.reflect.DirectMethodHandleAccessor.invoke(DirectMethodHandleAccessor.java:104) ~[na:na]
	at java.base/java.lang.reflect.Method.invoke(Method.java:577) ~[na:na]
	at org.springframework.web.method.support.InvocableHandlerMethod.doInvoke(InvocableHandlerMethod.java:254) ~[spring-web-6.1.1.jar:6.1.1]
	at org.springframework.web.method.support.InvocableHandlerMethod.invokeForRequest(InvocableHandlerMethod.java:182) ~[spring-web-6.1.1.jar:6.1.1]
	at org.springframework.web.servlet.mvc.method.annotation.ServletInvocableHandlerMethod.invokeAndHandle(ServletInvocableHandlerMethod.java:118) ~[spring-webmvc-6.1.1.jar:6.1.1]
	at org.springframework.web.servlet.mvc.method.annotation.RequestMappingHandlerAdapter.invokeHandlerMethod(RequestMappingHandlerAdapter.java:917) ~[spring-webmvc-6.1.1.jar:6.1.1]
	at org.springframework.web.servlet.mvc.method.annotation.RequestMappingHandlerAdapter.handleInternal(RequestMappingHandlerAdapter.java:829) ~[spring-webmvc-6.1.1.jar:6.1.1]
	at org.springframework.web.servlet.mvc.method.AbstractHandlerMethodAdapter.handle(AbstractHandlerMethodAdapter.java:87) ~[spring-webmvc-6.1.1.jar:6.1.1]
	at org.springframework.web.servlet.DispatcherServlet.doDispatch(DispatcherServlet.java:1089) ~[spring-webmvc-6.1.1.jar:6.1.1]
	at org.springframework.web.servlet.DispatcherServlet.doService(DispatcherServlet.java:979) ~[spring-webmvc-6.1.1.jar:6.1.1]
	at org.springframework.web.servlet.FrameworkServlet.processRequest(FrameworkServlet.java:1014) ~[spring-webmvc-6.1.1.jar:6.1.1]
	at org.springframework.web.servlet.FrameworkServlet.doGet(FrameworkServlet.java:903) ~[spring-webmvc-6.1.1.jar:6.1.1]
	at jakarta.servlet.http.HttpServlet.service(HttpServlet.java:564) ~[tomcat-embed-core-10.1.16.jar:6.0]
	at org.springframework.web.servlet.FrameworkServlet.service(FrameworkServlet.java:885) ~[spring-webmvc-6.1.1.jar:6.1.1]
	at jakarta.servlet.http.HttpServlet.service(HttpServlet.java:658) ~[tomcat-embed-core-10.1.16.jar:6.0]
	at org.apache.catalina.core.ApplicationFilterChain.internalDoFilter(ApplicationFilterChain.java:205) ~[tomcat-embed-core-10.1.16.jar:10.1.16]
	at org.apache.catalina.core.ApplicationFilterChain.doFilter(ApplicationFilterChain.java:149) ~[tomcat-embed-core-10.1.16.jar:10.1.16]
	at org.apache.tomcat.websocket.server.WsFilter.doFilter(WsFilter.java:51) ~[tomcat-embed-websocket-10.1.16.jar:10.1.16]
	at org.apache.catalina.core.ApplicationFilterChain.internalDoFilter(ApplicationFilterChain.java:174) ~[tomcat-embed-core-10.1.16.jar:10.1.16]
	at org.apache.catalina.core.ApplicationFilterChain.doFilter(ApplicationFilterChain.java:149) ~[tomcat-embed-core-10.1.16.jar:10.1.16]
	at org.springframework.web.filter.OncePerRequestFilter.doFilter(OncePerRequestFilter.java:110) ~[spring-web-6.1.1.jar:6.1.1]
	at org.apache.catalina.core.ApplicationFilterChain.internalDoFilter(ApplicationFilterChain.java:174) ~[tomcat-embed-core-10.1.16.jar:10.1.16]
	at org.apache.catalina.core.ApplicationFilterChain.doFilter(ApplicationFilterChain.java:149) ~[tomcat-embed-core-10.1.16.jar:10.1.16]
	at org.springframework.security.web.FilterChainProxy.lambda$doFilterInternal$3(FilterChainProxy.java:231) ~[spring-security-web-6.2.0.jar:6.2.0]
	at org.springframework.security.web.ObservationFilterChainDecorator$FilterObservation$SimpleFilterObservation.lambda$wrap$1(ObservationFilterChainDecorator.java:479) ~[spring-security-web-6.2.0.jar:6.2.0]
	at org.springframework.security.web.ObservationFilterChainDecorator$AroundFilterObservation$SimpleAroundFilterObservation.lambda$wrap$1(ObservationFilterChainDecorator.java:340) ~[spring-security-web-6.2.0.jar:6.2.0]
	at org.springframework.security.web.ObservationFilterChainDecorator.lambda$wrapSecured$0(ObservationFilterChainDecorator.java:82) ~[spring-security-web-6.2.0.jar:6.2.0]
	at org.springframework.security.web.ObservationFilterChainDecorator$VirtualFilterChain.doFilter(ObservationFilterChainDecorator.java:128) ~[spring-security-web-6.2.0.jar:6.2.0]
	at org.springframework.security.web.access.intercept.AuthorizationFilter.doFilter(AuthorizationFilter.java:100) ~[spring-security-web-6.2.0.jar:6.2.0]
	at org.springframework.security.web.ObservationFilterChainDecorator$ObservationFilter.wrapFilter(ObservationFilterChainDecorator.java:240) ~[spring-security-web-6.2.0.jar:6.2.0]
	at org.springframework.security.web.ObservationFilterChainDecorator$ObservationFilter.doFilter(ObservationFilterChainDecorator.java:227) ~[spring-security-web-6.2.0.jar:6.2.0]
	at org.springframework.security.web.ObservationFilterChainDecorator$VirtualFilterChain.doFilter(ObservationFilterChainDecorator.java:137) ~[spring-security-web-6.2.0.jar:6.2.0]
	at org.springframework.security.web.access.ExceptionTranslationFilter.doFilter(ExceptionTranslationFilter.java:126) ~[spring-security-web-6.2.0.jar:6.2.0]
	at org.springframework.security.web.access.ExceptionTranslationFilter.doFilter(ExceptionTranslationFilter.java:120) ~[spring-security-web-6.2.0.jar:6.2.0]
	at org.springframework.security.web.ObservationFilterChainDecorator$ObservationFilter.wrapFilter(ObservationFilterChainDecorator.java:240) ~[spring-security-web-6.2.0.jar:6.2.0]
	at org.springframework.security.web.ObservationFilterChainDecorator$ObservationFilter.doFilter(ObservationFilterChainDecorator.java:227) ~[spring-security-web-6.2.0.jar:6.2.0]
	at org.springframework.security.web.ObservationFilterChainDecorator$VirtualFilterChain.doFilter(ObservationFilterChainDecorator.java:137) ~[spring-security-web-6.2.0.jar:6.2.0]
	at org.springframework.security.web.session.SessionManagementFilter.doFilter(SessionManagementFilter.java:131) ~[spring-security-web-6.2.0.jar:6.2.0]
	at org.springframework.security.web.session.SessionManagementFilter.doFilter(SessionManagementFilter.java:85) ~[spring-security-web-6.2.0.jar:6.2.0]
	at org.springframework.security.web.ObservationFilterChainDecorator$ObservationFilter.wrapFilter(ObservationFilterChainDecorator.java:240) ~[spring-security-web-6.2.0.jar:6.2.0]
	at org.springframework.security.web.ObservationFilterChainDecorator$ObservationFilter.doFilter(ObservationFilterChainDecorator.java:227) ~[spring-security-web-6.2.0.jar:6.2.0]
	at org.springframework.security.web.ObservationFilterChainDecorator$VirtualFilterChain.doFilter(ObservationFilterChainDecorator.java:137) ~[spring-security-web-6.2.0.jar:6.2.0]
	at org.springframework.security.web.authentication.AnonymousAuthenticationFilter.doFilter(AnonymousAuthenticationFilter.java:100) ~[spring-security-web-6.2.0.jar:6.2.0]
	at org.springframework.security.web.ObservationFilterChainDecorator$ObservationFilter.wrapFilter(ObservationFilterChainDecorator.java:240) ~[spring-security-web-6.2.0.jar:6.2.0]
	at org.springframework.security.web.ObservationFilterChainDecorator$ObservationFilter.doFilter(ObservationFilterChainDecorator.java:227) ~[spring-security-web-6.2.0.jar:6.2.0]
	at org.springframework.security.web.ObservationFilterChainDecorator$VirtualFilterChain.doFilter(ObservationFilterChainDecorator.java:137) ~[spring-security-web-6.2.0.jar:6.2.0]
	at org.springframework.security.web.servletapi.SecurityContextHolderAwareRequestFilter.doFilter(SecurityContextHolderAwareRequestFilter.java:179) ~[spring-security-web-6.2.0.jar:6.2.0]
	at org.springframework.security.web.ObservationFilterChainDecorator$ObservationFilter.wrapFilter(ObservationFilterChainDecorator.java:240) ~[spring-security-web-6.2.0.jar:6.2.0]
	at org.springframework.security.web.ObservationFilterChainDecorator$ObservationFilter.doFilter(ObservationFilterChainDecorator.java:227) ~[spring-security-web-6.2.0.jar:6.2.0]
	at org.springframework.security.web.ObservationFilterChainDecorator$VirtualFilterChain.doFilter(ObservationFilterChainDecorator.java:137) ~[spring-security-web-6.2.0.jar:6.2.0]
	at org.springframework.security.web.savedrequest.RequestCacheAwareFilter.doFilter(RequestCacheAwareFilter.java:63) ~[spring-security-web-6.2.0.jar:6.2.0]
	at org.springframework.security.web.ObservationFilterChainDecorator$ObservationFilter.wrapFilter(ObservationFilterChainDecorator.java:240) ~[spring-security-web-6.2.0.jar:6.2.0]
	at org.springframework.security.web.ObservationFilterChainDecorator$ObservationFilter.doFilter(ObservationFilterChainDecorator.java:227) ~[spring-security-web-6.2.0.jar:6.2.0]
	at org.springframework.security.web.ObservationFilterChainDecorator$VirtualFilterChain.doFilter(ObservationFilterChainDecorator.java:137) ~[spring-security-web-6.2.0.jar:6.2.0]
	at org.springframework.security.web.authentication.ui.DefaultLogoutPageGeneratingFilter.doFilterInternal(DefaultLogoutPageGeneratingFilter.java:58) ~[spring-security-web-6.2.0.jar:6.2.0]
	at org.springframework.web.filter.OncePerRequestFilter.doFilter(OncePerRequestFilter.java:116) ~[spring-web-6.1.1.jar:6.1.1]
	at org.springframework.security.web.ObservationFilterChainDecorator$ObservationFilter.wrapFilter(ObservationFilterChainDecorator.java:240) ~[spring-security-web-6.2.0.jar:6.2.0]
	at org.springframework.security.web.ObservationFilterChainDecorator$ObservationFilter.doFilter(ObservationFilterChainDecorator.java:227) ~[spring-security-web-6.2.0.jar:6.2.0]
	at org.springframework.security.web.ObservationFilterChainDecorator$VirtualFilterChain.doFilter(ObservationFilterChainDecorator.java:137) ~[spring-security-web-6.2.0.jar:6.2.0]
	at org.springframework.security.web.authentication.ui.DefaultLoginPageGeneratingFilter.doFilter(DefaultLoginPageGeneratingFilter.java:189) ~[spring-security-web-6.2.0.jar:6.2.0]
	at org.springframework.security.web.authentication.ui.DefaultLoginPageGeneratingFilter.doFilter(DefaultLoginPageGeneratingFilter.java:175) ~[spring-security-web-6.2.0.jar:6.2.0]
	at org.springframework.security.web.ObservationFilterChainDecorator$ObservationFilter.wrapFilter(ObservationFilterChainDecorator.java:240) ~[spring-security-web-6.2.0.jar:6.2.0]
	at org.springframework.security.web.ObservationFilterChainDecorator$ObservationFilter.doFilter(ObservationFilterChainDecorator.java:227) ~[spring-security-web-6.2.0.jar:6.2.0]
	at org.springframework.security.web.ObservationFilterChainDecorator$VirtualFilterChain.doFilter(ObservationFilterChainDecorator.java:137) ~[spring-security-web-6.2.0.jar:6.2.0]
	at com.parkease.auth.security.JwtAuthFilter.doFilterInternal(JwtAuthFilter.java:75) ~[classes/:na]
	at org.springframework.web.filter.OncePerRequestFilter.doFilter(OncePerRequestFilter.java:116) ~[spring-web-6.1.1.jar:6.1.1]
	at org.springframework.security.web.ObservationFilterChainDecorator$ObservationFilter.wrapFilter(ObservationFilterChainDecorator.java:240) ~[spring-security-web-6.2.0.jar:6.2.0]
	at org.springframework.security.web.ObservationFilterChainDecorator$ObservationFilter.doFilter(ObservationFilterChainDecorator.java:227) ~[spring-security-web-6.2.0.jar:6.2.0]
	at org.springframework.security.web.ObservationFilterChainDecorator$VirtualFilterChain.doFilter(ObservationFilterChainDecorator.java:137) ~[spring-security-web-6.2.0.jar:6.2.0]
	at org.springframework.security.web.authentication.AbstractAuthenticationProcessingFilter.doFilter(AbstractAuthenticationProcessingFilter.java:227) ~[spring-security-web-6.2.0.jar:6.2.0]
	at org.springframework.security.web.authentication.AbstractAuthenticationProcessingFilter.doFilter(AbstractAuthenticationProcessingFilter.java:221) ~[spring-security-web-6.2.0.jar:6.2.0]
	at org.springframework.security.web.ObservationFilterChainDecorator$ObservationFilter.wrapFilter(ObservationFilterChainDecorator.java:240) ~[spring-security-web-6.2.0.jar:6.2.0]
	at org.springframework.security.web.ObservationFilterChainDecorator$ObservationFilter.doFilter(ObservationFilterChainDecorator.java:227) ~[spring-security-web-6.2.0.jar:6.2.0]
	at org.springframework.security.web.ObservationFilterChainDecorator$VirtualFilterChain.doFilter(ObservationFilterChainDecorator.java:137) ~[spring-security-web-6.2.0.jar:6.2.0]
	at org.springframework.security.oauth2.client.web.OAuth2AuthorizationRequestRedirectFilter.doFilterInternal(OAuth2AuthorizationRequestRedirectFilter.java:181) ~[spring-security-oauth2-client-6.2.0.jar:6.2.0]
	at org.springframework.web.filter.OncePerRequestFilter.doFilter(OncePerRequestFilter.java:116) ~[spring-web-6.1.1.jar:6.1.1]
	at org.springframework.security.web.ObservationFilterChainDecorator$ObservationFilter.wrapFilter(ObservationFilterChainDecorator.java:240) ~[spring-security-web-6.2.0.jar:6.2.0]
	at org.springframework.security.web.ObservationFilterChainDecorator$ObservationFilter.doFilter(ObservationFilterChainDecorator.java:227) ~[spring-security-web-6.2.0.jar:6.2.0]
	at org.springframework.security.web.ObservationFilterChainDecorator$VirtualFilterChain.doFilter(ObservationFilterChainDecorator.java:137) ~[spring-security-web-6.2.0.jar:6.2.0]
	at org.springframework.security.web.authentication.logout.LogoutFilter.doFilter(LogoutFilter.java:107) ~[spring-security-web-6.2.0.jar:6.2.0]
	at org.springframework.security.web.authentication.logout.LogoutFilter.doFilter(LogoutFilter.java:93) ~[spring-security-web-6.2.0.jar:6.2.0]
	at org.springframework.security.web.ObservationFilterChainDecorator$ObservationFilter.wrapFilter(ObservationFilterChainDecorator.java:240) ~[spring-security-web-6.2.0.jar:6.2.0]
	at org.springframework.security.web.ObservationFilterChainDecorator$ObservationFilter.doFilter(ObservationFilterChainDecorator.java:227) ~[spring-security-web-6.2.0.jar:6.2.0]
	at org.springframework.security.web.ObservationFilterChainDecorator$VirtualFilterChain.doFilter(ObservationFilterChainDecorator.java:137) ~[spring-security-web-6.2.0.jar:6.2.0]
	at org.springframework.security.web.header.HeaderWriterFilter.doHeadersAfter(HeaderWriterFilter.java:90) ~[spring-security-web-6.2.0.jar:6.2.0]
	at org.springframework.security.web.header.HeaderWriterFilter.doFilterInternal(HeaderWriterFilter.java:75) ~[spring-security-web-6.2.0.jar:6.2.0]
	at org.springframework.web.filter.OncePerRequestFilter.doFilter(OncePerRequestFilter.java:116) ~[spring-web-6.1.1.jar:6.1.1]
	at org.springframework.security.web.ObservationFilterChainDecorator$ObservationFilter.wrapFilter(ObservationFilterChainDecorator.java:240) ~[spring-security-web-6.2.0.jar:6.2.0]
	at org.springframework.security.web.ObservationFilterChainDecorator$ObservationFilter.doFilter(ObservationFilterChainDecorator.java:227) ~[spring-security-web-6.2.0.jar:6.2.0]
	at org.springframework.security.web.ObservationFilterChainDecorator$VirtualFilterChain.doFilter(ObservationFilterChainDecorator.java:137) ~[spring-security-web-6.2.0.jar:6.2.0]
	at org.springframework.security.web.context.SecurityContextHolderFilter.doFilter(SecurityContextHolderFilter.java:82) ~[spring-security-web-6.2.0.jar:6.2.0]
	at org.springframework.security.web.context.SecurityContextHolderFilter.doFilter(SecurityContextHolderFilter.java:69) ~[spring-security-web-6.2.0.jar:6.2.0]
	at org.springframework.security.web.ObservationFilterChainDecorator$ObservationFilter.wrapFilter(ObservationFilterChainDecorator.java:240) ~[spring-security-web-6.2.0.jar:6.2.0]
	at org.springframework.security.web.ObservationFilterChainDecorator$ObservationFilter.doFilter(ObservationFilterChainDecorator.java:227) ~[spring-security-web-6.2.0.jar:6.2.0]
	at org.springframework.security.web.ObservationFilterChainDecorator$VirtualFilterChain.doFilter(ObservationFilterChainDecorator.java:137) ~[spring-security-web-6.2.0.jar:6.2.0]
	at org.springframework.security.web.context.request.async.WebAsyncManagerIntegrationFilter.doFilterInternal(WebAsyncManagerIntegrationFilter.java:62) ~[spring-security-web-6.2.0.jar:6.2.0]
	at org.springframework.web.filter.OncePerRequestFilter.doFilter(OncePerRequestFilter.java:116) ~[spring-web-6.1.1.jar:6.1.1]
	at org.springframework.security.web.ObservationFilterChainDecorator$ObservationFilter.wrapFilter(ObservationFilterChainDecorator.java:240) ~[spring-security-web-6.2.0.jar:6.2.0]
	at org.springframework.security.web.ObservationFilterChainDecorator$ObservationFilter.doFilter(ObservationFilterChainDecorator.java:227) ~[spring-security-web-6.2.0.jar:6.2.0]
	at org.springframework.security.web.ObservationFilterChainDecorator$VirtualFilterChain.doFilter(ObservationFilterChainDecorator.java:137) ~[spring-security-web-6.2.0.jar:6.2.0]
	at org.springframework.security.web.session.DisableEncodeUrlFilter.doFilterInternal(DisableEncodeUrlFilter.java:42) ~[spring-security-web-6.2.0.jar:6.2.0]
	at org.springframework.web.filter.OncePerRequestFilter.doFilter(OncePerRequestFilter.java:116) ~[spring-web-6.1.1.jar:6.1.1]
	at org.springframework.security.web.ObservationFilterChainDecorator$ObservationFilter.wrapFilter(ObservationFilterChainDecorator.java:240) ~[spring-security-web-6.2.0.jar:6.2.0]
	at org.springframework.security.web.ObservationFilterChainDecorator$AroundFilterObservation$SimpleAroundFilterObservation.lambda$wrap$0(ObservationFilterChainDecorator.java:323) ~[spring-security-web-6.2.0.jar:6.2.0]
	at org.springframework.security.web.ObservationFilterChainDecorator$ObservationFilter.doFilter(ObservationFilterChainDecorator.java:224) ~[spring-security-web-6.2.0.jar:6.2.0]
	at org.springframework.security.web.ObservationFilterChainDecorator$VirtualFilterChain.doFilter(ObservationFilterChainDecorator.java:137) ~[spring-security-web-6.2.0.jar:6.2.0]
	at org.springframework.security.web.FilterChainProxy.doFilterInternal(FilterChainProxy.java:233) ~[spring-security-web-6.2.0.jar:6.2.0]
	at org.springframework.security.web.FilterChainProxy.doFilter(FilterChainProxy.java:191) ~[spring-security-web-6.2.0.jar:6.2.0]
	at org.springframework.web.filter.DelegatingFilterProxy.invokeDelegate(DelegatingFilterProxy.java:352) ~[spring-web-6.1.1.jar:6.1.1]
	at org.springframework.web.filter.DelegatingFilterProxy.doFilter(DelegatingFilterProxy.java:268) ~[spring-web-6.1.1.jar:6.1.1]
	at org.apache.catalina.core.ApplicationFilterChain.internalDoFilter(ApplicationFilterChain.java:174) ~[tomcat-embed-core-10.1.16.jar:10.1.16]
	at org.apache.catalina.core.ApplicationFilterChain.doFilter(ApplicationFilterChain.java:149) ~[tomcat-embed-core-10.1.16.jar:10.1.16]
	at org.springframework.web.filter.RequestContextFilter.doFilterInternal(RequestContextFilter.java:100) ~[spring-web-6.1.1.jar:6.1.1]
	at org.springframework.web.filter.OncePerRequestFilter.doFilter(OncePerRequestFilter.java:116) ~[spring-web-6.1.1.jar:6.1.1]
	at org.apache.catalina.core.ApplicationFilterChain.internalDoFilter(ApplicationFilterChain.java:174) ~[tomcat-embed-core-10.1.16.jar:10.1.16]
	at org.apache.catalina.core.ApplicationFilterChain.doFilter(ApplicationFilterChain.java:149) ~[tomcat-embed-core-10.1.16.jar:10.1.16]
	at org.springframework.web.filter.FormContentFilter.doFilterInternal(FormContentFilter.java:93) ~[spring-web-6.1.1.jar:6.1.1]
	at org.springframework.web.filter.OncePerRequestFilter.doFilter(OncePerRequestFilter.java:116) ~[spring-web-6.1.1.jar:6.1.1]
	at org.apache.catalina.core.ApplicationFilterChain.internalDoFilter(ApplicationFilterChain.java:174) ~[tomcat-embed-core-10.1.16.jar:10.1.16]
	at org.apache.catalina.core.ApplicationFilterChain.doFilter(ApplicationFilterChain.java:149) ~[tomcat-embed-core-10.1.16.jar:10.1.16]
	at org.springframework.web.filter.ServerHttpObservationFilter.doFilterInternal(ServerHttpObservationFilter.java:109) ~[spring-web-6.1.1.jar:6.1.1]
	at org.springframework.web.filter.OncePerRequestFilter.doFilter(OncePerRequestFilter.java:116) ~[spring-web-6.1.1.jar:6.1.1]
	at org.apache.catalina.core.ApplicationFilterChain.internalDoFilter(ApplicationFilterChain.java:174) ~[tomcat-embed-core-10.1.16.jar:10.1.16]
	at org.apache.catalina.core.ApplicationFilterChain.doFilter(ApplicationFilterChain.java:149) ~[tomcat-embed-core-10.1.16.jar:10.1.16]
	at org.springframework.web.filter.CharacterEncodingFilter.doFilterInternal(CharacterEncodingFilter.java:201) ~[spring-web-6.1.1.jar:6.1.1]
	at org.springframework.web.filter.OncePerRequestFilter.doFilter(OncePerRequestFilter.java:116) ~[spring-web-6.1.1.jar:6.1.1]
	at org.apache.catalina.core.ApplicationFilterChain.internalDoFilter(ApplicationFilterChain.java:174) ~[tomcat-embed-core-10.1.16.jar:10.1.16]
	at org.apache.catalina.core.ApplicationFilterChain.doFilter(ApplicationFilterChain.java:149) ~[tomcat-embed-core-10.1.16.jar:10.1.16]
	at org.springframework.web.filter.OncePerRequestFilter.doFilter(OncePerRequestFilter.java:101) ~[spring-web-6.1.1.jar:6.1.1]
	at org.apache.catalina.core.ApplicationFilterChain.internalDoFilter(ApplicationFilterChain.java:174) ~[tomcat-embed-core-10.1.16.jar:10.1.16]
	at org.apache.catalina.core.ApplicationFilterChain.doFilter(ApplicationFilterChain.java:149) ~[tomcat-embed-core-10.1.16.jar:10.1.16]
	at org.apache.catalina.core.StandardWrapperValve.invoke(StandardWrapperValve.java:167) ~[tomcat-embed-core-10.1.16.jar:10.1.16]
	at org.apache.catalina.core.StandardContextValve.invoke(StandardContextValve.java:90) ~[tomcat-embed-core-10.1.16.jar:10.1.16]
	at org.apache.catalina.authenticator.AuthenticatorBase.invoke(AuthenticatorBase.java:482) ~[tomcat-embed-core-10.1.16.jar:10.1.16]
	at org.apache.catalina.core.StandardHostValve.invoke(StandardHostValve.java:115) ~[tomcat-embed-core-10.1.16.jar:10.1.16]
	at org.apache.catalina.valves.ErrorReportValve.invoke(ErrorReportValve.java:93) ~[tomcat-embed-core-10.1.16.jar:10.1.16]
	at org.apache.catalina.core.StandardEngineValve.invoke(StandardEngineValve.java:74) ~[tomcat-embed-core-10.1.16.jar:10.1.16]
	at org.apache.catalina.connector.CoyoteAdapter.service(CoyoteAdapter.java:340) ~[tomcat-embed-core-10.1.16.jar:10.1.16]
	at org.apache.coyote.http11.Http11Processor.service(Http11Processor.java:391) ~[tomcat-embed-core-10.1.16.jar:10.1.16]
	at org.apache.coyote.AbstractProcessorLight.process(AbstractProcessorLight.java:63) ~[tomcat-embed-core-10.1.16.jar:10.1.16]
	at org.apache.coyote.AbstractProtocol$ConnectionHandler.process(AbstractProtocol.java:896) ~[tomcat-embed-core-10.1.16.jar:10.1.16]
	at org.apache.tomcat.util.net.NioEndpoint$SocketProcessor.doRun(NioEndpoint.java:1744) ~[tomcat-embed-core-10.1.16.jar:10.1.16]
	at org.apache.tomcat.util.net.SocketProcessorBase.run(SocketProcessorBase.java:52) ~[tomcat-embed-core-10.1.16.jar:10.1.16]
	at org.apache.tomcat.util.threads.ThreadPoolExecutor.runWorker(ThreadPoolExecutor.java:1191) ~[tomcat-embed-core-10.1.16.jar:10.1.16]
	at org.apache.tomcat.util.threads.ThreadPoolExecutor$Worker.run(ThreadPoolExecutor.java:659) ~[tomcat-embed-core-10.1.16.jar:10.1.16]
	at org.apache.tomcat.util.threads.TaskThread$WrappingRunnable.run(TaskThread.java:61) ~[tomcat-embed-core-10.1.16.jar:10.1.16]
	at java.base/java.lang.Thread.run(Thread.java:833) ~[na:na]
Caused by: java.net.UnknownHostException: smtp.gmail.com
	at java.base/sun.nio.ch.NioSocketImpl.connect(NioSocketImpl.java:564) ~[na:na]
	at java.base/java.net.SocksSocketImpl.connect(SocksSocketImpl.java:327) ~[na:na]
	at java.base/java.net.Socket.connect(Socket.java:633) ~[na:na]
	at java.base/java.net.Socket.connect(Socket.java:583) ~[na:na]
	at org.eclipse.angus.mail.util.SocketFetcher.createSocket(SocketFetcher.java:360) ~[jakarta.mail-2.0.2.jar:na]
	at org.eclipse.angus.mail.util.SocketFetcher.getSocket(SocketFetcher.java:235) ~[jakarta.mail-2.0.2.jar:na]
	at org.eclipse.angus.mail.smtp.SMTPTransport.openServer(SMTPTransport.java:2193) ~[jakarta.mail-2.0.2.jar:na]
	... 171 common frames omitted

2026-05-15T11:19:58.378+05:30  WARN 14864 --- [auth-service] [http-nio-8081-exec-10] o.s.b.actuate.mail.MailHealthIndicator   : Mail health check failed

org.eclipse.angus.mail.util.MailConnectException: Couldn't connect to host, port: smtp.gmail.com, 587; timeout -1
	at org.eclipse.angus.mail.smtp.SMTPTransport.openServer(SMTPTransport.java:2243) ~[jakarta.mail-2.0.2.jar:na]
	at org.eclipse.angus.mail.smtp.SMTPTransport.protocolConnect(SMTPTransport.java:729) ~[jakarta.mail-2.0.2.jar:na]
	at jakarta.mail.Service.connect(Service.java:345) ~[jakarta.mail-2.0.2.jar:na]
	at org.springframework.mail.javamail.JavaMailSenderImpl.connectTransport(JavaMailSenderImpl.java:480) ~[spring-context-support-6.1.1.jar:6.1.1]
	at org.springframework.mail.javamail.JavaMailSenderImpl.testConnection(JavaMailSenderImpl.java:360) ~[spring-context-support-6.1.1.jar:6.1.1]
	at org.springframework.boot.actuate.mail.MailHealthIndicator.doHealthCheck(MailHealthIndicator.java:52) ~[spring-boot-actuator-3.2.0.jar:3.2.0]
	at org.springframework.boot.actuate.health.AbstractHealthIndicator.health(AbstractHealthIndicator.java:82) ~[spring-boot-actuator-3.2.0.jar:3.2.0]
	at org.springframework.boot.actuate.health.HealthIndicator.getHealth(HealthIndicator.java:37) ~[spring-boot-actuator-3.2.0.jar:3.2.0]
	at org.springframework.boot.actuate.health.HealthEndpointWebExtension.getHealth(HealthEndpointWebExtension.java:94) ~[spring-boot-actuator-3.2.0.jar:3.2.0]
	at org.springframework.boot.actuate.health.HealthEndpointWebExtension.getHealth(HealthEndpointWebExtension.java:47) ~[spring-boot-actuator-3.2.0.jar:3.2.0]
	at org.springframework.boot.actuate.health.HealthEndpointSupport.getLoggedHealth(HealthEndpointSupport.java:172) ~[spring-boot-actuator-3.2.0.jar:3.2.0]
	at org.springframework.boot.actuate.health.HealthEndpointSupport.getContribution(HealthEndpointSupport.java:145) ~[spring-boot-actuator-3.2.0.jar:3.2.0]
	at org.springframework.boot.actuate.health.HealthEndpointSupport.getAggregateContribution(HealthEndpointSupport.java:156) ~[spring-boot-actuator-3.2.0.jar:3.2.0]
	at org.springframework.boot.actuate.health.HealthEndpointSupport.getContribution(HealthEndpointSupport.java:141) ~[spring-boot-actuator-3.2.0.jar:3.2.0]
	at org.springframework.boot.actuate.health.HealthEndpointSupport.getHealth(HealthEndpointSupport.java:110) ~[spring-boot-actuator-3.2.0.jar:3.2.0]
	at org.springframework.boot.actuate.health.HealthEndpointSupport.getHealth(HealthEndpointSupport.java:81) ~[spring-boot-actuator-3.2.0.jar:3.2.0]
	at org.springframework.boot.actuate.health.HealthEndpointWebExtension.health(HealthEndpointWebExtension.java:80) ~[spring-boot-actuator-3.2.0.jar:3.2.0]
	at org.springframework.boot.actuate.health.HealthEndpointWebExtension.health(HealthEndpointWebExtension.java:69) ~[spring-boot-actuator-3.2.0.jar:3.2.0]
	at java.base/jdk.internal.reflect.DirectMethodHandleAccessor.invoke(DirectMethodHandleAccessor.java:104) ~[na:na]
	at java.base/java.lang.reflect.Method.invoke(Method.java:577) ~[na:na]
	at org.springframework.util.ReflectionUtils.invokeMethod(ReflectionUtils.java:281) ~[spring-core-6.1.1.jar:6.1.1]
	at org.springframework.boot.actuate.endpoint.invoke.reflect.ReflectiveOperationInvoker.invoke(ReflectiveOperationInvoker.java:74) ~[spring-boot-actuator-3.2.0.jar:3.2.0]
	at org.springframework.boot.actuate.endpoint.annotation.AbstractDiscoveredOperation.invoke(AbstractDiscoveredOperation.java:60) ~[spring-boot-actuator-3.2.0.jar:3.2.0]
	at org.springframework.boot.actuate.endpoint.web.servlet.AbstractWebMvcEndpointHandlerMapping$ServletWebOperationAdapter.handle(AbstractWebMvcEndpointHandlerMapping.java:321) ~[spring-boot-actuator-3.2.0.jar:3.2.0]
	at org.springframework.boot.actuate.endpoint.web.servlet.AbstractWebMvcEndpointHandlerMapping$OperationHandler.handle(AbstractWebMvcEndpointHandlerMapping.java:428) ~[spring-boot-actuator-3.2.0.jar:3.2.0]
	at java.base/jdk.internal.reflect.DirectMethodHandleAccessor.invoke(DirectMethodHandleAccessor.java:104) ~[na:na]
	at java.base/java.lang.reflect.Method.invoke(Method.java:577) ~[na:na]
	at org.springframework.web.method.support.InvocableHandlerMethod.doInvoke(InvocableHandlerMethod.java:254) ~[spring-web-6.1.1.jar:6.1.1]
	at org.springframework.web.method.support.InvocableHandlerMethod.invokeForRequest(InvocableHandlerMethod.java:182) ~[spring-web-6.1.1.jar:6.1.1]
	at org.springframework.web.servlet.mvc.method.annotation.ServletInvocableHandlerMethod.invokeAndHandle(ServletInvocableHandlerMethod.java:118) ~[spring-webmvc-6.1.1.jar:6.1.1]
	at org.springframework.web.servlet.mvc.method.annotation.RequestMappingHandlerAdapter.invokeHandlerMethod(RequestMappingHandlerAdapter.java:917) ~[spring-webmvc-6.1.1.jar:6.1.1]
	at org.springframework.web.servlet.mvc.method.annotation.RequestMappingHandlerAdapter.handleInternal(RequestMappingHandlerAdapter.java:829) ~[spring-webmvc-6.1.1.jar:6.1.1]
	at org.springframework.web.servlet.mvc.method.AbstractHandlerMethodAdapter.handle(AbstractHandlerMethodAdapter.java:87) ~[spring-webmvc-6.1.1.jar:6.1.1]
	at org.springframework.web.servlet.DispatcherServlet.doDispatch(DispatcherServlet.java:1089) ~[spring-webmvc-6.1.1.jar:6.1.1]
	at org.springframework.web.servlet.DispatcherServlet.doService(DispatcherServlet.java:979) ~[spring-webmvc-6.1.1.jar:6.1.1]
	at org.springframework.web.servlet.FrameworkServlet.processRequest(FrameworkServlet.java:1014) ~[spring-webmvc-6.1.1.jar:6.1.1]
	at org.springframework.web.servlet.FrameworkServlet.doGet(FrameworkServlet.java:903) ~[spring-webmvc-6.1.1.jar:6.1.1]
	at jakarta.servlet.http.HttpServlet.service(HttpServlet.java:564) ~[tomcat-embed-core-10.1.16.jar:6.0]
	at org.springframework.web.servlet.FrameworkServlet.service(FrameworkServlet.java:885) ~[spring-webmvc-6.1.1.jar:6.1.1]
	at jakarta.servlet.http.HttpServlet.service(HttpServlet.java:658) ~[tomcat-embed-core-10.1.16.jar:6.0]
	at org.apache.catalina.core.ApplicationFilterChain.internalDoFilter(ApplicationFilterChain.java:205) ~[tomcat-embed-core-10.1.16.jar:10.1.16]
	at org.apache.catalina.core.ApplicationFilterChain.doFilter(ApplicationFilterChain.java:149) ~[tomcat-embed-core-10.1.16.jar:10.1.16]
	at org.apache.tomcat.websocket.server.WsFilter.doFilter(WsFilter.java:51) ~[tomcat-embed-websocket-10.1.16.jar:10.1.16]
	at org.apache.catalina.core.ApplicationFilterChain.internalDoFilter(ApplicationFilterChain.java:174) ~[tomcat-embed-core-10.1.16.jar:10.1.16]
	at org.apache.catalina.core.ApplicationFilterChain.doFilter(ApplicationFilterChain.java:149) ~[tomcat-embed-core-10.1.16.jar:10.1.16]
	at org.springframework.web.filter.OncePerRequestFilter.doFilter(OncePerRequestFilter.java:110) ~[spring-web-6.1.1.jar:6.1.1]
	at org.apache.catalina.core.ApplicationFilterChain.internalDoFilter(ApplicationFilterChain.java:174) ~[tomcat-embed-core-10.1.16.jar:10.1.16]
	at org.apache.catalina.core.ApplicationFilterChain.doFilter(ApplicationFilterChain.java:149) ~[tomcat-embed-core-10.1.16.jar:10.1.16]
	at org.springframework.security.web.FilterChainProxy.lambda$doFilterInternal$3(FilterChainProxy.java:231) ~[spring-security-web-6.2.0.jar:6.2.0]
	at org.springframework.security.web.ObservationFilterChainDecorator$FilterObservation$SimpleFilterObservation.lambda$wrap$1(ObservationFilterChainDecorator.java:479) ~[spring-security-web-6.2.0.jar:6.2.0]
	at org.springframework.security.web.ObservationFilterChainDecorator$AroundFilterObservation$SimpleAroundFilterObservation.lambda$wrap$1(ObservationFilterChainDecorator.java:340) ~[spring-security-web-6.2.0.jar:6.2.0]
	at org.springframework.security.web.ObservationFilterChainDecorator.lambda$wrapSecured$0(ObservationFilterChainDecorator.java:82) ~[spring-security-web-6.2.0.jar:6.2.0]
	at org.springframework.security.web.ObservationFilterChainDecorator$VirtualFilterChain.doFilter(ObservationFilterChainDecorator.java:128) ~[spring-security-web-6.2.0.jar:6.2.0]
	at org.springframework.security.web.access.intercept.AuthorizationFilter.doFilter(AuthorizationFilter.java:100) ~[spring-security-web-6.2.0.jar:6.2.0]
	at org.springframework.security.web.ObservationFilterChainDecorator$ObservationFilter.wrapFilter(ObservationFilterChainDecorator.java:240) ~[spring-security-web-6.2.0.jar:6.2.0]
	at org.springframework.security.web.ObservationFilterChainDecorator$ObservationFilter.doFilter(ObservationFilterChainDecorator.java:227) ~[spring-security-web-6.2.0.jar:6.2.0]
	at org.springframework.security.web.ObservationFilterChainDecorator$VirtualFilterChain.doFilter(ObservationFilterChainDecorator.java:137) ~[spring-security-web-6.2.0.jar:6.2.0]
	at org.springframework.security.web.access.ExceptionTranslationFilter.doFilter(ExceptionTranslationFilter.java:126) ~[spring-security-web-6.2.0.jar:6.2.0]
	at org.springframework.security.web.access.ExceptionTranslationFilter.doFilter(ExceptionTranslationFilter.java:120) ~[spring-security-web-6.2.0.jar:6.2.0]
	at org.springframework.security.web.ObservationFilterChainDecorator$ObservationFilter.wrapFilter(ObservationFilterChainDecorator.java:240) ~[spring-security-web-6.2.0.jar:6.2.0]
	at org.springframework.security.web.ObservationFilterChainDecorator$ObservationFilter.doFilter(ObservationFilterChainDecorator.java:227) ~[spring-security-web-6.2.0.jar:6.2.0]
	at org.springframework.security.web.ObservationFilterChainDecorator$VirtualFilterChain.doFilter(ObservationFilterChainDecorator.java:137) ~[spring-security-web-6.2.0.jar:6.2.0]
	at org.springframework.security.web.session.SessionManagementFilter.doFilter(SessionManagementFilter.java:131) ~[spring-security-web-6.2.0.jar:6.2.0]
	at org.springframework.security.web.session.SessionManagementFilter.doFilter(SessionManagementFilter.java:85) ~[spring-security-web-6.2.0.jar:6.2.0]
	at org.springframework.security.web.ObservationFilterChainDecorator$ObservationFilter.wrapFilter(ObservationFilterChainDecorator.java:240) ~[spring-security-web-6.2.0.jar:6.2.0]
	at org.springframework.security.web.ObservationFilterChainDecorator$ObservationFilter.doFilter(ObservationFilterChainDecorator.java:227) ~[spring-security-web-6.2.0.jar:6.2.0]
	at org.springframework.security.web.ObservationFilterChainDecorator$VirtualFilterChain.doFilter(ObservationFilterChainDecorator.java:137) ~[spring-security-web-6.2.0.jar:6.2.0]
	at org.springframework.security.web.authentication.AnonymousAuthenticationFilter.doFilter(AnonymousAuthenticationFilter.java:100) ~[spring-security-web-6.2.0.jar:6.2.0]
	at org.springframework.security.web.ObservationFilterChainDecorator$ObservationFilter.wrapFilter(ObservationFilterChainDecorator.java:240) ~[spring-security-web-6.2.0.jar:6.2.0]
	at org.springframework.security.web.ObservationFilterChainDecorator$ObservationFilter.doFilter(ObservationFilterChainDecorator.java:227) ~[spring-security-web-6.2.0.jar:6.2.0]
	at org.springframework.security.web.ObservationFilterChainDecorator$VirtualFilterChain.doFilter(ObservationFilterChainDecorator.java:137) ~[spring-security-web-6.2.0.jar:6.2.0]
	at org.springframework.security.web.servletapi.SecurityContextHolderAwareRequestFilter.doFilter(SecurityContextHolderAwareRequestFilter.java:179) ~[spring-security-web-6.2.0.jar:6.2.0]
	at org.springframework.security.web.ObservationFilterChainDecorator$ObservationFilter.wrapFilter(ObservationFilterChainDecorator.java:240) ~[spring-security-web-6.2.0.jar:6.2.0]
	at org.springframework.security.web.ObservationFilterChainDecorator$ObservationFilter.doFilter(ObservationFilterChainDecorator.java:227) ~[spring-security-web-6.2.0.jar:6.2.0]
	at org.springframework.security.web.ObservationFilterChainDecorator$VirtualFilterChain.doFilter(ObservationFilterChainDecorator.java:137) ~[spring-security-web-6.2.0.jar:6.2.0]
	at org.springframework.security.web.savedrequest.RequestCacheAwareFilter.doFilter(RequestCacheAwareFilter.java:63) ~[spring-security-web-6.2.0.jar:6.2.0]
	at org.springframework.security.web.ObservationFilterChainDecorator$ObservationFilter.wrapFilter(ObservationFilterChainDecorator.java:240) ~[spring-security-web-6.2.0.jar:6.2.0]
	at org.springframework.security.web.ObservationFilterChainDecorator$ObservationFilter.doFilter(ObservationFilterChainDecorator.java:227) ~[spring-security-web-6.2.0.jar:6.2.0]
	at org.springframework.security.web.ObservationFilterChainDecorator$VirtualFilterChain.doFilter(ObservationFilterChainDecorator.java:137) ~[spring-security-web-6.2.0.jar:6.2.0]
	at org.springframework.security.web.authentication.ui.DefaultLogoutPageGeneratingFilter.doFilterInternal(DefaultLogoutPageGeneratingFilter.java:58) ~[spring-security-web-6.2.0.jar:6.2.0]
	at org.springframework.web.filter.OncePerRequestFilter.doFilter(OncePerRequestFilter.java:116) ~[spring-web-6.1.1.jar:6.1.1]
	at org.springframework.security.web.ObservationFilterChainDecorator$ObservationFilter.wrapFilter(ObservationFilterChainDecorator.java:240) ~[spring-security-web-6.2.0.jar:6.2.0]
	at org.springframework.security.web.ObservationFilterChainDecorator$ObservationFilter.doFilter(ObservationFilterChainDecorator.java:227) ~[spring-security-web-6.2.0.jar:6.2.0]
	at org.springframework.security.web.ObservationFilterChainDecorator$VirtualFilterChain.doFilter(ObservationFilterChainDecorator.java:137) ~[spring-security-web-6.2.0.jar:6.2.0]
	at org.springframework.security.web.authentication.ui.DefaultLoginPageGeneratingFilter.doFilter(DefaultLoginPageGeneratingFilter.java:189) ~[spring-security-web-6.2.0.jar:6.2.0]
	at org.springframework.security.web.authentication.ui.DefaultLoginPageGeneratingFilter.doFilter(DefaultLoginPageGeneratingFilter.java:175) ~[spring-security-web-6.2.0.jar:6.2.0]
	at org.springframework.security.web.ObservationFilterChainDecorator$ObservationFilter.wrapFilter(ObservationFilterChainDecorator.java:240) ~[spring-security-web-6.2.0.jar:6.2.0]
	at org.springframework.security.web.ObservationFilterChainDecorator$ObservationFilter.doFilter(ObservationFilterChainDecorator.java:227) ~[spring-security-web-6.2.0.jar:6.2.0]
	at org.springframework.security.web.ObservationFilterChainDecorator$VirtualFilterChain.doFilter(ObservationFilterChainDecorator.java:137) ~[spring-security-web-6.2.0.jar:6.2.0]
	at com.parkease.auth.security.JwtAuthFilter.doFilterInternal(JwtAuthFilter.java:75) ~[classes/:na]
	at org.springframework.web.filter.OncePerRequestFilter.doFilter(OncePerRequestFilter.java:116) ~[spring-web-6.1.1.jar:6.1.1]
	at org.springframework.security.web.ObservationFilterChainDecorator$ObservationFilter.wrapFilter(ObservationFilterChainDecorator.java:240) ~[spring-security-web-6.2.0.jar:6.2.0]
	at org.springframework.security.web.ObservationFilterChainDecorator$ObservationFilter.doFilter(ObservationFilterChainDecorator.java:227) ~[spring-security-web-6.2.0.jar:6.2.0]
	at org.springframework.security.web.ObservationFilterChainDecorator$VirtualFilterChain.doFilter(ObservationFilterChainDecorator.java:137) ~[spring-security-web-6.2.0.jar:6.2.0]
	at org.springframework.security.web.authentication.AbstractAuthenticationProcessingFilter.doFilter(AbstractAuthenticationProcessingFilter.java:227) ~[spring-security-web-6.2.0.jar:6.2.0]
	at org.springframework.security.web.authentication.AbstractAuthenticationProcessingFilter.doFilter(AbstractAuthenticationProcessingFilter.java:221) ~[spring-security-web-6.2.0.jar:6.2.0]
	at org.springframework.security.web.ObservationFilterChainDecorator$ObservationFilter.wrapFilter(ObservationFilterChainDecorator.java:240) ~[spring-security-web-6.2.0.jar:6.2.0]
	at org.springframework.security.web.ObservationFilterChainDecorator$ObservationFilter.doFilter(ObservationFilterChainDecorator.java:227) ~[spring-security-web-6.2.0.jar:6.2.0]
	at org.springframework.security.web.ObservationFilterChainDecorator$VirtualFilterChain.doFilter(ObservationFilterChainDecorator.java:137) ~[spring-security-web-6.2.0.jar:6.2.0]
	at org.springframework.security.oauth2.client.web.OAuth2AuthorizationRequestRedirectFilter.doFilterInternal(OAuth2AuthorizationRequestRedirectFilter.java:181) ~[spring-security-oauth2-client-6.2.0.jar:6.2.0]
	at org.springframework.web.filter.OncePerRequestFilter.doFilter(OncePerRequestFilter.java:116) ~[spring-web-6.1.1.jar:6.1.1]
	at org.springframework.security.web.ObservationFilterChainDecorator$ObservationFilter.wrapFilter(ObservationFilterChainDecorator.java:240) ~[spring-security-web-6.2.0.jar:6.2.0]
	at org.springframework.security.web.ObservationFilterChainDecorator$ObservationFilter.doFilter(ObservationFilterChainDecorator.java:227) ~[spring-security-web-6.2.0.jar:6.2.0]
	at org.springframework.security.web.ObservationFilterChainDecorator$VirtualFilterChain.doFilter(ObservationFilterChainDecorator.java:137) ~[spring-security-web-6.2.0.jar:6.2.0]
	at org.springframework.security.web.authentication.logout.LogoutFilter.doFilter(LogoutFilter.java:107) ~[spring-security-web-6.2.0.jar:6.2.0]
	at org.springframework.security.web.authentication.logout.LogoutFilter.doFilter(LogoutFilter.java:93) ~[spring-security-web-6.2.0.jar:6.2.0]
	at org.springframework.security.web.ObservationFilterChainDecorator$ObservationFilter.wrapFilter(ObservationFilterChainDecorator.java:240) ~[spring-security-web-6.2.0.jar:6.2.0]
	at org.springframework.security.web.ObservationFilterChainDecorator$ObservationFilter.doFilter(ObservationFilterChainDecorator.java:227) ~[spring-security-web-6.2.0.jar:6.2.0]
	at org.springframework.security.web.ObservationFilterChainDecorator$VirtualFilterChain.doFilter(ObservationFilterChainDecorator.java:137) ~[spring-security-web-6.2.0.jar:6.2.0]
	at org.springframework.security.web.header.HeaderWriterFilter.doHeadersAfter(HeaderWriterFilter.java:90) ~[spring-security-web-6.2.0.jar:6.2.0]
	at org.springframework.security.web.header.HeaderWriterFilter.doFilterInternal(HeaderWriterFilter.java:75) ~[spring-security-web-6.2.0.jar:6.2.0]
	at org.springframework.web.filter.OncePerRequestFilter.doFilter(OncePerRequestFilter.java:116) ~[spring-web-6.1.1.jar:6.1.1]
	at org.springframework.security.web.ObservationFilterChainDecorator$ObservationFilter.wrapFilter(ObservationFilterChainDecorator.java:240) ~[spring-security-web-6.2.0.jar:6.2.0]
	at org.springframework.security.web.ObservationFilterChainDecorator$ObservationFilter.doFilter(ObservationFilterChainDecorator.java:227) ~[spring-security-web-6.2.0.jar:6.2.0]
	at org.springframework.security.web.ObservationFilterChainDecorator$VirtualFilterChain.doFilter(ObservationFilterChainDecorator.java:137) ~[spring-security-web-6.2.0.jar:6.2.0]
	at org.springframework.security.web.context.SecurityContextHolderFilter.doFilter(SecurityContextHolderFilter.java:82) ~[spring-security-web-6.2.0.jar:6.2.0]
	at org.springframework.security.web.context.SecurityContextHolderFilter.doFilter(SecurityContextHolderFilter.java:69) ~[spring-security-web-6.2.0.jar:6.2.0]
	at org.springframework.security.web.ObservationFilterChainDecorator$ObservationFilter.wrapFilter(ObservationFilterChainDecorator.java:240) ~[spring-security-web-6.2.0.jar:6.2.0]
	at org.springframework.security.web.ObservationFilterChainDecorator$ObservationFilter.doFilter(ObservationFilterChainDecorator.java:227) ~[spring-security-web-6.2.0.jar:6.2.0]
	at org.springframework.security.web.ObservationFilterChainDecorator$VirtualFilterChain.doFilter(ObservationFilterChainDecorator.java:137) ~[spring-security-web-6.2.0.jar:6.2.0]
	at org.springframework.security.web.context.request.async.WebAsyncManagerIntegrationFilter.doFilterInternal(WebAsyncManagerIntegrationFilter.java:62) ~[spring-security-web-6.2.0.jar:6.2.0]
	at org.springframework.web.filter.OncePerRequestFilter.doFilter(OncePerRequestFilter.java:116) ~[spring-web-6.1.1.jar:6.1.1]
	at org.springframework.security.web.ObservationFilterChainDecorator$ObservationFilter.wrapFilter(ObservationFilterChainDecorator.java:240) ~[spring-security-web-6.2.0.jar:6.2.0]
	at org.springframework.security.web.ObservationFilterChainDecorator$ObservationFilter.doFilter(ObservationFilterChainDecorator.java:227) ~[spring-security-web-6.2.0.jar:6.2.0]
	at org.springframework.security.web.ObservationFilterChainDecorator$VirtualFilterChain.doFilter(ObservationFilterChainDecorator.java:137) ~[spring-security-web-6.2.0.jar:6.2.0]
	at org.springframework.security.web.session.DisableEncodeUrlFilter.doFilterInternal(DisableEncodeUrlFilter.java:42) ~[spring-security-web-6.2.0.jar:6.2.0]
	at org.springframework.web.filter.OncePerRequestFilter.doFilter(OncePerRequestFilter.java:116) ~[spring-web-6.1.1.jar:6.1.1]
	at org.springframework.security.web.ObservationFilterChainDecorator$ObservationFilter.wrapFilter(ObservationFilterChainDecorator.java:240) ~[spring-security-web-6.2.0.jar:6.2.0]
	at org.springframework.security.web.ObservationFilterChainDecorator$AroundFilterObservation$SimpleAroundFilterObservation.lambda$wrap$0(ObservationFilterChainDecorator.java:323) ~[spring-security-web-6.2.0.jar:6.2.0]
	at org.springframework.security.web.ObservationFilterChainDecorator$ObservationFilter.doFilter(ObservationFilterChainDecorator.java:224) ~[spring-security-web-6.2.0.jar:6.2.0]
	at org.springframework.security.web.ObservationFilterChainDecorator$VirtualFilterChain.doFilter(ObservationFilterChainDecorator.java:137) ~[spring-security-web-6.2.0.jar:6.2.0]
	at org.springframework.security.web.FilterChainProxy.doFilterInternal(FilterChainProxy.java:233) ~[spring-security-web-6.2.0.jar:6.2.0]
	at org.springframework.security.web.FilterChainProxy.doFilter(FilterChainProxy.java:191) ~[spring-security-web-6.2.0.jar:6.2.0]
	at org.springframework.web.filter.DelegatingFilterProxy.invokeDelegate(DelegatingFilterProxy.java:352) ~[spring-web-6.1.1.jar:6.1.1]
	at org.springframework.web.filter.DelegatingFilterProxy.doFilter(DelegatingFilterProxy.java:268) ~[spring-web-6.1.1.jar:6.1.1]
	at org.apache.catalina.core.ApplicationFilterChain.internalDoFilter(ApplicationFilterChain.java:174) ~[tomcat-embed-core-10.1.16.jar:10.1.16]
	at org.apache.catalina.core.ApplicationFilterChain.doFilter(ApplicationFilterChain.java:149) ~[tomcat-embed-core-10.1.16.jar:10.1.16]
	at org.springframework.web.filter.RequestContextFilter.doFilterInternal(RequestContextFilter.java:100) ~[spring-web-6.1.1.jar:6.1.1]
	at org.springframework.web.filter.OncePerRequestFilter.doFilter(OncePerRequestFilter.java:116) ~[spring-web-6.1.1.jar:6.1.1]
	at org.apache.catalina.core.ApplicationFilterChain.internalDoFilter(ApplicationFilterChain.java:174) ~[tomcat-embed-core-10.1.16.jar:10.1.16]
	at org.apache.catalina.core.ApplicationFilterChain.doFilter(ApplicationFilterChain.java:149) ~[tomcat-embed-core-10.1.16.jar:10.1.16]
	at org.springframework.web.filter.FormContentFilter.doFilterInternal(FormContentFilter.java:93) ~[spring-web-6.1.1.jar:6.1.1]
	at org.springframework.web.filter.OncePerRequestFilter.doFilter(OncePerRequestFilter.java:116) ~[spring-web-6.1.1.jar:6.1.1]
	at org.apache.catalina.core.ApplicationFilterChain.internalDoFilter(ApplicationFilterChain.java:174) ~[tomcat-embed-core-10.1.16.jar:10.1.16]
	at org.apache.catalina.core.ApplicationFilterChain.doFilter(ApplicationFilterChain.java:149) ~[tomcat-embed-core-10.1.16.jar:10.1.16]
	at org.springframework.web.filter.ServerHttpObservationFilter.doFilterInternal(ServerHttpObservationFilter.java:109) ~[spring-web-6.1.1.jar:6.1.1]
	at org.springframework.web.filter.OncePerRequestFilter.doFilter(OncePerRequestFilter.java:116) ~[spring-web-6.1.1.jar:6.1.1]
	at org.apache.catalina.core.ApplicationFilterChain.internalDoFilter(ApplicationFilterChain.java:174) ~[tomcat-embed-core-10.1.16.jar:10.1.16]
	at org.apache.catalina.core.ApplicationFilterChain.doFilter(ApplicationFilterChain.java:149) ~[tomcat-embed-core-10.1.16.jar:10.1.16]
	at org.springframework.web.filter.CharacterEncodingFilter.doFilterInternal(CharacterEncodingFilter.java:201) ~[spring-web-6.1.1.jar:6.1.1]
	at org.springframework.web.filter.OncePerRequestFilter.doFilter(OncePerRequestFilter.java:116) ~[spring-web-6.1.1.jar:6.1.1]
	at org.apache.catalina.core.ApplicationFilterChain.internalDoFilter(ApplicationFilterChain.java:174) ~[tomcat-embed-core-10.1.16.jar:10.1.16]
	at org.apache.catalina.core.ApplicationFilterChain.doFilter(ApplicationFilterChain.java:149) ~[tomcat-embed-core-10.1.16.jar:10.1.16]
	at org.springframework.web.filter.OncePerRequestFilter.doFilter(OncePerRequestFilter.java:101) ~[spring-web-6.1.1.jar:6.1.1]
	at org.apache.catalina.core.ApplicationFilterChain.internalDoFilter(ApplicationFilterChain.java:174) ~[tomcat-embed-core-10.1.16.jar:10.1.16]
	at org.apache.catalina.core.ApplicationFilterChain.doFilter(ApplicationFilterChain.java:149) ~[tomcat-embed-core-10.1.16.jar:10.1.16]
	at org.apache.catalina.core.StandardWrapperValve.invoke(StandardWrapperValve.java:167) ~[tomcat-embed-core-10.1.16.jar:10.1.16]
	at org.apache.catalina.core.StandardContextValve.invoke(StandardContextValve.java:90) ~[tomcat-embed-core-10.1.16.jar:10.1.16]
	at org.apache.catalina.authenticator.AuthenticatorBase.invoke(AuthenticatorBase.java:482) ~[tomcat-embed-core-10.1.16.jar:10.1.16]
	at org.apache.catalina.core.StandardHostValve.invoke(StandardHostValve.java:115) ~[tomcat-embed-core-10.1.16.jar:10.1.16]
	at org.apache.catalina.valves.ErrorReportValve.invoke(ErrorReportValve.java:93) ~[tomcat-embed-core-10.1.16.jar:10.1.16]
	at org.apache.catalina.core.StandardEngineValve.invoke(StandardEngineValve.java:74) ~[tomcat-embed-core-10.1.16.jar:10.1.16]
	at org.apache.catalina.connector.CoyoteAdapter.service(CoyoteAdapter.java:340) ~[tomcat-embed-core-10.1.16.jar:10.1.16]
	at org.apache.coyote.http11.Http11Processor.service(Http11Processor.java:391) ~[tomcat-embed-core-10.1.16.jar:10.1.16]
	at org.apache.coyote.AbstractProcessorLight.process(AbstractProcessorLight.java:63) ~[tomcat-embed-core-10.1.16.jar:10.1.16]
	at org.apache.coyote.AbstractProtocol$ConnectionHandler.process(AbstractProtocol.java:896) ~[tomcat-embed-core-10.1.16.jar:10.1.16]
	at org.apache.tomcat.util.net.NioEndpoint$SocketProcessor.doRun(NioEndpoint.java:1744) ~[tomcat-embed-core-10.1.16.jar:10.1.16]
	at org.apache.tomcat.util.net.SocketProcessorBase.run(SocketProcessorBase.java:52) ~[tomcat-embed-core-10.1.16.jar:10.1.16]
	at org.apache.tomcat.util.threads.ThreadPoolExecutor.runWorker(ThreadPoolExecutor.java:1191) ~[tomcat-embed-core-10.1.16.jar:10.1.16]
	at org.apache.tomcat.util.threads.ThreadPoolExecutor$Worker.run(ThreadPoolExecutor.java:659) ~[tomcat-embed-core-10.1.16.jar:10.1.16]
	at org.apache.tomcat.util.threads.TaskThread$WrappingRunnable.run(TaskThread.java:61) ~[tomcat-embed-core-10.1.16.jar:10.1.16]
	at java.base/java.lang.Thread.run(Thread.java:833) ~[na:na]
Caused by: java.net.UnknownHostException: smtp.gmail.com
	at java.base/sun.nio.ch.NioSocketImpl.connect(NioSocketImpl.java:564) ~[na:na]
	at java.base/java.net.SocksSocketImpl.connect(SocksSocketImpl.java:327) ~[na:na]
	at java.base/java.net.Socket.connect(Socket.java:633) ~[na:na]
	at java.base/java.net.Socket.connect(Socket.java:583) ~[na:na]
	at org.eclipse.angus.mail.util.SocketFetcher.createSocket(SocketFetcher.java:360) ~[jakarta.mail-2.0.2.jar:na]
	at org.eclipse.angus.mail.util.SocketFetcher.getSocket(SocketFetcher.java:235) ~[jakarta.mail-2.0.2.jar:na]
	at org.eclipse.angus.mail.smtp.SMTPTransport.openServer(SMTPTransport.java:2193) ~[jakarta.mail-2.0.2.jar:na]
	... 171 common frames omitted

2026-05-15T11:19:58.378+05:30  WARN 14864 --- [auth-service] [http-nio-8081-exec-9] o.s.b.actuate.mail.MailHealthIndicator   : Mail health check failed

org.eclipse.angus.mail.util.MailConnectException: Couldn't connect to host, port: smtp.gmail.com, 587; timeout -1
	at org.eclipse.angus.mail.smtp.SMTPTransport.openServer(SMTPTransport.java:2243) ~[jakarta.mail-2.0.2.jar:na]
	at org.eclipse.angus.mail.smtp.SMTPTransport.protocolConnect(SMTPTransport.java:729) ~[jakarta.mail-2.0.2.jar:na]
	at jakarta.mail.Service.connect(Service.java:345) ~[jakarta.mail-2.0.2.jar:na]
	at org.springframework.mail.javamail.JavaMailSenderImpl.connectTransport(JavaMailSenderImpl.java:480) ~[spring-context-support-6.1.1.jar:6.1.1]
	at org.springframework.mail.javamail.JavaMailSenderImpl.testConnection(JavaMailSenderImpl.java:360) ~[spring-context-support-6.1.1.jar:6.1.1]
	at org.springframework.boot.actuate.mail.MailHealthIndicator.doHealthCheck(MailHealthIndicator.java:52) ~[spring-boot-actuator-3.2.0.jar:3.2.0]
	at org.springframework.boot.actuate.health.AbstractHealthIndicator.health(AbstractHealthIndicator.java:82) ~[spring-boot-actuator-3.2.0.jar:3.2.0]
	at org.springframework.boot.actuate.health.HealthIndicator.getHealth(HealthIndicator.java:37) ~[spring-boot-actuator-3.2.0.jar:3.2.0]
	at org.springframework.boot.actuate.health.HealthEndpointWebExtension.getHealth(HealthEndpointWebExtension.java:94) ~[spring-boot-actuator-3.2.0.jar:3.2.0]
	at org.springframework.boot.actuate.health.HealthEndpointWebExtension.getHealth(HealthEndpointWebExtension.java:47) ~[spring-boot-actuator-3.2.0.jar:3.2.0]
	at org.springframework.boot.actuate.health.HealthEndpointSupport.getLoggedHealth(HealthEndpointSupport.java:172) ~[spring-boot-actuator-3.2.0.jar:3.2.0]
	at org.springframework.boot.actuate.health.HealthEndpointSupport.getContribution(HealthEndpointSupport.java:145) ~[spring-boot-actuator-3.2.0.jar:3.2.0]
	at org.springframework.boot.actuate.health.HealthEndpointSupport.getAggregateContribution(HealthEndpointSupport.java:156) ~[spring-boot-actuator-3.2.0.jar:3.2.0]
	at org.springframework.boot.actuate.health.HealthEndpointSupport.getContribution(HealthEndpointSupport.java:141) ~[spring-boot-actuator-3.2.0.jar:3.2.0]
	at org.springframework.boot.actuate.health.HealthEndpointSupport.getHealth(HealthEndpointSupport.java:110) ~[spring-boot-actuator-3.2.0.jar:3.2.0]
	at org.springframework.boot.actuate.health.HealthEndpointSupport.getHealth(HealthEndpointSupport.java:81) ~[spring-boot-actuator-3.2.0.jar:3.2.0]
	at org.springframework.boot.actuate.health.HealthEndpointWebExtension.health(HealthEndpointWebExtension.java:80) ~[spring-boot-actuator-3.2.0.jar:3.2.0]
	at org.springframework.boot.actuate.health.HealthEndpointWebExtension.health(HealthEndpointWebExtension.java:69) ~[spring-boot-actuator-3.2.0.jar:3.2.0]
	at java.base/jdk.internal.reflect.DirectMethodHandleAccessor.invoke(DirectMethodHandleAccessor.java:104) ~[na:na]
	at java.base/java.lang.reflect.Method.invoke(Method.java:577) ~[na:na]
	at org.springframework.util.ReflectionUtils.invokeMethod(ReflectionUtils.java:281) ~[spring-core-6.1.1.jar:6.1.1]
	at org.springframework.boot.actuate.endpoint.invoke.reflect.ReflectiveOperationInvoker.invoke(ReflectiveOperationInvoker.java:74) ~[spring-boot-actuator-3.2.0.jar:3.2.0]
	at org.springframework.boot.actuate.endpoint.annotation.AbstractDiscoveredOperation.invoke(AbstractDiscoveredOperation.java:60) ~[spring-boot-actuator-3.2.0.jar:3.2.0]
	at org.springframework.boot.actuate.endpoint.web.servlet.AbstractWebMvcEndpointHandlerMapping$ServletWebOperationAdapter.handle(AbstractWebMvcEndpointHandlerMapping.java:321) ~[spring-boot-actuator-3.2.0.jar:3.2.0]
	at org.springframework.boot.actuate.endpoint.web.servlet.AbstractWebMvcEndpointHandlerMapping$OperationHandler.handle(AbstractWebMvcEndpointHandlerMapping.java:428) ~[spring-boot-actuator-3.2.0.jar:3.2.0]
	at java.base/jdk.internal.reflect.DirectMethodHandleAccessor.invoke(DirectMethodHandleAccessor.java:104) ~[na:na]
	at java.base/java.lang.reflect.Method.invoke(Method.java:577) ~[na:na]
	at org.springframework.web.method.support.InvocableHandlerMethod.doInvoke(InvocableHandlerMethod.java:254) ~[spring-web-6.1.1.jar:6.1.1]
	at org.springframework.web.method.support.InvocableHandlerMethod.invokeForRequest(InvocableHandlerMethod.java:182) ~[spring-web-6.1.1.jar:6.1.1]
	at org.springframework.web.servlet.mvc.method.annotation.ServletInvocableHandlerMethod.invokeAndHandle(ServletInvocableHandlerMethod.java:118) ~[spring-webmvc-6.1.1.jar:6.1.1]
	at org.springframework.web.servlet.mvc.method.annotation.RequestMappingHandlerAdapter.invokeHandlerMethod(RequestMappingHandlerAdapter.java:917) ~[spring-webmvc-6.1.1.jar:6.1.1]
	at org.springframework.web.servlet.mvc.method.annotation.RequestMappingHandlerAdapter.handleInternal(RequestMappingHandlerAdapter.java:829) ~[spring-webmvc-6.1.1.jar:6.1.1]
	at org.springframework.web.servlet.mvc.method.AbstractHandlerMethodAdapter.handle(AbstractHandlerMethodAdapter.java:87) ~[spring-webmvc-6.1.1.jar:6.1.1]
	at org.springframework.web.servlet.DispatcherServlet.doDispatch(DispatcherServlet.java:1089) ~[spring-webmvc-6.1.1.jar:6.1.1]
	at org.springframework.web.servlet.DispatcherServlet.doService(DispatcherServlet.java:979) ~[spring-webmvc-6.1.1.jar:6.1.1]
	at org.springframework.web.servlet.FrameworkServlet.processRequest(FrameworkServlet.java:1014) ~[spring-webmvc-6.1.1.jar:6.1.1]
	at org.springframework.web.servlet.FrameworkServlet.doGet(FrameworkServlet.java:903) ~[spring-webmvc-6.1.1.jar:6.1.1]
	at jakarta.servlet.http.HttpServlet.service(HttpServlet.java:564) ~[tomcat-embed-core-10.1.16.jar:6.0]
	at org.springframework.web.servlet.FrameworkServlet.service(FrameworkServlet.java:885) ~[spring-webmvc-6.1.1.jar:6.1.1]
	at jakarta.servlet.http.HttpServlet.service(HttpServlet.java:658) ~[tomcat-embed-core-10.1.16.jar:6.0]
	at org.apache.catalina.core.ApplicationFilterChain.internalDoFilter(ApplicationFilterChain.java:205) ~[tomcat-embed-core-10.1.16.jar:10.1.16]
	at org.apache.catalina.core.ApplicationFilterChain.doFilter(ApplicationFilterChain.java:149) ~[tomcat-embed-core-10.1.16.jar:10.1.16]
	at org.apache.tomcat.websocket.server.WsFilter.doFilter(WsFilter.java:51) ~[tomcat-embed-websocket-10.1.16.jar:10.1.16]
	at org.apache.catalina.core.ApplicationFilterChain.internalDoFilter(ApplicationFilterChain.java:174) ~[tomcat-embed-core-10.1.16.jar:10.1.16]
	at org.apache.catalina.core.ApplicationFilterChain.doFilter(ApplicationFilterChain.java:149) ~[tomcat-embed-core-10.1.16.jar:10.1.16]
	at org.springframework.web.filter.OncePerRequestFilter.doFilter(OncePerRequestFilter.java:110) ~[spring-web-6.1.1.jar:6.1.1]
	at org.apache.catalina.core.ApplicationFilterChain.internalDoFilter(ApplicationFilterChain.java:174) ~[tomcat-embed-core-10.1.16.jar:10.1.16]
	at org.apache.catalina.core.ApplicationFilterChain.doFilter(ApplicationFilterChain.java:149) ~[tomcat-embed-core-10.1.16.jar:10.1.16]
	at org.springframework.security.web.FilterChainProxy.lambda$doFilterInternal$3(FilterChainProxy.java:231) ~[spring-security-web-6.2.0.jar:6.2.0]
	at org.springframework.security.web.ObservationFilterChainDecorator$FilterObservation$SimpleFilterObservation.lambda$wrap$1(ObservationFilterChainDecorator.java:479) ~[spring-security-web-6.2.0.jar:6.2.0]
	at org.springframework.security.web.ObservationFilterChainDecorator$AroundFilterObservation$SimpleAroundFilterObservation.lambda$wrap$1(ObservationFilterChainDecorator.java:340) ~[spring-security-web-6.2.0.jar:6.2.0]
	at org.springframework.security.web.ObservationFilterChainDecorator.lambda$wrapSecured$0(ObservationFilterChainDecorator.java:82) ~[spring-security-web-6.2.0.jar:6.2.0]
	at org.springframework.security.web.ObservationFilterChainDecorator$VirtualFilterChain.doFilter(ObservationFilterChainDecorator.java:128) ~[spring-security-web-6.2.0.jar:6.2.0]
	at org.springframework.security.web.access.intercept.AuthorizationFilter.doFilter(AuthorizationFilter.java:100) ~[spring-security-web-6.2.0.jar:6.2.0]
	at org.springframework.security.web.ObservationFilterChainDecorator$ObservationFilter.wrapFilter(ObservationFilterChainDecorator.java:240) ~[spring-security-web-6.2.0.jar:6.2.0]
	at org.springframework.security.web.ObservationFilterChainDecorator$ObservationFilter.doFilter(ObservationFilterChainDecorator.java:227) ~[spring-security-web-6.2.0.jar:6.2.0]
	at org.springframework.security.web.ObservationFilterChainDecorator$VirtualFilterChain.doFilter(ObservationFilterChainDecorator.java:137) ~[spring-security-web-6.2.0.jar:6.2.0]
	at org.springframework.security.web.access.ExceptionTranslationFilter.doFilter(ExceptionTranslationFilter.java:126) ~[spring-security-web-6.2.0.jar:6.2.0]
	at org.springframework.security.web.access.ExceptionTranslationFilter.doFilter(ExceptionTranslationFilter.java:120) ~[spring-security-web-6.2.0.jar:6.2.0]
	at org.springframework.security.web.ObservationFilterChainDecorator$ObservationFilter.wrapFilter(ObservationFilterChainDecorator.java:240) ~[spring-security-web-6.2.0.jar:6.2.0]
	at org.springframework.security.web.ObservationFilterChainDecorator$ObservationFilter.doFilter(ObservationFilterChainDecorator.java:227) ~[spring-security-web-6.2.0.jar:6.2.0]
	at org.springframework.security.web.ObservationFilterChainDecorator$VirtualFilterChain.doFilter(ObservationFilterChainDecorator.java:137) ~[spring-security-web-6.2.0.jar:6.2.0]
	at org.springframework.security.web.session.SessionManagementFilter.doFilter(SessionManagementFilter.java:131) ~[spring-security-web-6.2.0.jar:6.2.0]
	at org.springframework.security.web.session.SessionManagementFilter.doFilter(SessionManagementFilter.java:85) ~[spring-security-web-6.2.0.jar:6.2.0]
	at org.springframework.security.web.ObservationFilterChainDecorator$ObservationFilter.wrapFilter(ObservationFilterChainDecorator.java:240) ~[spring-security-web-6.2.0.jar:6.2.0]
	at org.springframework.security.web.ObservationFilterChainDecorator$ObservationFilter.doFilter(ObservationFilterChainDecorator.java:227) ~[spring-security-web-6.2.0.jar:6.2.0]
	at org.springframework.security.web.ObservationFilterChainDecorator$VirtualFilterChain.doFilter(ObservationFilterChainDecorator.java:137) ~[spring-security-web-6.2.0.jar:6.2.0]
	at org.springframework.security.web.authentication.AnonymousAuthenticationFilter.doFilter(AnonymousAuthenticationFilter.java:100) ~[spring-security-web-6.2.0.jar:6.2.0]
	at org.springframework.security.web.ObservationFilterChainDecorator$ObservationFilter.wrapFilter(ObservationFilterChainDecorator.java:240) ~[spring-security-web-6.2.0.jar:6.2.0]
	at org.springframework.security.web.ObservationFilterChainDecorator$ObservationFilter.doFilter(ObservationFilterChainDecorator.java:227) ~[spring-security-web-6.2.0.jar:6.2.0]
	at org.springframework.security.web.ObservationFilterChainDecorator$VirtualFilterChain.doFilter(ObservationFilterChainDecorator.java:137) ~[spring-security-web-6.2.0.jar:6.2.0]
	at org.springframework.security.web.servletapi.SecurityContextHolderAwareRequestFilter.doFilter(SecurityContextHolderAwareRequestFilter.java:179) ~[spring-security-web-6.2.0.jar:6.2.0]
	at org.springframework.security.web.ObservationFilterChainDecorator$ObservationFilter.wrapFilter(ObservationFilterChainDecorator.java:240) ~[spring-security-web-6.2.0.jar:6.2.0]
	at org.springframework.security.web.ObservationFilterChainDecorator$ObservationFilter.doFilter(ObservationFilterChainDecorator.java:227) ~[spring-security-web-6.2.0.jar:6.2.0]
	at org.springframework.security.web.ObservationFilterChainDecorator$VirtualFilterChain.doFilter(ObservationFilterChainDecorator.java:137) ~[spring-security-web-6.2.0.jar:6.2.0]
	at org.springframework.security.web.savedrequest.RequestCacheAwareFilter.doFilter(RequestCacheAwareFilter.java:63) ~[spring-security-web-6.2.0.jar:6.2.0]
	at org.springframework.security.web.ObservationFilterChainDecorator$ObservationFilter.wrapFilter(ObservationFilterChainDecorator.java:240) ~[spring-security-web-6.2.0.jar:6.2.0]
	at org.springframework.security.web.ObservationFilterChainDecorator$ObservationFilter.doFilter(ObservationFilterChainDecorator.java:227) ~[spring-security-web-6.2.0.jar:6.2.0]
	at org.springframework.security.web.ObservationFilterChainDecorator$VirtualFilterChain.doFilter(ObservationFilterChainDecorator.java:137) ~[spring-security-web-6.2.0.jar:6.2.0]
	at org.springframework.security.web.authentication.ui.DefaultLogoutPageGeneratingFilter.doFilterInternal(DefaultLogoutPageGeneratingFilter.java:58) ~[spring-security-web-6.2.0.jar:6.2.0]
	at org.springframework.web.filter.OncePerRequestFilter.doFilter(OncePerRequestFilter.java:116) ~[spring-web-6.1.1.jar:6.1.1]
	at org.springframework.security.web.ObservationFilterChainDecorator$ObservationFilter.wrapFilter(ObservationFilterChainDecorator.java:240) ~[spring-security-web-6.2.0.jar:6.2.0]
	at org.springframework.security.web.ObservationFilterChainDecorator$ObservationFilter.doFilter(ObservationFilterChainDecorator.java:227) ~[spring-security-web-6.2.0.jar:6.2.0]
	at org.springframework.security.web.ObservationFilterChainDecorator$VirtualFilterChain.doFilter(ObservationFilterChainDecorator.java:137) ~[spring-security-web-6.2.0.jar:6.2.0]
	at org.springframework.security.web.authentication.ui.DefaultLoginPageGeneratingFilter.doFilter(DefaultLoginPageGeneratingFilter.java:189) ~[spring-security-web-6.2.0.jar:6.2.0]
	at org.springframework.security.web.authentication.ui.DefaultLoginPageGeneratingFilter.doFilter(DefaultLoginPageGeneratingFilter.java:175) ~[spring-security-web-6.2.0.jar:6.2.0]
	at org.springframework.security.web.ObservationFilterChainDecorator$ObservationFilter.wrapFilter(ObservationFilterChainDecorator.java:240) ~[spring-security-web-6.2.0.jar:6.2.0]
	at org.springframework.security.web.ObservationFilterChainDecorator$ObservationFilter.doFilter(ObservationFilterChainDecorator.java:227) ~[spring-security-web-6.2.0.jar:6.2.0]
	at org.springframework.security.web.ObservationFilterChainDecorator$VirtualFilterChain.doFilter(ObservationFilterChainDecorator.java:137) ~[spring-security-web-6.2.0.jar:6.2.0]
	at com.parkease.auth.security.JwtAuthFilter.doFilterInternal(JwtAuthFilter.java:75) ~[classes/:na]
	at org.springframework.web.filter.OncePerRequestFilter.doFilter(OncePerRequestFilter.java:116) ~[spring-web-6.1.1.jar:6.1.1]
	at org.springframework.security.web.ObservationFilterChainDecorator$ObservationFilter.wrapFilter(ObservationFilterChainDecorator.java:240) ~[spring-security-web-6.2.0.jar:6.2.0]
	at org.springframework.security.web.ObservationFilterChainDecorator$ObservationFilter.doFilter(ObservationFilterChainDecorator.java:227) ~[spring-security-web-6.2.0.jar:6.2.0]
	at org.springframework.security.web.ObservationFilterChainDecorator$VirtualFilterChain.doFilter(ObservationFilterChainDecorator.java:137) ~[spring-security-web-6.2.0.jar:6.2.0]
	at org.springframework.security.web.authentication.AbstractAuthenticationProcessingFilter.doFilter(AbstractAuthenticationProcessingFilter.java:227) ~[spring-security-web-6.2.0.jar:6.2.0]
	at org.springframework.security.web.authentication.AbstractAuthenticationProcessingFilter.doFilter(AbstractAuthenticationProcessingFilter.java:221) ~[spring-security-web-6.2.0.jar:6.2.0]
	at org.springframework.security.web.ObservationFilterChainDecorator$ObservationFilter.wrapFilter(ObservationFilterChainDecorator.java:240) ~[spring-security-web-6.2.0.jar:6.2.0]
	at org.springframework.security.web.ObservationFilterChainDecorator$ObservationFilter.doFilter(ObservationFilterChainDecorator.java:227) ~[spring-security-web-6.2.0.jar:6.2.0]
	at org.springframework.security.web.ObservationFilterChainDecorator$VirtualFilterChain.doFilter(ObservationFilterChainDecorator.java:137) ~[spring-security-web-6.2.0.jar:6.2.0]
	at org.springframework.security.oauth2.client.web.OAuth2AuthorizationRequestRedirectFilter.doFilterInternal(OAuth2AuthorizationRequestRedirectFilter.java:181) ~[spring-security-oauth2-client-6.2.0.jar:6.2.0]
	at org.springframework.web.filter.OncePerRequestFilter.doFilter(OncePerRequestFilter.java:116) ~[spring-web-6.1.1.jar:6.1.1]
	at org.springframework.security.web.ObservationFilterChainDecorator$ObservationFilter.wrapFilter(ObservationFilterChainDecorator.java:240) ~[spring-security-web-6.2.0.jar:6.2.0]
	at org.springframework.security.web.ObservationFilterChainDecorator$ObservationFilter.doFilter(ObservationFilterChainDecorator.java:227) ~[spring-security-web-6.2.0.jar:6.2.0]
	at org.springframework.security.web.ObservationFilterChainDecorator$VirtualFilterChain.doFilter(ObservationFilterChainDecorator.java:137) ~[spring-security-web-6.2.0.jar:6.2.0]
	at org.springframework.security.web.authentication.logout.LogoutFilter.doFilter(LogoutFilter.java:107) ~[spring-security-web-6.2.0.jar:6.2.0]
	at org.springframework.security.web.authentication.logout.LogoutFilter.doFilter(LogoutFilter.java:93) ~[spring-security-web-6.2.0.jar:6.2.0]
	at org.springframework.security.web.ObservationFilterChainDecorator$ObservationFilter.wrapFilter(ObservationFilterChainDecorator.java:240) ~[spring-security-web-6.2.0.jar:6.2.0]
	at org.springframework.security.web.ObservationFilterChainDecorator$ObservationFilter.doFilter(ObservationFilterChainDecorator.java:227) ~[spring-security-web-6.2.0.jar:6.2.0]
	at org.springframework.security.web.ObservationFilterChainDecorator$VirtualFilterChain.doFilter(ObservationFilterChainDecorator.java:137) ~[spring-security-web-6.2.0.jar:6.2.0]
	at org.springframework.security.web.header.HeaderWriterFilter.doHeadersAfter(HeaderWriterFilter.java:90) ~[spring-security-web-6.2.0.jar:6.2.0]
	at org.springframework.security.web.header.HeaderWriterFilter.doFilterInternal(HeaderWriterFilter.java:75) ~[spring-security-web-6.2.0.jar:6.2.0]
	at org.springframework.web.filter.OncePerRequestFilter.doFilter(OncePerRequestFilter.java:116) ~[spring-web-6.1.1.jar:6.1.1]
	at org.springframework.security.web.ObservationFilterChainDecorator$ObservationFilter.wrapFilter(ObservationFilterChainDecorator.java:240) ~[spring-security-web-6.2.0.jar:6.2.0]
	at org.springframework.security.web.ObservationFilterChainDecorator$ObservationFilter.doFilter(ObservationFilterChainDecorator.java:227) ~[spring-security-web-6.2.0.jar:6.2.0]
	at org.springframework.security.web.ObservationFilterChainDecorator$VirtualFilterChain.doFilter(ObservationFilterChainDecorator.java:137) ~[spring-security-web-6.2.0.jar:6.2.0]
	at org.springframework.security.web.context.SecurityContextHolderFilter.doFilter(SecurityContextHolderFilter.java:82) ~[spring-security-web-6.2.0.jar:6.2.0]
	at org.springframework.security.web.context.SecurityContextHolderFilter.doFilter(SecurityContextHolderFilter.java:69) ~[spring-security-web-6.2.0.jar:6.2.0]
	at org.springframework.security.web.ObservationFilterChainDecorator$ObservationFilter.wrapFilter(ObservationFilterChainDecorator.java:240) ~[spring-security-web-6.2.0.jar:6.2.0]
	at org.springframework.security.web.ObservationFilterChainDecorator$ObservationFilter.doFilter(ObservationFilterChainDecorator.java:227) ~[spring-security-web-6.2.0.jar:6.2.0]
	at org.springframework.security.web.ObservationFilterChainDecorator$VirtualFilterChain.doFilter(ObservationFilterChainDecorator.java:137) ~[spring-security-web-6.2.0.jar:6.2.0]
	at org.springframework.security.web.context.request.async.WebAsyncManagerIntegrationFilter.doFilterInternal(WebAsyncManagerIntegrationFilter.java:62) ~[spring-security-web-6.2.0.jar:6.2.0]
	at org.springframework.web.filter.OncePerRequestFilter.doFilter(OncePerRequestFilter.java:116) ~[spring-web-6.1.1.jar:6.1.1]
	at org.springframework.security.web.ObservationFilterChainDecorator$ObservationFilter.wrapFilter(ObservationFilterChainDecorator.java:240) ~[spring-security-web-6.2.0.jar:6.2.0]
	at org.springframework.security.web.ObservationFilterChainDecorator$ObservationFilter.doFilter(ObservationFilterChainDecorator.java:227) ~[spring-security-web-6.2.0.jar:6.2.0]
	at org.springframework.security.web.ObservationFilterChainDecorator$VirtualFilterChain.doFilter(ObservationFilterChainDecorator.java:137) ~[spring-security-web-6.2.0.jar:6.2.0]
	at org.springframework.security.web.session.DisableEncodeUrlFilter.doFilterInternal(DisableEncodeUrlFilter.java:42) ~[spring-security-web-6.2.0.jar:6.2.0]
	at org.springframework.web.filter.OncePerRequestFilter.doFilter(OncePerRequestFilter.java:116) ~[spring-web-6.1.1.jar:6.1.1]
	at org.springframework.security.web.ObservationFilterChainDecorator$ObservationFilter.wrapFilter(ObservationFilterChainDecorator.java:240) ~[spring-security-web-6.2.0.jar:6.2.0]
	at org.springframework.security.web.ObservationFilterChainDecorator$AroundFilterObservation$SimpleAroundFilterObservation.lambda$wrap$0(ObservationFilterChainDecorator.java:323) ~[spring-security-web-6.2.0.jar:6.2.0]
	at org.springframework.security.web.ObservationFilterChainDecorator$ObservationFilter.doFilter(ObservationFilterChainDecorator.java:224) ~[spring-security-web-6.2.0.jar:6.2.0]
	at org.springframework.security.web.ObservationFilterChainDecorator$VirtualFilterChain.doFilter(ObservationFilterChainDecorator.java:137) ~[spring-security-web-6.2.0.jar:6.2.0]
	at org.springframework.security.web.FilterChainProxy.doFilterInternal(FilterChainProxy.java:233) ~[spring-security-web-6.2.0.jar:6.2.0]
	at org.springframework.security.web.FilterChainProxy.doFilter(FilterChainProxy.java:191) ~[spring-security-web-6.2.0.jar:6.2.0]
	at org.springframework.web.filter.DelegatingFilterProxy.invokeDelegate(DelegatingFilterProxy.java:352) ~[spring-web-6.1.1.jar:6.1.1]
	at org.springframework.web.filter.DelegatingFilterProxy.doFilter(DelegatingFilterProxy.java:268) ~[spring-web-6.1.1.jar:6.1.1]
	at org.apache.catalina.core.ApplicationFilterChain.internalDoFilter(ApplicationFilterChain.java:174) ~[tomcat-embed-core-10.1.16.jar:10.1.16]
	at org.apache.catalina.core.ApplicationFilterChain.doFilter(ApplicationFilterChain.java:149) ~[tomcat-embed-core-10.1.16.jar:10.1.16]
	at org.springframework.web.filter.RequestContextFilter.doFilterInternal(RequestContextFilter.java:100) ~[spring-web-6.1.1.jar:6.1.1]
	at org.springframework.web.filter.OncePerRequestFilter.doFilter(OncePerRequestFilter.java:116) ~[spring-web-6.1.1.jar:6.1.1]
	at org.apache.catalina.core.ApplicationFilterChain.internalDoFilter(ApplicationFilterChain.java:174) ~[tomcat-embed-core-10.1.16.jar:10.1.16]
	at org.apache.catalina.core.ApplicationFilterChain.doFilter(ApplicationFilterChain.java:149) ~[tomcat-embed-core-10.1.16.jar:10.1.16]
	at org.springframework.web.filter.FormContentFilter.doFilterInternal(FormContentFilter.java:93) ~[spring-web-6.1.1.jar:6.1.1]
	at org.springframework.web.filter.OncePerRequestFilter.doFilter(OncePerRequestFilter.java:116) ~[spring-web-6.1.1.jar:6.1.1]
	at org.apache.catalina.core.ApplicationFilterChain.internalDoFilter(ApplicationFilterChain.java:174) ~[tomcat-embed-core-10.1.16.jar:10.1.16]
	at org.apache.catalina.core.ApplicationFilterChain.doFilter(ApplicationFilterChain.java:149) ~[tomcat-embed-core-10.1.16.jar:10.1.16]
	at org.springframework.web.filter.ServerHttpObservationFilter.doFilterInternal(ServerHttpObservationFilter.java:109) ~[spring-web-6.1.1.jar:6.1.1]
	at org.springframework.web.filter.OncePerRequestFilter.doFilter(OncePerRequestFilter.java:116) ~[spring-web-6.1.1.jar:6.1.1]
	at org.apache.catalina.core.ApplicationFilterChain.internalDoFilter(ApplicationFilterChain.java:174) ~[tomcat-embed-core-10.1.16.jar:10.1.16]
	at org.apache.catalina.core.ApplicationFilterChain.doFilter(ApplicationFilterChain.java:149) ~[tomcat-embed-core-10.1.16.jar:10.1.16]
	at org.springframework.web.filter.CharacterEncodingFilter.doFilterInternal(CharacterEncodingFilter.java:201) ~[spring-web-6.1.1.jar:6.1.1]
	at org.springframework.web.filter.OncePerRequestFilter.doFilter(OncePerRequestFilter.java:116) ~[spring-web-6.1.1.jar:6.1.1]
	at org.apache.catalina.core.ApplicationFilterChain.internalDoFilter(ApplicationFilterChain.java:174) ~[tomcat-embed-core-10.1.16.jar:10.1.16]
	at org.apache.catalina.core.ApplicationFilterChain.doFilter(ApplicationFilterChain.java:149) ~[tomcat-embed-core-10.1.16.jar:10.1.16]
	at org.springframework.web.filter.OncePerRequestFilter.doFilter(OncePerRequestFilter.java:101) ~[spring-web-6.1.1.jar:6.1.1]
	at org.apache.catalina.core.ApplicationFilterChain.internalDoFilter(ApplicationFilterChain.java:174) ~[tomcat-embed-core-10.1.16.jar:10.1.16]
	at org.apache.catalina.core.ApplicationFilterChain.doFilter(ApplicationFilterChain.java:149) ~[tomcat-embed-core-10.1.16.jar:10.1.16]
	at org.apache.catalina.core.StandardWrapperValve.invoke(StandardWrapperValve.java:167) ~[tomcat-embed-core-10.1.16.jar:10.1.16]
	at org.apache.catalina.core.StandardContextValve.invoke(StandardContextValve.java:90) ~[tomcat-embed-core-10.1.16.jar:10.1.16]
	at org.apache.catalina.authenticator.AuthenticatorBase.invoke(AuthenticatorBase.java:482) ~[tomcat-embed-core-10.1.16.jar:10.1.16]
	at org.apache.catalina.core.StandardHostValve.invoke(StandardHostValve.java:115) ~[tomcat-embed-core-10.1.16.jar:10.1.16]
	at org.apache.catalina.valves.ErrorReportValve.invoke(ErrorReportValve.java:93) ~[tomcat-embed-core-10.1.16.jar:10.1.16]
	at org.apache.catalina.core.StandardEngineValve.invoke(StandardEngineValve.java:74) ~[tomcat-embed-core-10.1.16.jar:10.1.16]
	at org.apache.catalina.connector.CoyoteAdapter.service(CoyoteAdapter.java:340) ~[tomcat-embed-core-10.1.16.jar:10.1.16]
	at org.apache.coyote.http11.Http11Processor.service(Http11Processor.java:391) ~[tomcat-embed-core-10.1.16.jar:10.1.16]
	at org.apache.coyote.AbstractProcessorLight.process(AbstractProcessorLight.java:63) ~[tomcat-embed-core-10.1.16.jar:10.1.16]
	at org.apache.coyote.AbstractProtocol$ConnectionHandler.process(AbstractProtocol.java:896) ~[tomcat-embed-core-10.1.16.jar:10.1.16]
	at org.apache.tomcat.util.net.NioEndpoint$SocketProcessor.doRun(NioEndpoint.java:1744) ~[tomcat-embed-core-10.1.16.jar:10.1.16]
	at org.apache.tomcat.util.net.SocketProcessorBase.run(SocketProcessorBase.java:52) ~[tomcat-embed-core-10.1.16.jar:10.1.16]
	at org.apache.tomcat.util.threads.ThreadPoolExecutor.runWorker(ThreadPoolExecutor.java:1191) ~[tomcat-embed-core-10.1.16.jar:10.1.16]
	at org.apache.tomcat.util.threads.ThreadPoolExecutor$Worker.run(ThreadPoolExecutor.java:659) ~[tomcat-embed-core-10.1.16.jar:10.1.16]
	at org.apache.tomcat.util.threads.TaskThread$WrappingRunnable.run(TaskThread.java:61) ~[tomcat-embed-core-10.1.16.jar:10.1.16]
	at java.base/java.lang.Thread.run(Thread.java:833) ~[na:na]
Caused by: java.net.UnknownHostException: smtp.gmail.com
	at java.base/sun.nio.ch.NioSocketImpl.connect(NioSocketImpl.java:564) ~[na:na]
	at java.base/java.net.SocksSocketImpl.connect(SocksSocketImpl.java:327) ~[na:na]
	at java.base/java.net.Socket.connect(Socket.java:633) ~[na:na]
	at java.base/java.net.Socket.connect(Socket.java:583) ~[na:na]
	at org.eclipse.angus.mail.util.SocketFetcher.createSocket(SocketFetcher.java:360) ~[jakarta.mail-2.0.2.jar:na]
	at org.eclipse.angus.mail.util.SocketFetcher.getSocket(SocketFetcher.java:235) ~[jakarta.mail-2.0.2.jar:na]
	at org.eclipse.angus.mail.smtp.SMTPTransport.openServer(SMTPTransport.java:2193) ~[jakarta.mail-2.0.2.jar:na]
	... 171 common frames omitted

2026-05-15T11:19:58.387+05:30  WARN 14864 --- [auth-service] [http-nio-8081-exec-10] o.s.b.a.health.HealthEndpointSupport     : Health contributor org.springframework.boot.actuate.mail.MailHealthIndicator (mail) took 11993ms to respond
2026-05-15T11:19:58.387+05:30  WARN 14864 --- [auth-service] [http-nio-8081-exec-9] o.s.b.a.health.HealthEndpointSupport     : Health contributor org.springframework.boot.actuate.mail.MailHealthIndicator (mail) took 12016ms to respond
2026-05-15T11:20:06.362+05:30  WARN 14864 --- [auth-service] [http-nio-8081-exec-8] o.s.b.actuate.mail.MailHealthIndicator   : Mail health check failed

org.eclipse.angus.mail.util.MailConnectException: Couldn't connect to host, port: smtp.gmail.com, 587; timeout -1
	at org.eclipse.angus.mail.smtp.SMTPTransport.openServer(SMTPTransport.java:2243) ~[jakarta.mail-2.0.2.jar:na]
	at org.eclipse.angus.mail.smtp.SMTPTransport.protocolConnect(SMTPTransport.java:729) ~[jakarta.mail-2.0.2.jar:na]
	at jakarta.mail.Service.connect(Service.java:345) ~[jakarta.mail-2.0.2.jar:na]
	at org.springframework.mail.javamail.JavaMailSenderImpl.connectTransport(JavaMailSenderImpl.java:480) ~[spring-context-support-6.1.1.jar:6.1.1]
	at org.springframework.mail.javamail.JavaMailSenderImpl.testConnection(JavaMailSenderImpl.java:360) ~[spring-context-support-6.1.1.jar:6.1.1]
	at org.springframework.boot.actuate.mail.MailHealthIndicator.doHealthCheck(MailHealthIndicator.java:52) ~[spring-boot-actuator-3.2.0.jar:3.2.0]
	at org.springframework.boot.actuate.health.AbstractHealthIndicator.health(AbstractHealthIndicator.java:82) ~[spring-boot-actuator-3.2.0.jar:3.2.0]
	at org.springframework.boot.actuate.health.HealthIndicator.getHealth(HealthIndicator.java:37) ~[spring-boot-actuator-3.2.0.jar:3.2.0]
	at org.springframework.boot.actuate.health.HealthEndpointWebExtension.getHealth(HealthEndpointWebExtension.java:94) ~[spring-boot-actuator-3.2.0.jar:3.2.0]
	at org.springframework.boot.actuate.health.HealthEndpointWebExtension.getHealth(HealthEndpointWebExtension.java:47) ~[spring-boot-actuator-3.2.0.jar:3.2.0]
	at org.springframework.boot.actuate.health.HealthEndpointSupport.getLoggedHealth(HealthEndpointSupport.java:172) ~[spring-boot-actuator-3.2.0.jar:3.2.0]
	at org.springframework.boot.actuate.health.HealthEndpointSupport.getContribution(HealthEndpointSupport.java:145) ~[spring-boot-actuator-3.2.0.jar:3.2.0]
	at org.springframework.boot.actuate.health.HealthEndpointSupport.getAggregateContribution(HealthEndpointSupport.java:156) ~[spring-boot-actuator-3.2.0.jar:3.2.0]
	at org.springframework.boot.actuate.health.HealthEndpointSupport.getContribution(HealthEndpointSupport.java:141) ~[spring-boot-actuator-3.2.0.jar:3.2.0]
	at org.springframework.boot.actuate.health.HealthEndpointSupport.getHealth(HealthEndpointSupport.java:110) ~[spring-boot-actuator-3.2.0.jar:3.2.0]
	at org.springframework.boot.actuate.health.HealthEndpointSupport.getHealth(HealthEndpointSupport.java:81) ~[spring-boot-actuator-3.2.0.jar:3.2.0]
	at org.springframework.boot.actuate.health.HealthEndpointWebExtension.health(HealthEndpointWebExtension.java:80) ~[spring-boot-actuator-3.2.0.jar:3.2.0]
	at org.springframework.boot.actuate.health.HealthEndpointWebExtension.health(HealthEndpointWebExtension.java:69) ~[spring-boot-actuator-3.2.0.jar:3.2.0]
	at java.base/jdk.internal.reflect.DirectMethodHandleAccessor.invoke(DirectMethodHandleAccessor.java:104) ~[na:na]
	at java.base/java.lang.reflect.Method.invoke(Method.java:577) ~[na:na]
	at org.springframework.util.ReflectionUtils.invokeMethod(ReflectionUtils.java:281) ~[spring-core-6.1.1.jar:6.1.1]
	at org.springframework.boot.actuate.endpoint.invoke.reflect.ReflectiveOperationInvoker.invoke(ReflectiveOperationInvoker.java:74) ~[spring-boot-actuator-3.2.0.jar:3.2.0]
	at org.springframework.boot.actuate.endpoint.annotation.AbstractDiscoveredOperation.invoke(AbstractDiscoveredOperation.java:60) ~[spring-boot-actuator-3.2.0.jar:3.2.0]
	at org.springframework.boot.actuate.endpoint.web.servlet.AbstractWebMvcEndpointHandlerMapping$ServletWebOperationAdapter.handle(AbstractWebMvcEndpointHandlerMapping.java:321) ~[spring-boot-actuator-3.2.0.jar:3.2.0]
	at org.springframework.boot.actuate.endpoint.web.servlet.AbstractWebMvcEndpointHandlerMapping$OperationHandler.handle(AbstractWebMvcEndpointHandlerMapping.java:428) ~[spring-boot-actuator-3.2.0.jar:3.2.0]
	at java.base/jdk.internal.reflect.DirectMethodHandleAccessor.invoke(DirectMethodHandleAccessor.java:104) ~[na:na]
	at java.base/java.lang.reflect.Method.invoke(Method.java:577) ~[na:na]
	at org.springframework.web.method.support.InvocableHandlerMethod.doInvoke(InvocableHandlerMethod.java:254) ~[spring-web-6.1.1.jar:6.1.1]
	at org.springframework.web.method.support.InvocableHandlerMethod.invokeForRequest(InvocableHandlerMethod.java:182) ~[spring-web-6.1.1.jar:6.1.1]
	at org.springframework.web.servlet.mvc.method.annotation.ServletInvocableHandlerMethod.invokeAndHandle(ServletInvocableHandlerMethod.java:118) ~[spring-webmvc-6.1.1.jar:6.1.1]
	at org.springframework.web.servlet.mvc.method.annotation.RequestMappingHandlerAdapter.invokeHandlerMethod(RequestMappingHandlerAdapter.java:917) ~[spring-webmvc-6.1.1.jar:6.1.1]
	at org.springframework.web.servlet.mvc.method.annotation.RequestMappingHandlerAdapter.handleInternal(RequestMappingHandlerAdapter.java:829) ~[spring-webmvc-6.1.1.jar:6.1.1]
	at org.springframework.web.servlet.mvc.method.AbstractHandlerMethodAdapter.handle(AbstractHandlerMethodAdapter.java:87) ~[spring-webmvc-6.1.1.jar:6.1.1]
	at org.springframework.web.servlet.DispatcherServlet.doDispatch(DispatcherServlet.java:1089) ~[spring-webmvc-6.1.1.jar:6.1.1]
	at org.springframework.web.servlet.DispatcherServlet.doService(DispatcherServlet.java:979) ~[spring-webmvc-6.1.1.jar:6.1.1]
	at org.springframework.web.servlet.FrameworkServlet.processRequest(FrameworkServlet.java:1014) ~[spring-webmvc-6.1.1.jar:6.1.1]
	at org.springframework.web.servlet.FrameworkServlet.doGet(FrameworkServlet.java:903) ~[spring-webmvc-6.1.1.jar:6.1.1]
	at jakarta.servlet.http.HttpServlet.service(HttpServlet.java:564) ~[tomcat-embed-core-10.1.16.jar:6.0]
	at org.springframework.web.servlet.FrameworkServlet.service(FrameworkServlet.java:885) ~[spring-webmvc-6.1.1.jar:6.1.1]
	at jakarta.servlet.http.HttpServlet.service(HttpServlet.java:658) ~[tomcat-embed-core-10.1.16.jar:6.0]
	at org.apache.catalina.core.ApplicationFilterChain.internalDoFilter(ApplicationFilterChain.java:205) ~[tomcat-embed-core-10.1.16.jar:10.1.16]
	at org.apache.catalina.core.ApplicationFilterChain.doFilter(ApplicationFilterChain.java:149) ~[tomcat-embed-core-10.1.16.jar:10.1.16]
	at org.apache.tomcat.websocket.server.WsFilter.doFilter(WsFilter.java:51) ~[tomcat-embed-websocket-10.1.16.jar:10.1.16]
	at org.apache.catalina.core.ApplicationFilterChain.internalDoFilter(ApplicationFilterChain.java:174) ~[tomcat-embed-core-10.1.16.jar:10.1.16]
	at org.apache.catalina.core.ApplicationFilterChain.doFilter(ApplicationFilterChain.java:149) ~[tomcat-embed-core-10.1.16.jar:10.1.16]
	at org.springframework.web.filter.OncePerRequestFilter.doFilter(OncePerRequestFilter.java:110) ~[spring-web-6.1.1.jar:6.1.1]
	at org.apache.catalina.core.ApplicationFilterChain.internalDoFilter(ApplicationFilterChain.java:174) ~[tomcat-embed-core-10.1.16.jar:10.1.16]
	at org.apache.catalina.core.ApplicationFilterChain.doFilter(ApplicationFilterChain.java:149) ~[tomcat-embed-core-10.1.16.jar:10.1.16]
	at org.springframework.security.web.FilterChainProxy.lambda$doFilterInternal$3(FilterChainProxy.java:231) ~[spring-security-web-6.2.0.jar:6.2.0]
	at org.springframework.security.web.ObservationFilterChainDecorator$FilterObservation$SimpleFilterObservation.lambda$wrap$1(ObservationFilterChainDecorator.java:479) ~[spring-security-web-6.2.0.jar:6.2.0]
	at org.springframework.security.web.ObservationFilterChainDecorator$AroundFilterObservation$SimpleAroundFilterObservation.lambda$wrap$1(ObservationFilterChainDecorator.java:340) ~[spring-security-web-6.2.0.jar:6.2.0]
	at org.springframework.security.web.ObservationFilterChainDecorator.lambda$wrapSecured$0(ObservationFilterChainDecorator.java:82) ~[spring-security-web-6.2.0.jar:6.2.0]
	at org.springframework.security.web.ObservationFilterChainDecorator$VirtualFilterChain.doFilter(ObservationFilterChainDecorator.java:128) ~[spring-security-web-6.2.0.jar:6.2.0]
	at org.springframework.security.web.access.intercept.AuthorizationFilter.doFilter(AuthorizationFilter.java:100) ~[spring-security-web-6.2.0.jar:6.2.0]
	at org.springframework.security.web.ObservationFilterChainDecorator$ObservationFilter.wrapFilter(ObservationFilterChainDecorator.java:240) ~[spring-security-web-6.2.0.jar:6.2.0]
	at org.springframework.security.web.ObservationFilterChainDecorator$ObservationFilter.doFilter(ObservationFilterChainDecorator.java:227) ~[spring-security-web-6.2.0.jar:6.2.0]
	at org.springframework.security.web.ObservationFilterChainDecorator$VirtualFilterChain.doFilter(ObservationFilterChainDecorator.java:137) ~[spring-security-web-6.2.0.jar:6.2.0]
	at org.springframework.security.web.access.ExceptionTranslationFilter.doFilter(ExceptionTranslationFilter.java:126) ~[spring-security-web-6.2.0.jar:6.2.0]
	at org.springframework.security.web.access.ExceptionTranslationFilter.doFilter(ExceptionTranslationFilter.java:120) ~[spring-security-web-6.2.0.jar:6.2.0]
	at org.springframework.security.web.ObservationFilterChainDecorator$ObservationFilter.wrapFilter(ObservationFilterChainDecorator.java:240) ~[spring-security-web-6.2.0.jar:6.2.0]
	at org.springframework.security.web.ObservationFilterChainDecorator$ObservationFilter.doFilter(ObservationFilterChainDecorator.java:227) ~[spring-security-web-6.2.0.jar:6.2.0]
	at org.springframework.security.web.ObservationFilterChainDecorator$VirtualFilterChain.doFilter(ObservationFilterChainDecorator.java:137) ~[spring-security-web-6.2.0.jar:6.2.0]
	at org.springframework.security.web.session.SessionManagementFilter.doFilter(SessionManagementFilter.java:131) ~[spring-security-web-6.2.0.jar:6.2.0]
	at org.springframework.security.web.session.SessionManagementFilter.doFilter(SessionManagementFilter.java:85) ~[spring-security-web-6.2.0.jar:6.2.0]
	at org.springframework.security.web.ObservationFilterChainDecorator$ObservationFilter.wrapFilter(ObservationFilterChainDecorator.java:240) ~[spring-security-web-6.2.0.jar:6.2.0]
	at org.springframework.security.web.ObservationFilterChainDecorator$ObservationFilter.doFilter(ObservationFilterChainDecorator.java:227) ~[spring-security-web-6.2.0.jar:6.2.0]
	at org.springframework.security.web.ObservationFilterChainDecorator$VirtualFilterChain.doFilter(ObservationFilterChainDecorator.java:137) ~[spring-security-web-6.2.0.jar:6.2.0]
	at org.springframework.security.web.authentication.AnonymousAuthenticationFilter.doFilter(AnonymousAuthenticationFilter.java:100) ~[spring-security-web-6.2.0.jar:6.2.0]
	at org.springframework.security.web.ObservationFilterChainDecorator$ObservationFilter.wrapFilter(ObservationFilterChainDecorator.java:240) ~[spring-security-web-6.2.0.jar:6.2.0]
	at org.springframework.security.web.ObservationFilterChainDecorator$ObservationFilter.doFilter(ObservationFilterChainDecorator.java:227) ~[spring-security-web-6.2.0.jar:6.2.0]
	at org.springframework.security.web.ObservationFilterChainDecorator$VirtualFilterChain.doFilter(ObservationFilterChainDecorator.java:137) ~[spring-security-web-6.2.0.jar:6.2.0]
	at org.springframework.security.web.servletapi.SecurityContextHolderAwareRequestFilter.doFilter(SecurityContextHolderAwareRequestFilter.java:179) ~[spring-security-web-6.2.0.jar:6.2.0]
	at org.springframework.security.web.ObservationFilterChainDecorator$ObservationFilter.wrapFilter(ObservationFilterChainDecorator.java:240) ~[spring-security-web-6.2.0.jar:6.2.0]
	at org.springframework.security.web.ObservationFilterChainDecorator$ObservationFilter.doFilter(ObservationFilterChainDecorator.java:227) ~[spring-security-web-6.2.0.jar:6.2.0]
	at org.springframework.security.web.ObservationFilterChainDecorator$VirtualFilterChain.doFilter(ObservationFilterChainDecorator.java:137) ~[spring-security-web-6.2.0.jar:6.2.0]
	at org.springframework.security.web.savedrequest.RequestCacheAwareFilter.doFilter(RequestCacheAwareFilter.java:63) ~[spring-security-web-6.2.0.jar:6.2.0]
	at org.springframework.security.web.ObservationFilterChainDecorator$ObservationFilter.wrapFilter(ObservationFilterChainDecorator.java:240) ~[spring-security-web-6.2.0.jar:6.2.0]
	at org.springframework.security.web.ObservationFilterChainDecorator$ObservationFilter.doFilter(ObservationFilterChainDecorator.java:227) ~[spring-security-web-6.2.0.jar:6.2.0]
	at org.springframework.security.web.ObservationFilterChainDecorator$VirtualFilterChain.doFilter(ObservationFilterChainDecorator.java:137) ~[spring-security-web-6.2.0.jar:6.2.0]
	at org.springframework.security.web.authentication.ui.DefaultLogoutPageGeneratingFilter.doFilterInternal(DefaultLogoutPageGeneratingFilter.java:58) ~[spring-security-web-6.2.0.jar:6.2.0]
	at org.springframework.web.filter.OncePerRequestFilter.doFilter(OncePerRequestFilter.java:116) ~[spring-web-6.1.1.jar:6.1.1]
	at org.springframework.security.web.ObservationFilterChainDecorator$ObservationFilter.wrapFilter(ObservationFilterChainDecorator.java:240) ~[spring-security-web-6.2.0.jar:6.2.0]
	at org.springframework.security.web.ObservationFilterChainDecorator$ObservationFilter.doFilter(ObservationFilterChainDecorator.java:227) ~[spring-security-web-6.2.0.jar:6.2.0]
	at org.springframework.security.web.ObservationFilterChainDecorator$VirtualFilterChain.doFilter(ObservationFilterChainDecorator.java:137) ~[spring-security-web-6.2.0.jar:6.2.0]
	at org.springframework.security.web.authentication.ui.DefaultLoginPageGeneratingFilter.doFilter(DefaultLoginPageGeneratingFilter.java:189) ~[spring-security-web-6.2.0.jar:6.2.0]
	at org.springframework.security.web.authentication.ui.DefaultLoginPageGeneratingFilter.doFilter(DefaultLoginPageGeneratingFilter.java:175) ~[spring-security-web-6.2.0.jar:6.2.0]
	at org.springframework.security.web.ObservationFilterChainDecorator$ObservationFilter.wrapFilter(ObservationFilterChainDecorator.java:240) ~[spring-security-web-6.2.0.jar:6.2.0]
	at org.springframework.security.web.ObservationFilterChainDecorator$ObservationFilter.doFilter(ObservationFilterChainDecorator.java:227) ~[spring-security-web-6.2.0.jar:6.2.0]
	at org.springframework.security.web.ObservationFilterChainDecorator$VirtualFilterChain.doFilter(ObservationFilterChainDecorator.java:137) ~[spring-security-web-6.2.0.jar:6.2.0]
	at com.parkease.auth.security.JwtAuthFilter.doFilterInternal(JwtAuthFilter.java:75) ~[classes/:na]
	at org.springframework.web.filter.OncePerRequestFilter.doFilter(OncePerRequestFilter.java:116) ~[spring-web-6.1.1.jar:6.1.1]
	at org.springframework.security.web.ObservationFilterChainDecorator$ObservationFilter.wrapFilter(ObservationFilterChainDecorator.java:240) ~[spring-security-web-6.2.0.jar:6.2.0]
	at org.springframework.security.web.ObservationFilterChainDecorator$ObservationFilter.doFilter(ObservationFilterChainDecorator.java:227) ~[spring-security-web-6.2.0.jar:6.2.0]
	at org.springframework.security.web.ObservationFilterChainDecorator$VirtualFilterChain.doFilter(ObservationFilterChainDecorator.java:137) ~[spring-security-web-6.2.0.jar:6.2.0]
	at org.springframework.security.web.authentication.AbstractAuthenticationProcessingFilter.doFilter(AbstractAuthenticationProcessingFilter.java:227) ~[spring-security-web-6.2.0.jar:6.2.0]
	at org.springframework.security.web.authentication.AbstractAuthenticationProcessingFilter.doFilter(AbstractAuthenticationProcessingFilter.java:221) ~[spring-security-web-6.2.0.jar:6.2.0]
	at org.springframework.security.web.ObservationFilterChainDecorator$ObservationFilter.wrapFilter(ObservationFilterChainDecorator.java:240) ~[spring-security-web-6.2.0.jar:6.2.0]
	at org.springframework.security.web.ObservationFilterChainDecorator$ObservationFilter.doFilter(ObservationFilterChainDecorator.java:227) ~[spring-security-web-6.2.0.jar:6.2.0]
	at org.springframework.security.web.ObservationFilterChainDecorator$VirtualFilterChain.doFilter(ObservationFilterChainDecorator.java:137) ~[spring-security-web-6.2.0.jar:6.2.0]
	at org.springframework.security.oauth2.client.web.OAuth2AuthorizationRequestRedirectFilter.doFilterInternal(OAuth2AuthorizationRequestRedirectFilter.java:181) ~[spring-security-oauth2-client-6.2.0.jar:6.2.0]
	at org.springframework.web.filter.OncePerRequestFilter.doFilter(OncePerRequestFilter.java:116) ~[spring-web-6.1.1.jar:6.1.1]
	at org.springframework.security.web.ObservationFilterChainDecorator$ObservationFilter.wrapFilter(ObservationFilterChainDecorator.java:240) ~[spring-security-web-6.2.0.jar:6.2.0]
	at org.springframework.security.web.ObservationFilterChainDecorator$ObservationFilter.doFilter(ObservationFilterChainDecorator.java:227) ~[spring-security-web-6.2.0.jar:6.2.0]
	at org.springframework.security.web.ObservationFilterChainDecorator$VirtualFilterChain.doFilter(ObservationFilterChainDecorator.java:137) ~[spring-security-web-6.2.0.jar:6.2.0]
	at org.springframework.security.web.authentication.logout.LogoutFilter.doFilter(LogoutFilter.java:107) ~[spring-security-web-6.2.0.jar:6.2.0]
	at org.springframework.security.web.authentication.logout.LogoutFilter.doFilter(LogoutFilter.java:93) ~[spring-security-web-6.2.0.jar:6.2.0]
	at org.springframework.security.web.ObservationFilterChainDecorator$ObservationFilter.wrapFilter(ObservationFilterChainDecorator.java:240) ~[spring-security-web-6.2.0.jar:6.2.0]
	at org.springframework.security.web.ObservationFilterChainDecorator$ObservationFilter.doFilter(ObservationFilterChainDecorator.java:227) ~[spring-security-web-6.2.0.jar:6.2.0]
	at org.springframework.security.web.ObservationFilterChainDecorator$VirtualFilterChain.doFilter(ObservationFilterChainDecorator.java:137) ~[spring-security-web-6.2.0.jar:6.2.0]
	at org.springframework.security.web.header.HeaderWriterFilter.doHeadersAfter(HeaderWriterFilter.java:90) ~[spring-security-web-6.2.0.jar:6.2.0]
	at org.springframework.security.web.header.HeaderWriterFilter.doFilterInternal(HeaderWriterFilter.java:75) ~[spring-security-web-6.2.0.jar:6.2.0]
	at org.springframework.web.filter.OncePerRequestFilter.doFilter(OncePerRequestFilter.java:116) ~[spring-web-6.1.1.jar:6.1.1]
	at org.springframework.security.web.ObservationFilterChainDecorator$ObservationFilter.wrapFilter(ObservationFilterChainDecorator.java:240) ~[spring-security-web-6.2.0.jar:6.2.0]
	at org.springframework.security.web.ObservationFilterChainDecorator$ObservationFilter.doFilter(ObservationFilterChainDecorator.java:227) ~[spring-security-web-6.2.0.jar:6.2.0]
	at org.springframework.security.web.ObservationFilterChainDecorator$VirtualFilterChain.doFilter(ObservationFilterChainDecorator.java:137) ~[spring-security-web-6.2.0.jar:6.2.0]
	at org.springframework.security.web.context.SecurityContextHolderFilter.doFilter(SecurityContextHolderFilter.java:82) ~[spring-security-web-6.2.0.jar:6.2.0]
	at org.springframework.security.web.context.SecurityContextHolderFilter.doFilter(SecurityContextHolderFilter.java:69) ~[spring-security-web-6.2.0.jar:6.2.0]
	at org.springframework.security.web.ObservationFilterChainDecorator$ObservationFilter.wrapFilter(ObservationFilterChainDecorator.java:240) ~[spring-security-web-6.2.0.jar:6.2.0]
	at org.springframework.security.web.ObservationFilterChainDecorator$ObservationFilter.doFilter(ObservationFilterChainDecorator.java:227) ~[spring-security-web-6.2.0.jar:6.2.0]
	at org.springframework.security.web.ObservationFilterChainDecorator$VirtualFilterChain.doFilter(ObservationFilterChainDecorator.java:137) ~[spring-security-web-6.2.0.jar:6.2.0]
	at org.springframework.security.web.context.request.async.WebAsyncManagerIntegrationFilter.doFilterInternal(WebAsyncManagerIntegrationFilter.java:62) ~[spring-security-web-6.2.0.jar:6.2.0]
	at org.springframework.web.filter.OncePerRequestFilter.doFilter(OncePerRequestFilter.java:116) ~[spring-web-6.1.1.jar:6.1.1]
	at org.springframework.security.web.ObservationFilterChainDecorator$ObservationFilter.wrapFilter(ObservationFilterChainDecorator.java:240) ~[spring-security-web-6.2.0.jar:6.2.0]
	at org.springframework.security.web.ObservationFilterChainDecorator$ObservationFilter.doFilter(ObservationFilterChainDecorator.java:227) ~[spring-security-web-6.2.0.jar:6.2.0]
	at org.springframework.security.web.ObservationFilterChainDecorator$VirtualFilterChain.doFilter(ObservationFilterChainDecorator.java:137) ~[spring-security-web-6.2.0.jar:6.2.0]
	at org.springframework.security.web.session.DisableEncodeUrlFilter.doFilterInternal(DisableEncodeUrlFilter.java:42) ~[spring-security-web-6.2.0.jar:6.2.0]
	at org.springframework.web.filter.OncePerRequestFilter.doFilter(OncePerRequestFilter.java:116) ~[spring-web-6.1.1.jar:6.1.1]
	at org.springframework.security.web.ObservationFilterChainDecorator$ObservationFilter.wrapFilter(ObservationFilterChainDecorator.java:240) ~[spring-security-web-6.2.0.jar:6.2.0]
	at org.springframework.security.web.ObservationFilterChainDecorator$AroundFilterObservation$SimpleAroundFilterObservation.lambda$wrap$0(ObservationFilterChainDecorator.java:323) ~[spring-security-web-6.2.0.jar:6.2.0]
	at org.springframework.security.web.ObservationFilterChainDecorator$ObservationFilter.doFilter(ObservationFilterChainDecorator.java:224) ~[spring-security-web-6.2.0.jar:6.2.0]
	at org.springframework.security.web.ObservationFilterChainDecorator$VirtualFilterChain.doFilter(ObservationFilterChainDecorator.java:137) ~[spring-security-web-6.2.0.jar:6.2.0]
	at org.springframework.security.web.FilterChainProxy.doFilterInternal(FilterChainProxy.java:233) ~[spring-security-web-6.2.0.jar:6.2.0]
	at org.springframework.security.web.FilterChainProxy.doFilter(FilterChainProxy.java:191) ~[spring-security-web-6.2.0.jar:6.2.0]
	at org.springframework.web.filter.DelegatingFilterProxy.invokeDelegate(DelegatingFilterProxy.java:352) ~[spring-web-6.1.1.jar:6.1.1]
	at org.springframework.web.filter.DelegatingFilterProxy.doFilter(DelegatingFilterProxy.java:268) ~[spring-web-6.1.1.jar:6.1.1]
	at org.apache.catalina.core.ApplicationFilterChain.internalDoFilter(ApplicationFilterChain.java:174) ~[tomcat-embed-core-10.1.16.jar:10.1.16]
	at org.apache.catalina.core.ApplicationFilterChain.doFilter(ApplicationFilterChain.java:149) ~[tomcat-embed-core-10.1.16.jar:10.1.16]
	at org.springframework.web.filter.RequestContextFilter.doFilterInternal(RequestContextFilter.java:100) ~[spring-web-6.1.1.jar:6.1.1]
	at org.springframework.web.filter.OncePerRequestFilter.doFilter(OncePerRequestFilter.java:116) ~[spring-web-6.1.1.jar:6.1.1]
	at org.apache.catalina.core.ApplicationFilterChain.internalDoFilter(ApplicationFilterChain.java:174) ~[tomcat-embed-core-10.1.16.jar:10.1.16]
	at org.apache.catalina.core.ApplicationFilterChain.doFilter(ApplicationFilterChain.java:149) ~[tomcat-embed-core-10.1.16.jar:10.1.16]
	at org.springframework.web.filter.FormContentFilter.doFilterInternal(FormContentFilter.java:93) ~[spring-web-6.1.1.jar:6.1.1]
	at org.springframework.web.filter.OncePerRequestFilter.doFilter(OncePerRequestFilter.java:116) ~[spring-web-6.1.1.jar:6.1.1]
	at org.apache.catalina.core.ApplicationFilterChain.internalDoFilter(ApplicationFilterChain.java:174) ~[tomcat-embed-core-10.1.16.jar:10.1.16]
	at org.apache.catalina.core.ApplicationFilterChain.doFilter(ApplicationFilterChain.java:149) ~[tomcat-embed-core-10.1.16.jar:10.1.16]
	at org.springframework.web.filter.ServerHttpObservationFilter.doFilterInternal(ServerHttpObservationFilter.java:109) ~[spring-web-6.1.1.jar:6.1.1]
	at org.springframework.web.filter.OncePerRequestFilter.doFilter(OncePerRequestFilter.java:116) ~[spring-web-6.1.1.jar:6.1.1]
	at org.apache.catalina.core.ApplicationFilterChain.internalDoFilter(ApplicationFilterChain.java:174) ~[tomcat-embed-core-10.1.16.jar:10.1.16]
	at org.apache.catalina.core.ApplicationFilterChain.doFilter(ApplicationFilterChain.java:149) ~[tomcat-embed-core-10.1.16.jar:10.1.16]
	at org.springframework.web.filter.CharacterEncodingFilter.doFilterInternal(CharacterEncodingFilter.java:201) ~[spring-web-6.1.1.jar:6.1.1]
	at org.springframework.web.filter.OncePerRequestFilter.doFilter(OncePerRequestFilter.java:116) ~[spring-web-6.1.1.jar:6.1.1]
	at org.apache.catalina.core.ApplicationFilterChain.internalDoFilter(ApplicationFilterChain.java:174) ~[tomcat-embed-core-10.1.16.jar:10.1.16]
	at org.apache.catalina.core.ApplicationFilterChain.doFilter(ApplicationFilterChain.java:149) ~[tomcat-embed-core-10.1.16.jar:10.1.16]
	at org.springframework.web.filter.OncePerRequestFilter.doFilter(OncePerRequestFilter.java:101) ~[spring-web-6.1.1.jar:6.1.1]
	at org.apache.catalina.core.ApplicationFilterChain.internalDoFilter(ApplicationFilterChain.java:174) ~[tomcat-embed-core-10.1.16.jar:10.1.16]
	at org.apache.catalina.core.ApplicationFilterChain.doFilter(ApplicationFilterChain.java:149) ~[tomcat-embed-core-10.1.16.jar:10.1.16]
	at org.apache.catalina.core.StandardWrapperValve.invoke(StandardWrapperValve.java:167) ~[tomcat-embed-core-10.1.16.jar:10.1.16]
	at org.apache.catalina.core.StandardContextValve.invoke(StandardContextValve.java:90) ~[tomcat-embed-core-10.1.16.jar:10.1.16]
	at org.apache.catalina.authenticator.AuthenticatorBase.invoke(AuthenticatorBase.java:482) ~[tomcat-embed-core-10.1.16.jar:10.1.16]
	at org.apache.catalina.core.StandardHostValve.invoke(StandardHostValve.java:115) ~[tomcat-embed-core-10.1.16.jar:10.1.16]
	at org.apache.catalina.valves.ErrorReportValve.invoke(ErrorReportValve.java:93) ~[tomcat-embed-core-10.1.16.jar:10.1.16]
	at org.apache.catalina.core.StandardEngineValve.invoke(StandardEngineValve.java:74) ~[tomcat-embed-core-10.1.16.jar:10.1.16]
	at org.apache.catalina.connector.CoyoteAdapter.service(CoyoteAdapter.java:340) ~[tomcat-embed-core-10.1.16.jar:10.1.16]
	at org.apache.coyote.http11.Http11Processor.service(Http11Processor.java:391) ~[tomcat-embed-core-10.1.16.jar:10.1.16]
	at org.apache.coyote.AbstractProcessorLight.process(AbstractProcessorLight.java:63) ~[tomcat-embed-core-10.1.16.jar:10.1.16]
	at org.apache.coyote.AbstractProtocol$ConnectionHandler.process(AbstractProtocol.java:896) ~[tomcat-embed-core-10.1.16.jar:10.1.16]
	at org.apache.tomcat.util.net.NioEndpoint$SocketProcessor.doRun(NioEndpoint.java:1744) ~[tomcat-embed-core-10.1.16.jar:10.1.16]
	at org.apache.tomcat.util.net.SocketProcessorBase.run(SocketProcessorBase.java:52) ~[tomcat-embed-core-10.1.16.jar:10.1.16]
	at org.apache.tomcat.util.threads.ThreadPoolExecutor.runWorker(ThreadPoolExecutor.java:1191) ~[tomcat-embed-core-10.1.16.jar:10.1.16]
	at org.apache.tomcat.util.threads.ThreadPoolExecutor$Worker.run(ThreadPoolExecutor.java:659) ~[tomcat-embed-core-10.1.16.jar:10.1.16]
	at org.apache.tomcat.util.threads.TaskThread$WrappingRunnable.run(TaskThread.java:61) ~[tomcat-embed-core-10.1.16.jar:10.1.16]
	at java.base/java.lang.Thread.run(Thread.java:833) ~[na:na]
Caused by: java.net.UnknownHostException: smtp.gmail.com
	at java.base/sun.nio.ch.NioSocketImpl.connect(NioSocketImpl.java:564) ~[na:na]
	at java.base/java.net.SocksSocketImpl.connect(SocksSocketImpl.java:327) ~[na:na]
	at java.base/java.net.Socket.connect(Socket.java:633) ~[na:na]
	at java.base/java.net.Socket.connect(Socket.java:583) ~[na:na]
	at org.eclipse.angus.mail.util.SocketFetcher.createSocket(SocketFetcher.java:360) ~[jakarta.mail-2.0.2.jar:na]
	at org.eclipse.angus.mail.util.SocketFetcher.getSocket(SocketFetcher.java:235) ~[jakarta.mail-2.0.2.jar:na]
	at org.eclipse.angus.mail.smtp.SMTPTransport.openServer(SMTPTransport.java:2193) ~[jakarta.mail-2.0.2.jar:na]
	... 171 common frames omitted

2026-05-15T11:20:06.396+05:30  WARN 14864 --- [auth-service] [http-nio-8081-exec-1] o.s.b.actuate.mail.MailHealthIndicator   : Mail health check failed

org.eclipse.angus.mail.util.MailConnectException: Couldn't connect to host, port: smtp.gmail.com, 587; timeout -1
	at org.eclipse.angus.mail.smtp.SMTPTransport.openServer(SMTPTransport.java:2243) ~[jakarta.mail-2.0.2.jar:na]
	at org.eclipse.angus.mail.smtp.SMTPTransport.protocolConnect(SMTPTransport.java:729) ~[jakarta.mail-2.0.2.jar:na]
	at jakarta.mail.Service.connect(Service.java:345) ~[jakarta.mail-2.0.2.jar:na]
	at org.springframework.mail.javamail.JavaMailSenderImpl.connectTransport(JavaMailSenderImpl.java:480) ~[spring-context-support-6.1.1.jar:6.1.1]
	at org.springframework.mail.javamail.JavaMailSenderImpl.testConnection(JavaMailSenderImpl.java:360) ~[spring-context-support-6.1.1.jar:6.1.1]
	at org.springframework.boot.actuate.mail.MailHealthIndicator.doHealthCheck(MailHealthIndicator.java:52) ~[spring-boot-actuator-3.2.0.jar:3.2.0]
	at org.springframework.boot.actuate.health.AbstractHealthIndicator.health(AbstractHealthIndicator.java:82) ~[spring-boot-actuator-3.2.0.jar:3.2.0]
	at org.springframework.boot.actuate.health.HealthIndicator.getHealth(HealthIndicator.java:37) ~[spring-boot-actuator-3.2.0.jar:3.2.0]
	at org.springframework.boot.actuate.health.HealthEndpointWebExtension.getHealth(HealthEndpointWebExtension.java:94) ~[spring-boot-actuator-3.2.0.jar:3.2.0]
	at org.springframework.boot.actuate.health.HealthEndpointWebExtension.getHealth(HealthEndpointWebExtension.java:47) ~[spring-boot-actuator-3.2.0.jar:3.2.0]
	at org.springframework.boot.actuate.health.HealthEndpointSupport.getLoggedHealth(HealthEndpointSupport.java:172) ~[spring-boot-actuator-3.2.0.jar:3.2.0]
	at org.springframework.boot.actuate.health.HealthEndpointSupport.getContribution(HealthEndpointSupport.java:145) ~[spring-boot-actuator-3.2.0.jar:3.2.0]
	at org.springframework.boot.actuate.health.HealthEndpointSupport.getAggregateContribution(HealthEndpointSupport.java:156) ~[spring-boot-actuator-3.2.0.jar:3.2.0]
	at org.springframework.boot.actuate.health.HealthEndpointSupport.getContribution(HealthEndpointSupport.java:141) ~[spring-boot-actuator-3.2.0.jar:3.2.0]
	at org.springframework.boot.actuate.health.HealthEndpointSupport.getHealth(HealthEndpointSupport.java:110) ~[spring-boot-actuator-3.2.0.jar:3.2.0]
	at org.springframework.boot.actuate.health.HealthEndpointSupport.getHealth(HealthEndpointSupport.java:81) ~[spring-boot-actuator-3.2.0.jar:3.2.0]
	at org.springframework.boot.actuate.health.HealthEndpointWebExtension.health(HealthEndpointWebExtension.java:80) ~[spring-boot-actuator-3.2.0.jar:3.2.0]
	at org.springframework.boot.actuate.health.HealthEndpointWebExtension.health(HealthEndpointWebExtension.java:69) ~[spring-boot-actuator-3.2.0.jar:3.2.0]
	at java.base/jdk.internal.reflect.DirectMethodHandleAccessor.invoke(DirectMethodHandleAccessor.java:104) ~[na:na]
	at java.base/java.lang.reflect.Method.invoke(Method.java:577) ~[na:na]
	at org.springframework.util.ReflectionUtils.invokeMethod(ReflectionUtils.java:281) ~[spring-core-6.1.1.jar:6.1.1]
	at org.springframework.boot.actuate.endpoint.invoke.reflect.ReflectiveOperationInvoker.invoke(ReflectiveOperationInvoker.java:74) ~[spring-boot-actuator-3.2.0.jar:3.2.0]
	at org.springframework.boot.actuate.endpoint.annotation.AbstractDiscoveredOperation.invoke(AbstractDiscoveredOperation.java:60) ~[spring-boot-actuator-3.2.0.jar:3.2.0]
	at org.springframework.boot.actuate.endpoint.web.servlet.AbstractWebMvcEndpointHandlerMapping$ServletWebOperationAdapter.handle(AbstractWebMvcEndpointHandlerMapping.java:321) ~[spring-boot-actuator-3.2.0.jar:3.2.0]
	at org.springframework.boot.actuate.endpoint.web.servlet.AbstractWebMvcEndpointHandlerMapping$OperationHandler.handle(AbstractWebMvcEndpointHandlerMapping.java:428) ~[spring-boot-actuator-3.2.0.jar:3.2.0]
	at java.base/jdk.internal.reflect.DirectMethodHandleAccessor.invoke(DirectMethodHandleAccessor.java:104) ~[na:na]
	at java.base/java.lang.reflect.Method.invoke(Method.java:577) ~[na:na]
	at org.springframework.web.method.support.InvocableHandlerMethod.doInvoke(InvocableHandlerMethod.java:254) ~[spring-web-6.1.1.jar:6.1.1]
	at org.springframework.web.method.support.InvocableHandlerMethod.invokeForRequest(InvocableHandlerMethod.java:182) ~[spring-web-6.1.1.jar:6.1.1]
	at org.springframework.web.servlet.mvc.method.annotation.ServletInvocableHandlerMethod.invokeAndHandle(ServletInvocableHandlerMethod.java:118) ~[spring-webmvc-6.1.1.jar:6.1.1]
	at org.springframework.web.servlet.mvc.method.annotation.RequestMappingHandlerAdapter.invokeHandlerMethod(RequestMappingHandlerAdapter.java:917) ~[spring-webmvc-6.1.1.jar:6.1.1]
	at org.springframework.web.servlet.mvc.method.annotation.RequestMappingHandlerAdapter.handleInternal(RequestMappingHandlerAdapter.java:829) ~[spring-webmvc-6.1.1.jar:6.1.1]
	at org.springframework.web.servlet.mvc.method.AbstractHandlerMethodAdapter.handle(AbstractHandlerMethodAdapter.java:87) ~[spring-webmvc-6.1.1.jar:6.1.1]
	at org.springframework.web.servlet.DispatcherServlet.doDispatch(DispatcherServlet.java:1089) ~[spring-webmvc-6.1.1.jar:6.1.1]
	at org.springframework.web.servlet.DispatcherServlet.doService(DispatcherServlet.java:979) ~[spring-webmvc-6.1.1.jar:6.1.1]
	at org.springframework.web.servlet.FrameworkServlet.processRequest(FrameworkServlet.java:1014) ~[spring-webmvc-6.1.1.jar:6.1.1]
	at org.springframework.web.servlet.FrameworkServlet.doGet(FrameworkServlet.java:903) ~[spring-webmvc-6.1.1.jar:6.1.1]
	at jakarta.servlet.http.HttpServlet.service(HttpServlet.java:564) ~[tomcat-embed-core-10.1.16.jar:6.0]
	at org.springframework.web.servlet.FrameworkServlet.service(FrameworkServlet.java:885) ~[spring-webmvc-6.1.1.jar:6.1.1]
	at jakarta.servlet.http.HttpServlet.service(HttpServlet.java:658) ~[tomcat-embed-core-10.1.16.jar:6.0]
	at org.apache.catalina.core.ApplicationFilterChain.internalDoFilter(ApplicationFilterChain.java:205) ~[tomcat-embed-core-10.1.16.jar:10.1.16]
	at org.apache.catalina.core.ApplicationFilterChain.doFilter(ApplicationFilterChain.java:149) ~[tomcat-embed-core-10.1.16.jar:10.1.16]
	at org.apache.tomcat.websocket.server.WsFilter.doFilter(WsFilter.java:51) ~[tomcat-embed-websocket-10.1.16.jar:10.1.16]
	at org.apache.catalina.core.ApplicationFilterChain.internalDoFilter(ApplicationFilterChain.java:174) ~[tomcat-embed-core-10.1.16.jar:10.1.16]
	at org.apache.catalina.core.ApplicationFilterChain.doFilter(ApplicationFilterChain.java:149) ~[tomcat-embed-core-10.1.16.jar:10.1.16]
	at org.springframework.web.filter.OncePerRequestFilter.doFilter(OncePerRequestFilter.java:110) ~[spring-web-6.1.1.jar:6.1.1]
	at org.apache.catalina.core.ApplicationFilterChain.internalDoFilter(ApplicationFilterChain.java:174) ~[tomcat-embed-core-10.1.16.jar:10.1.16]
	at org.apache.catalina.core.ApplicationFilterChain.doFilter(ApplicationFilterChain.java:149) ~[tomcat-embed-core-10.1.16.jar:10.1.16]
	at org.springframework.security.web.FilterChainProxy.lambda$doFilterInternal$3(FilterChainProxy.java:231) ~[spring-security-web-6.2.0.jar:6.2.0]
	at org.springframework.security.web.ObservationFilterChainDecorator$FilterObservation$SimpleFilterObservation.lambda$wrap$1(ObservationFilterChainDecorator.java:479) ~[spring-security-web-6.2.0.jar:6.2.0]
	at org.springframework.security.web.ObservationFilterChainDecorator$AroundFilterObservation$SimpleAroundFilterObservation.lambda$wrap$1(ObservationFilterChainDecorator.java:340) ~[spring-security-web-6.2.0.jar:6.2.0]
	at org.springframework.security.web.ObservationFilterChainDecorator.lambda$wrapSecured$0(ObservationFilterChainDecorator.java:82) ~[spring-security-web-6.2.0.jar:6.2.0]
	at org.springframework.security.web.ObservationFilterChainDecorator$VirtualFilterChain.doFilter(ObservationFilterChainDecorator.java:128) ~[spring-security-web-6.2.0.jar:6.2.0]
	at org.springframework.security.web.access.intercept.AuthorizationFilter.doFilter(AuthorizationFilter.java:100) ~[spring-security-web-6.2.0.jar:6.2.0]
	at org.springframework.security.web.ObservationFilterChainDecorator$ObservationFilter.wrapFilter(ObservationFilterChainDecorator.java:240) ~[spring-security-web-6.2.0.jar:6.2.0]
	at org.springframework.security.web.ObservationFilterChainDecorator$ObservationFilter.doFilter(ObservationFilterChainDecorator.java:227) ~[spring-security-web-6.2.0.jar:6.2.0]
	at org.springframework.security.web.ObservationFilterChainDecorator$VirtualFilterChain.doFilter(ObservationFilterChainDecorator.java:137) ~[spring-security-web-6.2.0.jar:6.2.0]
	at org.springframework.security.web.access.ExceptionTranslationFilter.doFilter(ExceptionTranslationFilter.java:126) ~[spring-security-web-6.2.0.jar:6.2.0]
	at org.springframework.security.web.access.ExceptionTranslationFilter.doFilter(ExceptionTranslationFilter.java:120) ~[spring-security-web-6.2.0.jar:6.2.0]
	at org.springframework.security.web.ObservationFilterChainDecorator$ObservationFilter.wrapFilter(ObservationFilterChainDecorator.java:240) ~[spring-security-web-6.2.0.jar:6.2.0]
	at org.springframework.security.web.ObservationFilterChainDecorator$ObservationFilter.doFilter(ObservationFilterChainDecorator.java:227) ~[spring-security-web-6.2.0.jar:6.2.0]
	at org.springframework.security.web.ObservationFilterChainDecorator$VirtualFilterChain.doFilter(ObservationFilterChainDecorator.java:137) ~[spring-security-web-6.2.0.jar:6.2.0]
	at org.springframework.security.web.session.SessionManagementFilter.doFilter(SessionManagementFilter.java:131) ~[spring-security-web-6.2.0.jar:6.2.0]
	at org.springframework.security.web.session.SessionManagementFilter.doFilter(SessionManagementFilter.java:85) ~[spring-security-web-6.2.0.jar:6.2.0]
	at org.springframework.security.web.ObservationFilterChainDecorator$ObservationFilter.wrapFilter(ObservationFilterChainDecorator.java:240) ~[spring-security-web-6.2.0.jar:6.2.0]
	at org.springframework.security.web.ObservationFilterChainDecorator$ObservationFilter.doFilter(ObservationFilterChainDecorator.java:227) ~[spring-security-web-6.2.0.jar:6.2.0]
	at org.springframework.security.web.ObservationFilterChainDecorator$VirtualFilterChain.doFilter(ObservationFilterChainDecorator.java:137) ~[spring-security-web-6.2.0.jar:6.2.0]
	at org.springframework.security.web.authentication.AnonymousAuthenticationFilter.doFilter(AnonymousAuthenticationFilter.java:100) ~[spring-security-web-6.2.0.jar:6.2.0]
	at org.springframework.security.web.ObservationFilterChainDecorator$ObservationFilter.wrapFilter(ObservationFilterChainDecorator.java:240) ~[spring-security-web-6.2.0.jar:6.2.0]
	at org.springframework.security.web.ObservationFilterChainDecorator$ObservationFilter.doFilter(ObservationFilterChainDecorator.java:227) ~[spring-security-web-6.2.0.jar:6.2.0]
	at org.springframework.security.web.ObservationFilterChainDecorator$VirtualFilterChain.doFilter(ObservationFilterChainDecorator.java:137) ~[spring-security-web-6.2.0.jar:6.2.0]
	at org.springframework.security.web.servletapi.SecurityContextHolderAwareRequestFilter.doFilter(SecurityContextHolderAwareRequestFilter.java:179) ~[spring-security-web-6.2.0.jar:6.2.0]
	at org.springframework.security.web.ObservationFilterChainDecorator$ObservationFilter.wrapFilter(ObservationFilterChainDecorator.java:240) ~[spring-security-web-6.2.0.jar:6.2.0]
	at org.springframework.security.web.ObservationFilterChainDecorator$ObservationFilter.doFilter(ObservationFilterChainDecorator.java:227) ~[spring-security-web-6.2.0.jar:6.2.0]
	at org.springframework.security.web.ObservationFilterChainDecorator$VirtualFilterChain.doFilter(ObservationFilterChainDecorator.java:137) ~[spring-security-web-6.2.0.jar:6.2.0]
	at org.springframework.security.web.savedrequest.RequestCacheAwareFilter.doFilter(RequestCacheAwareFilter.java:63) ~[spring-security-web-6.2.0.jar:6.2.0]
	at org.springframework.security.web.ObservationFilterChainDecorator$ObservationFilter.wrapFilter(ObservationFilterChainDecorator.java:240) ~[spring-security-web-6.2.0.jar:6.2.0]
	at org.springframework.security.web.ObservationFilterChainDecorator$ObservationFilter.doFilter(ObservationFilterChainDecorator.java:227) ~[spring-security-web-6.2.0.jar:6.2.0]
	at org.springframework.security.web.ObservationFilterChainDecorator$VirtualFilterChain.doFilter(ObservationFilterChainDecorator.java:137) ~[spring-security-web-6.2.0.jar:6.2.0]
	at org.springframework.security.web.authentication.ui.DefaultLogoutPageGeneratingFilter.doFilterInternal(DefaultLogoutPageGeneratingFilter.java:58) ~[spring-security-web-6.2.0.jar:6.2.0]
	at org.springframework.web.filter.OncePerRequestFilter.doFilter(OncePerRequestFilter.java:116) ~[spring-web-6.1.1.jar:6.1.1]
	at org.springframework.security.web.ObservationFilterChainDecorator$ObservationFilter.wrapFilter(ObservationFilterChainDecorator.java:240) ~[spring-security-web-6.2.0.jar:6.2.0]
	at org.springframework.security.web.ObservationFilterChainDecorator$ObservationFilter.doFilter(ObservationFilterChainDecorator.java:227) ~[spring-security-web-6.2.0.jar:6.2.0]
	at org.springframework.security.web.ObservationFilterChainDecorator$VirtualFilterChain.doFilter(ObservationFilterChainDecorator.java:137) ~[spring-security-web-6.2.0.jar:6.2.0]
	at org.springframework.security.web.authentication.ui.DefaultLoginPageGeneratingFilter.doFilter(DefaultLoginPageGeneratingFilter.java:189) ~[spring-security-web-6.2.0.jar:6.2.0]
	at org.springframework.security.web.authentication.ui.DefaultLoginPageGeneratingFilter.doFilter(DefaultLoginPageGeneratingFilter.java:175) ~[spring-security-web-6.2.0.jar:6.2.0]
	at org.springframework.security.web.ObservationFilterChainDecorator$ObservationFilter.wrapFilter(ObservationFilterChainDecorator.java:240) ~[spring-security-web-6.2.0.jar:6.2.0]
	at org.springframework.security.web.ObservationFilterChainDecorator$ObservationFilter.doFilter(ObservationFilterChainDecorator.java:227) ~[spring-security-web-6.2.0.jar:6.2.0]
	at org.springframework.security.web.ObservationFilterChainDecorator$VirtualFilterChain.doFilter(ObservationFilterChainDecorator.java:137) ~[spring-security-web-6.2.0.jar:6.2.0]
	at com.parkease.auth.security.JwtAuthFilter.doFilterInternal(JwtAuthFilter.java:75) ~[classes/:na]
	at org.springframework.web.filter.OncePerRequestFilter.doFilter(OncePerRequestFilter.java:116) ~[spring-web-6.1.1.jar:6.1.1]
	at org.springframework.security.web.ObservationFilterChainDecorator$ObservationFilter.wrapFilter(ObservationFilterChainDecorator.java:240) ~[spring-security-web-6.2.0.jar:6.2.0]
	at org.springframework.security.web.ObservationFilterChainDecorator$ObservationFilter.doFilter(ObservationFilterChainDecorator.java:227) ~[spring-security-web-6.2.0.jar:6.2.0]
	at org.springframework.security.web.ObservationFilterChainDecorator$VirtualFilterChain.doFilter(ObservationFilterChainDecorator.java:137) ~[spring-security-web-6.2.0.jar:6.2.0]
	at org.springframework.security.web.authentication.AbstractAuthenticationProcessingFilter.doFilter(AbstractAuthenticationProcessingFilter.java:227) ~[spring-security-web-6.2.0.jar:6.2.0]
	at org.springframework.security.web.authentication.AbstractAuthenticationProcessingFilter.doFilter(AbstractAuthenticationProcessingFilter.java:221) ~[spring-security-web-6.2.0.jar:6.2.0]
	at org.springframework.security.web.ObservationFilterChainDecorator$ObservationFilter.wrapFilter(ObservationFilterChainDecorator.java:240) ~[spring-security-web-6.2.0.jar:6.2.0]
	at org.springframework.security.web.ObservationFilterChainDecorator$ObservationFilter.doFilter(ObservationFilterChainDecorator.java:227) ~[spring-security-web-6.2.0.jar:6.2.0]
	at org.springframework.security.web.ObservationFilterChainDecorator$VirtualFilterChain.doFilter(ObservationFilterChainDecorator.java:137) ~[spring-security-web-6.2.0.jar:6.2.0]
	at org.springframework.security.oauth2.client.web.OAuth2AuthorizationRequestRedirectFilter.doFilterInternal(OAuth2AuthorizationRequestRedirectFilter.java:181) ~[spring-security-oauth2-client-6.2.0.jar:6.2.0]
	at org.springframework.web.filter.OncePerRequestFilter.doFilter(OncePerRequestFilter.java:116) ~[spring-web-6.1.1.jar:6.1.1]
	at org.springframework.security.web.ObservationFilterChainDecorator$ObservationFilter.wrapFilter(ObservationFilterChainDecorator.java:240) ~[spring-security-web-6.2.0.jar:6.2.0]
	at org.springframework.security.web.ObservationFilterChainDecorator$ObservationFilter.doFilter(ObservationFilterChainDecorator.java:227) ~[spring-security-web-6.2.0.jar:6.2.0]
	at org.springframework.security.web.ObservationFilterChainDecorator$VirtualFilterChain.doFilter(ObservationFilterChainDecorator.java:137) ~[spring-security-web-6.2.0.jar:6.2.0]
	at org.springframework.security.web.authentication.logout.LogoutFilter.doFilter(LogoutFilter.java:107) ~[spring-security-web-6.2.0.jar:6.2.0]
	at org.springframework.security.web.authentication.logout.LogoutFilter.doFilter(LogoutFilter.java:93) ~[spring-security-web-6.2.0.jar:6.2.0]
	at org.springframework.security.web.ObservationFilterChainDecorator$ObservationFilter.wrapFilter(ObservationFilterChainDecorator.java:240) ~[spring-security-web-6.2.0.jar:6.2.0]
	at org.springframework.security.web.ObservationFilterChainDecorator$ObservationFilter.doFilter(ObservationFilterChainDecorator.java:227) ~[spring-security-web-6.2.0.jar:6.2.0]
	at org.springframework.security.web.ObservationFilterChainDecorator$VirtualFilterChain.doFilter(ObservationFilterChainDecorator.java:137) ~[spring-security-web-6.2.0.jar:6.2.0]
	at org.springframework.security.web.header.HeaderWriterFilter.doHeadersAfter(HeaderWriterFilter.java:90) ~[spring-security-web-6.2.0.jar:6.2.0]
	at org.springframework.security.web.header.HeaderWriterFilter.doFilterInternal(HeaderWriterFilter.java:75) ~[spring-security-web-6.2.0.jar:6.2.0]
	at org.springframework.web.filter.OncePerRequestFilter.doFilter(OncePerRequestFilter.java:116) ~[spring-web-6.1.1.jar:6.1.1]
	at org.springframework.security.web.ObservationFilterChainDecorator$ObservationFilter.wrapFilter(ObservationFilterChainDecorator.java:240) ~[spring-security-web-6.2.0.jar:6.2.0]
	at org.springframework.security.web.ObservationFilterChainDecorator$ObservationFilter.doFilter(ObservationFilterChainDecorator.java:227) ~[spring-security-web-6.2.0.jar:6.2.0]
	at org.springframework.security.web.ObservationFilterChainDecorator$VirtualFilterChain.doFilter(ObservationFilterChainDecorator.java:137) ~[spring-security-web-6.2.0.jar:6.2.0]
	at org.springframework.security.web.context.SecurityContextHolderFilter.doFilter(SecurityContextHolderFilter.java:82) ~[spring-security-web-6.2.0.jar:6.2.0]
	at org.springframework.security.web.context.SecurityContextHolderFilter.doFilter(SecurityContextHolderFilter.java:69) ~[spring-security-web-6.2.0.jar:6.2.0]
	at org.springframework.security.web.ObservationFilterChainDecorator$ObservationFilter.wrapFilter(ObservationFilterChainDecorator.java:240) ~[spring-security-web-6.2.0.jar:6.2.0]
	at org.springframework.security.web.ObservationFilterChainDecorator$ObservationFilter.doFilter(ObservationFilterChainDecorator.java:227) ~[spring-security-web-6.2.0.jar:6.2.0]
	at org.springframework.security.web.ObservationFilterChainDecorator$VirtualFilterChain.doFilter(ObservationFilterChainDecorator.java:137) ~[spring-security-web-6.2.0.jar:6.2.0]
	at org.springframework.security.web.context.request.async.WebAsyncManagerIntegrationFilter.doFilterInternal(WebAsyncManagerIntegrationFilter.java:62) ~[spring-security-web-6.2.0.jar:6.2.0]
	at org.springframework.web.filter.OncePerRequestFilter.doFilter(OncePerRequestFilter.java:116) ~[spring-web-6.1.1.jar:6.1.1]
	at org.springframework.security.web.ObservationFilterChainDecorator$ObservationFilter.wrapFilter(ObservationFilterChainDecorator.java:240) ~[spring-security-web-6.2.0.jar:6.2.0]
	at org.springframework.security.web.ObservationFilterChainDecorator$ObservationFilter.doFilter(ObservationFilterChainDecorator.java:227) ~[spring-security-web-6.2.0.jar:6.2.0]
	at org.springframework.security.web.ObservationFilterChainDecorator$VirtualFilterChain.doFilter(ObservationFilterChainDecorator.java:137) ~[spring-security-web-6.2.0.jar:6.2.0]
	at org.springframework.security.web.session.DisableEncodeUrlFilter.doFilterInternal(DisableEncodeUrlFilter.java:42) ~[spring-security-web-6.2.0.jar:6.2.0]
	at org.springframework.web.filter.OncePerRequestFilter.doFilter(OncePerRequestFilter.java:116) ~[spring-web-6.1.1.jar:6.1.1]
	at org.springframework.security.web.ObservationFilterChainDecorator$ObservationFilter.wrapFilter(ObservationFilterChainDecorator.java:240) ~[spring-security-web-6.2.0.jar:6.2.0]
	at org.springframework.security.web.ObservationFilterChainDecorator$AroundFilterObservation$SimpleAroundFilterObservation.lambda$wrap$0(ObservationFilterChainDecorator.java:323) ~[spring-security-web-6.2.0.jar:6.2.0]
	at org.springframework.security.web.ObservationFilterChainDecorator$ObservationFilter.doFilter(ObservationFilterChainDecorator.java:224) ~[spring-security-web-6.2.0.jar:6.2.0]
	at org.springframework.security.web.ObservationFilterChainDecorator$VirtualFilterChain.doFilter(ObservationFilterChainDecorator.java:137) ~[spring-security-web-6.2.0.jar:6.2.0]
	at org.springframework.security.web.FilterChainProxy.doFilterInternal(FilterChainProxy.java:233) ~[spring-security-web-6.2.0.jar:6.2.0]
	at org.springframework.security.web.FilterChainProxy.doFilter(FilterChainProxy.java:191) ~[spring-security-web-6.2.0.jar:6.2.0]
	at org.springframework.web.filter.DelegatingFilterProxy.invokeDelegate(DelegatingFilterProxy.java:352) ~[spring-web-6.1.1.jar:6.1.1]
	at org.springframework.web.filter.DelegatingFilterProxy.doFilter(DelegatingFilterProxy.java:268) ~[spring-web-6.1.1.jar:6.1.1]
	at org.apache.catalina.core.ApplicationFilterChain.internalDoFilter(ApplicationFilterChain.java:174) ~[tomcat-embed-core-10.1.16.jar:10.1.16]
	at org.apache.catalina.core.ApplicationFilterChain.doFilter(ApplicationFilterChain.java:149) ~[tomcat-embed-core-10.1.16.jar:10.1.16]
	at org.springframework.web.filter.RequestContextFilter.doFilterInternal(RequestContextFilter.java:100) ~[spring-web-6.1.1.jar:6.1.1]
	at org.springframework.web.filter.OncePerRequestFilter.doFilter(OncePerRequestFilter.java:116) ~[spring-web-6.1.1.jar:6.1.1]
	at org.apache.catalina.core.ApplicationFilterChain.internalDoFilter(ApplicationFilterChain.java:174) ~[tomcat-embed-core-10.1.16.jar:10.1.16]
	at org.apache.catalina.core.ApplicationFilterChain.doFilter(ApplicationFilterChain.java:149) ~[tomcat-embed-core-10.1.16.jar:10.1.16]
	at org.springframework.web.filter.FormContentFilter.doFilterInternal(FormContentFilter.java:93) ~[spring-web-6.1.1.jar:6.1.1]
	at org.springframework.web.filter.OncePerRequestFilter.doFilter(OncePerRequestFilter.java:116) ~[spring-web-6.1.1.jar:6.1.1]
	at org.apache.catalina.core.ApplicationFilterChain.internalDoFilter(ApplicationFilterChain.java:174) ~[tomcat-embed-core-10.1.16.jar:10.1.16]
	at org.apache.catalina.core.ApplicationFilterChain.doFilter(ApplicationFilterChain.java:149) ~[tomcat-embed-core-10.1.16.jar:10.1.16]
	at org.springframework.web.filter.ServerHttpObservationFilter.doFilterInternal(ServerHttpObservationFilter.java:109) ~[spring-web-6.1.1.jar:6.1.1]
	at org.springframework.web.filter.OncePerRequestFilter.doFilter(OncePerRequestFilter.java:116) ~[spring-web-6.1.1.jar:6.1.1]
	at org.apache.catalina.core.ApplicationFilterChain.internalDoFilter(ApplicationFilterChain.java:174) ~[tomcat-embed-core-10.1.16.jar:10.1.16]
	at org.apache.catalina.core.ApplicationFilterChain.doFilter(ApplicationFilterChain.java:149) ~[tomcat-embed-core-10.1.16.jar:10.1.16]
	at org.springframework.web.filter.CharacterEncodingFilter.doFilterInternal(CharacterEncodingFilter.java:201) ~[spring-web-6.1.1.jar:6.1.1]
	at org.springframework.web.filter.OncePerRequestFilter.doFilter(OncePerRequestFilter.java:116) ~[spring-web-6.1.1.jar:6.1.1]
	at org.apache.catalina.core.ApplicationFilterChain.internalDoFilter(ApplicationFilterChain.java:174) ~[tomcat-embed-core-10.1.16.jar:10.1.16]
	at org.apache.catalina.core.ApplicationFilterChain.doFilter(ApplicationFilterChain.java:149) ~[tomcat-embed-core-10.1.16.jar:10.1.16]
	at org.springframework.web.filter.OncePerRequestFilter.doFilter(OncePerRequestFilter.java:101) ~[spring-web-6.1.1.jar:6.1.1]
	at org.apache.catalina.core.ApplicationFilterChain.internalDoFilter(ApplicationFilterChain.java:174) ~[tomcat-embed-core-10.1.16.jar:10.1.16]
	at org.apache.catalina.core.ApplicationFilterChain.doFilter(ApplicationFilterChain.java:149) ~[tomcat-embed-core-10.1.16.jar:10.1.16]
	at org.apache.catalina.core.StandardWrapperValve.invoke(StandardWrapperValve.java:167) ~[tomcat-embed-core-10.1.16.jar:10.1.16]
	at org.apache.catalina.core.StandardContextValve.invoke(StandardContextValve.java:90) ~[tomcat-embed-core-10.1.16.jar:10.1.16]
	at org.apache.catalina.authenticator.AuthenticatorBase.invoke(AuthenticatorBase.java:482) ~[tomcat-embed-core-10.1.16.jar:10.1.16]
	at org.apache.catalina.core.StandardHostValve.invoke(StandardHostValve.java:115) ~[tomcat-embed-core-10.1.16.jar:10.1.16]
	at org.apache.catalina.valves.ErrorReportValve.invoke(ErrorReportValve.java:93) ~[tomcat-embed-core-10.1.16.jar:10.1.16]
	at org.apache.catalina.core.StandardEngineValve.invoke(StandardEngineValve.java:74) ~[tomcat-embed-core-10.1.16.jar:10.1.16]
	at org.apache.catalina.connector.CoyoteAdapter.service(CoyoteAdapter.java:340) ~[tomcat-embed-core-10.1.16.jar:10.1.16]
	at org.apache.coyote.http11.Http11Processor.service(Http11Processor.java:391) ~[tomcat-embed-core-10.1.16.jar:10.1.16]
	at org.apache.coyote.AbstractProcessorLight.process(AbstractProcessorLight.java:63) ~[tomcat-embed-core-10.1.16.jar:10.1.16]
	at org.apache.coyote.AbstractProtocol$ConnectionHandler.process(AbstractProtocol.java:896) ~[tomcat-embed-core-10.1.16.jar:10.1.16]
	at org.apache.tomcat.util.net.NioEndpoint$SocketProcessor.doRun(NioEndpoint.java:1744) ~[tomcat-embed-core-10.1.16.jar:10.1.16]
	at org.apache.tomcat.util.net.SocketProcessorBase.run(SocketProcessorBase.java:52) ~[tomcat-embed-core-10.1.16.jar:10.1.16]
	at org.apache.tomcat.util.threads.ThreadPoolExecutor.runWorker(ThreadPoolExecutor.java:1191) ~[tomcat-embed-core-10.1.16.jar:10.1.16]
	at org.apache.tomcat.util.threads.ThreadPoolExecutor$Worker.run(ThreadPoolExecutor.java:659) ~[tomcat-embed-core-10.1.16.jar:10.1.16]
	at org.apache.tomcat.util.threads.TaskThread$WrappingRunnable.run(TaskThread.java:61) ~[tomcat-embed-core-10.1.16.jar:10.1.16]
	at java.base/java.lang.Thread.run(Thread.java:833) ~[na:na]
Caused by: java.net.UnknownHostException: smtp.gmail.com
	at java.base/sun.nio.ch.NioSocketImpl.connect(NioSocketImpl.java:564) ~[na:na]
	at java.base/java.net.SocksSocketImpl.connect(SocksSocketImpl.java:327) ~[na:na]
	at java.base/java.net.Socket.connect(Socket.java:633) ~[na:na]
	at java.base/java.net.Socket.connect(Socket.java:583) ~[na:na]
	at org.eclipse.angus.mail.util.SocketFetcher.createSocket(SocketFetcher.java:360) ~[jakarta.mail-2.0.2.jar:na]
	at org.eclipse.angus.mail.util.SocketFetcher.getSocket(SocketFetcher.java:235) ~[jakarta.mail-2.0.2.jar:na]
	at org.eclipse.angus.mail.smtp.SMTPTransport.openServer(SMTPTransport.java:2193) ~[jakarta.mail-2.0.2.jar:na]
	... 171 common frames omitted

2026-05-15T11:22:07.063+05:30  INFO 14864 --- [auth-service] [AsyncResolver-bootstrap-executor-0] c.n.d.s.r.aws.ConfigClusterResolver      : Resolving eureka endpoints via configuration
2026-05-15T11:26:19.856+05:30 DEBUG 14864 --- [auth-service] [http-nio-8081-exec-2] c.p.a.security.UserDetailsServiceImpl    : Loading user by email: aryanborkar03@gmail.com
2026-05-15T11:26:19.918+05:30 DEBUG 14864 --- [auth-service] [http-nio-8081-exec-2] c.parkease.auth.security.JwtAuthFilter   : Authenticated user: aryanborkar03@gmail.com
2026-05-15T11:26:20.011+05:30  INFO 14864 --- [auth-service] [http-nio-8081-exec-2] com.parkease.auth.aspect.LoggingAspect   : >>> Entering  [AuthController.getProfile]
2026-05-15T11:26:20.011+05:30  INFO 14864 --- [auth-service] [http-nio-8081-exec-2] c.p.auth.controller.AuthController       : GET /api/auth/me - user: aryanborkar03@gmail.com
2026-05-15T11:26:20.011+05:30  INFO 14864 --- [auth-service] [http-nio-8081-exec-2] com.parkease.auth.aspect.LoggingAspect   : >>> Entering  [AuthServiceImpl.getProfile]
2026-05-15T11:26:20.017+05:30  INFO 14864 --- [auth-service] [http-nio-8081-exec-2] com.parkease.auth.aspect.LoggingAspect   : <<< Exiting   [AuthServiceImpl.getProfile] | Time: 5 ms
2026-05-15T11:26:20.017+05:30  INFO 14864 --- [auth-service] [http-nio-8081-exec-2] com.parkease.auth.aspect.LoggingAspect   : <<< Exiting   [AuthController.getProfile] | Time: 6 ms
2026-05-15T11:27:07.075+05:30  INFO 14864 --- [auth-service] [AsyncResolver-bootstrap-executor-0] c.n.d.s.r.aws.ConfigClusterResolver      : Resolving eureka endpoints via configuration
2026-05-15T11:27:59.768+05:30  INFO 14864 --- [auth-service] [RMI TCP Connection(32)-127.0.0.1] inMXBeanRegistrar$SpringApplicationAdmin : Application shutdown requested.
2026-05-15T11:27:59.773+05:30  INFO 14864 --- [auth-service] [RMI TCP Connection(32)-127.0.0.1] o.s.c.n.e.s.EurekaServiceRegistry        : Unregistering application AUTH-SERVICE with eureka with status DOWN
2026-05-15T11:27:59.773+05:30  INFO 14864 --- [auth-service] [RMI TCP Connection(32)-127.0.0.1] com.netflix.discovery.DiscoveryClient    : Saw local status change event StatusChangeEvent [timestamp=1778824679773, current=DOWN, previous=UP]
2026-05-15T11:27:59.774+05:30  INFO 14864 --- [auth-service] [DiscoveryClient-InstanceInfoReplicator-0] com.netflix.discovery.DiscoveryClient    : DiscoveryClient_AUTH-SERVICE/localhost:auth-service:8081: registering service...
2026-05-15T11:27:59.819+05:30  INFO 14864 --- [auth-service] [DiscoveryClient-InstanceInfoReplicator-0] com.netflix.discovery.DiscoveryClient    : DiscoveryClient_AUTH-SERVICE/localhost:auth-service:8081 - registration status: 204
2026-05-15T11:27:59.875+05:30  INFO 14864 --- [auth-service] [RMI TCP Connection(32)-127.0.0.1] j.LocalContainerEntityManagerFactoryBean : Closing JPA EntityManagerFactory for persistence unit 'default'
2026-05-15T11:27:59.883+05:30  INFO 14864 --- [auth-service] [RMI TCP Connection(32)-127.0.0.1] com.zaxxer.hikari.HikariDataSource       : HikariPool-1 - Shutdown initiated...
2026-05-15T11:27:59.902+05:30  INFO 14864 --- [auth-service] [RMI TCP Connection(32)-127.0.0.1] com.zaxxer.hikari.HikariDataSource       : HikariPool-1 - Shutdown completed.
2026-05-15T11:27:59.903+05:30  INFO 14864 --- [auth-service] [RMI TCP Connection(32)-127.0.0.1] com.netflix.discovery.DiscoveryClient    : Shutting down DiscoveryClient ...
2026-05-15T11:28:02.905+05:30  INFO 14864 --- [auth-service] [RMI TCP Connection(32)-127.0.0.1] com.netflix.discovery.DiscoveryClient    : Unregistering ...
2026-05-15T11:28:02.915+05:30  INFO 14864 --- [auth-service] [RMI TCP Connection(32)-127.0.0.1] c.n.d.s.t.d.RedirectingEurekaHttpClient  : Request execution error. endpoint=DefaultEndpoint{ serviceUrl='http://localhost:8761/eureka/} exception=Connection pool shut down stacktrace=java.lang.IllegalStateException: Connection pool shut down
	at org.apache.hc.core5.util.Asserts.check(Asserts.java:38)
	at org.apache.hc.core5.pool.StrictConnPool.lease(StrictConnPool.java:176)
	at org.apache.hc.client5.http.impl.io.PoolingHttpClientConnectionManager.lease(PoolingHttpClientConnectionManager.java:298)
	at org.apache.hc.client5.http.impl.classic.InternalExecRuntime.acquireEndpoint(InternalExecRuntime.java:103)
	at org.apache.hc.client5.http.impl.classic.ConnectExec.execute(ConnectExec.java:125)
	at org.apache.hc.client5.http.impl.classic.ExecChainElement.execute(ExecChainElement.java:51)
	at org.apache.hc.client5.http.impl.classic.ProtocolExec.execute(ProtocolExec.java:192)
	at org.apache.hc.client5.http.impl.classic.ExecChainElement.execute(ExecChainElement.java:51)
	at org.apache.hc.client5.http.impl.classic.HttpRequestRetryExec.execute(HttpRequestRetryExec.java:96)
	at org.apache.hc.client5.http.impl.classic.ExecChainElement.execute(ExecChainElement.java:51)
	at org.apache.hc.client5.http.impl.classic.ContentCompressionExec.execute(ContentCompressionExec.java:152)
	at org.apache.hc.client5.http.impl.classic.ExecChainElement.execute(ExecChainElement.java:51)
	at org.apache.hc.client5.http.impl.classic.RedirectExec.execute(RedirectExec.java:115)
	at org.apache.hc.client5.http.impl.classic.ExecChainElement.execute(ExecChainElement.java:51)
	at org.apache.hc.client5.http.impl.classic.InternalHttpClient.doExecute(InternalHttpClient.java:170)
	at org.apache.hc.client5.http.impl.classic.CloseableHttpClient.execute(CloseableHttpClient.java:87)
	at org.apache.hc.client5.http.impl.classic.CloseableHttpClient.execute(CloseableHttpClient.java:55)
	at org.apache.hc.client5.http.classic.HttpClient.executeOpen(HttpClient.java:183)
	at org.springframework.http.client.HttpComponentsClientHttpRequest.executeInternal(HttpComponentsClientHttpRequest.java:95)
	at org.springframework.http.client.AbstractStreamingClientHttpRequest.executeInternal(AbstractStreamingClientHttpRequest.java:70)
	at org.springframework.http.client.AbstractClientHttpRequest.execute(AbstractClientHttpRequest.java:66)
	at org.springframework.http.client.InterceptingClientHttpRequest$InterceptingRequestExecution.execute(InterceptingClientHttpRequest.java:101)
	at org.springframework.cloud.netflix.eureka.http.RestTemplateTransportClientFactory.lambda$restTemplate$0(RestTemplateTransportClientFactory.java:143)
	at org.springframework.http.client.InterceptingClientHttpRequest$InterceptingRequestExecution.execute(InterceptingClientHttpRequest.java:87)
	at org.springframework.http.client.InterceptingClientHttpRequest.executeInternal(InterceptingClientHttpRequest.java:71)
	at org.springframework.http.client.AbstractBufferingClientHttpRequest.executeInternal(AbstractBufferingClientHttpRequest.java:48)
	at org.springframework.http.client.AbstractClientHttpRequest.execute(AbstractClientHttpRequest.java:66)
	at org.springframework.web.client.RestTemplate.doExecute(RestTemplate.java:879)
	at org.springframework.web.client.RestTemplate.execute(RestTemplate.java:781)
	at org.springframework.web.client.RestTemplate.exchange(RestTemplate.java:663)
	at org.springframework.cloud.netflix.eureka.http.RestTemplateEurekaHttpClient.cancel(RestTemplateEurekaHttpClient.java:87)
	at com.netflix.discovery.shared.transport.decorator.EurekaHttpClientDecorator$2.execute(EurekaHttpClientDecorator.java:74)
	at com.netflix.discovery.shared.transport.decorator.RedirectingEurekaHttpClient.execute(RedirectingEurekaHttpClient.java:91)
	at com.netflix.discovery.shared.transport.decorator.EurekaHttpClientDecorator.cancel(EurekaHttpClientDecorator.java:71)
	at com.netflix.discovery.shared.transport.decorator.EurekaHttpClientDecorator$2.execute(EurekaHttpClientDecorator.java:74)
	at com.netflix.discovery.shared.transport.decorator.RetryableEurekaHttpClient.execute(RetryableEurekaHttpClient.java:120)
	at com.netflix.discovery.shared.transport.decorator.EurekaHttpClientDecorator.cancel(EurekaHttpClientDecorator.java:71)
	at com.netflix.discovery.shared.transport.decorator.EurekaHttpClientDecorator$2.execute(EurekaHttpClientDecorator.java:74)
	at com.netflix.discovery.shared.transport.decorator.SessionedEurekaHttpClient.execute(SessionedEurekaHttpClient.java:77)
	at com.netflix.discovery.shared.transport.decorator.EurekaHttpClientDecorator.cancel(EurekaHttpClientDecorator.java:71)
	at com.netflix.discovery.DiscoveryClient.unregister(DiscoveryClient.java:916)
	at com.netflix.discovery.DiscoveryClient.shutdown(DiscoveryClient.java:892)
	at java.base/jdk.internal.reflect.DirectMethodHandleAccessor.invoke(DirectMethodHandleAccessor.java:104)
	at java.base/java.lang.reflect.Method.invoke(Method.java:577)
	at org.springframework.beans.factory.annotation.InitDestroyAnnotationBeanPostProcessor$LifecycleMethod.invoke(InitDestroyAnnotationBeanPostProcessor.java:457)
	at org.springframework.beans.factory.annotation.InitDestroyAnnotationBeanPostProcessor$LifecycleMetadata.invokeDestroyMethods(InitDestroyAnnotationBeanPostProcessor.java:415)
	at org.springframework.beans.factory.annotation.InitDestroyAnnotationBeanPostProcessor.postProcessBeforeDestruction(InitDestroyAnnotationBeanPostProcessor.java:239)
	at org.springframework.beans.factory.support.DisposableBeanAdapter.destroy(DisposableBeanAdapter.java:202)
	at org.springframework.beans.factory.support.DisposableBeanAdapter.run(DisposableBeanAdapter.java:195)
	at org.springframework.cloud.context.scope.GenericScope$BeanLifecycleWrapper.destroy(GenericScope.java:389)
	at org.springframework.cloud.context.scope.GenericScope.destroy(GenericScope.java:136)
	at org.springframework.beans.factory.support.DisposableBeanAdapter.destroy(DisposableBeanAdapter.java:211)
	at org.springframework.beans.factory.support.DefaultSingletonBeanRegistry.destroyBean(DefaultSingletonBeanRegistry.java:587)
	at org.springframework.beans.factory.support.DefaultSingletonBeanRegistry.destroySingleton(DefaultSingletonBeanRegistry.java:559)
	at org.springframework.beans.factory.support.DefaultListableBeanFactory.destroySingleton(DefaultListableBeanFactory.java:1200)
	at org.springframework.beans.factory.support.DefaultSingletonBeanRegistry.destroySingletons(DefaultSingletonBeanRegistry.java:520)
	at org.springframework.beans.factory.support.DefaultListableBeanFactory.destroySingletons(DefaultListableBeanFactory.java:1193)
	at org.springframework.context.support.AbstractApplicationContext.destroyBeans(AbstractApplicationContext.java:1125)
	at org.springframework.context.support.AbstractApplicationContext.doClose(AbstractApplicationContext.java:1086)
	at org.springframework.boot.web.servlet.context.ServletWebServerApplicationContext.doClose(ServletWebServerApplicationContext.java:174)
	at org.springframework.context.support.AbstractApplicationContext.close(AbstractApplicationContext.java:1037)
	at org.springframework.boot.admin.SpringApplicationAdminMXBeanRegistrar$SpringApplicationAdmin.shutdown(SpringApplicationAdminMXBeanRegistrar.java:160)
	at java.base/jdk.internal.reflect.DirectMethodHandleAccessor.invoke(DirectMethodHandleAccessor.java:104)
	at java.base/java.lang.reflect.Method.invoke(Method.java:577)
	at sun.reflect.misc.Trampoline.invoke(MethodUtil.java:72)
	at java.base/jdk.internal.reflect.DirectMethodHandleAccessor.invoke(DirectMethodHandleAccessor.java:104)
	at java.base/java.lang.reflect.Method.invoke(Method.java:577)
	at java.base/sun.reflect.misc.MethodUtil.invoke(MethodUtil.java:262)
	at java.management/com.sun.jmx.mbeanserver.ConvertingMethod.invokeWithOpenReturn(ConvertingMethod.java:193)
	at java.management/com.sun.jmx.mbeanserver.ConvertingMethod.invokeWithOpenReturn(ConvertingMethod.java:175)
	at java.management/com.sun.jmx.mbeanserver.MXBeanIntrospector.invokeM2(MXBeanIntrospector.java:117)
	at java.management/com.sun.jmx.mbeanserver.MXBeanIntrospector.invokeM2(MXBeanIntrospector.java:54)
	at java.management/com.sun.jmx.mbeanserver.MBeanIntrospector.invokeM(MBeanIntrospector.java:237)
	at java.management/com.sun.jmx.mbeanserver.PerInterface.invoke(PerInterface.java:138)
	at java.management/com.sun.jmx.mbeanserver.MBeanSupport.invoke(MBeanSupport.java:252)
	at java.management/com.sun.jmx.interceptor.DefaultMBeanServerInterceptor.invoke(DefaultMBeanServerInterceptor.java:811)
	at java.management/com.sun.jmx.mbeanserver.JmxMBeanServer.invoke(JmxMBeanServer.java:802)
	at java.management.rmi/javax.management.remote.rmi.RMIConnectionImpl.doOperation(RMIConnectionImpl.java:1472)
	at java.management.rmi/javax.management.remote.rmi.RMIConnectionImpl$PrivilegedOperation.run(RMIConnectionImpl.java:1310)
	at java.management.rmi/javax.management.remote.rmi.RMIConnectionImpl.doPrivilegedOperation(RMIConnectionImpl.java:1405)
	at java.management.rmi/javax.management.remote.rmi.RMIConnectionImpl.invoke(RMIConnectionImpl.java:829)
	at java.base/jdk.internal.reflect.DirectMethodHandleAccessor.invoke(DirectMethodHandleAccessor.java:104)
	at java.base/java.lang.reflect.Method.invoke(Method.java:577)
	at java.rmi/sun.rmi.server.UnicastServerRef.dispatch(UnicastServerRef.java:360)
	at java.rmi/sun.rmi.transport.Transport$1.run(Transport.java:200)
	at java.rmi/sun.rmi.transport.Transport$1.run(Transport.java:197)
	at java.base/java.security.AccessController.doPrivileged(AccessController.java:712)
	at java.rmi/sun.rmi.transport.Transport.serviceCall(Transport.java:196)
	at java.rmi/sun.rmi.transport.tcp.TCPTransport.handleMessages(TCPTransport.java:598)
	at java.rmi/sun.rmi.transport.tcp.TCPTransport$ConnectionHandler.run0(TCPTransport.java:844)
	at java.rmi/sun.rmi.transport.tcp.TCPTransport$ConnectionHandler.lambda$run$0(TCPTransport.java:721)
	at java.base/java.security.AccessController.doPrivileged(AccessController.java:399)
	at java.rmi/sun.rmi.transport.tcp.TCPTransport$ConnectionHandler.run(TCPTransport.java:720)
	at java.base/java.util.concurrent.ThreadPoolExecutor.runWorker(ThreadPoolExecutor.java:1136)
	at java.base/java.util.concurrent.ThreadPoolExecutor$Worker.run(ThreadPoolExecutor.java:635)
	at java.base/java.lang.Thread.run(Thread.java:833)

2026-05-15T11:28:02.916+05:30  WARN 14864 --- [auth-service] [RMI TCP Connection(32)-127.0.0.1] c.n.d.s.t.d.RetryableEurekaHttpClient    : Request execution failed with message: Connection pool shut down
2026-05-15T11:28:02.920+05:30  INFO 14864 --- [auth-service] [RMI TCP Connection(32)-127.0.0.1] c.n.d.s.t.d.RedirectingEurekaHttpClient  : Request execution error. endpoint=DefaultEndpoint{ serviceUrl='http://localhost:8761/eureka/}, exception=Connection pool shut down stacktrace=java.lang.IllegalStateException: Connection pool shut down
	at org.apache.hc.core5.util.Asserts.check(Asserts.java:38)
	at org.apache.hc.core5.pool.StrictConnPool.lease(StrictConnPool.java:176)
	at org.apache.hc.client5.http.impl.io.PoolingHttpClientConnectionManager.lease(PoolingHttpClientConnectionManager.java:298)
	at org.apache.hc.client5.http.impl.classic.InternalExecRuntime.acquireEndpoint(InternalExecRuntime.java:103)
	at org.apache.hc.client5.http.impl.classic.ConnectExec.execute(ConnectExec.java:125)
	at org.apache.hc.client5.http.impl.classic.ExecChainElement.execute(ExecChainElement.java:51)
	at org.apache.hc.client5.http.impl.classic.ProtocolExec.execute(ProtocolExec.java:192)
	at org.apache.hc.client5.http.impl.classic.ExecChainElement.execute(ExecChainElement.java:51)
	at org.apache.hc.client5.http.impl.classic.HttpRequestRetryExec.execute(HttpRequestRetryExec.java:96)
	at org.apache.hc.client5.http.impl.classic.ExecChainElement.execute(ExecChainElement.java:51)
	at org.apache.hc.client5.http.impl.classic.ContentCompressionExec.execute(ContentCompressionExec.java:152)
	at org.apache.hc.client5.http.impl.classic.ExecChainElement.execute(ExecChainElement.java:51)
	at org.apache.hc.client5.http.impl.classic.RedirectExec.execute(RedirectExec.java:115)
	at org.apache.hc.client5.http.impl.classic.ExecChainElement.execute(ExecChainElement.java:51)
	at org.apache.hc.client5.http.impl.classic.InternalHttpClient.doExecute(InternalHttpClient.java:170)
	at org.apache.hc.client5.http.impl.classic.CloseableHttpClient.execute(CloseableHttpClient.java:87)
	at org.apache.hc.client5.http.impl.classic.CloseableHttpClient.execute(CloseableHttpClient.java:55)
	at org.apache.hc.client5.http.classic.HttpClient.executeOpen(HttpClient.java:183)
	at org.springframework.http.client.HttpComponentsClientHttpRequest.executeInternal(HttpComponentsClientHttpRequest.java:95)
	at org.springframework.http.client.AbstractStreamingClientHttpRequest.executeInternal(AbstractStreamingClientHttpRequest.java:70)
	at org.springframework.http.client.AbstractClientHttpRequest.execute(AbstractClientHttpRequest.java:66)
	at org.springframework.http.client.InterceptingClientHttpRequest$InterceptingRequestExecution.execute(InterceptingClientHttpRequest.java:101)
	at org.springframework.cloud.netflix.eureka.http.RestTemplateTransportClientFactory.lambda$restTemplate$0(RestTemplateTransportClientFactory.java:143)
	at org.springframework.http.client.InterceptingClientHttpRequest$InterceptingRequestExecution.execute(InterceptingClientHttpRequest.java:87)
	at org.springframework.http.client.InterceptingClientHttpRequest.executeInternal(InterceptingClientHttpRequest.java:71)
	at org.springframework.http.client.AbstractBufferingClientHttpRequest.executeInternal(AbstractBufferingClientHttpRequest.java:48)
	at org.springframework.http.client.AbstractClientHttpRequest.execute(AbstractClientHttpRequest.java:66)
	at org.springframework.web.client.RestTemplate.doExecute(RestTemplate.java:879)
	at org.springframework.web.client.RestTemplate.execute(RestTemplate.java:781)
	at org.springframework.web.client.RestTemplate.exchange(RestTemplate.java:663)
	at org.springframework.cloud.netflix.eureka.http.RestTemplateEurekaHttpClient.cancel(RestTemplateEurekaHttpClient.java:87)
	at com.netflix.discovery.shared.transport.decorator.EurekaHttpClientDecorator$2.execute(EurekaHttpClientDecorator.java:74)
	at com.netflix.discovery.shared.transport.decorator.RedirectingEurekaHttpClient.executeOnNewServer(RedirectingEurekaHttpClient.java:121)
	at com.netflix.discovery.shared.transport.decorator.RedirectingEurekaHttpClient.execute(RedirectingEurekaHttpClient.java:80)
	at com.netflix.discovery.shared.transport.decorator.EurekaHttpClientDecorator.cancel(EurekaHttpClientDecorator.java:71)
	at com.netflix.discovery.shared.transport.decorator.EurekaHttpClientDecorator$2.execute(EurekaHttpClientDecorator.java:74)
	at com.netflix.discovery.shared.transport.decorator.RetryableEurekaHttpClient.execute(RetryableEurekaHttpClient.java:120)
	at com.netflix.discovery.shared.transport.decorator.EurekaHttpClientDecorator.cancel(EurekaHttpClientDecorator.java:71)
	at com.netflix.discovery.shared.transport.decorator.EurekaHttpClientDecorator$2.execute(EurekaHttpClientDecorator.java:74)
	at com.netflix.discovery.shared.transport.decorator.SessionedEurekaHttpClient.execute(SessionedEurekaHttpClient.java:77)
	at com.netflix.discovery.shared.transport.decorator.EurekaHttpClientDecorator.cancel(EurekaHttpClientDecorator.java:71)
	at com.netflix.discovery.DiscoveryClient.unregister(DiscoveryClient.java:916)
	at com.netflix.discovery.DiscoveryClient.shutdown(DiscoveryClient.java:892)
	at java.base/jdk.internal.reflect.DirectMethodHandleAccessor.invoke(DirectMethodHandleAccessor.java:104)
	at java.base/java.lang.reflect.Method.invoke(Method.java:577)
	at org.springframework.beans.factory.annotation.InitDestroyAnnotationBeanPostProcessor$LifecycleMethod.invoke(InitDestroyAnnotationBeanPostProcessor.java:457)
	at org.springframework.beans.factory.annotation.InitDestroyAnnotationBeanPostProcessor$LifecycleMetadata.invokeDestroyMethods(InitDestroyAnnotationBeanPostProcessor.java:415)
	at org.springframework.beans.factory.annotation.InitDestroyAnnotationBeanPostProcessor.postProcessBeforeDestruction(InitDestroyAnnotationBeanPostProcessor.java:239)
	at org.springframework.beans.factory.support.DisposableBeanAdapter.destroy(DisposableBeanAdapter.java:202)
	at org.springframework.beans.factory.support.DisposableBeanAdapter.run(DisposableBeanAdapter.java:195)
	at org.springframework.cloud.context.scope.GenericScope$BeanLifecycleWrapper.destroy(GenericScope.java:389)
	at org.springframework.cloud.context.scope.GenericScope.destroy(GenericScope.java:136)
	at org.springframework.beans.factory.support.DisposableBeanAdapter.destroy(DisposableBeanAdapter.java:211)
	at org.springframework.beans.factory.support.DefaultSingletonBeanRegistry.destroyBean(DefaultSingletonBeanRegistry.java:587)
	at org.springframework.beans.factory.support.DefaultSingletonBeanRegistry.destroySingleton(DefaultSingletonBeanRegistry.java:559)
	at org.springframework.beans.factory.support.DefaultListableBeanFactory.destroySingleton(DefaultListableBeanFactory.java:1200)
	at org.springframework.beans.factory.support.DefaultSingletonBeanRegistry.destroySingletons(DefaultSingletonBeanRegistry.java:520)
	at org.springframework.beans.factory.support.DefaultListableBeanFactory.destroySingletons(DefaultListableBeanFactory.java:1193)
	at org.springframework.context.support.AbstractApplicationContext.destroyBeans(AbstractApplicationContext.java:1125)
	at org.springframework.context.support.AbstractApplicationContext.doClose(AbstractApplicationContext.java:1086)
	at org.springframework.boot.web.servlet.context.ServletWebServerApplicationContext.doClose(ServletWebServerApplicationContext.java:174)
	at org.springframework.context.support.AbstractApplicationContext.close(AbstractApplicationContext.java:1037)
	at org.springframework.boot.admin.SpringApplicationAdminMXBeanRegistrar$SpringApplicationAdmin.shutdown(SpringApplicationAdminMXBeanRegistrar.java:160)
	at java.base/jdk.internal.reflect.DirectMethodHandleAccessor.invoke(DirectMethodHandleAccessor.java:104)
	at java.base/java.lang.reflect.Method.invoke(Method.java:577)
	at sun.reflect.misc.Trampoline.invoke(MethodUtil.java:72)
	at java.base/jdk.internal.reflect.DirectMethodHandleAccessor.invoke(DirectMethodHandleAccessor.java:104)
	at java.base/java.lang.reflect.Method.invoke(Method.java:577)
	at java.base/sun.reflect.misc.MethodUtil.invoke(MethodUtil.java:262)
	at java.management/com.sun.jmx.mbeanserver.ConvertingMethod.invokeWithOpenReturn(ConvertingMethod.java:193)
	at java.management/com.sun.jmx.mbeanserver.ConvertingMethod.invokeWithOpenReturn(ConvertingMethod.java:175)
	at java.management/com.sun.jmx.mbeanserver.MXBeanIntrospector.invokeM2(MXBeanIntrospector.java:117)
	at java.management/com.sun.jmx.mbeanserver.MXBeanIntrospector.invokeM2(MXBeanIntrospector.java:54)
	at java.management/com.sun.jmx.mbeanserver.MBeanIntrospector.invokeM(MBeanIntrospector.java:237)
	at java.management/com.sun.jmx.mbeanserver.PerInterface.invoke(PerInterface.java:138)
	at java.management/com.sun.jmx.mbeanserver.MBeanSupport.invoke(MBeanSupport.java:252)
	at java.management/com.sun.jmx.interceptor.DefaultMBeanServerInterceptor.invoke(DefaultMBeanServerInterceptor.java:811)
	at java.management/com.sun.jmx.mbeanserver.JmxMBeanServer.invoke(JmxMBeanServer.java:802)
	at java.management.rmi/javax.management.remote.rmi.RMIConnectionImpl.doOperation(RMIConnectionImpl.java:1472)
	at java.management.rmi/javax.management.remote.rmi.RMIConnectionImpl$PrivilegedOperation.run(RMIConnectionImpl.java:1310)
	at java.management.rmi/javax.management.remote.rmi.RMIConnectionImpl.doPrivilegedOperation(RMIConnectionImpl.java:1405)
	at java.management.rmi/javax.management.remote.rmi.RMIConnectionImpl.invoke(RMIConnectionImpl.java:829)
	at java.base/jdk.internal.reflect.DirectMethodHandleAccessor.invoke(DirectMethodHandleAccessor.java:104)
	at java.base/java.lang.reflect.Method.invoke(Method.java:577)
	at java.rmi/sun.rmi.server.UnicastServerRef.dispatch(UnicastServerRef.java:360)
	at java.rmi/sun.rmi.transport.Transport$1.run(Transport.java:200)
	at java.rmi/sun.rmi.transport.Transport$1.run(Transport.java:197)
	at java.base/java.security.AccessController.doPrivileged(AccessController.java:712)
	at java.rmi/sun.rmi.transport.Transport.serviceCall(Transport.java:196)
	at java.rmi/sun.rmi.transport.tcp.TCPTransport.handleMessages(TCPTransport.java:598)
	at java.rmi/sun.rmi.transport.tcp.TCPTransport$ConnectionHandler.run0(TCPTransport.java:844)
	at java.rmi/sun.rmi.transport.tcp.TCPTransport$ConnectionHandler.lambda$run$0(TCPTransport.java:721)
	at java.base/java.security.AccessController.doPrivileged(AccessController.java:399)
	at java.rmi/sun.rmi.transport.tcp.TCPTransport$ConnectionHandler.run(TCPTransport.java:720)
	at java.base/java.util.concurrent.ThreadPoolExecutor.runWorker(ThreadPoolExecutor.java:1136)
	at java.base/java.util.concurrent.ThreadPoolExecutor$Worker.run(ThreadPoolExecutor.java:635)
	at java.base/java.lang.Thread.run(Thread.java:833)

2026-05-15T11:28:02.921+05:30  WARN 14864 --- [auth-service] [RMI TCP Connection(32)-127.0.0.1] c.n.d.s.t.d.RetryableEurekaHttpClient    : Request execution failed with message: Connection pool shut down
2026-05-15T11:28:02.921+05:30 ERROR 14864 --- [auth-service] [RMI TCP Connection(32)-127.0.0.1] com.netflix.discovery.DiscoveryClient    : DiscoveryClient_AUTH-SERVICE/localhost:auth-service:8081 - de-registration failedCannot execute request on any known server

com.netflix.discovery.shared.transport.TransportException: Cannot execute request on any known server
	at com.netflix.discovery.shared.transport.decorator.RetryableEurekaHttpClient.execute(RetryableEurekaHttpClient.java:112) ~[eureka-client-2.0.2.jar:2.0.2]
	at com.netflix.discovery.shared.transport.decorator.EurekaHttpClientDecorator.cancel(EurekaHttpClientDecorator.java:71) ~[eureka-client-2.0.2.jar:2.0.2]
	at com.netflix.discovery.shared.transport.decorator.EurekaHttpClientDecorator$2.execute(EurekaHttpClientDecorator.java:74) ~[eureka-client-2.0.2.jar:2.0.2]
	at com.netflix.discovery.shared.transport.decorator.SessionedEurekaHttpClient.execute(SessionedEurekaHttpClient.java:77) ~[eureka-client-2.0.2.jar:2.0.2]
	at com.netflix.discovery.shared.transport.decorator.EurekaHttpClientDecorator.cancel(EurekaHttpClientDecorator.java:71) ~[eureka-client-2.0.2.jar:2.0.2]
	at com.netflix.discovery.DiscoveryClient.unregister(DiscoveryClient.java:916) ~[eureka-client-2.0.2.jar:2.0.2]
	at com.netflix.discovery.DiscoveryClient.shutdown(DiscoveryClient.java:892) ~[eureka-client-2.0.2.jar:2.0.2]
	at java.base/jdk.internal.reflect.DirectMethodHandleAccessor.invoke(DirectMethodHandleAccessor.java:104) ~[na:na]
	at java.base/java.lang.reflect.Method.invoke(Method.java:577) ~[na:na]
	at org.springframework.beans.factory.annotation.InitDestroyAnnotationBeanPostProcessor$LifecycleMethod.invoke(InitDestroyAnnotationBeanPostProcessor.java:457) ~[spring-beans-6.1.1.jar:6.1.1]
	at org.springframework.beans.factory.annotation.InitDestroyAnnotationBeanPostProcessor$LifecycleMetadata.invokeDestroyMethods(InitDestroyAnnotationBeanPostProcessor.java:415) ~[spring-beans-6.1.1.jar:6.1.1]
	at org.springframework.beans.factory.annotation.InitDestroyAnnotationBeanPostProcessor.postProcessBeforeDestruction(InitDestroyAnnotationBeanPostProcessor.java:239) ~[spring-beans-6.1.1.jar:6.1.1]
	at org.springframework.beans.factory.support.DisposableBeanAdapter.destroy(DisposableBeanAdapter.java:202) ~[spring-beans-6.1.1.jar:6.1.1]
	at org.springframework.beans.factory.support.DisposableBeanAdapter.run(DisposableBeanAdapter.java:195) ~[spring-beans-6.1.1.jar:6.1.1]
	at org.springframework.cloud.context.scope.GenericScope$BeanLifecycleWrapper.destroy(GenericScope.java:389) ~[spring-cloud-context-4.1.2.jar:4.1.2]
	at org.springframework.cloud.context.scope.GenericScope.destroy(GenericScope.java:136) ~[spring-cloud-context-4.1.2.jar:4.1.2]
	at org.springframework.beans.factory.support.DisposableBeanAdapter.destroy(DisposableBeanAdapter.java:211) ~[spring-beans-6.1.1.jar:6.1.1]
	at org.springframework.beans.factory.support.DefaultSingletonBeanRegistry.destroyBean(DefaultSingletonBeanRegistry.java:587) ~[spring-beans-6.1.1.jar:6.1.1]
	at org.springframework.beans.factory.support.DefaultSingletonBeanRegistry.destroySingleton(DefaultSingletonBeanRegistry.java:559) ~[spring-beans-6.1.1.jar:6.1.1]
	at org.springframework.beans.factory.support.DefaultListableBeanFactory.destroySingleton(DefaultListableBeanFactory.java:1200) ~[spring-beans-6.1.1.jar:6.1.1]
	at org.springframework.beans.factory.support.DefaultSingletonBeanRegistry.destroySingletons(DefaultSingletonBeanRegistry.java:520) ~[spring-beans-6.1.1.jar:6.1.1]
	at org.springframework.beans.factory.support.DefaultListableBeanFactory.destroySingletons(DefaultListableBeanFactory.java:1193) ~[spring-beans-6.1.1.jar:6.1.1]
	at org.springframework.context.support.AbstractApplicationContext.destroyBeans(AbstractApplicationContext.java:1125) ~[spring-context-6.1.1.jar:6.1.1]
	at org.springframework.context.support.AbstractApplicationContext.doClose(AbstractApplicationContext.java:1086) ~[spring-context-6.1.1.jar:6.1.1]
	at org.springframework.boot.web.servlet.context.ServletWebServerApplicationContext.doClose(ServletWebServerApplicationContext.java:174) ~[spring-boot-3.2.0.jar:3.2.0]
	at org.springframework.context.support.AbstractApplicationContext.close(AbstractApplicationContext.java:1037) ~[spring-context-6.1.1.jar:6.1.1]
	at org.springframework.boot.admin.SpringApplicationAdminMXBeanRegistrar$SpringApplicationAdmin.shutdown(SpringApplicationAdminMXBeanRegistrar.java:160) ~[spring-boot-3.2.0.jar:3.2.0]
	at java.base/jdk.internal.reflect.DirectMethodHandleAccessor.invoke(DirectMethodHandleAccessor.java:104) ~[na:na]
	at java.base/java.lang.reflect.Method.invoke(Method.java:577) ~[na:na]
	at sun.reflect.misc.Trampoline.invoke(MethodUtil.java:72) ~[na:na]
	at java.base/jdk.internal.reflect.DirectMethodHandleAccessor.invoke(DirectMethodHandleAccessor.java:104) ~[na:na]
	at java.base/java.lang.reflect.Method.invoke(Method.java:577) ~[na:na]
	at java.base/sun.reflect.misc.MethodUtil.invoke(MethodUtil.java:262) ~[na:na]
	at java.management/com.sun.jmx.mbeanserver.ConvertingMethod.invokeWithOpenReturn(ConvertingMethod.java:193) ~[na:na]
	at java.management/com.sun.jmx.mbeanserver.ConvertingMethod.invokeWithOpenReturn(ConvertingMethod.java:175) ~[na:na]
	at java.management/com.sun.jmx.mbeanserver.MXBeanIntrospector.invokeM2(MXBeanIntrospector.java:117) ~[na:na]
	at java.management/com.sun.jmx.mbeanserver.MXBeanIntrospector.invokeM2(MXBeanIntrospector.java:54) ~[na:na]
	at java.management/com.sun.jmx.mbeanserver.MBeanIntrospector.invokeM(MBeanIntrospector.java:237) ~[na:na]
	at java.management/com.sun.jmx.mbeanserver.PerInterface.invoke(PerInterface.java:138) ~[na:na]
	at java.management/com.sun.jmx.mbeanserver.MBeanSupport.invoke(MBeanSupport.java:252) ~[na:na]
	at java.management/com.sun.jmx.interceptor.DefaultMBeanServerInterceptor.invoke(DefaultMBeanServerInterceptor.java:811) ~[na:na]
	at java.management/com.sun.jmx.mbeanserver.JmxMBeanServer.invoke(JmxMBeanServer.java:802) ~[na:na]
	at java.management.rmi/javax.management.remote.rmi.RMIConnectionImpl.doOperation(RMIConnectionImpl.java:1472) ~[na:na]
	at java.management.rmi/javax.management.remote.rmi.RMIConnectionImpl$PrivilegedOperation.run(RMIConnectionImpl.java:1310) ~[na:na]
	at java.management.rmi/javax.management.remote.rmi.RMIConnectionImpl.doPrivilegedOperation(RMIConnectionImpl.java:1405) ~[na:na]
	at java.management.rmi/javax.management.remote.rmi.RMIConnectionImpl.invoke(RMIConnectionImpl.java:829) ~[na:na]
	at java.base/jdk.internal.reflect.DirectMethodHandleAccessor.invoke(DirectMethodHandleAccessor.java:104) ~[na:na]
	at java.base/java.lang.reflect.Method.invoke(Method.java:577) ~[na:na]
	at java.rmi/sun.rmi.server.UnicastServerRef.dispatch(UnicastServerRef.java:360) ~[na:na]
	at java.rmi/sun.rmi.transport.Transport$1.run(Transport.java:200) ~[na:na]
	at java.rmi/sun.rmi.transport.Transport$1.run(Transport.java:197) ~[na:na]
	at java.base/java.security.AccessController.doPrivileged(AccessController.java:712) ~[na:na]
	at java.rmi/sun.rmi.transport.Transport.serviceCall(Transport.java:196) ~[na:na]
	at java.rmi/sun.rmi.transport.tcp.TCPTransport.handleMessages(TCPTransport.java:598) ~[na:na]
	at java.rmi/sun.rmi.transport.tcp.TCPTransport$ConnectionHandler.run0(TCPTransport.java:844) ~[na:na]
	at java.rmi/sun.rmi.transport.tcp.TCPTransport$ConnectionHandler.lambda$run$0(TCPTransport.java:721) ~[na:na]
	at java.base/java.security.AccessController.doPrivileged(AccessController.java:399) ~[na:na]
	at java.rmi/sun.rmi.transport.tcp.TCPTransport$ConnectionHandler.run(TCPTransport.java:720) ~[na:na]
	at java.base/java.util.concurrent.ThreadPoolExecutor.runWorker(ThreadPoolExecutor.java:1136) ~[na:na]
	at java.base/java.util.concurrent.ThreadPoolExecutor$Worker.run(ThreadPoolExecutor.java:635) ~[na:na]
	at java.base/java.lang.Thread.run(Thread.java:833) ~[na:na]

2026-05-15T11:28:02.931+05:30  INFO 14864 --- [auth-service] [RMI TCP Connection(32)-127.0.0.1] com.netflix.discovery.DiscoveryClient    : Completed shut down of DiscoveryClient
