2026-05-16T00:50:45.357+05:30  WARN 3092 --- [admin-server] [parallel-2] d.c.b.a.server.services.IntervalCheck    : Unexpected error in info-check

reactor.core.Exceptions$OverflowException: Could not emit tick 16 due to lack of requests (interval doesn't support small downstream requests that replenish slower than the ticks)
	at reactor.core.Exceptions.failWithOverflow(Exceptions.java:249) ~[reactor-core-3.6.0.jar:3.6.0]
	at reactor.core.publisher.FluxInterval$IntervalRunnable.run(FluxInterval.java:131) ~[reactor-core-3.6.0.jar:3.6.0]
	at reactor.core.scheduler.PeriodicWorkerTask.call(PeriodicWorkerTask.java:59) ~[reactor-core-3.6.0.jar:3.6.0]
	at reactor.core.scheduler.PeriodicWorkerTask.run(PeriodicWorkerTask.java:73) ~[reactor-core-3.6.0.jar:3.6.0]
	at java.base/java.util.concurrent.Executors$RunnableAdapter.call(Executors.java:539) ~[na:na]
	at java.base/java.util.concurrent.FutureTask.runAndReset(FutureTask.java:305) ~[na:na]
	at java.base/java.util.concurrent.ScheduledThreadPoolExecutor$ScheduledFutureTask.run(ScheduledThreadPoolExecutor.java:305) ~[na:na]
	at java.base/java.util.concurrent.ThreadPoolExecutor.runWorker(ThreadPoolExecutor.java:1136) ~[na:na]
	at java.base/java.util.concurrent.ThreadPoolExecutor$Worker.run(ThreadPoolExecutor.java:635) ~[na:na]
	at java.base/java.lang.Thread.run(Thread.java:833) ~[na:na]

2026-05-16T00:50:46.330+05:30  WARN 3092 --- [admin-server] [parallel-1] d.c.b.a.server.services.IntervalCheck    : Unexpected error in status-check

reactor.core.Exceptions$OverflowException: Could not emit tick 96 due to lack of requests (interval doesn't support small downstream requests that replenish slower than the ticks)
	at reactor.core.Exceptions.failWithOverflow(Exceptions.java:249) ~[reactor-core-3.6.0.jar:3.6.0]
	at reactor.core.publisher.FluxInterval$IntervalRunnable.run(FluxInterval.java:131) ~[reactor-core-3.6.0.jar:3.6.0]
	at reactor.core.scheduler.PeriodicWorkerTask.call(PeriodicWorkerTask.java:59) ~[reactor-core-3.6.0.jar:3.6.0]
	at reactor.core.scheduler.PeriodicWorkerTask.run(PeriodicWorkerTask.java:73) ~[reactor-core-3.6.0.jar:3.6.0]
	at java.base/java.util.concurrent.Executors$RunnableAdapter.call(Executors.java:539) ~[na:na]
	at java.base/java.util.concurrent.FutureTask.runAndReset(FutureTask.java:305) ~[na:na]
	at java.base/java.util.concurrent.ScheduledThreadPoolExecutor$ScheduledFutureTask.run(ScheduledThreadPoolExecutor.java:305) ~[na:na]
	at java.base/java.util.concurrent.ThreadPoolExecutor.runWorker(ThreadPoolExecutor.java:1136) ~[na:na]
	at java.base/java.util.concurrent.ThreadPoolExecutor$Worker.run(ThreadPoolExecutor.java:635) ~[na:na]
	at java.base/java.lang.Thread.run(Thread.java:833) ~[na:na]

2026-05-16T02:36:37.437+05:30  WARN 3092 --- [admin-server] [parallel-3] d.c.b.a.server.services.IntervalCheck    : Unexpected error in status-check

reactor.core.Exceptions$OverflowException: Could not emit tick 500 due to lack of requests (interval doesn't support small downstream requests that replenish slower than the ticks)
	at reactor.core.Exceptions.failWithOverflow(Exceptions.java:249) ~[reactor-core-3.6.0.jar:3.6.0]
	at reactor.core.publisher.FluxInterval$IntervalRunnable.run(FluxInterval.java:131) ~[reactor-core-3.6.0.jar:3.6.0]
	at reactor.core.scheduler.PeriodicWorkerTask.call(PeriodicWorkerTask.java:59) ~[reactor-core-3.6.0.jar:3.6.0]
	at reactor.core.scheduler.PeriodicWorkerTask.run(PeriodicWorkerTask.java:73) ~[reactor-core-3.6.0.jar:3.6.0]
	at java.base/java.util.concurrent.Executors$RunnableAdapter.call(Executors.java:539) ~[na:na]
	at java.base/java.util.concurrent.FutureTask.runAndReset(FutureTask.java:305) ~[na:na]
	at java.base/java.util.concurrent.ScheduledThreadPoolExecutor$ScheduledFutureTask.run(ScheduledThreadPoolExecutor.java:305) ~[na:na]
	at java.base/java.util.concurrent.ThreadPoolExecutor.runWorker(ThreadPoolExecutor.java:1136) ~[na:na]
	at java.base/java.util.concurrent.ThreadPoolExecutor$Worker.run(ThreadPoolExecutor.java:635) ~[na:na]
	at java.base/java.lang.Thread.run(Thread.java:833) ~[na:na]

2026-05-16T02:36:37.917+05:30  INFO 3092 --- [admin-server] [reactor-http-nio-10] d.c.b.a.server.services.StatusUpdater    : Couldn't retrieve status for Instance(id=37495e591e4c, version=0, registration=Registration(name=discovery-service, managementUrl=http://192.168.74.1:8761/actuator, healthUrl=http://192.168.74.1:8761/actuator/health, serviceUrl=http://192.168.74.1:8761/, source=http-api), registered=true, statusInfo=StatusInfo(status=UNKNOWN, details={}), statusTimestamp=2026-05-15T21:06:37.583943300Z, info=Info(values={}), endpoints=Endpoints(endpoints={health=Endpoint(id=health, url=http://192.168.74.1:8761/actuator/health)}), buildVersion=null, tags=Tags(values={}))

org.springframework.web.reactive.function.client.WebClientRequestException: Network is unreachable: no further information: /192.168.74.1:8761
	at org.springframework.web.reactive.function.client.ExchangeFunctions$DefaultExchangeFunction.lambda$wrapException$9(ExchangeFunctions.java:136) ~[spring-webflux-6.1.1.jar:6.1.1]
	Suppressed: reactor.core.publisher.FluxOnAssembly$OnAssemblyException: 
Error has been observed at the following site(s):
	*__checkpoint ⇢ Request to GET health [DefaultWebClient]
Original Stack Trace:
		at org.springframework.web.reactive.function.client.ExchangeFunctions$DefaultExchangeFunction.lambda$wrapException$9(ExchangeFunctions.java:136) ~[spring-webflux-6.1.1.jar:6.1.1]
		at reactor.core.publisher.MonoErrorSupplied.subscribe(MonoErrorSupplied.java:55) ~[reactor-core-3.6.0.jar:3.6.0]
		at reactor.core.publisher.Mono.subscribe(Mono.java:4512) ~[reactor-core-3.6.0.jar:3.6.0]
		at reactor.core.publisher.FluxOnErrorResume$ResumeSubscriber.onError(FluxOnErrorResume.java:103) ~[reactor-core-3.6.0.jar:3.6.0]
		at reactor.core.publisher.FluxPeek$PeekSubscriber.onError(FluxPeek.java:222) ~[reactor-core-3.6.0.jar:3.6.0]
		at reactor.core.publisher.FluxPeek$PeekSubscriber.onError(FluxPeek.java:222) ~[reactor-core-3.6.0.jar:3.6.0]
		at reactor.core.publisher.FluxPeek$PeekSubscriber.onError(FluxPeek.java:222) ~[reactor-core-3.6.0.jar:3.6.0]
		at reactor.core.publisher.MonoNext$NextSubscriber.onError(MonoNext.java:93) ~[reactor-core-3.6.0.jar:3.6.0]
		at reactor.core.publisher.MonoFlatMapMany$FlatMapManyMain.onError(MonoFlatMapMany.java:204) ~[reactor-core-3.6.0.jar:3.6.0]
		at reactor.core.publisher.SerializedSubscriber.onError(SerializedSubscriber.java:124) ~[reactor-core-3.6.0.jar:3.6.0]
		at reactor.core.publisher.FluxRetryWhen$RetryWhenMainSubscriber.whenError(FluxRetryWhen.java:228) ~[reactor-core-3.6.0.jar:3.6.0]
		at reactor.core.publisher.FluxRetryWhen$RetryWhenOtherSubscriber.onError(FluxRetryWhen.java:278) ~[reactor-core-3.6.0.jar:3.6.0]
		at reactor.core.publisher.FluxContextWrite$ContextWriteSubscriber.onError(FluxContextWrite.java:121) ~[reactor-core-3.6.0.jar:3.6.0]
		at reactor.core.publisher.FluxConcatMapNoPrefetch$FluxConcatMapNoPrefetchSubscriber.maybeOnError(FluxConcatMapNoPrefetch.java:326) ~[reactor-core-3.6.0.jar:3.6.0]
		at reactor.core.publisher.FluxConcatMapNoPrefetch$FluxConcatMapNoPrefetchSubscriber.onNext(FluxConcatMapNoPrefetch.java:211) ~[reactor-core-3.6.0.jar:3.6.0]
		at reactor.core.publisher.FluxContextWrite$ContextWriteSubscriber.onNext(FluxContextWrite.java:107) ~[reactor-core-3.6.0.jar:3.6.0]
		at reactor.core.publisher.SinkManyEmitterProcessor.drain(SinkManyEmitterProcessor.java:476) ~[reactor-core-3.6.0.jar:3.6.0]
		at reactor.core.publisher.SinkManyEmitterProcessor$EmitterInner.drainParent(SinkManyEmitterProcessor.java:620) ~[reactor-core-3.6.0.jar:3.6.0]
		at reactor.core.publisher.FluxPublish$PubSubInner.request(FluxPublish.java:874) ~[reactor-core-3.6.0.jar:3.6.0]
		at reactor.core.publisher.FluxContextWrite$ContextWriteSubscriber.request(FluxContextWrite.java:136) ~[reactor-core-3.6.0.jar:3.6.0]
		at reactor.core.publisher.FluxConcatMapNoPrefetch$FluxConcatMapNoPrefetchSubscriber.request(FluxConcatMapNoPrefetch.java:336) ~[reactor-core-3.6.0.jar:3.6.0]
		at reactor.core.publisher.FluxContextWrite$ContextWriteSubscriber.request(FluxContextWrite.java:136) ~[reactor-core-3.6.0.jar:3.6.0]
		at reactor.core.publisher.Operators$DeferredSubscription.request(Operators.java:1743) ~[reactor-core-3.6.0.jar:3.6.0]
		at reactor.core.publisher.FluxRetryWhen$RetryWhenMainSubscriber.onError(FluxRetryWhen.java:195) ~[reactor-core-3.6.0.jar:3.6.0]
		at reactor.core.publisher.MonoCreate$DefaultMonoSink.error(MonoCreate.java:205) ~[reactor-core-3.6.0.jar:3.6.0]
		at reactor.netty.http.client.HttpClientConnect$MonoHttpConnect$ClientTransportSubscriber.onError(HttpClientConnect.java:311) ~[reactor-netty-http-1.1.13.jar:1.1.13]
		at reactor.core.publisher.MonoCreate$DefaultMonoSink.error(MonoCreate.java:205) ~[reactor-core-3.6.0.jar:3.6.0]
		at reactor.netty.resources.DefaultPooledConnectionProvider$DisposableAcquire.onError(DefaultPooledConnectionProvider.java:162) ~[reactor-netty-core-1.1.13.jar:1.1.13]
		at reactor.netty.internal.shaded.reactor.pool.AbstractPool$Borrower.fail(AbstractPool.java:475) ~[reactor-netty-core-1.1.13.jar:1.1.13]
		at reactor.netty.internal.shaded.reactor.pool.SimpleDequePool.lambda$drainLoop$9(SimpleDequePool.java:433) ~[reactor-netty-core-1.1.13.jar:1.1.13]
		at reactor.core.publisher.FluxDoOnEach$DoOnEachSubscriber.onError(FluxDoOnEach.java:186) ~[reactor-core-3.6.0.jar:3.6.0]
		at reactor.core.publisher.MonoCreate$DefaultMonoSink.error(MonoCreate.java:205) ~[reactor-core-3.6.0.jar:3.6.0]
		at reactor.netty.resources.DefaultPooledConnectionProvider$PooledConnectionAllocator$PooledConnectionInitializer.onError(DefaultPooledConnectionProvider.java:560) ~[reactor-netty-core-1.1.13.jar:1.1.13]
		at reactor.core.publisher.MonoFlatMap$FlatMapMain.secondError(MonoFlatMap.java:241) ~[reactor-core-3.6.0.jar:3.6.0]
		at reactor.core.publisher.MonoFlatMap$FlatMapInner.onError(MonoFlatMap.java:315) ~[reactor-core-3.6.0.jar:3.6.0]
		at reactor.core.publisher.FluxOnErrorResume$ResumeSubscriber.onError(FluxOnErrorResume.java:106) ~[reactor-core-3.6.0.jar:3.6.0]
		at reactor.core.publisher.Operators.error(Operators.java:198) ~[reactor-core-3.6.0.jar:3.6.0]
		at reactor.core.publisher.MonoError.subscribe(MonoError.java:53) ~[reactor-core-3.6.0.jar:3.6.0]
		at reactor.core.publisher.Mono.subscribe(Mono.java:4512) ~[reactor-core-3.6.0.jar:3.6.0]
		at reactor.core.publisher.FluxOnErrorResume$ResumeSubscriber.onError(FluxOnErrorResume.java:103) ~[reactor-core-3.6.0.jar:3.6.0]
		at reactor.netty.transport.TransportConnector$MonoChannelPromise.tryFailure(TransportConnector.java:576) ~[reactor-netty-core-1.1.13.jar:1.1.13]
		at reactor.netty.transport.TransportConnector$MonoChannelPromise.setFailure(TransportConnector.java:522) ~[reactor-netty-core-1.1.13.jar:1.1.13]
		at reactor.netty.transport.TransportConnector.lambda$doConnect$7(TransportConnector.java:261) ~[reactor-netty-core-1.1.13.jar:1.1.13]
		at io.netty.util.concurrent.DefaultPromise.notifyListener0(DefaultPromise.java:590) ~[netty-common-4.1.101.Final.jar:4.1.101.Final]
		at io.netty.util.concurrent.DefaultPromise.notifyListeners0(DefaultPromise.java:583) ~[netty-common-4.1.101.Final.jar:4.1.101.Final]
		at io.netty.util.concurrent.DefaultPromise.notifyListenersNow(DefaultPromise.java:559) ~[netty-common-4.1.101.Final.jar:4.1.101.Final]
		at io.netty.util.concurrent.DefaultPromise.notifyListeners(DefaultPromise.java:492) ~[netty-common-4.1.101.Final.jar:4.1.101.Final]
		at io.netty.util.concurrent.DefaultPromise.setValue0(DefaultPromise.java:636) ~[netty-common-4.1.101.Final.jar:4.1.101.Final]
		at io.netty.util.concurrent.DefaultPromise.setFailure0(DefaultPromise.java:629) ~[netty-common-4.1.101.Final.jar:4.1.101.Final]
		at io.netty.util.concurrent.DefaultPromise.tryFailure(DefaultPromise.java:118) ~[netty-common-4.1.101.Final.jar:4.1.101.Final]
		at io.netty.channel.nio.AbstractNioChannel$AbstractNioUnsafe.fulfillConnectPromise(AbstractNioChannel.java:321) ~[netty-transport-4.1.101.Final.jar:4.1.101.Final]
		at io.netty.channel.nio.AbstractNioChannel$AbstractNioUnsafe.finishConnect(AbstractNioChannel.java:337) ~[netty-transport-4.1.101.Final.jar:4.1.101.Final]
		at io.netty.channel.nio.NioEventLoop.processSelectedKey(NioEventLoop.java:776) ~[netty-transport-4.1.101.Final.jar:4.1.101.Final]
		at io.netty.channel.nio.NioEventLoop.processSelectedKeysOptimized(NioEventLoop.java:724) ~[netty-transport-4.1.101.Final.jar:4.1.101.Final]
		at io.netty.channel.nio.NioEventLoop.processSelectedKeys(NioEventLoop.java:650) ~[netty-transport-4.1.101.Final.jar:4.1.101.Final]
		at io.netty.channel.nio.NioEventLoop.run(NioEventLoop.java:562) ~[netty-transport-4.1.101.Final.jar:4.1.101.Final]
		at io.netty.util.concurrent.SingleThreadEventExecutor$4.run(SingleThreadEventExecutor.java:997) ~[netty-common-4.1.101.Final.jar:4.1.101.Final]
		at io.netty.util.internal.ThreadExecutorMap$2.run(ThreadExecutorMap.java:74) ~[netty-common-4.1.101.Final.jar:4.1.101.Final]
		at io.netty.util.concurrent.FastThreadLocalRunnable.run(FastThreadLocalRunnable.java:30) ~[netty-common-4.1.101.Final.jar:4.1.101.Final]
		at java.base/java.lang.Thread.run(Thread.java:833) ~[na:na]
Caused by: io.netty.channel.AbstractChannel$AnnotatedSocketException: Network is unreachable: no further information: /192.168.74.1:8761
Caused by: java.net.SocketException: Network is unreachable: no further information
	at java.base/sun.nio.ch.Net.pollConnect(Native Method) ~[na:na]
	at java.base/sun.nio.ch.Net.pollConnectNow(Net.java:672) ~[na:na]
	at java.base/sun.nio.ch.SocketChannelImpl.finishConnect(SocketChannelImpl.java:946) ~[na:na]
	at io.netty.channel.socket.nio.NioSocketChannel.doFinishConnect(NioSocketChannel.java:337) ~[netty-transport-4.1.101.Final.jar:4.1.101.Final]
	at io.netty.channel.nio.AbstractNioChannel$AbstractNioUnsafe.finishConnect(AbstractNioChannel.java:334) ~[netty-transport-4.1.101.Final.jar:4.1.101.Final]
	at io.netty.channel.nio.NioEventLoop.processSelectedKey(NioEventLoop.java:776) ~[netty-transport-4.1.101.Final.jar:4.1.101.Final]
	at io.netty.channel.nio.NioEventLoop.processSelectedKeysOptimized(NioEventLoop.java:724) ~[netty-transport-4.1.101.Final.jar:4.1.101.Final]
	at io.netty.channel.nio.NioEventLoop.processSelectedKeys(NioEventLoop.java:650) ~[netty-transport-4.1.101.Final.jar:4.1.101.Final]
	at io.netty.channel.nio.NioEventLoop.run(NioEventLoop.java:562) ~[netty-transport-4.1.101.Final.jar:4.1.101.Final]
	at io.netty.util.concurrent.SingleThreadEventExecutor$4.run(SingleThreadEventExecutor.java:997) ~[netty-common-4.1.101.Final.jar:4.1.101.Final]
	at io.netty.util.internal.ThreadExecutorMap$2.run(ThreadExecutorMap.java:74) ~[netty-common-4.1.101.Final.jar:4.1.101.Final]
	at io.netty.util.concurrent.FastThreadLocalRunnable.run(FastThreadLocalRunnable.java:30) ~[netty-common-4.1.101.Final.jar:4.1.101.Final]
	at java.base/java.lang.Thread.run(Thread.java:833) ~[na:na]

2026-05-16T02:36:38.180+05:30  INFO 3092 --- [admin-server] [reactor-http-nio-11] d.c.b.a.server.services.StatusUpdater    : Couldn't retrieve status for Instance(id=9383f71aba80, version=0, registration=Registration(name=vehicle-service, managementUrl=http://192.168.74.1:8084/actuator, healthUrl=http://192.168.74.1:8084/actuator/health, serviceUrl=http://192.168.74.1:8084/, source=http-api), registered=true, statusInfo=StatusInfo(status=UNKNOWN, details={}), statusTimestamp=2026-05-15T21:06:38.177460600Z, info=Info(values={}), endpoints=Endpoints(endpoints={health=Endpoint(id=health, url=http://192.168.74.1:8084/actuator/health)}), buildVersion=null, tags=Tags(values={}))

org.springframework.web.reactive.function.client.WebClientRequestException: Network is unreachable: no further information: /192.168.74.1:8084
	at org.springframework.web.reactive.function.client.ExchangeFunctions$DefaultExchangeFunction.lambda$wrapException$9(ExchangeFunctions.java:136) ~[spring-webflux-6.1.1.jar:6.1.1]
	Suppressed: reactor.core.publisher.FluxOnAssembly$OnAssemblyException: 
Error has been observed at the following site(s):
	*__checkpoint ⇢ Request to GET health [DefaultWebClient]
Original Stack Trace:
		at org.springframework.web.reactive.function.client.ExchangeFunctions$DefaultExchangeFunction.lambda$wrapException$9(ExchangeFunctions.java:136) ~[spring-webflux-6.1.1.jar:6.1.1]
		at reactor.core.publisher.MonoErrorSupplied.subscribe(MonoErrorSupplied.java:55) ~[reactor-core-3.6.0.jar:3.6.0]
		at reactor.core.publisher.Mono.subscribe(Mono.java:4512) ~[reactor-core-3.6.0.jar:3.6.0]
		at reactor.core.publisher.FluxOnErrorResume$ResumeSubscriber.onError(FluxOnErrorResume.java:103) ~[reactor-core-3.6.0.jar:3.6.0]
		at reactor.core.publisher.FluxPeek$PeekSubscriber.onError(FluxPeek.java:222) ~[reactor-core-3.6.0.jar:3.6.0]
		at reactor.core.publisher.FluxPeek$PeekSubscriber.onError(FluxPeek.java:222) ~[reactor-core-3.6.0.jar:3.6.0]
		at reactor.core.publisher.FluxPeek$PeekSubscriber.onError(FluxPeek.java:222) ~[reactor-core-3.6.0.jar:3.6.0]
		at reactor.core.publisher.MonoNext$NextSubscriber.onError(MonoNext.java:93) ~[reactor-core-3.6.0.jar:3.6.0]
		at reactor.core.publisher.MonoFlatMapMany$FlatMapManyMain.onError(MonoFlatMapMany.java:204) ~[reactor-core-3.6.0.jar:3.6.0]
		at reactor.core.publisher.SerializedSubscriber.onError(SerializedSubscriber.java:124) ~[reactor-core-3.6.0.jar:3.6.0]
		at reactor.core.publisher.FluxRetryWhen$RetryWhenMainSubscriber.whenError(FluxRetryWhen.java:228) ~[reactor-core-3.6.0.jar:3.6.0]
		at reactor.core.publisher.FluxRetryWhen$RetryWhenOtherSubscriber.onError(FluxRetryWhen.java:278) ~[reactor-core-3.6.0.jar:3.6.0]
		at reactor.core.publisher.FluxContextWrite$ContextWriteSubscriber.onError(FluxContextWrite.java:121) ~[reactor-core-3.6.0.jar:3.6.0]
		at reactor.core.publisher.FluxConcatMapNoPrefetch$FluxConcatMapNoPrefetchSubscriber.maybeOnError(FluxConcatMapNoPrefetch.java:326) ~[reactor-core-3.6.0.jar:3.6.0]
		at reactor.core.publisher.FluxConcatMapNoPrefetch$FluxConcatMapNoPrefetchSubscriber.onNext(FluxConcatMapNoPrefetch.java:211) ~[reactor-core-3.6.0.jar:3.6.0]
		at reactor.core.publisher.FluxContextWrite$ContextWriteSubscriber.onNext(FluxContextWrite.java:107) ~[reactor-core-3.6.0.jar:3.6.0]
		at reactor.core.publisher.SinkManyEmitterProcessor.drain(SinkManyEmitterProcessor.java:476) ~[reactor-core-3.6.0.jar:3.6.0]
		at reactor.core.publisher.SinkManyEmitterProcessor$EmitterInner.drainParent(SinkManyEmitterProcessor.java:620) ~[reactor-core-3.6.0.jar:3.6.0]
		at reactor.core.publisher.FluxPublish$PubSubInner.request(FluxPublish.java:874) ~[reactor-core-3.6.0.jar:3.6.0]
		at reactor.core.publisher.FluxContextWrite$ContextWriteSubscriber.request(FluxContextWrite.java:136) ~[reactor-core-3.6.0.jar:3.6.0]
		at reactor.core.publisher.FluxConcatMapNoPrefetch$FluxConcatMapNoPrefetchSubscriber.request(FluxConcatMapNoPrefetch.java:336) ~[reactor-core-3.6.0.jar:3.6.0]
		at reactor.core.publisher.FluxContextWrite$ContextWriteSubscriber.request(FluxContextWrite.java:136) ~[reactor-core-3.6.0.jar:3.6.0]
		at reactor.core.publisher.Operators$DeferredSubscription.request(Operators.java:1743) ~[reactor-core-3.6.0.jar:3.6.0]
		at reactor.core.publisher.FluxRetryWhen$RetryWhenMainSubscriber.onError(FluxRetryWhen.java:195) ~[reactor-core-3.6.0.jar:3.6.0]
		at reactor.core.publisher.MonoCreate$DefaultMonoSink.error(MonoCreate.java:205) ~[reactor-core-3.6.0.jar:3.6.0]
		at reactor.netty.http.client.HttpClientConnect$MonoHttpConnect$ClientTransportSubscriber.onError(HttpClientConnect.java:311) ~[reactor-netty-http-1.1.13.jar:1.1.13]
		at reactor.core.publisher.MonoCreate$DefaultMonoSink.error(MonoCreate.java:205) ~[reactor-core-3.6.0.jar:3.6.0]
		at reactor.netty.resources.DefaultPooledConnectionProvider$DisposableAcquire.onError(DefaultPooledConnectionProvider.java:162) ~[reactor-netty-core-1.1.13.jar:1.1.13]
		at reactor.netty.internal.shaded.reactor.pool.AbstractPool$Borrower.fail(AbstractPool.java:475) ~[reactor-netty-core-1.1.13.jar:1.1.13]
		at reactor.netty.internal.shaded.reactor.pool.SimpleDequePool.lambda$drainLoop$9(SimpleDequePool.java:433) ~[reactor-netty-core-1.1.13.jar:1.1.13]
		at reactor.core.publisher.FluxDoOnEach$DoOnEachSubscriber.onError(FluxDoOnEach.java:186) ~[reactor-core-3.6.0.jar:3.6.0]
		at reactor.core.publisher.MonoCreate$DefaultMonoSink.error(MonoCreate.java:205) ~[reactor-core-3.6.0.jar:3.6.0]
		at reactor.netty.resources.DefaultPooledConnectionProvider$PooledConnectionAllocator$PooledConnectionInitializer.onError(DefaultPooledConnectionProvider.java:560) ~[reactor-netty-core-1.1.13.jar:1.1.13]
		at reactor.core.publisher.MonoFlatMap$FlatMapMain.secondError(MonoFlatMap.java:241) ~[reactor-core-3.6.0.jar:3.6.0]
		at reactor.core.publisher.MonoFlatMap$FlatMapInner.onError(MonoFlatMap.java:315) ~[reactor-core-3.6.0.jar:3.6.0]
		at reactor.core.publisher.FluxOnErrorResume$ResumeSubscriber.onError(FluxOnErrorResume.java:106) ~[reactor-core-3.6.0.jar:3.6.0]
		at reactor.core.publisher.Operators.error(Operators.java:198) ~[reactor-core-3.6.0.jar:3.6.0]
		at reactor.core.publisher.MonoError.subscribe(MonoError.java:53) ~[reactor-core-3.6.0.jar:3.6.0]
		at reactor.core.publisher.Mono.subscribe(Mono.java:4512) ~[reactor-core-3.6.0.jar:3.6.0]
		at reactor.core.publisher.FluxOnErrorResume$ResumeSubscriber.onError(FluxOnErrorResume.java:103) ~[reactor-core-3.6.0.jar:3.6.0]
		at reactor.netty.transport.TransportConnector$MonoChannelPromise.tryFailure(TransportConnector.java:576) ~[reactor-netty-core-1.1.13.jar:1.1.13]
		at reactor.netty.transport.TransportConnector$MonoChannelPromise.setFailure(TransportConnector.java:522) ~[reactor-netty-core-1.1.13.jar:1.1.13]
		at reactor.netty.transport.TransportConnector.lambda$doConnect$7(TransportConnector.java:261) ~[reactor-netty-core-1.1.13.jar:1.1.13]
		at io.netty.util.concurrent.DefaultPromise.notifyListener0(DefaultPromise.java:590) ~[netty-common-4.1.101.Final.jar:4.1.101.Final]
		at io.netty.util.concurrent.DefaultPromise.notifyListeners0(DefaultPromise.java:583) ~[netty-common-4.1.101.Final.jar:4.1.101.Final]
		at io.netty.util.concurrent.DefaultPromise.notifyListenersNow(DefaultPromise.java:559) ~[netty-common-4.1.101.Final.jar:4.1.101.Final]
		at io.netty.util.concurrent.DefaultPromise.notifyListeners(DefaultPromise.java:492) ~[netty-common-4.1.101.Final.jar:4.1.101.Final]
		at io.netty.util.concurrent.DefaultPromise.setValue0(DefaultPromise.java:636) ~[netty-common-4.1.101.Final.jar:4.1.101.Final]
		at io.netty.util.concurrent.DefaultPromise.setFailure0(DefaultPromise.java:629) ~[netty-common-4.1.101.Final.jar:4.1.101.Final]
		at io.netty.util.concurrent.DefaultPromise.tryFailure(DefaultPromise.java:118) ~[netty-common-4.1.101.Final.jar:4.1.101.Final]
		at io.netty.channel.nio.AbstractNioChannel$AbstractNioUnsafe.fulfillConnectPromise(AbstractNioChannel.java:321) ~[netty-transport-4.1.101.Final.jar:4.1.101.Final]
		at io.netty.channel.nio.AbstractNioChannel$AbstractNioUnsafe.finishConnect(AbstractNioChannel.java:337) ~[netty-transport-4.1.101.Final.jar:4.1.101.Final]
		at io.netty.channel.nio.NioEventLoop.processSelectedKey(NioEventLoop.java:776) ~[netty-transport-4.1.101.Final.jar:4.1.101.Final]
		at io.netty.channel.nio.NioEventLoop.processSelectedKeysOptimized(NioEventLoop.java:724) ~[netty-transport-4.1.101.Final.jar:4.1.101.Final]
		at io.netty.channel.nio.NioEventLoop.processSelectedKeys(NioEventLoop.java:650) ~[netty-transport-4.1.101.Final.jar:4.1.101.Final]
		at io.netty.channel.nio.NioEventLoop.run(NioEventLoop.java:562) ~[netty-transport-4.1.101.Final.jar:4.1.101.Final]
		at io.netty.util.concurrent.SingleThreadEventExecutor$4.run(SingleThreadEventExecutor.java:997) ~[netty-common-4.1.101.Final.jar:4.1.101.Final]
		at io.netty.util.internal.ThreadExecutorMap$2.run(ThreadExecutorMap.java:74) ~[netty-common-4.1.101.Final.jar:4.1.101.Final]
		at io.netty.util.concurrent.FastThreadLocalRunnable.run(FastThreadLocalRunnable.java:30) ~[netty-common-4.1.101.Final.jar:4.1.101.Final]
		at java.base/java.lang.Thread.run(Thread.java:833) ~[na:na]
Caused by: io.netty.channel.AbstractChannel$AnnotatedSocketException: Network is unreachable: no further information: /192.168.74.1:8084
Caused by: java.net.SocketException: Network is unreachable: no further information
	at java.base/sun.nio.ch.Net.pollConnect(Native Method) ~[na:na]
	at java.base/sun.nio.ch.Net.pollConnectNow(Net.java:672) ~[na:na]
	at java.base/sun.nio.ch.SocketChannelImpl.finishConnect(SocketChannelImpl.java:946) ~[na:na]
	at io.netty.channel.socket.nio.NioSocketChannel.doFinishConnect(NioSocketChannel.java:337) ~[netty-transport-4.1.101.Final.jar:4.1.101.Final]
	at io.netty.channel.nio.AbstractNioChannel$AbstractNioUnsafe.finishConnect(AbstractNioChannel.java:334) ~[netty-transport-4.1.101.Final.jar:4.1.101.Final]
	at io.netty.channel.nio.NioEventLoop.processSelectedKey(NioEventLoop.java:776) ~[netty-transport-4.1.101.Final.jar:4.1.101.Final]
	at io.netty.channel.nio.NioEventLoop.processSelectedKeysOptimized(NioEventLoop.java:724) ~[netty-transport-4.1.101.Final.jar:4.1.101.Final]
	at io.netty.channel.nio.NioEventLoop.processSelectedKeys(NioEventLoop.java:650) ~[netty-transport-4.1.101.Final.jar:4.1.101.Final]
	at io.netty.channel.nio.NioEventLoop.run(NioEventLoop.java:562) ~[netty-transport-4.1.101.Final.jar:4.1.101.Final]
	at io.netty.util.concurrent.SingleThreadEventExecutor$4.run(SingleThreadEventExecutor.java:997) ~[netty-common-4.1.101.Final.jar:4.1.101.Final]
	at io.netty.util.internal.ThreadExecutorMap$2.run(ThreadExecutorMap.java:74) ~[netty-common-4.1.101.Final.jar:4.1.101.Final]
	at io.netty.util.concurrent.FastThreadLocalRunnable.run(FastThreadLocalRunnable.java:30) ~[netty-common-4.1.101.Final.jar:4.1.101.Final]
	at java.base/java.lang.Thread.run(Thread.java:833) ~[na:na]

2026-05-16T02:36:38.258+05:30  INFO 3092 --- [admin-server] [reactor-http-nio-12] d.c.b.a.server.services.StatusUpdater    : Couldn't retrieve status for Instance(id=b003f6e924f3, version=0, registration=Registration(name=parkinglot-service, managementUrl=http://192.168.74.1:8082/actuator, healthUrl=http://192.168.74.1:8082/actuator/health, serviceUrl=http://192.168.74.1:8082/, source=http-api), registered=true, statusInfo=StatusInfo(status=UNKNOWN, details={}), statusTimestamp=2026-05-15T21:06:38.255579800Z, info=Info(values={}), endpoints=Endpoints(endpoints={health=Endpoint(id=health, url=http://192.168.74.1:8082/actuator/health)}), buildVersion=null, tags=Tags(values={}))

org.springframework.web.reactive.function.client.WebClientRequestException: Network is unreachable: no further information: /192.168.74.1:8082
	at org.springframework.web.reactive.function.client.ExchangeFunctions$DefaultExchangeFunction.lambda$wrapException$9(ExchangeFunctions.java:136) ~[spring-webflux-6.1.1.jar:6.1.1]
	Suppressed: reactor.core.publisher.FluxOnAssembly$OnAssemblyException: 
Error has been observed at the following site(s):
	*__checkpoint ⇢ Request to GET health [DefaultWebClient]
Original Stack Trace:
		at org.springframework.web.reactive.function.client.ExchangeFunctions$DefaultExchangeFunction.lambda$wrapException$9(ExchangeFunctions.java:136) ~[spring-webflux-6.1.1.jar:6.1.1]
		at reactor.core.publisher.MonoErrorSupplied.subscribe(MonoErrorSupplied.java:55) ~[reactor-core-3.6.0.jar:3.6.0]
		at reactor.core.publisher.Mono.subscribe(Mono.java:4512) ~[reactor-core-3.6.0.jar:3.6.0]
		at reactor.core.publisher.FluxOnErrorResume$ResumeSubscriber.onError(FluxOnErrorResume.java:103) ~[reactor-core-3.6.0.jar:3.6.0]
		at reactor.core.publisher.FluxPeek$PeekSubscriber.onError(FluxPeek.java:222) ~[reactor-core-3.6.0.jar:3.6.0]
		at reactor.core.publisher.FluxPeek$PeekSubscriber.onError(FluxPeek.java:222) ~[reactor-core-3.6.0.jar:3.6.0]
		at reactor.core.publisher.FluxPeek$PeekSubscriber.onError(FluxPeek.java:222) ~[reactor-core-3.6.0.jar:3.6.0]
		at reactor.core.publisher.MonoNext$NextSubscriber.onError(MonoNext.java:93) ~[reactor-core-3.6.0.jar:3.6.0]
		at reactor.core.publisher.MonoFlatMapMany$FlatMapManyMain.onError(MonoFlatMapMany.java:204) ~[reactor-core-3.6.0.jar:3.6.0]
		at reactor.core.publisher.SerializedSubscriber.onError(SerializedSubscriber.java:124) ~[reactor-core-3.6.0.jar:3.6.0]
		at reactor.core.publisher.FluxRetryWhen$RetryWhenMainSubscriber.whenError(FluxRetryWhen.java:228) ~[reactor-core-3.6.0.jar:3.6.0]
		at reactor.core.publisher.FluxRetryWhen$RetryWhenOtherSubscriber.onError(FluxRetryWhen.java:278) ~[reactor-core-3.6.0.jar:3.6.0]
		at reactor.core.publisher.FluxContextWrite$ContextWriteSubscriber.onError(FluxContextWrite.java:121) ~[reactor-core-3.6.0.jar:3.6.0]
		at reactor.core.publisher.FluxConcatMapNoPrefetch$FluxConcatMapNoPrefetchSubscriber.maybeOnError(FluxConcatMapNoPrefetch.java:326) ~[reactor-core-3.6.0.jar:3.6.0]
		at reactor.core.publisher.FluxConcatMapNoPrefetch$FluxConcatMapNoPrefetchSubscriber.onNext(FluxConcatMapNoPrefetch.java:211) ~[reactor-core-3.6.0.jar:3.6.0]
		at reactor.core.publisher.FluxContextWrite$ContextWriteSubscriber.onNext(FluxContextWrite.java:107) ~[reactor-core-3.6.0.jar:3.6.0]
		at reactor.core.publisher.SinkManyEmitterProcessor.drain(SinkManyEmitterProcessor.java:476) ~[reactor-core-3.6.0.jar:3.6.0]
		at reactor.core.publisher.SinkManyEmitterProcessor$EmitterInner.drainParent(SinkManyEmitterProcessor.java:620) ~[reactor-core-3.6.0.jar:3.6.0]
		at reactor.core.publisher.FluxPublish$PubSubInner.request(FluxPublish.java:874) ~[reactor-core-3.6.0.jar:3.6.0]
		at reactor.core.publisher.FluxContextWrite$ContextWriteSubscriber.request(FluxContextWrite.java:136) ~[reactor-core-3.6.0.jar:3.6.0]
		at reactor.core.publisher.FluxConcatMapNoPrefetch$FluxConcatMapNoPrefetchSubscriber.request(FluxConcatMapNoPrefetch.java:336) ~[reactor-core-3.6.0.jar:3.6.0]
		at reactor.core.publisher.FluxContextWrite$ContextWriteSubscriber.request(FluxContextWrite.java:136) ~[reactor-core-3.6.0.jar:3.6.0]
		at reactor.core.publisher.Operators$DeferredSubscription.request(Operators.java:1743) ~[reactor-core-3.6.0.jar:3.6.0]
		at reactor.core.publisher.FluxRetryWhen$RetryWhenMainSubscriber.onError(FluxRetryWhen.java:195) ~[reactor-core-3.6.0.jar:3.6.0]
		at reactor.core.publisher.MonoCreate$DefaultMonoSink.error(MonoCreate.java:205) ~[reactor-core-3.6.0.jar:3.6.0]
		at reactor.netty.http.client.HttpClientConnect$MonoHttpConnect$ClientTransportSubscriber.onError(HttpClientConnect.java:311) ~[reactor-netty-http-1.1.13.jar:1.1.13]
		at reactor.core.publisher.MonoCreate$DefaultMonoSink.error(MonoCreate.java:205) ~[reactor-core-3.6.0.jar:3.6.0]
		at reactor.netty.resources.DefaultPooledConnectionProvider$DisposableAcquire.onError(DefaultPooledConnectionProvider.java:162) ~[reactor-netty-core-1.1.13.jar:1.1.13]
		at reactor.netty.internal.shaded.reactor.pool.AbstractPool$Borrower.fail(AbstractPool.java:475) ~[reactor-netty-core-1.1.13.jar:1.1.13]
		at reactor.netty.internal.shaded.reactor.pool.SimpleDequePool.lambda$drainLoop$9(SimpleDequePool.java:433) ~[reactor-netty-core-1.1.13.jar:1.1.13]
		at reactor.core.publisher.FluxDoOnEach$DoOnEachSubscriber.onError(FluxDoOnEach.java:186) ~[reactor-core-3.6.0.jar:3.6.0]
		at reactor.core.publisher.MonoCreate$DefaultMonoSink.error(MonoCreate.java:205) ~[reactor-core-3.6.0.jar:3.6.0]
		at reactor.netty.resources.DefaultPooledConnectionProvider$PooledConnectionAllocator$PooledConnectionInitializer.onError(DefaultPooledConnectionProvider.java:560) ~[reactor-netty-core-1.1.13.jar:1.1.13]
		at reactor.core.publisher.MonoFlatMap$FlatMapMain.secondError(MonoFlatMap.java:241) ~[reactor-core-3.6.0.jar:3.6.0]
		at reactor.core.publisher.MonoFlatMap$FlatMapInner.onError(MonoFlatMap.java:315) ~[reactor-core-3.6.0.jar:3.6.0]
		at reactor.core.publisher.FluxOnErrorResume$ResumeSubscriber.onError(FluxOnErrorResume.java:106) ~[reactor-core-3.6.0.jar:3.6.0]
		at reactor.core.publisher.Operators.error(Operators.java:198) ~[reactor-core-3.6.0.jar:3.6.0]
		at reactor.core.publisher.MonoError.subscribe(MonoError.java:53) ~[reactor-core-3.6.0.jar:3.6.0]
		at reactor.core.publisher.Mono.subscribe(Mono.java:4512) ~[reactor-core-3.6.0.jar:3.6.0]
		at reactor.core.publisher.FluxOnErrorResume$ResumeSubscriber.onError(FluxOnErrorResume.java:103) ~[reactor-core-3.6.0.jar:3.6.0]
		at reactor.netty.transport.TransportConnector$MonoChannelPromise.tryFailure(TransportConnector.java:576) ~[reactor-netty-core-1.1.13.jar:1.1.13]
		at reactor.netty.transport.TransportConnector$MonoChannelPromise.setFailure(TransportConnector.java:522) ~[reactor-netty-core-1.1.13.jar:1.1.13]
		at reactor.netty.transport.TransportConnector.lambda$doConnect$7(TransportConnector.java:261) ~[reactor-netty-core-1.1.13.jar:1.1.13]
		at io.netty.util.concurrent.DefaultPromise.notifyListener0(DefaultPromise.java:590) ~[netty-common-4.1.101.Final.jar:4.1.101.Final]
		at io.netty.util.concurrent.DefaultPromise.notifyListeners0(DefaultPromise.java:583) ~[netty-common-4.1.101.Final.jar:4.1.101.Final]
		at io.netty.util.concurrent.DefaultPromise.notifyListenersNow(DefaultPromise.java:559) ~[netty-common-4.1.101.Final.jar:4.1.101.Final]
		at io.netty.util.concurrent.DefaultPromise.notifyListeners(DefaultPromise.java:492) ~[netty-common-4.1.101.Final.jar:4.1.101.Final]
		at io.netty.util.concurrent.DefaultPromise.setValue0(DefaultPromise.java:636) ~[netty-common-4.1.101.Final.jar:4.1.101.Final]
		at io.netty.util.concurrent.DefaultPromise.setFailure0(DefaultPromise.java:629) ~[netty-common-4.1.101.Final.jar:4.1.101.Final]
		at io.netty.util.concurrent.DefaultPromise.tryFailure(DefaultPromise.java:118) ~[netty-common-4.1.101.Final.jar:4.1.101.Final]
		at io.netty.channel.nio.AbstractNioChannel$AbstractNioUnsafe.fulfillConnectPromise(AbstractNioChannel.java:321) ~[netty-transport-4.1.101.Final.jar:4.1.101.Final]
		at io.netty.channel.nio.AbstractNioChannel$AbstractNioUnsafe.finishConnect(AbstractNioChannel.java:337) ~[netty-transport-4.1.101.Final.jar:4.1.101.Final]
		at io.netty.channel.nio.NioEventLoop.processSelectedKey(NioEventLoop.java:776) ~[netty-transport-4.1.101.Final.jar:4.1.101.Final]
		at io.netty.channel.nio.NioEventLoop.processSelectedKeysOptimized(NioEventLoop.java:724) ~[netty-transport-4.1.101.Final.jar:4.1.101.Final]
		at io.netty.channel.nio.NioEventLoop.processSelectedKeys(NioEventLoop.java:650) ~[netty-transport-4.1.101.Final.jar:4.1.101.Final]
		at io.netty.channel.nio.NioEventLoop.run(NioEventLoop.java:562) ~[netty-transport-4.1.101.Final.jar:4.1.101.Final]
		at io.netty.util.concurrent.SingleThreadEventExecutor$4.run(SingleThreadEventExecutor.java:997) ~[netty-common-4.1.101.Final.jar:4.1.101.Final]
		at io.netty.util.internal.ThreadExecutorMap$2.run(ThreadExecutorMap.java:74) ~[netty-common-4.1.101.Final.jar:4.1.101.Final]
		at io.netty.util.concurrent.FastThreadLocalRunnable.run(FastThreadLocalRunnable.java:30) ~[netty-common-4.1.101.Final.jar:4.1.101.Final]
		at java.base/java.lang.Thread.run(Thread.java:833) ~[na:na]
Caused by: io.netty.channel.AbstractChannel$AnnotatedSocketException: Network is unreachable: no further information: /192.168.74.1:8082
Caused by: java.net.SocketException: Network is unreachable: no further information
	at java.base/sun.nio.ch.Net.pollConnect(Native Method) ~[na:na]
	at java.base/sun.nio.ch.Net.pollConnectNow(Net.java:672) ~[na:na]
	at java.base/sun.nio.ch.SocketChannelImpl.finishConnect(SocketChannelImpl.java:946) ~[na:na]
	at io.netty.channel.socket.nio.NioSocketChannel.doFinishConnect(NioSocketChannel.java:337) ~[netty-transport-4.1.101.Final.jar:4.1.101.Final]
	at io.netty.channel.nio.AbstractNioChannel$AbstractNioUnsafe.finishConnect(AbstractNioChannel.java:334) ~[netty-transport-4.1.101.Final.jar:4.1.101.Final]
	at io.netty.channel.nio.NioEventLoop.processSelectedKey(NioEventLoop.java:776) ~[netty-transport-4.1.101.Final.jar:4.1.101.Final]
	at io.netty.channel.nio.NioEventLoop.processSelectedKeysOptimized(NioEventLoop.java:724) ~[netty-transport-4.1.101.Final.jar:4.1.101.Final]
	at io.netty.channel.nio.NioEventLoop.processSelectedKeys(NioEventLoop.java:650) ~[netty-transport-4.1.101.Final.jar:4.1.101.Final]
	at io.netty.channel.nio.NioEventLoop.run(NioEventLoop.java:562) ~[netty-transport-4.1.101.Final.jar:4.1.101.Final]
	at io.netty.util.concurrent.SingleThreadEventExecutor$4.run(SingleThreadEventExecutor.java:997) ~[netty-common-4.1.101.Final.jar:4.1.101.Final]
	at io.netty.util.internal.ThreadExecutorMap$2.run(ThreadExecutorMap.java:74) ~[netty-common-4.1.101.Final.jar:4.1.101.Final]
	at io.netty.util.concurrent.FastThreadLocalRunnable.run(FastThreadLocalRunnable.java:30) ~[netty-common-4.1.101.Final.jar:4.1.101.Final]
	at java.base/java.lang.Thread.run(Thread.java:833) ~[na:na]

2026-05-16T10:04:49.639+05:30  WARN 3092 --- [admin-server] [parallel-2] d.c.b.a.server.services.IntervalCheck    : Unexpected error in info-check

reactor.core.Exceptions$OverflowException: Could not emit tick 84 due to lack of requests (interval doesn't support small downstream requests that replenish slower than the ticks)
	at reactor.core.Exceptions.failWithOverflow(Exceptions.java:249) ~[reactor-core-3.6.0.jar:3.6.0]
	at reactor.core.publisher.FluxInterval$IntervalRunnable.run(FluxInterval.java:131) ~[reactor-core-3.6.0.jar:3.6.0]
	at reactor.core.scheduler.PeriodicWorkerTask.call(PeriodicWorkerTask.java:59) ~[reactor-core-3.6.0.jar:3.6.0]
	at reactor.core.scheduler.PeriodicWorkerTask.run(PeriodicWorkerTask.java:73) ~[reactor-core-3.6.0.jar:3.6.0]
	at java.base/java.util.concurrent.Executors$RunnableAdapter.call(Executors.java:539) ~[na:na]
	at java.base/java.util.concurrent.FutureTask.runAndReset(FutureTask.java:305) ~[na:na]
	at java.base/java.util.concurrent.ScheduledThreadPoolExecutor$ScheduledFutureTask.run(ScheduledThreadPoolExecutor.java:305) ~[na:na]
	at java.base/java.util.concurrent.ThreadPoolExecutor.runWorker(ThreadPoolExecutor.java:1136) ~[na:na]
	at java.base/java.util.concurrent.ThreadPoolExecutor$Worker.run(ThreadPoolExecutor.java:635) ~[na:na]
	at java.base/java.lang.Thread.run(Thread.java:833) ~[na:na]

2026-05-16T10:05:08.172+05:30  INFO 3092 --- [admin-server] [reactor-http-nio-10] d.c.b.a.server.services.StatusUpdater    : Couldn't retrieve status for Instance(id=ea98336053bc, version=2, registration=Registration(name=vehicle-service, managementUrl=http://169.254.237.78:8084/actuator, healthUrl=http://169.254.237.78:8084/actuator/health, serviceUrl=http://169.254.237.78:8084/, source=http-api), registered=true, statusInfo=StatusInfo(status=DOWN, details={db={status=UP, details={database=MySQL, validationQuery=isValid()}}, diskSpace={status=UP, details={total=236228440064, free=12061200384, threshold=10485760, path=C:\Users\Hp\Desktop\Parkease-Backend\vehicle-service\., exists=true}}, ping={status=UP}, discoveryComposite={description=Remote status from Eureka server, status=DOWN, components={discoveryClient={status=UP, details={services=[gateway-service, parkingspot-service, auth-service]}}, eureka={description=Remote status from Eureka server, status=DOWN, details={applications={AUTH-SERVICE=1, GATEWAY-SERVICE=1, PARKINGSPOT-SERVICE=1}}}}}, refreshScope={status=UP}}), statusTimestamp=2026-05-16T04:34:51.828751800Z, info=Info(values={}), endpoints=Endpoints(endpoints={caches=Endpoint(id=caches, url=http://169.254.237.78:8084/actuator/caches), loggers=Endpoint(id=loggers, url=http://169.254.237.78:8084/actuator/loggers), logfile=Endpoint(id=logfile, url=http://169.254.237.78:8084/actuator/logfile), health=Endpoint(id=health, url=http://169.254.237.78:8084/actuator/health), refresh=Endpoint(id=refresh, url=http://169.254.237.78:8084/actuator/refresh), env=Endpoint(id=env, url=http://169.254.237.78:8084/actuator/env), serviceregistry=Endpoint(id=serviceregistry, url=http://169.254.237.78:8084/actuator/serviceregistry), heapdump=Endpoint(id=heapdump, url=http://169.254.237.78:8084/actuator/heapdump), features=Endpoint(id=features, url=http://169.254.237.78:8084/actuator/features), scheduledtasks=Endpoint(id=scheduledtasks, url=http://169.254.237.78:8084/actuator/scheduledtasks), mappings=Endpoint(id=mappings, url=http://169.254.237.78:8084/actuator/mappings), beans=Endpoint(id=beans, url=http://169.254.237.78:8084/actuator/beans), configprops=Endpoint(id=configprops, url=http://169.254.237.78:8084/actuator/configprops), threaddump=Endpoint(id=threaddump, url=http://169.254.237.78:8084/actuator/threaddump), metrics=Endpoint(id=metrics, url=http://169.254.237.78:8084/actuator/metrics), conditions=Endpoint(id=conditions, url=http://169.254.237.78:8084/actuator/conditions), info=Endpoint(id=info, url=http://169.254.237.78:8084/actuator/info)}), buildVersion=null, tags=Tags(values={}))

org.springframework.web.reactive.function.client.WebClientRequestException: Network is unreachable: no further information: /169.254.237.78:8084
	at org.springframework.web.reactive.function.client.ExchangeFunctions$DefaultExchangeFunction.lambda$wrapException$9(ExchangeFunctions.java:136) ~[spring-webflux-6.1.1.jar:6.1.1]
	Suppressed: reactor.core.publisher.FluxOnAssembly$OnAssemblyException: 
Error has been observed at the following site(s):
	*__checkpoint ⇢ Request to GET health [DefaultWebClient]
Original Stack Trace:
		at org.springframework.web.reactive.function.client.ExchangeFunctions$DefaultExchangeFunction.lambda$wrapException$9(ExchangeFunctions.java:136) ~[spring-webflux-6.1.1.jar:6.1.1]
		at reactor.core.publisher.MonoErrorSupplied.subscribe(MonoErrorSupplied.java:55) ~[reactor-core-3.6.0.jar:3.6.0]
		at reactor.core.publisher.Mono.subscribe(Mono.java:4512) ~[reactor-core-3.6.0.jar:3.6.0]
		at reactor.core.publisher.FluxOnErrorResume$ResumeSubscriber.onError(FluxOnErrorResume.java:103) ~[reactor-core-3.6.0.jar:3.6.0]
		at reactor.core.publisher.FluxPeek$PeekSubscriber.onError(FluxPeek.java:222) ~[reactor-core-3.6.0.jar:3.6.0]
		at reactor.core.publisher.FluxPeek$PeekSubscriber.onError(FluxPeek.java:222) ~[reactor-core-3.6.0.jar:3.6.0]
		at reactor.core.publisher.FluxPeek$PeekSubscriber.onError(FluxPeek.java:222) ~[reactor-core-3.6.0.jar:3.6.0]
		at reactor.core.publisher.MonoNext$NextSubscriber.onError(MonoNext.java:93) ~[reactor-core-3.6.0.jar:3.6.0]
		at reactor.core.publisher.MonoFlatMapMany$FlatMapManyMain.onError(MonoFlatMapMany.java:204) ~[reactor-core-3.6.0.jar:3.6.0]
		at reactor.core.publisher.SerializedSubscriber.onError(SerializedSubscriber.java:124) ~[reactor-core-3.6.0.jar:3.6.0]
		at reactor.core.publisher.FluxRetryWhen$RetryWhenMainSubscriber.whenError(FluxRetryWhen.java:228) ~[reactor-core-3.6.0.jar:3.6.0]
		at reactor.core.publisher.FluxRetryWhen$RetryWhenOtherSubscriber.onError(FluxRetryWhen.java:278) ~[reactor-core-3.6.0.jar:3.6.0]
		at reactor.core.publisher.FluxContextWrite$ContextWriteSubscriber.onError(FluxContextWrite.java:121) ~[reactor-core-3.6.0.jar:3.6.0]
		at reactor.core.publisher.FluxConcatMapNoPrefetch$FluxConcatMapNoPrefetchSubscriber.maybeOnError(FluxConcatMapNoPrefetch.java:326) ~[reactor-core-3.6.0.jar:3.6.0]
		at reactor.core.publisher.FluxConcatMapNoPrefetch$FluxConcatMapNoPrefetchSubscriber.onNext(FluxConcatMapNoPrefetch.java:211) ~[reactor-core-3.6.0.jar:3.6.0]
		at reactor.core.publisher.FluxContextWrite$ContextWriteSubscriber.onNext(FluxContextWrite.java:107) ~[reactor-core-3.6.0.jar:3.6.0]
		at reactor.core.publisher.SinkManyEmitterProcessor.drain(SinkManyEmitterProcessor.java:476) ~[reactor-core-3.6.0.jar:3.6.0]
		at reactor.core.publisher.SinkManyEmitterProcessor$EmitterInner.drainParent(SinkManyEmitterProcessor.java:620) ~[reactor-core-3.6.0.jar:3.6.0]
		at reactor.core.publisher.FluxPublish$PubSubInner.request(FluxPublish.java:874) ~[reactor-core-3.6.0.jar:3.6.0]
		at reactor.core.publisher.FluxContextWrite$ContextWriteSubscriber.request(FluxContextWrite.java:136) ~[reactor-core-3.6.0.jar:3.6.0]
		at reactor.core.publisher.FluxConcatMapNoPrefetch$FluxConcatMapNoPrefetchSubscriber.request(FluxConcatMapNoPrefetch.java:336) ~[reactor-core-3.6.0.jar:3.6.0]
		at reactor.core.publisher.FluxContextWrite$ContextWriteSubscriber.request(FluxContextWrite.java:136) ~[reactor-core-3.6.0.jar:3.6.0]
		at reactor.core.publisher.Operators$DeferredSubscription.request(Operators.java:1743) ~[reactor-core-3.6.0.jar:3.6.0]
		at reactor.core.publisher.FluxRetryWhen$RetryWhenMainSubscriber.onError(FluxRetryWhen.java:195) ~[reactor-core-3.6.0.jar:3.6.0]
		at reactor.core.publisher.MonoCreate$DefaultMonoSink.error(MonoCreate.java:205) ~[reactor-core-3.6.0.jar:3.6.0]
		at reactor.netty.http.client.HttpClientConnect$MonoHttpConnect$ClientTransportSubscriber.onError(HttpClientConnect.java:311) ~[reactor-netty-http-1.1.13.jar:1.1.13]
		at reactor.core.publisher.MonoCreate$DefaultMonoSink.error(MonoCreate.java:205) ~[reactor-core-3.6.0.jar:3.6.0]
		at reactor.netty.resources.DefaultPooledConnectionProvider$DisposableAcquire.onError(DefaultPooledConnectionProvider.java:162) ~[reactor-netty-core-1.1.13.jar:1.1.13]
		at reactor.netty.internal.shaded.reactor.pool.AbstractPool$Borrower.fail(AbstractPool.java:475) ~[reactor-netty-core-1.1.13.jar:1.1.13]
		at reactor.netty.internal.shaded.reactor.pool.SimpleDequePool.lambda$drainLoop$9(SimpleDequePool.java:433) ~[reactor-netty-core-1.1.13.jar:1.1.13]
		at reactor.core.publisher.FluxDoOnEach$DoOnEachSubscriber.onError(FluxDoOnEach.java:186) ~[reactor-core-3.6.0.jar:3.6.0]
		at reactor.core.publisher.MonoCreate$DefaultMonoSink.error(MonoCreate.java:205) ~[reactor-core-3.6.0.jar:3.6.0]
		at reactor.netty.resources.DefaultPooledConnectionProvider$PooledConnectionAllocator$PooledConnectionInitializer.onError(DefaultPooledConnectionProvider.java:560) ~[reactor-netty-core-1.1.13.jar:1.1.13]
		at reactor.core.publisher.MonoFlatMap$FlatMapMain.secondError(MonoFlatMap.java:241) ~[reactor-core-3.6.0.jar:3.6.0]
		at reactor.core.publisher.MonoFlatMap$FlatMapInner.onError(MonoFlatMap.java:315) ~[reactor-core-3.6.0.jar:3.6.0]
		at reactor.core.publisher.FluxOnErrorResume$ResumeSubscriber.onError(FluxOnErrorResume.java:106) ~[reactor-core-3.6.0.jar:3.6.0]
		at reactor.core.publisher.Operators.error(Operators.java:198) ~[reactor-core-3.6.0.jar:3.6.0]
		at reactor.core.publisher.MonoError.subscribe(MonoError.java:53) ~[reactor-core-3.6.0.jar:3.6.0]
		at reactor.core.publisher.Mono.subscribe(Mono.java:4512) ~[reactor-core-3.6.0.jar:3.6.0]
		at reactor.core.publisher.FluxOnErrorResume$ResumeSubscriber.onError(FluxOnErrorResume.java:103) ~[reactor-core-3.6.0.jar:3.6.0]
		at reactor.netty.transport.TransportConnector$MonoChannelPromise.tryFailure(TransportConnector.java:576) ~[reactor-netty-core-1.1.13.jar:1.1.13]
		at reactor.netty.transport.TransportConnector$MonoChannelPromise.setFailure(TransportConnector.java:522) ~[reactor-netty-core-1.1.13.jar:1.1.13]
		at reactor.netty.transport.TransportConnector.lambda$doConnect$7(TransportConnector.java:261) ~[reactor-netty-core-1.1.13.jar:1.1.13]
		at io.netty.util.concurrent.DefaultPromise.notifyListener0(DefaultPromise.java:590) ~[netty-common-4.1.101.Final.jar:4.1.101.Final]
		at io.netty.util.concurrent.DefaultPromise.notifyListeners0(DefaultPromise.java:583) ~[netty-common-4.1.101.Final.jar:4.1.101.Final]
		at io.netty.util.concurrent.DefaultPromise.notifyListenersNow(DefaultPromise.java:559) ~[netty-common-4.1.101.Final.jar:4.1.101.Final]
		at io.netty.util.concurrent.DefaultPromise.notifyListeners(DefaultPromise.java:492) ~[netty-common-4.1.101.Final.jar:4.1.101.Final]
		at io.netty.util.concurrent.DefaultPromise.setValue0(DefaultPromise.java:636) ~[netty-common-4.1.101.Final.jar:4.1.101.Final]
		at io.netty.util.concurrent.DefaultPromise.setFailure0(DefaultPromise.java:629) ~[netty-common-4.1.101.Final.jar:4.1.101.Final]
		at io.netty.util.concurrent.DefaultPromise.tryFailure(DefaultPromise.java:118) ~[netty-common-4.1.101.Final.jar:4.1.101.Final]
		at io.netty.channel.nio.AbstractNioChannel$AbstractNioUnsafe.fulfillConnectPromise(AbstractNioChannel.java:321) ~[netty-transport-4.1.101.Final.jar:4.1.101.Final]
		at io.netty.channel.nio.AbstractNioChannel$AbstractNioUnsafe.finishConnect(AbstractNioChannel.java:337) ~[netty-transport-4.1.101.Final.jar:4.1.101.Final]
		at io.netty.channel.nio.NioEventLoop.processSelectedKey(NioEventLoop.java:776) ~[netty-transport-4.1.101.Final.jar:4.1.101.Final]
		at io.netty.channel.nio.NioEventLoop.processSelectedKeysOptimized(NioEventLoop.java:724) ~[netty-transport-4.1.101.Final.jar:4.1.101.Final]
		at io.netty.channel.nio.NioEventLoop.processSelectedKeys(NioEventLoop.java:650) ~[netty-transport-4.1.101.Final.jar:4.1.101.Final]
		at io.netty.channel.nio.NioEventLoop.run(NioEventLoop.java:562) ~[netty-transport-4.1.101.Final.jar:4.1.101.Final]
		at io.netty.util.concurrent.SingleThreadEventExecutor$4.run(SingleThreadEventExecutor.java:997) ~[netty-common-4.1.101.Final.jar:4.1.101.Final]
		at io.netty.util.internal.ThreadExecutorMap$2.run(ThreadExecutorMap.java:74) ~[netty-common-4.1.101.Final.jar:4.1.101.Final]
		at io.netty.util.concurrent.FastThreadLocalRunnable.run(FastThreadLocalRunnable.java:30) ~[netty-common-4.1.101.Final.jar:4.1.101.Final]
		at java.base/java.lang.Thread.run(Thread.java:833) ~[na:na]
Caused by: io.netty.channel.AbstractChannel$AnnotatedSocketException: Network is unreachable: no further information: /169.254.237.78:8084
Caused by: java.net.SocketException: Network is unreachable: no further information
	at java.base/sun.nio.ch.Net.pollConnect(Native Method) ~[na:na]
	at java.base/sun.nio.ch.Net.pollConnectNow(Net.java:672) ~[na:na]
	at java.base/sun.nio.ch.SocketChannelImpl.finishConnect(SocketChannelImpl.java:946) ~[na:na]
	at io.netty.channel.socket.nio.NioSocketChannel.doFinishConnect(NioSocketChannel.java:337) ~[netty-transport-4.1.101.Final.jar:4.1.101.Final]
	at io.netty.channel.nio.AbstractNioChannel$AbstractNioUnsafe.finishConnect(AbstractNioChannel.java:334) ~[netty-transport-4.1.101.Final.jar:4.1.101.Final]
	at io.netty.channel.nio.NioEventLoop.processSelectedKey(NioEventLoop.java:776) ~[netty-transport-4.1.101.Final.jar:4.1.101.Final]
	at io.netty.channel.nio.NioEventLoop.processSelectedKeysOptimized(NioEventLoop.java:724) ~[netty-transport-4.1.101.Final.jar:4.1.101.Final]
	at io.netty.channel.nio.NioEventLoop.processSelectedKeys(NioEventLoop.java:650) ~[netty-transport-4.1.101.Final.jar:4.1.101.Final]
	at io.netty.channel.nio.NioEventLoop.run(NioEventLoop.java:562) ~[netty-transport-4.1.101.Final.jar:4.1.101.Final]
	at io.netty.util.concurrent.SingleThreadEventExecutor$4.run(SingleThreadEventExecutor.java:997) ~[netty-common-4.1.101.Final.jar:4.1.101.Final]
	at io.netty.util.internal.ThreadExecutorMap$2.run(ThreadExecutorMap.java:74) ~[netty-common-4.1.101.Final.jar:4.1.101.Final]
	at io.netty.util.concurrent.FastThreadLocalRunnable.run(FastThreadLocalRunnable.java:30) ~[netty-common-4.1.101.Final.jar:4.1.101.Final]
	at java.base/java.lang.Thread.run(Thread.java:833) ~[na:na]

2026-05-16T10:05:08.187+05:30  INFO 3092 --- [admin-server] [reactor-http-nio-11] d.c.b.a.server.services.StatusUpdater    : Couldn't retrieve status for Instance(id=e50ca6a3028d, version=2, registration=Registration(name=discovery-service, managementUrl=http://169.254.237.78:8761/actuator, healthUrl=http://169.254.237.78:8761/actuator/health, serviceUrl=http://169.254.237.78:8761/, source=http-api), registered=true, statusInfo=StatusInfo(status=UP, details={diskSpace={status=UP, details={total=236228440064, free=12070129664, threshold=10485760, path=C:\Users\Hp\Desktop\Parkease-Backend\discovery-service\., exists=true}}, ping={status=UP}, discoveryComposite={status=UP, components={discoveryClient={status=UP, details={services=[]}}, eureka={description=Remote status from Eureka server, status=UNKNOWN, details={applications={}}}}}, refreshScope={status=UP}}), statusTimestamp=2026-05-16T04:34:49.236683800Z, info=Info(values={}), endpoints=Endpoints(endpoints={caches=Endpoint(id=caches, url=http://169.254.237.78:8761/actuator/caches), loggers=Endpoint(id=loggers, url=http://169.254.237.78:8761/actuator/loggers), health=Endpoint(id=health, url=http://169.254.237.78:8761/actuator/health), refresh=Endpoint(id=refresh, url=http://169.254.237.78:8761/actuator/refresh), env=Endpoint(id=env, url=http://169.254.237.78:8761/actuator/env), serviceregistry=Endpoint(id=serviceregistry, url=http://169.254.237.78:8761/actuator/serviceregistry), heapdump=Endpoint(id=heapdump, url=http://169.254.237.78:8761/actuator/heapdump), features=Endpoint(id=features, url=http://169.254.237.78:8761/actuator/features), scheduledtasks=Endpoint(id=scheduledtasks, url=http://169.254.237.78:8761/actuator/scheduledtasks), mappings=Endpoint(id=mappings, url=http://169.254.237.78:8761/actuator/mappings), beans=Endpoint(id=beans, url=http://169.254.237.78:8761/actuator/beans), configprops=Endpoint(id=configprops, url=http://169.254.237.78:8761/actuator/configprops), threaddump=Endpoint(id=threaddump, url=http://169.254.237.78:8761/actuator/threaddump), metrics=Endpoint(id=metrics, url=http://169.254.237.78:8761/actuator/metrics), conditions=Endpoint(id=conditions, url=http://169.254.237.78:8761/actuator/conditions), info=Endpoint(id=info, url=http://169.254.237.78:8761/actuator/info)}), buildVersion=null, tags=Tags(values={}))

org.springframework.web.reactive.function.client.WebClientRequestException: Network is unreachable: no further information: /169.254.237.78:8761
	at org.springframework.web.reactive.function.client.ExchangeFunctions$DefaultExchangeFunction.lambda$wrapException$9(ExchangeFunctions.java:136) ~[spring-webflux-6.1.1.jar:6.1.1]
	Suppressed: reactor.core.publisher.FluxOnAssembly$OnAssemblyException: 
Error has been observed at the following site(s):
	*__checkpoint ⇢ Request to GET health [DefaultWebClient]
Original Stack Trace:
		at org.springframework.web.reactive.function.client.ExchangeFunctions$DefaultExchangeFunction.lambda$wrapException$9(ExchangeFunctions.java:136) ~[spring-webflux-6.1.1.jar:6.1.1]
		at reactor.core.publisher.MonoErrorSupplied.subscribe(MonoErrorSupplied.java:55) ~[reactor-core-3.6.0.jar:3.6.0]
		at reactor.core.publisher.Mono.subscribe(Mono.java:4512) ~[reactor-core-3.6.0.jar:3.6.0]
		at reactor.core.publisher.FluxOnErrorResume$ResumeSubscriber.onError(FluxOnErrorResume.java:103) ~[reactor-core-3.6.0.jar:3.6.0]
		at reactor.core.publisher.FluxPeek$PeekSubscriber.onError(FluxPeek.java:222) ~[reactor-core-3.6.0.jar:3.6.0]
		at reactor.core.publisher.FluxPeek$PeekSubscriber.onError(FluxPeek.java:222) ~[reactor-core-3.6.0.jar:3.6.0]
		at reactor.core.publisher.FluxPeek$PeekSubscriber.onError(FluxPeek.java:222) ~[reactor-core-3.6.0.jar:3.6.0]
		at reactor.core.publisher.MonoNext$NextSubscriber.onError(MonoNext.java:93) ~[reactor-core-3.6.0.jar:3.6.0]
		at reactor.core.publisher.MonoFlatMapMany$FlatMapManyMain.onError(MonoFlatMapMany.java:204) ~[reactor-core-3.6.0.jar:3.6.0]
		at reactor.core.publisher.SerializedSubscriber.onError(SerializedSubscriber.java:124) ~[reactor-core-3.6.0.jar:3.6.0]
		at reactor.core.publisher.FluxRetryWhen$RetryWhenMainSubscriber.whenError(FluxRetryWhen.java:228) ~[reactor-core-3.6.0.jar:3.6.0]
		at reactor.core.publisher.FluxRetryWhen$RetryWhenOtherSubscriber.onError(FluxRetryWhen.java:278) ~[reactor-core-3.6.0.jar:3.6.0]
		at reactor.core.publisher.FluxContextWrite$ContextWriteSubscriber.onError(FluxContextWrite.java:121) ~[reactor-core-3.6.0.jar:3.6.0]
		at reactor.core.publisher.FluxConcatMapNoPrefetch$FluxConcatMapNoPrefetchSubscriber.maybeOnError(FluxConcatMapNoPrefetch.java:326) ~[reactor-core-3.6.0.jar:3.6.0]
		at reactor.core.publisher.FluxConcatMapNoPrefetch$FluxConcatMapNoPrefetchSubscriber.onNext(FluxConcatMapNoPrefetch.java:211) ~[reactor-core-3.6.0.jar:3.6.0]
		at reactor.core.publisher.FluxContextWrite$ContextWriteSubscriber.onNext(FluxContextWrite.java:107) ~[reactor-core-3.6.0.jar:3.6.0]
		at reactor.core.publisher.SinkManyEmitterProcessor.drain(SinkManyEmitterProcessor.java:476) ~[reactor-core-3.6.0.jar:3.6.0]
		at reactor.core.publisher.SinkManyEmitterProcessor$EmitterInner.drainParent(SinkManyEmitterProcessor.java:620) ~[reactor-core-3.6.0.jar:3.6.0]
		at reactor.core.publisher.FluxPublish$PubSubInner.request(FluxPublish.java:874) ~[reactor-core-3.6.0.jar:3.6.0]
		at reactor.core.publisher.FluxContextWrite$ContextWriteSubscriber.request(FluxContextWrite.java:136) ~[reactor-core-3.6.0.jar:3.6.0]
		at reactor.core.publisher.FluxConcatMapNoPrefetch$FluxConcatMapNoPrefetchSubscriber.request(FluxConcatMapNoPrefetch.java:336) ~[reactor-core-3.6.0.jar:3.6.0]
		at reactor.core.publisher.FluxContextWrite$ContextWriteSubscriber.request(FluxContextWrite.java:136) ~[reactor-core-3.6.0.jar:3.6.0]
		at reactor.core.publisher.Operators$DeferredSubscription.request(Operators.java:1743) ~[reactor-core-3.6.0.jar:3.6.0]
		at reactor.core.publisher.FluxRetryWhen$RetryWhenMainSubscriber.onError(FluxRetryWhen.java:195) ~[reactor-core-3.6.0.jar:3.6.0]
		at reactor.core.publisher.MonoCreate$DefaultMonoSink.error(MonoCreate.java:205) ~[reactor-core-3.6.0.jar:3.6.0]
		at reactor.netty.http.client.HttpClientConnect$MonoHttpConnect$ClientTransportSubscriber.onError(HttpClientConnect.java:311) ~[reactor-netty-http-1.1.13.jar:1.1.13]
		at reactor.core.publisher.MonoCreate$DefaultMonoSink.error(MonoCreate.java:205) ~[reactor-core-3.6.0.jar:3.6.0]
		at reactor.netty.resources.DefaultPooledConnectionProvider$DisposableAcquire.onError(DefaultPooledConnectionProvider.java:162) ~[reactor-netty-core-1.1.13.jar:1.1.13]
		at reactor.netty.internal.shaded.reactor.pool.AbstractPool$Borrower.fail(AbstractPool.java:475) ~[reactor-netty-core-1.1.13.jar:1.1.13]
		at reactor.netty.internal.shaded.reactor.pool.SimpleDequePool.lambda$drainLoop$9(SimpleDequePool.java:433) ~[reactor-netty-core-1.1.13.jar:1.1.13]
		at reactor.core.publisher.FluxDoOnEach$DoOnEachSubscriber.onError(FluxDoOnEach.java:186) ~[reactor-core-3.6.0.jar:3.6.0]
		at reactor.core.publisher.MonoCreate$DefaultMonoSink.error(MonoCreate.java:205) ~[reactor-core-3.6.0.jar:3.6.0]
		at reactor.netty.resources.DefaultPooledConnectionProvider$PooledConnectionAllocator$PooledConnectionInitializer.onError(DefaultPooledConnectionProvider.java:560) ~[reactor-netty-core-1.1.13.jar:1.1.13]
		at reactor.core.publisher.MonoFlatMap$FlatMapMain.secondError(MonoFlatMap.java:241) ~[reactor-core-3.6.0.jar:3.6.0]
		at reactor.core.publisher.MonoFlatMap$FlatMapInner.onError(MonoFlatMap.java:315) ~[reactor-core-3.6.0.jar:3.6.0]
		at reactor.core.publisher.FluxOnErrorResume$ResumeSubscriber.onError(FluxOnErrorResume.java:106) ~[reactor-core-3.6.0.jar:3.6.0]
		at reactor.core.publisher.Operators.error(Operators.java:198) ~[reactor-core-3.6.0.jar:3.6.0]
		at reactor.core.publisher.MonoError.subscribe(MonoError.java:53) ~[reactor-core-3.6.0.jar:3.6.0]
		at reactor.core.publisher.Mono.subscribe(Mono.java:4512) ~[reactor-core-3.6.0.jar:3.6.0]
		at reactor.core.publisher.FluxOnErrorResume$ResumeSubscriber.onError(FluxOnErrorResume.java:103) ~[reactor-core-3.6.0.jar:3.6.0]
		at reactor.netty.transport.TransportConnector$MonoChannelPromise.tryFailure(TransportConnector.java:576) ~[reactor-netty-core-1.1.13.jar:1.1.13]
		at reactor.netty.transport.TransportConnector$MonoChannelPromise.setFailure(TransportConnector.java:522) ~[reactor-netty-core-1.1.13.jar:1.1.13]
		at reactor.netty.transport.TransportConnector.lambda$doConnect$7(TransportConnector.java:261) ~[reactor-netty-core-1.1.13.jar:1.1.13]
		at io.netty.util.concurrent.DefaultPromise.notifyListener0(DefaultPromise.java:590) ~[netty-common-4.1.101.Final.jar:4.1.101.Final]
		at io.netty.util.concurrent.DefaultPromise.notifyListeners0(DefaultPromise.java:583) ~[netty-common-4.1.101.Final.jar:4.1.101.Final]
		at io.netty.util.concurrent.DefaultPromise.notifyListenersNow(DefaultPromise.java:559) ~[netty-common-4.1.101.Final.jar:4.1.101.Final]
		at io.netty.util.concurrent.DefaultPromise.notifyListeners(DefaultPromise.java:492) ~[netty-common-4.1.101.Final.jar:4.1.101.Final]
		at io.netty.util.concurrent.DefaultPromise.setValue0(DefaultPromise.java:636) ~[netty-common-4.1.101.Final.jar:4.1.101.Final]
		at io.netty.util.concurrent.DefaultPromise.setFailure0(DefaultPromise.java:629) ~[netty-common-4.1.101.Final.jar:4.1.101.Final]
		at io.netty.util.concurrent.DefaultPromise.tryFailure(DefaultPromise.java:118) ~[netty-common-4.1.101.Final.jar:4.1.101.Final]
		at io.netty.channel.nio.AbstractNioChannel$AbstractNioUnsafe.fulfillConnectPromise(AbstractNioChannel.java:321) ~[netty-transport-4.1.101.Final.jar:4.1.101.Final]
		at io.netty.channel.nio.AbstractNioChannel$AbstractNioUnsafe.finishConnect(AbstractNioChannel.java:337) ~[netty-transport-4.1.101.Final.jar:4.1.101.Final]
		at io.netty.channel.nio.NioEventLoop.processSelectedKey(NioEventLoop.java:776) ~[netty-transport-4.1.101.Final.jar:4.1.101.Final]
		at io.netty.channel.nio.NioEventLoop.processSelectedKeysOptimized(NioEventLoop.java:724) ~[netty-transport-4.1.101.Final.jar:4.1.101.Final]
		at io.netty.channel.nio.NioEventLoop.processSelectedKeys(NioEventLoop.java:650) ~[netty-transport-4.1.101.Final.jar:4.1.101.Final]
		at io.netty.channel.nio.NioEventLoop.run(NioEventLoop.java:562) ~[netty-transport-4.1.101.Final.jar:4.1.101.Final]
		at io.netty.util.concurrent.SingleThreadEventExecutor$4.run(SingleThreadEventExecutor.java:997) ~[netty-common-4.1.101.Final.jar:4.1.101.Final]
		at io.netty.util.internal.ThreadExecutorMap$2.run(ThreadExecutorMap.java:74) ~[netty-common-4.1.101.Final.jar:4.1.101.Final]
		at io.netty.util.concurrent.FastThreadLocalRunnable.run(FastThreadLocalRunnable.java:30) ~[netty-common-4.1.101.Final.jar:4.1.101.Final]
		at java.base/java.lang.Thread.run(Thread.java:833) ~[na:na]
Caused by: io.netty.channel.AbstractChannel$AnnotatedSocketException: Network is unreachable: no further information: /169.254.237.78:8761
Caused by: java.net.SocketException: Network is unreachable: no further information
	at java.base/sun.nio.ch.Net.pollConnect(Native Method) ~[na:na]
	at java.base/sun.nio.ch.Net.pollConnectNow(Net.java:672) ~[na:na]
	at java.base/sun.nio.ch.SocketChannelImpl.finishConnect(SocketChannelImpl.java:946) ~[na:na]
	at io.netty.channel.socket.nio.NioSocketChannel.doFinishConnect(NioSocketChannel.java:337) ~[netty-transport-4.1.101.Final.jar:4.1.101.Final]
	at io.netty.channel.nio.AbstractNioChannel$AbstractNioUnsafe.finishConnect(AbstractNioChannel.java:334) ~[netty-transport-4.1.101.Final.jar:4.1.101.Final]
	at io.netty.channel.nio.NioEventLoop.processSelectedKey(NioEventLoop.java:776) ~[netty-transport-4.1.101.Final.jar:4.1.101.Final]
	at io.netty.channel.nio.NioEventLoop.processSelectedKeysOptimized(NioEventLoop.java:724) ~[netty-transport-4.1.101.Final.jar:4.1.101.Final]
	at io.netty.channel.nio.NioEventLoop.processSelectedKeys(NioEventLoop.java:650) ~[netty-transport-4.1.101.Final.jar:4.1.101.Final]
	at io.netty.channel.nio.NioEventLoop.run(NioEventLoop.java:562) ~[netty-transport-4.1.101.Final.jar:4.1.101.Final]
	at io.netty.util.concurrent.SingleThreadEventExecutor$4.run(SingleThreadEventExecutor.java:997) ~[netty-common-4.1.101.Final.jar:4.1.101.Final]
	at io.netty.util.internal.ThreadExecutorMap$2.run(ThreadExecutorMap.java:74) ~[netty-common-4.1.101.Final.jar:4.1.101.Final]
	at io.netty.util.concurrent.FastThreadLocalRunnable.run(FastThreadLocalRunnable.java:30) ~[netty-common-4.1.101.Final.jar:4.1.101.Final]
	at java.base/java.lang.Thread.run(Thread.java:833) ~[na:na]

2026-05-16T10:05:08.188+05:30  INFO 3092 --- [admin-server] [reactor-http-nio-12] d.c.b.a.server.services.StatusUpdater    : Couldn't retrieve status for Instance(id=a03363bcc6da, version=2, registration=Registration(name=parkingspot-service, managementUrl=http://169.254.237.78:8083/actuator, healthUrl=http://169.254.237.78:8083/actuator/health, serviceUrl=http://169.254.237.78:8083/, source=http-api), registered=true, statusInfo=StatusInfo(status=UP, details={db={status=UP, details={database=MySQL, validationQuery=isValid()}}, diskSpace={status=UP, details={total=236228440064, free=12073275392, threshold=10485760, path=C:\Users\Hp\Desktop\Parkease-Backend\parkingspot-service\., exists=true}}, ping={status=UP}, discoveryComposite={status=UP, components={discoveryClient={status=UP, details={services=[gateway-service, parkingspot-service, auth-service]}}, eureka={description=Eureka discovery client is reporting failures to connect to a Eureka server, status=UP, details={renewalPeriod=30, failCount=942280, applications={AUTH-SERVICE=1, GATEWAY-SERVICE=1, PARKINGSPOT-SERVICE=1}}}}}, refreshScope={status=UP}}), statusTimestamp=2026-05-16T04:34:49.683516800Z, info=Info(values={}), endpoints=Endpoints(endpoints={caches=Endpoint(id=caches, url=http://169.254.237.78:8083/actuator/caches), loggers=Endpoint(id=loggers, url=http://169.254.237.78:8083/actuator/loggers), logfile=Endpoint(id=logfile, url=http://169.254.237.78:8083/actuator/logfile), health=Endpoint(id=health, url=http://169.254.237.78:8083/actuator/health), refresh=Endpoint(id=refresh, url=http://169.254.237.78:8083/actuator/refresh), env=Endpoint(id=env, url=http://169.254.237.78:8083/actuator/env), serviceregistry=Endpoint(id=serviceregistry, url=http://169.254.237.78:8083/actuator/serviceregistry), heapdump=Endpoint(id=heapdump, url=http://169.254.237.78:8083/actuator/heapdump), features=Endpoint(id=features, url=http://169.254.237.78:8083/actuator/features), scheduledtasks=Endpoint(id=scheduledtasks, url=http://169.254.237.78:8083/actuator/scheduledtasks), mappings=Endpoint(id=mappings, url=http://169.254.237.78:8083/actuator/mappings), beans=Endpoint(id=beans, url=http://169.254.237.78:8083/actuator/beans), configprops=Endpoint(id=configprops, url=http://169.254.237.78:8083/actuator/configprops), threaddump=Endpoint(id=threaddump, url=http://169.254.237.78:8083/actuator/threaddump), metrics=Endpoint(id=metrics, url=http://169.254.237.78:8083/actuator/metrics), conditions=Endpoint(id=conditions, url=http://169.254.237.78:8083/actuator/conditions), info=Endpoint(id=info, url=http://169.254.237.78:8083/actuator/info)}), buildVersion=null, tags=Tags(values={}))

org.springframework.web.reactive.function.client.WebClientRequestException: Network is unreachable: no further information: /169.254.237.78:8083
	at org.springframework.web.reactive.function.client.ExchangeFunctions$DefaultExchangeFunction.lambda$wrapException$9(ExchangeFunctions.java:136) ~[spring-webflux-6.1.1.jar:6.1.1]
	Suppressed: reactor.core.publisher.FluxOnAssembly$OnAssemblyException: 
Error has been observed at the following site(s):
	*__checkpoint ⇢ Request to GET health [DefaultWebClient]
Original Stack Trace:
		at org.springframework.web.reactive.function.client.ExchangeFunctions$DefaultExchangeFunction.lambda$wrapException$9(ExchangeFunctions.java:136) ~[spring-webflux-6.1.1.jar:6.1.1]
		at reactor.core.publisher.MonoErrorSupplied.subscribe(MonoErrorSupplied.java:55) ~[reactor-core-3.6.0.jar:3.6.0]
		at reactor.core.publisher.Mono.subscribe(Mono.java:4512) ~[reactor-core-3.6.0.jar:3.6.0]
		at reactor.core.publisher.FluxOnErrorResume$ResumeSubscriber.onError(FluxOnErrorResume.java:103) ~[reactor-core-3.6.0.jar:3.6.0]
		at reactor.core.publisher.FluxPeek$PeekSubscriber.onError(FluxPeek.java:222) ~[reactor-core-3.6.0.jar:3.6.0]
		at reactor.core.publisher.FluxPeek$PeekSubscriber.onError(FluxPeek.java:222) ~[reactor-core-3.6.0.jar:3.6.0]
		at reactor.core.publisher.FluxPeek$PeekSubscriber.onError(FluxPeek.java:222) ~[reactor-core-3.6.0.jar:3.6.0]
		at reactor.core.publisher.MonoNext$NextSubscriber.onError(MonoNext.java:93) ~[reactor-core-3.6.0.jar:3.6.0]
		at reactor.core.publisher.MonoFlatMapMany$FlatMapManyMain.onError(MonoFlatMapMany.java:204) ~[reactor-core-3.6.0.jar:3.6.0]
		at reactor.core.publisher.SerializedSubscriber.onError(SerializedSubscriber.java:124) ~[reactor-core-3.6.0.jar:3.6.0]
		at reactor.core.publisher.FluxRetryWhen$RetryWhenMainSubscriber.whenError(FluxRetryWhen.java:228) ~[reactor-core-3.6.0.jar:3.6.0]
		at reactor.core.publisher.FluxRetryWhen$RetryWhenOtherSubscriber.onError(FluxRetryWhen.java:278) ~[reactor-core-3.6.0.jar:3.6.0]
		at reactor.core.publisher.FluxContextWrite$ContextWriteSubscriber.onError(FluxContextWrite.java:121) ~[reactor-core-3.6.0.jar:3.6.0]
		at reactor.core.publisher.FluxConcatMapNoPrefetch$FluxConcatMapNoPrefetchSubscriber.maybeOnError(FluxConcatMapNoPrefetch.java:326) ~[reactor-core-3.6.0.jar:3.6.0]
		at reactor.core.publisher.FluxConcatMapNoPrefetch$FluxConcatMapNoPrefetchSubscriber.onNext(FluxConcatMapNoPrefetch.java:211) ~[reactor-core-3.6.0.jar:3.6.0]
		at reactor.core.publisher.FluxContextWrite$ContextWriteSubscriber.onNext(FluxContextWrite.java:107) ~[reactor-core-3.6.0.jar:3.6.0]
		at reactor.core.publisher.SinkManyEmitterProcessor.drain(SinkManyEmitterProcessor.java:476) ~[reactor-core-3.6.0.jar:3.6.0]
		at reactor.core.publisher.SinkManyEmitterProcessor$EmitterInner.drainParent(SinkManyEmitterProcessor.java:620) ~[reactor-core-3.6.0.jar:3.6.0]
		at reactor.core.publisher.FluxPublish$PubSubInner.request(FluxPublish.java:874) ~[reactor-core-3.6.0.jar:3.6.0]
		at reactor.core.publisher.FluxContextWrite$ContextWriteSubscriber.request(FluxContextWrite.java:136) ~[reactor-core-3.6.0.jar:3.6.0]
		at reactor.core.publisher.FluxConcatMapNoPrefetch$FluxConcatMapNoPrefetchSubscriber.request(FluxConcatMapNoPrefetch.java:336) ~[reactor-core-3.6.0.jar:3.6.0]
		at reactor.core.publisher.FluxContextWrite$ContextWriteSubscriber.request(FluxContextWrite.java:136) ~[reactor-core-3.6.0.jar:3.6.0]
		at reactor.core.publisher.Operators$DeferredSubscription.request(Operators.java:1743) ~[reactor-core-3.6.0.jar:3.6.0]
		at reactor.core.publisher.FluxRetryWhen$RetryWhenMainSubscriber.onError(FluxRetryWhen.java:195) ~[reactor-core-3.6.0.jar:3.6.0]
		at reactor.core.publisher.MonoCreate$DefaultMonoSink.error(MonoCreate.java:205) ~[reactor-core-3.6.0.jar:3.6.0]
		at reactor.netty.http.client.HttpClientConnect$MonoHttpConnect$ClientTransportSubscriber.onError(HttpClientConnect.java:311) ~[reactor-netty-http-1.1.13.jar:1.1.13]
		at reactor.core.publisher.MonoCreate$DefaultMonoSink.error(MonoCreate.java:205) ~[reactor-core-3.6.0.jar:3.6.0]
		at reactor.netty.resources.DefaultPooledConnectionProvider$DisposableAcquire.onError(DefaultPooledConnectionProvider.java:162) ~[reactor-netty-core-1.1.13.jar:1.1.13]
		at reactor.netty.internal.shaded.reactor.pool.AbstractPool$Borrower.fail(AbstractPool.java:475) ~[reactor-netty-core-1.1.13.jar:1.1.13]
		at reactor.netty.internal.shaded.reactor.pool.SimpleDequePool.lambda$drainLoop$9(SimpleDequePool.java:433) ~[reactor-netty-core-1.1.13.jar:1.1.13]
		at reactor.core.publisher.FluxDoOnEach$DoOnEachSubscriber.onError(FluxDoOnEach.java:186) ~[reactor-core-3.6.0.jar:3.6.0]
		at reactor.core.publisher.MonoCreate$DefaultMonoSink.error(MonoCreate.java:205) ~[reactor-core-3.6.0.jar:3.6.0]
		at reactor.netty.resources.DefaultPooledConnectionProvider$PooledConnectionAllocator$PooledConnectionInitializer.onError(DefaultPooledConnectionProvider.java:560) ~[reactor-netty-core-1.1.13.jar:1.1.13]
		at reactor.core.publisher.MonoFlatMap$FlatMapMain.secondError(MonoFlatMap.java:241) ~[reactor-core-3.6.0.jar:3.6.0]
		at reactor.core.publisher.MonoFlatMap$FlatMapInner.onError(MonoFlatMap.java:315) ~[reactor-core-3.6.0.jar:3.6.0]
		at reactor.core.publisher.FluxOnErrorResume$ResumeSubscriber.onError(FluxOnErrorResume.java:106) ~[reactor-core-3.6.0.jar:3.6.0]
		at reactor.core.publisher.Operators.error(Operators.java:198) ~[reactor-core-3.6.0.jar:3.6.0]
		at reactor.core.publisher.MonoError.subscribe(MonoError.java:53) ~[reactor-core-3.6.0.jar:3.6.0]
		at reactor.core.publisher.Mono.subscribe(Mono.java:4512) ~[reactor-core-3.6.0.jar:3.6.0]
		at reactor.core.publisher.FluxOnErrorResume$ResumeSubscriber.onError(FluxOnErrorResume.java:103) ~[reactor-core-3.6.0.jar:3.6.0]
		at reactor.netty.transport.TransportConnector$MonoChannelPromise.tryFailure(TransportConnector.java:576) ~[reactor-netty-core-1.1.13.jar:1.1.13]
		at reactor.netty.transport.TransportConnector$MonoChannelPromise.setFailure(TransportConnector.java:522) ~[reactor-netty-core-1.1.13.jar:1.1.13]
		at reactor.netty.transport.TransportConnector.lambda$doConnect$7(TransportConnector.java:261) ~[reactor-netty-core-1.1.13.jar:1.1.13]
		at io.netty.util.concurrent.DefaultPromise.notifyListener0(DefaultPromise.java:590) ~[netty-common-4.1.101.Final.jar:4.1.101.Final]
		at io.netty.util.concurrent.DefaultPromise.notifyListeners0(DefaultPromise.java:583) ~[netty-common-4.1.101.Final.jar:4.1.101.Final]
		at io.netty.util.concurrent.DefaultPromise.notifyListenersNow(DefaultPromise.java:559) ~[netty-common-4.1.101.Final.jar:4.1.101.Final]
		at io.netty.util.concurrent.DefaultPromise.notifyListeners(DefaultPromise.java:492) ~[netty-common-4.1.101.Final.jar:4.1.101.Final]
		at io.netty.util.concurrent.DefaultPromise.setValue0(DefaultPromise.java:636) ~[netty-common-4.1.101.Final.jar:4.1.101.Final]
		at io.netty.util.concurrent.DefaultPromise.setFailure0(DefaultPromise.java:629) ~[netty-common-4.1.101.Final.jar:4.1.101.Final]
		at io.netty.util.concurrent.DefaultPromise.tryFailure(DefaultPromise.java:118) ~[netty-common-4.1.101.Final.jar:4.1.101.Final]
		at io.netty.channel.nio.AbstractNioChannel$AbstractNioUnsafe.fulfillConnectPromise(AbstractNioChannel.java:321) ~[netty-transport-4.1.101.Final.jar:4.1.101.Final]
		at io.netty.channel.nio.AbstractNioChannel$AbstractNioUnsafe.finishConnect(AbstractNioChannel.java:337) ~[netty-transport-4.1.101.Final.jar:4.1.101.Final]
		at io.netty.channel.nio.NioEventLoop.processSelectedKey(NioEventLoop.java:776) ~[netty-transport-4.1.101.Final.jar:4.1.101.Final]
		at io.netty.channel.nio.NioEventLoop.processSelectedKeysOptimized(NioEventLoop.java:724) ~[netty-transport-4.1.101.Final.jar:4.1.101.Final]
		at io.netty.channel.nio.NioEventLoop.processSelectedKeys(NioEventLoop.java:650) ~[netty-transport-4.1.101.Final.jar:4.1.101.Final]
		at io.netty.channel.nio.NioEventLoop.run(NioEventLoop.java:562) ~[netty-transport-4.1.101.Final.jar:4.1.101.Final]
		at io.netty.util.concurrent.SingleThreadEventExecutor$4.run(SingleThreadEventExecutor.java:997) ~[netty-common-4.1.101.Final.jar:4.1.101.Final]
		at io.netty.util.internal.ThreadExecutorMap$2.run(ThreadExecutorMap.java:74) ~[netty-common-4.1.101.Final.jar:4.1.101.Final]
		at io.netty.util.concurrent.FastThreadLocalRunnable.run(FastThreadLocalRunnable.java:30) ~[netty-common-4.1.101.Final.jar:4.1.101.Final]
		at java.base/java.lang.Thread.run(Thread.java:833) ~[na:na]
Caused by: io.netty.channel.AbstractChannel$AnnotatedSocketException: Network is unreachable: no further information: /169.254.237.78:8083
Caused by: java.net.SocketException: Network is unreachable: no further information
	at java.base/sun.nio.ch.Net.pollConnect(Native Method) ~[na:na]
	at java.base/sun.nio.ch.Net.pollConnectNow(Net.java:672) ~[na:na]
	at java.base/sun.nio.ch.SocketChannelImpl.finishConnect(SocketChannelImpl.java:946) ~[na:na]
	at io.netty.channel.socket.nio.NioSocketChannel.doFinishConnect(NioSocketChannel.java:337) ~[netty-transport-4.1.101.Final.jar:4.1.101.Final]
	at io.netty.channel.nio.AbstractNioChannel$AbstractNioUnsafe.finishConnect(AbstractNioChannel.java:334) ~[netty-transport-4.1.101.Final.jar:4.1.101.Final]
	at io.netty.channel.nio.NioEventLoop.processSelectedKey(NioEventLoop.java:776) ~[netty-transport-4.1.101.Final.jar:4.1.101.Final]
	at io.netty.channel.nio.NioEventLoop.processSelectedKeysOptimized(NioEventLoop.java:724) ~[netty-transport-4.1.101.Final.jar:4.1.101.Final]
	at io.netty.channel.nio.NioEventLoop.processSelectedKeys(NioEventLoop.java:650) ~[netty-transport-4.1.101.Final.jar:4.1.101.Final]
	at io.netty.channel.nio.NioEventLoop.run(NioEventLoop.java:562) ~[netty-transport-4.1.101.Final.jar:4.1.101.Final]
	at io.netty.util.concurrent.SingleThreadEventExecutor$4.run(SingleThreadEventExecutor.java:997) ~[netty-common-4.1.101.Final.jar:4.1.101.Final]
	at io.netty.util.internal.ThreadExecutorMap$2.run(ThreadExecutorMap.java:74) ~[netty-common-4.1.101.Final.jar:4.1.101.Final]
	at io.netty.util.concurrent.FastThreadLocalRunnable.run(FastThreadLocalRunnable.java:30) ~[netty-common-4.1.101.Final.jar:4.1.101.Final]
	at java.base/java.lang.Thread.run(Thread.java:833) ~[na:na]

2026-05-16T10:05:08.208+05:30  INFO 3092 --- [admin-server] [reactor-http-nio-1] d.c.b.a.server.services.StatusUpdater    : Couldn't retrieve status for Instance(id=074c865db27e, version=2, registration=Registration(name=payment-service, managementUrl=http://169.254.237.78:8086/actuator, healthUrl=http://169.254.237.78:8086/actuator/health, serviceUrl=http://169.254.237.78:8086/, source=http-api), registered=true, statusInfo=StatusInfo(status=UP, details={diskSpace={status=UP, details={total=236228440064, free=12062969856, threshold=10485760, path=C:\Users\Hp\Desktop\Parkease-Backend\payment-service\., exists=true}}, ping={status=UP}, discoveryComposite={status=UP, components={discoveryClient={status=UP, details={services=[gateway-service, parkingspot-service, auth-service]}}, eureka={description=Eureka discovery client is reporting failures to connect to a Eureka server, status=UP, details={renewalPeriod=30, failCount=942277, applications={AUTH-SERVICE=1, GATEWAY-SERVICE=1, PARKINGSPOT-SERVICE=1}}}}}, rabbit={status=UP, details={version=4.3.0}}, refreshScope={status=UP}, db={status=UP, details={database=MySQL, validationQuery=isValid()}}}), statusTimestamp=2026-05-16T04:34:51.441942500Z, info=Info(values={}), endpoints=Endpoints(endpoints={caches=Endpoint(id=caches, url=http://169.254.237.78:8086/actuator/caches), loggers=Endpoint(id=loggers, url=http://169.254.237.78:8086/actuator/loggers), logfile=Endpoint(id=logfile, url=http://169.254.237.78:8086/actuator/logfile), health=Endpoint(id=health, url=http://169.254.237.78:8086/actuator/health), refresh=Endpoint(id=refresh, url=http://169.254.237.78:8086/actuator/refresh), env=Endpoint(id=env, url=http://169.254.237.78:8086/actuator/env), serviceregistry=Endpoint(id=serviceregistry, url=http://169.254.237.78:8086/actuator/serviceregistry), heapdump=Endpoint(id=heapdump, url=http://169.254.237.78:8086/actuator/heapdump), features=Endpoint(id=features, url=http://169.254.237.78:8086/actuator/features), scheduledtasks=Endpoint(id=scheduledtasks, url=http://169.254.237.78:8086/actuator/scheduledtasks), mappings=Endpoint(id=mappings, url=http://169.254.237.78:8086/actuator/mappings), beans=Endpoint(id=beans, url=http://169.254.237.78:8086/actuator/beans), configprops=Endpoint(id=configprops, url=http://169.254.237.78:8086/actuator/configprops), threaddump=Endpoint(id=threaddump, url=http://169.254.237.78:8086/actuator/threaddump), metrics=Endpoint(id=metrics, url=http://169.254.237.78:8086/actuator/metrics), conditions=Endpoint(id=conditions, url=http://169.254.237.78:8086/actuator/conditions), info=Endpoint(id=info, url=http://169.254.237.78:8086/actuator/info)}), buildVersion=null, tags=Tags(values={}))

org.springframework.web.reactive.function.client.WebClientRequestException: Network is unreachable: no further information: /169.254.237.78:8086
	at org.springframework.web.reactive.function.client.ExchangeFunctions$DefaultExchangeFunction.lambda$wrapException$9(ExchangeFunctions.java:136) ~[spring-webflux-6.1.1.jar:6.1.1]
	Suppressed: reactor.core.publisher.FluxOnAssembly$OnAssemblyException: 
Error has been observed at the following site(s):
	*__checkpoint ⇢ Request to GET health [DefaultWebClient]
Original Stack Trace:
		at org.springframework.web.reactive.function.client.ExchangeFunctions$DefaultExchangeFunction.lambda$wrapException$9(ExchangeFunctions.java:136) ~[spring-webflux-6.1.1.jar:6.1.1]
		at reactor.core.publisher.MonoErrorSupplied.subscribe(MonoErrorSupplied.java:55) ~[reactor-core-3.6.0.jar:3.6.0]
		at reactor.core.publisher.Mono.subscribe(Mono.java:4512) ~[reactor-core-3.6.0.jar:3.6.0]
		at reactor.core.publisher.FluxOnErrorResume$ResumeSubscriber.onError(FluxOnErrorResume.java:103) ~[reactor-core-3.6.0.jar:3.6.0]
		at reactor.core.publisher.FluxPeek$PeekSubscriber.onError(FluxPeek.java:222) ~[reactor-core-3.6.0.jar:3.6.0]
		at reactor.core.publisher.FluxPeek$PeekSubscriber.onError(FluxPeek.java:222) ~[reactor-core-3.6.0.jar:3.6.0]
		at reactor.core.publisher.FluxPeek$PeekSubscriber.onError(FluxPeek.java:222) ~[reactor-core-3.6.0.jar:3.6.0]
		at reactor.core.publisher.MonoNext$NextSubscriber.onError(MonoNext.java:93) ~[reactor-core-3.6.0.jar:3.6.0]
		at reactor.core.publisher.MonoFlatMapMany$FlatMapManyMain.onError(MonoFlatMapMany.java:204) ~[reactor-core-3.6.0.jar:3.6.0]
		at reactor.core.publisher.SerializedSubscriber.onError(SerializedSubscriber.java:124) ~[reactor-core-3.6.0.jar:3.6.0]
		at reactor.core.publisher.FluxRetryWhen$RetryWhenMainSubscriber.whenError(FluxRetryWhen.java:228) ~[reactor-core-3.6.0.jar:3.6.0]
		at reactor.core.publisher.FluxRetryWhen$RetryWhenOtherSubscriber.onError(FluxRetryWhen.java:278) ~[reactor-core-3.6.0.jar:3.6.0]
		at reactor.core.publisher.FluxContextWrite$ContextWriteSubscriber.onError(FluxContextWrite.java:121) ~[reactor-core-3.6.0.jar:3.6.0]
		at reactor.core.publisher.FluxConcatMapNoPrefetch$FluxConcatMapNoPrefetchSubscriber.maybeOnError(FluxConcatMapNoPrefetch.java:326) ~[reactor-core-3.6.0.jar:3.6.0]
		at reactor.core.publisher.FluxConcatMapNoPrefetch$FluxConcatMapNoPrefetchSubscriber.onNext(FluxConcatMapNoPrefetch.java:211) ~[reactor-core-3.6.0.jar:3.6.0]
		at reactor.core.publisher.FluxContextWrite$ContextWriteSubscriber.onNext(FluxContextWrite.java:107) ~[reactor-core-3.6.0.jar:3.6.0]
		at reactor.core.publisher.SinkManyEmitterProcessor.drain(SinkManyEmitterProcessor.java:476) ~[reactor-core-3.6.0.jar:3.6.0]
		at reactor.core.publisher.SinkManyEmitterProcessor$EmitterInner.drainParent(SinkManyEmitterProcessor.java:620) ~[reactor-core-3.6.0.jar:3.6.0]
		at reactor.core.publisher.FluxPublish$PubSubInner.request(FluxPublish.java:874) ~[reactor-core-3.6.0.jar:3.6.0]
		at reactor.core.publisher.FluxContextWrite$ContextWriteSubscriber.request(FluxContextWrite.java:136) ~[reactor-core-3.6.0.jar:3.6.0]
		at reactor.core.publisher.FluxConcatMapNoPrefetch$FluxConcatMapNoPrefetchSubscriber.request(FluxConcatMapNoPrefetch.java:336) ~[reactor-core-3.6.0.jar:3.6.0]
		at reactor.core.publisher.FluxContextWrite$ContextWriteSubscriber.request(FluxContextWrite.java:136) ~[reactor-core-3.6.0.jar:3.6.0]
		at reactor.core.publisher.Operators$DeferredSubscription.request(Operators.java:1743) ~[reactor-core-3.6.0.jar:3.6.0]
		at reactor.core.publisher.FluxRetryWhen$RetryWhenMainSubscriber.onError(FluxRetryWhen.java:195) ~[reactor-core-3.6.0.jar:3.6.0]
		at reactor.core.publisher.MonoCreate$DefaultMonoSink.error(MonoCreate.java:205) ~[reactor-core-3.6.0.jar:3.6.0]
		at reactor.netty.http.client.HttpClientConnect$MonoHttpConnect$ClientTransportSubscriber.onError(HttpClientConnect.java:311) ~[reactor-netty-http-1.1.13.jar:1.1.13]
		at reactor.core.publisher.MonoCreate$DefaultMonoSink.error(MonoCreate.java:205) ~[reactor-core-3.6.0.jar:3.6.0]
		at reactor.netty.resources.DefaultPooledConnectionProvider$DisposableAcquire.onError(DefaultPooledConnectionProvider.java:162) ~[reactor-netty-core-1.1.13.jar:1.1.13]
		at reactor.netty.internal.shaded.reactor.pool.AbstractPool$Borrower.fail(AbstractPool.java:475) ~[reactor-netty-core-1.1.13.jar:1.1.13]
		at reactor.netty.internal.shaded.reactor.pool.SimpleDequePool.lambda$drainLoop$9(SimpleDequePool.java:433) ~[reactor-netty-core-1.1.13.jar:1.1.13]
		at reactor.core.publisher.FluxDoOnEach$DoOnEachSubscriber.onError(FluxDoOnEach.java:186) ~[reactor-core-3.6.0.jar:3.6.0]
		at reactor.core.publisher.MonoCreate$DefaultMonoSink.error(MonoCreate.java:205) ~[reactor-core-3.6.0.jar:3.6.0]
		at reactor.netty.resources.DefaultPooledConnectionProvider$PooledConnectionAllocator$PooledConnectionInitializer.onError(DefaultPooledConnectionProvider.java:560) ~[reactor-netty-core-1.1.13.jar:1.1.13]
		at reactor.core.publisher.MonoFlatMap$FlatMapMain.secondError(MonoFlatMap.java:241) ~[reactor-core-3.6.0.jar:3.6.0]
		at reactor.core.publisher.MonoFlatMap$FlatMapInner.onError(MonoFlatMap.java:315) ~[reactor-core-3.6.0.jar:3.6.0]
		at reactor.core.publisher.FluxOnErrorResume$ResumeSubscriber.onError(FluxOnErrorResume.java:106) ~[reactor-core-3.6.0.jar:3.6.0]
		at reactor.core.publisher.Operators.error(Operators.java:198) ~[reactor-core-3.6.0.jar:3.6.0]
		at reactor.core.publisher.MonoError.subscribe(MonoError.java:53) ~[reactor-core-3.6.0.jar:3.6.0]
		at reactor.core.publisher.Mono.subscribe(Mono.java:4512) ~[reactor-core-3.6.0.jar:3.6.0]
		at reactor.core.publisher.FluxOnErrorResume$ResumeSubscriber.onError(FluxOnErrorResume.java:103) ~[reactor-core-3.6.0.jar:3.6.0]
		at reactor.netty.transport.TransportConnector$MonoChannelPromise.tryFailure(TransportConnector.java:576) ~[reactor-netty-core-1.1.13.jar:1.1.13]
		at reactor.netty.transport.TransportConnector$MonoChannelPromise.setFailure(TransportConnector.java:522) ~[reactor-netty-core-1.1.13.jar:1.1.13]
		at reactor.netty.transport.TransportConnector.lambda$doConnect$7(TransportConnector.java:261) ~[reactor-netty-core-1.1.13.jar:1.1.13]
		at io.netty.util.concurrent.DefaultPromise.notifyListener0(DefaultPromise.java:590) ~[netty-common-4.1.101.Final.jar:4.1.101.Final]
		at io.netty.util.concurrent.DefaultPromise.notifyListeners0(DefaultPromise.java:583) ~[netty-common-4.1.101.Final.jar:4.1.101.Final]
		at io.netty.util.concurrent.DefaultPromise.notifyListenersNow(DefaultPromise.java:559) ~[netty-common-4.1.101.Final.jar:4.1.101.Final]
		at io.netty.util.concurrent.DefaultPromise.notifyListeners(DefaultPromise.java:492) ~[netty-common-4.1.101.Final.jar:4.1.101.Final]
		at io.netty.util.concurrent.DefaultPromise.setValue0(DefaultPromise.java:636) ~[netty-common-4.1.101.Final.jar:4.1.101.Final]
		at io.netty.util.concurrent.DefaultPromise.setFailure0(DefaultPromise.java:629) ~[netty-common-4.1.101.Final.jar:4.1.101.Final]
		at io.netty.util.concurrent.DefaultPromise.tryFailure(DefaultPromise.java:118) ~[netty-common-4.1.101.Final.jar:4.1.101.Final]
		at io.netty.channel.nio.AbstractNioChannel$AbstractNioUnsafe.fulfillConnectPromise(AbstractNioChannel.java:321) ~[netty-transport-4.1.101.Final.jar:4.1.101.Final]
		at io.netty.channel.nio.AbstractNioChannel$AbstractNioUnsafe.finishConnect(AbstractNioChannel.java:337) ~[netty-transport-4.1.101.Final.jar:4.1.101.Final]
		at io.netty.channel.nio.NioEventLoop.processSelectedKey(NioEventLoop.java:776) ~[netty-transport-4.1.101.Final.jar:4.1.101.Final]
		at io.netty.channel.nio.NioEventLoop.processSelectedKeysOptimized(NioEventLoop.java:724) ~[netty-transport-4.1.101.Final.jar:4.1.101.Final]
		at io.netty.channel.nio.NioEventLoop.processSelectedKeys(NioEventLoop.java:650) ~[netty-transport-4.1.101.Final.jar:4.1.101.Final]
		at io.netty.channel.nio.NioEventLoop.run(NioEventLoop.java:562) ~[netty-transport-4.1.101.Final.jar:4.1.101.Final]
		at io.netty.util.concurrent.SingleThreadEventExecutor$4.run(SingleThreadEventExecutor.java:997) ~[netty-common-4.1.101.Final.jar:4.1.101.Final]
		at io.netty.util.internal.ThreadExecutorMap$2.run(ThreadExecutorMap.java:74) ~[netty-common-4.1.101.Final.jar:4.1.101.Final]
		at io.netty.util.concurrent.FastThreadLocalRunnable.run(FastThreadLocalRunnable.java:30) ~[netty-common-4.1.101.Final.jar:4.1.101.Final]
		at java.base/java.lang.Thread.run(Thread.java:833) ~[na:na]
Caused by: io.netty.channel.AbstractChannel$AnnotatedSocketException: Network is unreachable: no further information: /169.254.237.78:8086
Caused by: java.net.SocketException: Network is unreachable: no further information
	at java.base/sun.nio.ch.Net.pollConnect(Native Method) ~[na:na]
	at java.base/sun.nio.ch.Net.pollConnectNow(Net.java:672) ~[na:na]
	at java.base/sun.nio.ch.SocketChannelImpl.finishConnect(SocketChannelImpl.java:946) ~[na:na]
	at io.netty.channel.socket.nio.NioSocketChannel.doFinishConnect(NioSocketChannel.java:337) ~[netty-transport-4.1.101.Final.jar:4.1.101.Final]
	at io.netty.channel.nio.AbstractNioChannel$AbstractNioUnsafe.finishConnect(AbstractNioChannel.java:334) ~[netty-transport-4.1.101.Final.jar:4.1.101.Final]
	at io.netty.channel.nio.NioEventLoop.processSelectedKey(NioEventLoop.java:776) ~[netty-transport-4.1.101.Final.jar:4.1.101.Final]
	at io.netty.channel.nio.NioEventLoop.processSelectedKeysOptimized(NioEventLoop.java:724) ~[netty-transport-4.1.101.Final.jar:4.1.101.Final]
	at io.netty.channel.nio.NioEventLoop.processSelectedKeys(NioEventLoop.java:650) ~[netty-transport-4.1.101.Final.jar:4.1.101.Final]
	at io.netty.channel.nio.NioEventLoop.run(NioEventLoop.java:562) ~[netty-transport-4.1.101.Final.jar:4.1.101.Final]
	at io.netty.util.concurrent.SingleThreadEventExecutor$4.run(SingleThreadEventExecutor.java:997) ~[netty-common-4.1.101.Final.jar:4.1.101.Final]
	at io.netty.util.internal.ThreadExecutorMap$2.run(ThreadExecutorMap.java:74) ~[netty-common-4.1.101.Final.jar:4.1.101.Final]
	at io.netty.util.concurrent.FastThreadLocalRunnable.run(FastThreadLocalRunnable.java:30) ~[netty-common-4.1.101.Final.jar:4.1.101.Final]
	at java.base/java.lang.Thread.run(Thread.java:833) ~[na:na]

2026-05-16T10:05:08.229+05:30  INFO 3092 --- [admin-server] [reactor-http-nio-2] d.c.b.a.server.services.StatusUpdater    : Couldn't retrieve status for Instance(id=ee9a4a8d37bd, version=2, registration=Registration(name=gateway-service, managementUrl=http://169.254.237.78:8080/actuator, healthUrl=http://169.254.237.78:8080/actuator/health, serviceUrl=http://169.254.237.78:8080/, source=http-api), registered=true, statusInfo=StatusInfo(status=UP, details={reactiveDiscoveryClients={status=UP, components={Simple Reactive Discovery Client={status=UP, details={services=[]}}, Spring Cloud Eureka Reactive Discovery Client={status=UP, details={services=[auth-service, gateway-service, parkingspot-service]}}}}, diskSpace={status=UP, details={total=236228440064, free=12063711232, threshold=10485760, path=C:\Users\Hp\Desktop\Parkease-Backend\gateway-service\., exists=true}}, ping={status=UP}, discoveryComposite={status=UP, components={discoveryClient={status=UP, details={services=[auth-service, gateway-service, parkingspot-service]}}, eureka={description=Eureka discovery client is reporting failures to connect to a Eureka server, status=UP, details={renewalPeriod=30, failCount=896551, applications={AUTH-SERVICE=1, GATEWAY-SERVICE=1, PARKINGSPOT-SERVICE=1}}}}}, refreshScope={status=UP}}), statusTimestamp=2026-05-16T04:34:51.024997Z, info=Info(values={}), endpoints=Endpoints(endpoints={caches=Endpoint(id=caches, url=http://169.254.237.78:8080/actuator/caches), loggers=Endpoint(id=loggers, url=http://169.254.237.78:8080/actuator/loggers), health=Endpoint(id=health, url=http://169.254.237.78:8080/actuator/health), refresh=Endpoint(id=refresh, url=http://169.254.237.78:8080/actuator/refresh), env=Endpoint(id=env, url=http://169.254.237.78:8080/actuator/env), serviceregistry=Endpoint(id=serviceregistry, url=http://169.254.237.78:8080/actuator/serviceregistry), heapdump=Endpoint(id=heapdump, url=http://169.254.237.78:8080/actuator/heapdump), features=Endpoint(id=features, url=http://169.254.237.78:8080/actuator/features), scheduledtasks=Endpoint(id=scheduledtasks, url=http://169.254.237.78:8080/actuator/scheduledtasks), mappings=Endpoint(id=mappings, url=http://169.254.237.78:8080/actuator/mappings), beans=Endpoint(id=beans, url=http://169.254.237.78:8080/actuator/beans), configprops=Endpoint(id=configprops, url=http://169.254.237.78:8080/actuator/configprops), threaddump=Endpoint(id=threaddump, url=http://169.254.237.78:8080/actuator/threaddump), metrics=Endpoint(id=metrics, url=http://169.254.237.78:8080/actuator/metrics), conditions=Endpoint(id=conditions, url=http://169.254.237.78:8080/actuator/conditions), info=Endpoint(id=info, url=http://169.254.237.78:8080/actuator/info)}), buildVersion=null, tags=Tags(values={}))

org.springframework.web.reactive.function.client.WebClientRequestException: Network is unreachable: no further information: /169.254.237.78:8080
	at org.springframework.web.reactive.function.client.ExchangeFunctions$DefaultExchangeFunction.lambda$wrapException$9(ExchangeFunctions.java:136) ~[spring-webflux-6.1.1.jar:6.1.1]
	Suppressed: reactor.core.publisher.FluxOnAssembly$OnAssemblyException: 
Error has been observed at the following site(s):
	*__checkpoint ⇢ Request to GET health [DefaultWebClient]
Original Stack Trace:
		at org.springframework.web.reactive.function.client.ExchangeFunctions$DefaultExchangeFunction.lambda$wrapException$9(ExchangeFunctions.java:136) ~[spring-webflux-6.1.1.jar:6.1.1]
		at reactor.core.publisher.MonoErrorSupplied.subscribe(MonoErrorSupplied.java:55) ~[reactor-core-3.6.0.jar:3.6.0]
		at reactor.core.publisher.Mono.subscribe(Mono.java:4512) ~[reactor-core-3.6.0.jar:3.6.0]
		at reactor.core.publisher.FluxOnErrorResume$ResumeSubscriber.onError(FluxOnErrorResume.java:103) ~[reactor-core-3.6.0.jar:3.6.0]
		at reactor.core.publisher.FluxPeek$PeekSubscriber.onError(FluxPeek.java:222) ~[reactor-core-3.6.0.jar:3.6.0]
		at reactor.core.publisher.FluxPeek$PeekSubscriber.onError(FluxPeek.java:222) ~[reactor-core-3.6.0.jar:3.6.0]
		at reactor.core.publisher.FluxPeek$PeekSubscriber.onError(FluxPeek.java:222) ~[reactor-core-3.6.0.jar:3.6.0]
		at reactor.core.publisher.MonoNext$NextSubscriber.onError(MonoNext.java:93) ~[reactor-core-3.6.0.jar:3.6.0]
		at reactor.core.publisher.MonoFlatMapMany$FlatMapManyMain.onError(MonoFlatMapMany.java:204) ~[reactor-core-3.6.0.jar:3.6.0]
		at reactor.core.publisher.SerializedSubscriber.onError(SerializedSubscriber.java:124) ~[reactor-core-3.6.0.jar:3.6.0]
		at reactor.core.publisher.FluxRetryWhen$RetryWhenMainSubscriber.whenError(FluxRetryWhen.java:228) ~[reactor-core-3.6.0.jar:3.6.0]
		at reactor.core.publisher.FluxRetryWhen$RetryWhenOtherSubscriber.onError(FluxRetryWhen.java:278) ~[reactor-core-3.6.0.jar:3.6.0]
		at reactor.core.publisher.FluxContextWrite$ContextWriteSubscriber.onError(FluxContextWrite.java:121) ~[reactor-core-3.6.0.jar:3.6.0]
		at reactor.core.publisher.FluxConcatMapNoPrefetch$FluxConcatMapNoPrefetchSubscriber.maybeOnError(FluxConcatMapNoPrefetch.java:326) ~[reactor-core-3.6.0.jar:3.6.0]
		at reactor.core.publisher.FluxConcatMapNoPrefetch$FluxConcatMapNoPrefetchSubscriber.onNext(FluxConcatMapNoPrefetch.java:211) ~[reactor-core-3.6.0.jar:3.6.0]
		at reactor.core.publisher.FluxContextWrite$ContextWriteSubscriber.onNext(FluxContextWrite.java:107) ~[reactor-core-3.6.0.jar:3.6.0]
		at reactor.core.publisher.SinkManyEmitterProcessor.drain(SinkManyEmitterProcessor.java:476) ~[reactor-core-3.6.0.jar:3.6.0]
		at reactor.core.publisher.SinkManyEmitterProcessor$EmitterInner.drainParent(SinkManyEmitterProcessor.java:620) ~[reactor-core-3.6.0.jar:3.6.0]
		at reactor.core.publisher.FluxPublish$PubSubInner.request(FluxPublish.java:874) ~[reactor-core-3.6.0.jar:3.6.0]
		at reactor.core.publisher.FluxContextWrite$ContextWriteSubscriber.request(FluxContextWrite.java:136) ~[reactor-core-3.6.0.jar:3.6.0]
		at reactor.core.publisher.FluxConcatMapNoPrefetch$FluxConcatMapNoPrefetchSubscriber.request(FluxConcatMapNoPrefetch.java:336) ~[reactor-core-3.6.0.jar:3.6.0]
		at reactor.core.publisher.FluxContextWrite$ContextWriteSubscriber.request(FluxContextWrite.java:136) ~[reactor-core-3.6.0.jar:3.6.0]
		at reactor.core.publisher.Operators$DeferredSubscription.request(Operators.java:1743) ~[reactor-core-3.6.0.jar:3.6.0]
		at reactor.core.publisher.FluxRetryWhen$RetryWhenMainSubscriber.onError(FluxRetryWhen.java:195) ~[reactor-core-3.6.0.jar:3.6.0]
		at reactor.core.publisher.MonoCreate$DefaultMonoSink.error(MonoCreate.java:205) ~[reactor-core-3.6.0.jar:3.6.0]
		at reactor.netty.http.client.HttpClientConnect$MonoHttpConnect$ClientTransportSubscriber.onError(HttpClientConnect.java:311) ~[reactor-netty-http-1.1.13.jar:1.1.13]
		at reactor.core.publisher.MonoCreate$DefaultMonoSink.error(MonoCreate.java:205) ~[reactor-core-3.6.0.jar:3.6.0]
		at reactor.netty.resources.DefaultPooledConnectionProvider$DisposableAcquire.onError(DefaultPooledConnectionProvider.java:162) ~[reactor-netty-core-1.1.13.jar:1.1.13]
		at reactor.netty.internal.shaded.reactor.pool.AbstractPool$Borrower.fail(AbstractPool.java:475) ~[reactor-netty-core-1.1.13.jar:1.1.13]
		at reactor.netty.internal.shaded.reactor.pool.SimpleDequePool.lambda$drainLoop$9(SimpleDequePool.java:433) ~[reactor-netty-core-1.1.13.jar:1.1.13]
		at reactor.core.publisher.FluxDoOnEach$DoOnEachSubscriber.onError(FluxDoOnEach.java:186) ~[reactor-core-3.6.0.jar:3.6.0]
		at reactor.core.publisher.MonoCreate$DefaultMonoSink.error(MonoCreate.java:205) ~[reactor-core-3.6.0.jar:3.6.0]
		at reactor.netty.resources.DefaultPooledConnectionProvider$PooledConnectionAllocator$PooledConnectionInitializer.onError(DefaultPooledConnectionProvider.java:560) ~[reactor-netty-core-1.1.13.jar:1.1.13]
		at reactor.core.publisher.MonoFlatMap$FlatMapMain.secondError(MonoFlatMap.java:241) ~[reactor-core-3.6.0.jar:3.6.0]
		at reactor.core.publisher.MonoFlatMap$FlatMapInner.onError(MonoFlatMap.java:315) ~[reactor-core-3.6.0.jar:3.6.0]
		at reactor.core.publisher.FluxOnErrorResume$ResumeSubscriber.onError(FluxOnErrorResume.java:106) ~[reactor-core-3.6.0.jar:3.6.0]
		at reactor.core.publisher.Operators.error(Operators.java:198) ~[reactor-core-3.6.0.jar:3.6.0]
		at reactor.core.publisher.MonoError.subscribe(MonoError.java:53) ~[reactor-core-3.6.0.jar:3.6.0]
		at reactor.core.publisher.Mono.subscribe(Mono.java:4512) ~[reactor-core-3.6.0.jar:3.6.0]
		at reactor.core.publisher.FluxOnErrorResume$ResumeSubscriber.onError(FluxOnErrorResume.java:103) ~[reactor-core-3.6.0.jar:3.6.0]
		at reactor.netty.transport.TransportConnector$MonoChannelPromise.tryFailure(TransportConnector.java:576) ~[reactor-netty-core-1.1.13.jar:1.1.13]
		at reactor.netty.transport.TransportConnector$MonoChannelPromise.setFailure(TransportConnector.java:522) ~[reactor-netty-core-1.1.13.jar:1.1.13]
		at reactor.netty.transport.TransportConnector.lambda$doConnect$7(TransportConnector.java:261) ~[reactor-netty-core-1.1.13.jar:1.1.13]
		at io.netty.util.concurrent.DefaultPromise.notifyListener0(DefaultPromise.java:590) ~[netty-common-4.1.101.Final.jar:4.1.101.Final]
		at io.netty.util.concurrent.DefaultPromise.notifyListeners0(DefaultPromise.java:583) ~[netty-common-4.1.101.Final.jar:4.1.101.Final]
		at io.netty.util.concurrent.DefaultPromise.notifyListenersNow(DefaultPromise.java:559) ~[netty-common-4.1.101.Final.jar:4.1.101.Final]
		at io.netty.util.concurrent.DefaultPromise.notifyListeners(DefaultPromise.java:492) ~[netty-common-4.1.101.Final.jar:4.1.101.Final]
		at io.netty.util.concurrent.DefaultPromise.setValue0(DefaultPromise.java:636) ~[netty-common-4.1.101.Final.jar:4.1.101.Final]
		at io.netty.util.concurrent.DefaultPromise.setFailure0(DefaultPromise.java:629) ~[netty-common-4.1.101.Final.jar:4.1.101.Final]
		at io.netty.util.concurrent.DefaultPromise.tryFailure(DefaultPromise.java:118) ~[netty-common-4.1.101.Final.jar:4.1.101.Final]
		at io.netty.channel.nio.AbstractNioChannel$AbstractNioUnsafe.fulfillConnectPromise(AbstractNioChannel.java:321) ~[netty-transport-4.1.101.Final.jar:4.1.101.Final]
		at io.netty.channel.nio.AbstractNioChannel$AbstractNioUnsafe.finishConnect(AbstractNioChannel.java:337) ~[netty-transport-4.1.101.Final.jar:4.1.101.Final]
		at io.netty.channel.nio.NioEventLoop.processSelectedKey(NioEventLoop.java:776) ~[netty-transport-4.1.101.Final.jar:4.1.101.Final]
		at io.netty.channel.nio.NioEventLoop.processSelectedKeysOptimized(NioEventLoop.java:724) ~[netty-transport-4.1.101.Final.jar:4.1.101.Final]
		at io.netty.channel.nio.NioEventLoop.processSelectedKeys(NioEventLoop.java:650) ~[netty-transport-4.1.101.Final.jar:4.1.101.Final]
		at io.netty.channel.nio.NioEventLoop.run(NioEventLoop.java:562) ~[netty-transport-4.1.101.Final.jar:4.1.101.Final]
		at io.netty.util.concurrent.SingleThreadEventExecutor$4.run(SingleThreadEventExecutor.java:997) ~[netty-common-4.1.101.Final.jar:4.1.101.Final]
		at io.netty.util.internal.ThreadExecutorMap$2.run(ThreadExecutorMap.java:74) ~[netty-common-4.1.101.Final.jar:4.1.101.Final]
		at io.netty.util.concurrent.FastThreadLocalRunnable.run(FastThreadLocalRunnable.java:30) ~[netty-common-4.1.101.Final.jar:4.1.101.Final]
		at java.base/java.lang.Thread.run(Thread.java:833) ~[na:na]
Caused by: io.netty.channel.AbstractChannel$AnnotatedSocketException: Network is unreachable: no further information: /169.254.237.78:8080
Caused by: java.net.SocketException: Network is unreachable: no further information
	at java.base/sun.nio.ch.Net.pollConnect(Native Method) ~[na:na]
	at java.base/sun.nio.ch.Net.pollConnectNow(Net.java:672) ~[na:na]
	at java.base/sun.nio.ch.SocketChannelImpl.finishConnect(SocketChannelImpl.java:946) ~[na:na]
	at io.netty.channel.socket.nio.NioSocketChannel.doFinishConnect(NioSocketChannel.java:337) ~[netty-transport-4.1.101.Final.jar:4.1.101.Final]
	at io.netty.channel.nio.AbstractNioChannel$AbstractNioUnsafe.finishConnect(AbstractNioChannel.java:334) ~[netty-transport-4.1.101.Final.jar:4.1.101.Final]
	at io.netty.channel.nio.NioEventLoop.processSelectedKey(NioEventLoop.java:776) ~[netty-transport-4.1.101.Final.jar:4.1.101.Final]
	at io.netty.channel.nio.NioEventLoop.processSelectedKeysOptimized(NioEventLoop.java:724) ~[netty-transport-4.1.101.Final.jar:4.1.101.Final]
	at io.netty.channel.nio.NioEventLoop.processSelectedKeys(NioEventLoop.java:650) ~[netty-transport-4.1.101.Final.jar:4.1.101.Final]
	at io.netty.channel.nio.NioEventLoop.run(NioEventLoop.java:562) ~[netty-transport-4.1.101.Final.jar:4.1.101.Final]
	at io.netty.util.concurrent.SingleThreadEventExecutor$4.run(SingleThreadEventExecutor.java:997) ~[netty-common-4.1.101.Final.jar:4.1.101.Final]
	at io.netty.util.internal.ThreadExecutorMap$2.run(ThreadExecutorMap.java:74) ~[netty-common-4.1.101.Final.jar:4.1.101.Final]
	at io.netty.util.concurrent.FastThreadLocalRunnable.run(FastThreadLocalRunnable.java:30) ~[netty-common-4.1.101.Final.jar:4.1.101.Final]
	at java.base/java.lang.Thread.run(Thread.java:833) ~[na:na]

2026-05-16T10:05:08.231+05:30  INFO 3092 --- [admin-server] [reactor-http-nio-3] d.c.b.a.server.services.StatusUpdater    : Couldn't retrieve status for Instance(id=fc5d1fdc2e85, version=2, registration=Registration(name=parkinglot-service, managementUrl=http://169.254.237.78:8082/actuator, healthUrl=http://169.254.237.78:8082/actuator/health, serviceUrl=http://169.254.237.78:8082/, source=http-api), registered=true, statusInfo=StatusInfo(status=UP, details={db={status=UP, details={database=MySQL, validationQuery=isValid()}}, diskSpace={status=UP, details={total=236228440064, free=12069474304, threshold=10485760, path=C:\Users\Hp\Desktop\Parkease-Backend\parkinglot-service\., exists=true}}, ping={status=UP}, discoveryComposite={status=UP, components={discoveryClient={status=UP, details={services=[gateway-service, parkingspot-service, auth-service]}}, eureka={description=Eureka discovery client is reporting failures to connect to a Eureka server, status=UP, details={renewalPeriod=30, failCount=942288, applications={AUTH-SERVICE=1, GATEWAY-SERVICE=1, PARKINGSPOT-SERVICE=1}}}}}, refreshScope={status=UP}}), statusTimestamp=2026-05-16T04:34:50.148750900Z, info=Info(values={}), endpoints=Endpoints(endpoints={caches=Endpoint(id=caches, url=http://169.254.237.78:8082/actuator/caches), loggers=Endpoint(id=loggers, url=http://169.254.237.78:8082/actuator/loggers), logfile=Endpoint(id=logfile, url=http://169.254.237.78:8082/actuator/logfile), health=Endpoint(id=health, url=http://169.254.237.78:8082/actuator/health), refresh=Endpoint(id=refresh, url=http://169.254.237.78:8082/actuator/refresh), env=Endpoint(id=env, url=http://169.254.237.78:8082/actuator/env), serviceregistry=Endpoint(id=serviceregistry, url=http://169.254.237.78:8082/actuator/serviceregistry), heapdump=Endpoint(id=heapdump, url=http://169.254.237.78:8082/actuator/heapdump), features=Endpoint(id=features, url=http://169.254.237.78:8082/actuator/features), scheduledtasks=Endpoint(id=scheduledtasks, url=http://169.254.237.78:8082/actuator/scheduledtasks), mappings=Endpoint(id=mappings, url=http://169.254.237.78:8082/actuator/mappings), beans=Endpoint(id=beans, url=http://169.254.237.78:8082/actuator/beans), configprops=Endpoint(id=configprops, url=http://169.254.237.78:8082/actuator/configprops), threaddump=Endpoint(id=threaddump, url=http://169.254.237.78:8082/actuator/threaddump), metrics=Endpoint(id=metrics, url=http://169.254.237.78:8082/actuator/metrics), conditions=Endpoint(id=conditions, url=http://169.254.237.78:8082/actuator/conditions), info=Endpoint(id=info, url=http://169.254.237.78:8082/actuator/info)}), buildVersion=null, tags=Tags(values={}))

org.springframework.web.reactive.function.client.WebClientRequestException: Network is unreachable: no further information: /169.254.237.78:8082
	at org.springframework.web.reactive.function.client.ExchangeFunctions$DefaultExchangeFunction.lambda$wrapException$9(ExchangeFunctions.java:136) ~[spring-webflux-6.1.1.jar:6.1.1]
	Suppressed: reactor.core.publisher.FluxOnAssembly$OnAssemblyException: 
Error has been observed at the following site(s):
	*__checkpoint ⇢ Request to GET health [DefaultWebClient]
Original Stack Trace:
		at org.springframework.web.reactive.function.client.ExchangeFunctions$DefaultExchangeFunction.lambda$wrapException$9(ExchangeFunctions.java:136) ~[spring-webflux-6.1.1.jar:6.1.1]
		at reactor.core.publisher.MonoErrorSupplied.subscribe(MonoErrorSupplied.java:55) ~[reactor-core-3.6.0.jar:3.6.0]
		at reactor.core.publisher.Mono.subscribe(Mono.java:4512) ~[reactor-core-3.6.0.jar:3.6.0]
		at reactor.core.publisher.FluxOnErrorResume$ResumeSubscriber.onError(FluxOnErrorResume.java:103) ~[reactor-core-3.6.0.jar:3.6.0]
		at reactor.core.publisher.FluxPeek$PeekSubscriber.onError(FluxPeek.java:222) ~[reactor-core-3.6.0.jar:3.6.0]
		at reactor.core.publisher.FluxPeek$PeekSubscriber.onError(FluxPeek.java:222) ~[reactor-core-3.6.0.jar:3.6.0]
		at reactor.core.publisher.FluxPeek$PeekSubscriber.onError(FluxPeek.java:222) ~[reactor-core-3.6.0.jar:3.6.0]
		at reactor.core.publisher.MonoNext$NextSubscriber.onError(MonoNext.java:93) ~[reactor-core-3.6.0.jar:3.6.0]
		at reactor.core.publisher.MonoFlatMapMany$FlatMapManyMain.onError(MonoFlatMapMany.java:204) ~[reactor-core-3.6.0.jar:3.6.0]
		at reactor.core.publisher.SerializedSubscriber.onError(SerializedSubscriber.java:124) ~[reactor-core-3.6.0.jar:3.6.0]
		at reactor.core.publisher.FluxRetryWhen$RetryWhenMainSubscriber.whenError(FluxRetryWhen.java:228) ~[reactor-core-3.6.0.jar:3.6.0]
		at reactor.core.publisher.FluxRetryWhen$RetryWhenOtherSubscriber.onError(FluxRetryWhen.java:278) ~[reactor-core-3.6.0.jar:3.6.0]
		at reactor.core.publisher.FluxContextWrite$ContextWriteSubscriber.onError(FluxContextWrite.java:121) ~[reactor-core-3.6.0.jar:3.6.0]
		at reactor.core.publisher.FluxConcatMapNoPrefetch$FluxConcatMapNoPrefetchSubscriber.maybeOnError(FluxConcatMapNoPrefetch.java:326) ~[reactor-core-3.6.0.jar:3.6.0]
		at reactor.core.publisher.FluxConcatMapNoPrefetch$FluxConcatMapNoPrefetchSubscriber.onNext(FluxConcatMapNoPrefetch.java:211) ~[reactor-core-3.6.0.jar:3.6.0]
		at reactor.core.publisher.FluxContextWrite$ContextWriteSubscriber.onNext(FluxContextWrite.java:107) ~[reactor-core-3.6.0.jar:3.6.0]
		at reactor.core.publisher.SinkManyEmitterProcessor.drain(SinkManyEmitterProcessor.java:476) ~[reactor-core-3.6.0.jar:3.6.0]
		at reactor.core.publisher.SinkManyEmitterProcessor$EmitterInner.drainParent(SinkManyEmitterProcessor.java:620) ~[reactor-core-3.6.0.jar:3.6.0]
		at reactor.core.publisher.FluxPublish$PubSubInner.request(FluxPublish.java:874) ~[reactor-core-3.6.0.jar:3.6.0]
		at reactor.core.publisher.FluxContextWrite$ContextWriteSubscriber.request(FluxContextWrite.java:136) ~[reactor-core-3.6.0.jar:3.6.0]
		at reactor.core.publisher.FluxConcatMapNoPrefetch$FluxConcatMapNoPrefetchSubscriber.request(FluxConcatMapNoPrefetch.java:336) ~[reactor-core-3.6.0.jar:3.6.0]
		at reactor.core.publisher.FluxContextWrite$ContextWriteSubscriber.request(FluxContextWrite.java:136) ~[reactor-core-3.6.0.jar:3.6.0]
		at reactor.core.publisher.Operators$DeferredSubscription.request(Operators.java:1743) ~[reactor-core-3.6.0.jar:3.6.0]
		at reactor.core.publisher.FluxRetryWhen$RetryWhenMainSubscriber.onError(FluxRetryWhen.java:195) ~[reactor-core-3.6.0.jar:3.6.0]
		at reactor.core.publisher.MonoCreate$DefaultMonoSink.error(MonoCreate.java:205) ~[reactor-core-3.6.0.jar:3.6.0]
		at reactor.netty.http.client.HttpClientConnect$MonoHttpConnect$ClientTransportSubscriber.onError(HttpClientConnect.java:311) ~[reactor-netty-http-1.1.13.jar:1.1.13]
		at reactor.core.publisher.MonoCreate$DefaultMonoSink.error(MonoCreate.java:205) ~[reactor-core-3.6.0.jar:3.6.0]
		at reactor.netty.resources.DefaultPooledConnectionProvider$DisposableAcquire.onError(DefaultPooledConnectionProvider.java:162) ~[reactor-netty-core-1.1.13.jar:1.1.13]
		at reactor.netty.internal.shaded.reactor.pool.AbstractPool$Borrower.fail(AbstractPool.java:475) ~[reactor-netty-core-1.1.13.jar:1.1.13]
		at reactor.netty.internal.shaded.reactor.pool.SimpleDequePool.lambda$drainLoop$9(SimpleDequePool.java:433) ~[reactor-netty-core-1.1.13.jar:1.1.13]
		at reactor.core.publisher.FluxDoOnEach$DoOnEachSubscriber.onError(FluxDoOnEach.java:186) ~[reactor-core-3.6.0.jar:3.6.0]
		at reactor.core.publisher.MonoCreate$DefaultMonoSink.error(MonoCreate.java:205) ~[reactor-core-3.6.0.jar:3.6.0]
		at reactor.netty.resources.DefaultPooledConnectionProvider$PooledConnectionAllocator$PooledConnectionInitializer.onError(DefaultPooledConnectionProvider.java:560) ~[reactor-netty-core-1.1.13.jar:1.1.13]
		at reactor.core.publisher.MonoFlatMap$FlatMapMain.secondError(MonoFlatMap.java:241) ~[reactor-core-3.6.0.jar:3.6.0]
		at reactor.core.publisher.MonoFlatMap$FlatMapInner.onError(MonoFlatMap.java:315) ~[reactor-core-3.6.0.jar:3.6.0]
		at reactor.core.publisher.FluxOnErrorResume$ResumeSubscriber.onError(FluxOnErrorResume.java:106) ~[reactor-core-3.6.0.jar:3.6.0]
		at reactor.core.publisher.Operators.error(Operators.java:198) ~[reactor-core-3.6.0.jar:3.6.0]
		at reactor.core.publisher.MonoError.subscribe(MonoError.java:53) ~[reactor-core-3.6.0.jar:3.6.0]
		at reactor.core.publisher.Mono.subscribe(Mono.java:4512) ~[reactor-core-3.6.0.jar:3.6.0]
		at reactor.core.publisher.FluxOnErrorResume$ResumeSubscriber.onError(FluxOnErrorResume.java:103) ~[reactor-core-3.6.0.jar:3.6.0]
		at reactor.netty.transport.TransportConnector$MonoChannelPromise.tryFailure(TransportConnector.java:576) ~[reactor-netty-core-1.1.13.jar:1.1.13]
		at reactor.netty.transport.TransportConnector$MonoChannelPromise.setFailure(TransportConnector.java:522) ~[reactor-netty-core-1.1.13.jar:1.1.13]
		at reactor.netty.transport.TransportConnector.lambda$doConnect$7(TransportConnector.java:261) ~[reactor-netty-core-1.1.13.jar:1.1.13]
		at io.netty.util.concurrent.DefaultPromise.notifyListener0(DefaultPromise.java:590) ~[netty-common-4.1.101.Final.jar:4.1.101.Final]
		at io.netty.util.concurrent.DefaultPromise.notifyListeners0(DefaultPromise.java:583) ~[netty-common-4.1.101.Final.jar:4.1.101.Final]
		at io.netty.util.concurrent.DefaultPromise.notifyListenersNow(DefaultPromise.java:559) ~[netty-common-4.1.101.Final.jar:4.1.101.Final]
		at io.netty.util.concurrent.DefaultPromise.notifyListeners(DefaultPromise.java:492) ~[netty-common-4.1.101.Final.jar:4.1.101.Final]
		at io.netty.util.concurrent.DefaultPromise.setValue0(DefaultPromise.java:636) ~[netty-common-4.1.101.Final.jar:4.1.101.Final]
		at io.netty.util.concurrent.DefaultPromise.setFailure0(DefaultPromise.java:629) ~[netty-common-4.1.101.Final.jar:4.1.101.Final]
		at io.netty.util.concurrent.DefaultPromise.tryFailure(DefaultPromise.java:118) ~[netty-common-4.1.101.Final.jar:4.1.101.Final]
		at io.netty.channel.nio.AbstractNioChannel$AbstractNioUnsafe.fulfillConnectPromise(AbstractNioChannel.java:321) ~[netty-transport-4.1.101.Final.jar:4.1.101.Final]
		at io.netty.channel.nio.AbstractNioChannel$AbstractNioUnsafe.finishConnect(AbstractNioChannel.java:337) ~[netty-transport-4.1.101.Final.jar:4.1.101.Final]
		at io.netty.channel.nio.NioEventLoop.processSelectedKey(NioEventLoop.java:776) ~[netty-transport-4.1.101.Final.jar:4.1.101.Final]
		at io.netty.channel.nio.NioEventLoop.processSelectedKeysOptimized(NioEventLoop.java:724) ~[netty-transport-4.1.101.Final.jar:4.1.101.Final]
		at io.netty.channel.nio.NioEventLoop.processSelectedKeys(NioEventLoop.java:650) ~[netty-transport-4.1.101.Final.jar:4.1.101.Final]
		at io.netty.channel.nio.NioEventLoop.run(NioEventLoop.java:562) ~[netty-transport-4.1.101.Final.jar:4.1.101.Final]
		at io.netty.util.concurrent.SingleThreadEventExecutor$4.run(SingleThreadEventExecutor.java:997) ~[netty-common-4.1.101.Final.jar:4.1.101.Final]
		at io.netty.util.internal.ThreadExecutorMap$2.run(ThreadExecutorMap.java:74) ~[netty-common-4.1.101.Final.jar:4.1.101.Final]
		at io.netty.util.concurrent.FastThreadLocalRunnable.run(FastThreadLocalRunnable.java:30) ~[netty-common-4.1.101.Final.jar:4.1.101.Final]
		at java.base/java.lang.Thread.run(Thread.java:833) ~[na:na]
Caused by: io.netty.channel.AbstractChannel$AnnotatedSocketException: Network is unreachable: no further information: /169.254.237.78:8082
Caused by: java.net.SocketException: Network is unreachable: no further information
	at java.base/sun.nio.ch.Net.pollConnect(Native Method) ~[na:na]
	at java.base/sun.nio.ch.Net.pollConnectNow(Net.java:672) ~[na:na]
	at java.base/sun.nio.ch.SocketChannelImpl.finishConnect(SocketChannelImpl.java:946) ~[na:na]
	at io.netty.channel.socket.nio.NioSocketChannel.doFinishConnect(NioSocketChannel.java:337) ~[netty-transport-4.1.101.Final.jar:4.1.101.Final]
	at io.netty.channel.nio.AbstractNioChannel$AbstractNioUnsafe.finishConnect(AbstractNioChannel.java:334) ~[netty-transport-4.1.101.Final.jar:4.1.101.Final]
	at io.netty.channel.nio.NioEventLoop.processSelectedKey(NioEventLoop.java:776) ~[netty-transport-4.1.101.Final.jar:4.1.101.Final]
	at io.netty.channel.nio.NioEventLoop.processSelectedKeysOptimized(NioEventLoop.java:724) ~[netty-transport-4.1.101.Final.jar:4.1.101.Final]
	at io.netty.channel.nio.NioEventLoop.processSelectedKeys(NioEventLoop.java:650) ~[netty-transport-4.1.101.Final.jar:4.1.101.Final]
	at io.netty.channel.nio.NioEventLoop.run(NioEventLoop.java:562) ~[netty-transport-4.1.101.Final.jar:4.1.101.Final]
	at io.netty.util.concurrent.SingleThreadEventExecutor$4.run(SingleThreadEventExecutor.java:997) ~[netty-common-4.1.101.Final.jar:4.1.101.Final]
	at io.netty.util.internal.ThreadExecutorMap$2.run(ThreadExecutorMap.java:74) ~[netty-common-4.1.101.Final.jar:4.1.101.Final]
	at io.netty.util.concurrent.FastThreadLocalRunnable.run(FastThreadLocalRunnable.java:30) ~[netty-common-4.1.101.Final.jar:4.1.101.Final]
	at java.base/java.lang.Thread.run(Thread.java:833) ~[na:na]

2026-05-16T10:05:08.245+05:30  INFO 3092 --- [admin-server] [reactor-http-nio-4] d.c.b.a.server.services.StatusUpdater    : Couldn't retrieve status for Instance(id=c926ecaa648b, version=2, registration=Registration(name=analytics-service, managementUrl=http://169.254.237.78:8088/actuator, healthUrl=http://169.254.237.78:8088/actuator/health, serviceUrl=http://169.254.237.78:8088/, source=http-api), registered=true, statusInfo=StatusInfo(status=UP, details={db={status=UP, details={database=MySQL, validationQuery=isValid()}}, diskSpace={status=UP, details={total=236228440064, free=12060397568, threshold=10485760, path=C:\Users\Hp\Desktop\Parkease-Backend\analytics-service\., exists=true}}, ping={status=UP}, discoveryComposite={status=UP, components={discoveryClient={status=UP, details={services=[gateway-service, parkingspot-service, auth-service]}}, eureka={description=Eureka discovery client is reporting failures to connect to a Eureka server, status=UP, details={renewalPeriod=30, failCount=942254, applications={AUTH-SERVICE=1, GATEWAY-SERVICE=1, PARKINGSPOT-SERVICE=1}}}}}, refreshScope={status=UP}}), statusTimestamp=2026-05-16T04:34:52.425121600Z, info=Info(values={}), endpoints=Endpoints(endpoints={ratelimiterevents=Endpoint(id=ratelimiterevents, url=http://169.254.237.78:8088/actuator/ratelimiterevents), caches=Endpoint(id=caches, url=http://169.254.237.78:8088/actuator/caches), loggers=Endpoint(id=loggers, url=http://169.254.237.78:8088/actuator/loggers), heapdump=Endpoint(id=heapdump, url=http://169.254.237.78:8088/actuator/heapdump), circuitbreakers=Endpoint(id=circuitbreakers, url=http://169.254.237.78:8088/actuator/circuitbreakers), features=Endpoint(id=features, url=http://169.254.237.78:8088/actuator/features), timelimiterevents=Endpoint(id=timelimiterevents, url=http://169.254.237.78:8088/actuator/timelimiterevents), beans=Endpoint(id=beans, url=http://169.254.237.78:8088/actuator/beans), configprops=Endpoint(id=configprops, url=http://169.254.237.78:8088/actuator/configprops), threaddump=Endpoint(id=threaddump, url=http://169.254.237.78:8088/actuator/threaddump), ratelimiters=Endpoint(id=ratelimiters, url=http://169.254.237.78:8088/actuator/ratelimiters), info=Endpoint(id=info, url=http://169.254.237.78:8088/actuator/info), timelimiters=Endpoint(id=timelimiters, url=http://169.254.237.78:8088/actuator/timelimiters), circuitbreakerevents=Endpoint(id=circuitbreakerevents, url=http://169.254.237.78:8088/actuator/circuitbreakerevents), logfile=Endpoint(id=logfile, url=http://169.254.237.78:8088/actuator/logfile), health=Endpoint(id=health, url=http://169.254.237.78:8088/actuator/health), refresh=Endpoint(id=refresh, url=http://169.254.237.78:8088/actuator/refresh), env=Endpoint(id=env, url=http://169.254.237.78:8088/actuator/env), serviceregistry=Endpoint(id=serviceregistry, url=http://169.254.237.78:8088/actuator/serviceregistry), retries=Endpoint(id=retries, url=http://169.254.237.78:8088/actuator/retries), retryevents=Endpoint(id=retryevents, url=http://169.254.237.78:8088/actuator/retryevents), scheduledtasks=Endpoint(id=scheduledtasks, url=http://169.254.237.78:8088/actuator/scheduledtasks), mappings=Endpoint(id=mappings, url=http://169.254.237.78:8088/actuator/mappings), metrics=Endpoint(id=metrics, url=http://169.254.237.78:8088/actuator/metrics), conditions=Endpoint(id=conditions, url=http://169.254.237.78:8088/actuator/conditions)}), buildVersion=null, tags=Tags(values={}))

org.springframework.web.reactive.function.client.WebClientRequestException: Network is unreachable: no further information: /169.254.237.78:8088
	at org.springframework.web.reactive.function.client.ExchangeFunctions$DefaultExchangeFunction.lambda$wrapException$9(ExchangeFunctions.java:136) ~[spring-webflux-6.1.1.jar:6.1.1]
	Suppressed: reactor.core.publisher.FluxOnAssembly$OnAssemblyException: 
Error has been observed at the following site(s):
	*__checkpoint ⇢ Request to GET health [DefaultWebClient]
Original Stack Trace:
		at org.springframework.web.reactive.function.client.ExchangeFunctions$DefaultExchangeFunction.lambda$wrapException$9(ExchangeFunctions.java:136) ~[spring-webflux-6.1.1.jar:6.1.1]
		at reactor.core.publisher.MonoErrorSupplied.subscribe(MonoErrorSupplied.java:55) ~[reactor-core-3.6.0.jar:3.6.0]
		at reactor.core.publisher.Mono.subscribe(Mono.java:4512) ~[reactor-core-3.6.0.jar:3.6.0]
		at reactor.core.publisher.FluxOnErrorResume$ResumeSubscriber.onError(FluxOnErrorResume.java:103) ~[reactor-core-3.6.0.jar:3.6.0]
		at reactor.core.publisher.FluxPeek$PeekSubscriber.onError(FluxPeek.java:222) ~[reactor-core-3.6.0.jar:3.6.0]
		at reactor.core.publisher.FluxPeek$PeekSubscriber.onError(FluxPeek.java:222) ~[reactor-core-3.6.0.jar:3.6.0]
		at reactor.core.publisher.FluxPeek$PeekSubscriber.onError(FluxPeek.java:222) ~[reactor-core-3.6.0.jar:3.6.0]
		at reactor.core.publisher.MonoNext$NextSubscriber.onError(MonoNext.java:93) ~[reactor-core-3.6.0.jar:3.6.0]
		at reactor.core.publisher.MonoFlatMapMany$FlatMapManyMain.onError(MonoFlatMapMany.java:204) ~[reactor-core-3.6.0.jar:3.6.0]
		at reactor.core.publisher.SerializedSubscriber.onError(SerializedSubscriber.java:124) ~[reactor-core-3.6.0.jar:3.6.0]
		at reactor.core.publisher.FluxRetryWhen$RetryWhenMainSubscriber.whenError(FluxRetryWhen.java:228) ~[reactor-core-3.6.0.jar:3.6.0]
		at reactor.core.publisher.FluxRetryWhen$RetryWhenOtherSubscriber.onError(FluxRetryWhen.java:278) ~[reactor-core-3.6.0.jar:3.6.0]
		at reactor.core.publisher.FluxContextWrite$ContextWriteSubscriber.onError(FluxContextWrite.java:121) ~[reactor-core-3.6.0.jar:3.6.0]
		at reactor.core.publisher.FluxConcatMapNoPrefetch$FluxConcatMapNoPrefetchSubscriber.maybeOnError(FluxConcatMapNoPrefetch.java:326) ~[reactor-core-3.6.0.jar:3.6.0]
		at reactor.core.publisher.FluxConcatMapNoPrefetch$FluxConcatMapNoPrefetchSubscriber.onNext(FluxConcatMapNoPrefetch.java:211) ~[reactor-core-3.6.0.jar:3.6.0]
		at reactor.core.publisher.FluxContextWrite$ContextWriteSubscriber.onNext(FluxContextWrite.java:107) ~[reactor-core-3.6.0.jar:3.6.0]
		at reactor.core.publisher.SinkManyEmitterProcessor.drain(SinkManyEmitterProcessor.java:476) ~[reactor-core-3.6.0.jar:3.6.0]
		at reactor.core.publisher.SinkManyEmitterProcessor$EmitterInner.drainParent(SinkManyEmitterProcessor.java:620) ~[reactor-core-3.6.0.jar:3.6.0]
		at reactor.core.publisher.FluxPublish$PubSubInner.request(FluxPublish.java:874) ~[reactor-core-3.6.0.jar:3.6.0]
		at reactor.core.publisher.FluxContextWrite$ContextWriteSubscriber.request(FluxContextWrite.java:136) ~[reactor-core-3.6.0.jar:3.6.0]
		at reactor.core.publisher.FluxConcatMapNoPrefetch$FluxConcatMapNoPrefetchSubscriber.request(FluxConcatMapNoPrefetch.java:336) ~[reactor-core-3.6.0.jar:3.6.0]
		at reactor.core.publisher.FluxContextWrite$ContextWriteSubscriber.request(FluxContextWrite.java:136) ~[reactor-core-3.6.0.jar:3.6.0]
		at reactor.core.publisher.Operators$DeferredSubscription.request(Operators.java:1743) ~[reactor-core-3.6.0.jar:3.6.0]
		at reactor.core.publisher.FluxRetryWhen$RetryWhenMainSubscriber.onError(FluxRetryWhen.java:195) ~[reactor-core-3.6.0.jar:3.6.0]
		at reactor.core.publisher.MonoCreate$DefaultMonoSink.error(MonoCreate.java:205) ~[reactor-core-3.6.0.jar:3.6.0]
		at reactor.netty.http.client.HttpClientConnect$MonoHttpConnect$ClientTransportSubscriber.onError(HttpClientConnect.java:311) ~[reactor-netty-http-1.1.13.jar:1.1.13]
		at reactor.core.publisher.MonoCreate$DefaultMonoSink.error(MonoCreate.java:205) ~[reactor-core-3.6.0.jar:3.6.0]
		at reactor.netty.resources.DefaultPooledConnectionProvider$DisposableAcquire.onError(DefaultPooledConnectionProvider.java:162) ~[reactor-netty-core-1.1.13.jar:1.1.13]
		at reactor.netty.internal.shaded.reactor.pool.AbstractPool$Borrower.fail(AbstractPool.java:475) ~[reactor-netty-core-1.1.13.jar:1.1.13]
		at reactor.netty.internal.shaded.reactor.pool.SimpleDequePool.lambda$drainLoop$9(SimpleDequePool.java:433) ~[reactor-netty-core-1.1.13.jar:1.1.13]
		at reactor.core.publisher.FluxDoOnEach$DoOnEachSubscriber.onError(FluxDoOnEach.java:186) ~[reactor-core-3.6.0.jar:3.6.0]
		at reactor.core.publisher.MonoCreate$DefaultMonoSink.error(MonoCreate.java:205) ~[reactor-core-3.6.0.jar:3.6.0]
		at reactor.netty.resources.DefaultPooledConnectionProvider$PooledConnectionAllocator$PooledConnectionInitializer.onError(DefaultPooledConnectionProvider.java:560) ~[reactor-netty-core-1.1.13.jar:1.1.13]
		at reactor.core.publisher.MonoFlatMap$FlatMapMain.secondError(MonoFlatMap.java:241) ~[reactor-core-3.6.0.jar:3.6.0]
		at reactor.core.publisher.MonoFlatMap$FlatMapInner.onError(MonoFlatMap.java:315) ~[reactor-core-3.6.0.jar:3.6.0]
		at reactor.core.publisher.FluxOnErrorResume$ResumeSubscriber.onError(FluxOnErrorResume.java:106) ~[reactor-core-3.6.0.jar:3.6.0]
		at reactor.core.publisher.Operators.error(Operators.java:198) ~[reactor-core-3.6.0.jar:3.6.0]
		at reactor.core.publisher.MonoError.subscribe(MonoError.java:53) ~[reactor-core-3.6.0.jar:3.6.0]
		at reactor.core.publisher.Mono.subscribe(Mono.java:4512) ~[reactor-core-3.6.0.jar:3.6.0]
		at reactor.core.publisher.FluxOnErrorResume$ResumeSubscriber.onError(FluxOnErrorResume.java:103) ~[reactor-core-3.6.0.jar:3.6.0]
		at reactor.netty.transport.TransportConnector$MonoChannelPromise.tryFailure(TransportConnector.java:576) ~[reactor-netty-core-1.1.13.jar:1.1.13]
		at reactor.netty.transport.TransportConnector$MonoChannelPromise.setFailure(TransportConnector.java:522) ~[reactor-netty-core-1.1.13.jar:1.1.13]
		at reactor.netty.transport.TransportConnector.lambda$doConnect$7(TransportConnector.java:261) ~[reactor-netty-core-1.1.13.jar:1.1.13]
		at io.netty.util.concurrent.DefaultPromise.notifyListener0(DefaultPromise.java:590) ~[netty-common-4.1.101.Final.jar:4.1.101.Final]
		at io.netty.util.concurrent.DefaultPromise.notifyListeners0(DefaultPromise.java:583) ~[netty-common-4.1.101.Final.jar:4.1.101.Final]
		at io.netty.util.concurrent.DefaultPromise.notifyListenersNow(DefaultPromise.java:559) ~[netty-common-4.1.101.Final.jar:4.1.101.Final]
		at io.netty.util.concurrent.DefaultPromise.notifyListeners(DefaultPromise.java:492) ~[netty-common-4.1.101.Final.jar:4.1.101.Final]
		at io.netty.util.concurrent.DefaultPromise.setValue0(DefaultPromise.java:636) ~[netty-common-4.1.101.Final.jar:4.1.101.Final]
		at io.netty.util.concurrent.DefaultPromise.setFailure0(DefaultPromise.java:629) ~[netty-common-4.1.101.Final.jar:4.1.101.Final]
		at io.netty.util.concurrent.DefaultPromise.tryFailure(DefaultPromise.java:118) ~[netty-common-4.1.101.Final.jar:4.1.101.Final]
		at io.netty.channel.nio.AbstractNioChannel$AbstractNioUnsafe.fulfillConnectPromise(AbstractNioChannel.java:321) ~[netty-transport-4.1.101.Final.jar:4.1.101.Final]
		at io.netty.channel.nio.AbstractNioChannel$AbstractNioUnsafe.finishConnect(AbstractNioChannel.java:337) ~[netty-transport-4.1.101.Final.jar:4.1.101.Final]
		at io.netty.channel.nio.NioEventLoop.processSelectedKey(NioEventLoop.java:776) ~[netty-transport-4.1.101.Final.jar:4.1.101.Final]
		at io.netty.channel.nio.NioEventLoop.processSelectedKeysOptimized(NioEventLoop.java:724) ~[netty-transport-4.1.101.Final.jar:4.1.101.Final]
		at io.netty.channel.nio.NioEventLoop.processSelectedKeys(NioEventLoop.java:650) ~[netty-transport-4.1.101.Final.jar:4.1.101.Final]
		at io.netty.channel.nio.NioEventLoop.run(NioEventLoop.java:562) ~[netty-transport-4.1.101.Final.jar:4.1.101.Final]
		at io.netty.util.concurrent.SingleThreadEventExecutor$4.run(SingleThreadEventExecutor.java:997) ~[netty-common-4.1.101.Final.jar:4.1.101.Final]
		at io.netty.util.internal.ThreadExecutorMap$2.run(ThreadExecutorMap.java:74) ~[netty-common-4.1.101.Final.jar:4.1.101.Final]
		at io.netty.util.concurrent.FastThreadLocalRunnable.run(FastThreadLocalRunnable.java:30) ~[netty-common-4.1.101.Final.jar:4.1.101.Final]
		at java.base/java.lang.Thread.run(Thread.java:833) ~[na:na]
Caused by: io.netty.channel.AbstractChannel$AnnotatedSocketException: Network is unreachable: no further information: /169.254.237.78:8088
Caused by: java.net.SocketException: Network is unreachable: no further information
	at java.base/sun.nio.ch.Net.pollConnect(Native Method) ~[na:na]
	at java.base/sun.nio.ch.Net.pollConnectNow(Net.java:672) ~[na:na]
	at java.base/sun.nio.ch.SocketChannelImpl.finishConnect(SocketChannelImpl.java:946) ~[na:na]
	at io.netty.channel.socket.nio.NioSocketChannel.doFinishConnect(NioSocketChannel.java:337) ~[netty-transport-4.1.101.Final.jar:4.1.101.Final]
	at io.netty.channel.nio.AbstractNioChannel$AbstractNioUnsafe.finishConnect(AbstractNioChannel.java:334) ~[netty-transport-4.1.101.Final.jar:4.1.101.Final]
	at io.netty.channel.nio.NioEventLoop.processSelectedKey(NioEventLoop.java:776) ~[netty-transport-4.1.101.Final.jar:4.1.101.Final]
	at io.netty.channel.nio.NioEventLoop.processSelectedKeysOptimized(NioEventLoop.java:724) ~[netty-transport-4.1.101.Final.jar:4.1.101.Final]
	at io.netty.channel.nio.NioEventLoop.processSelectedKeys(NioEventLoop.java:650) ~[netty-transport-4.1.101.Final.jar:4.1.101.Final]
	at io.netty.channel.nio.NioEventLoop.run(NioEventLoop.java:562) ~[netty-transport-4.1.101.Final.jar:4.1.101.Final]
	at io.netty.util.concurrent.SingleThreadEventExecutor$4.run(SingleThreadEventExecutor.java:997) ~[netty-common-4.1.101.Final.jar:4.1.101.Final]
	at io.netty.util.internal.ThreadExecutorMap$2.run(ThreadExecutorMap.java:74) ~[netty-common-4.1.101.Final.jar:4.1.101.Final]
	at io.netty.util.concurrent.FastThreadLocalRunnable.run(FastThreadLocalRunnable.java:30) ~[netty-common-4.1.101.Final.jar:4.1.101.Final]
	at java.base/java.lang.Thread.run(Thread.java:833) ~[na:na]

2026-05-16T10:05:08.258+05:30  INFO 3092 --- [admin-server] [reactor-http-nio-5] d.c.b.a.server.services.StatusUpdater    : Couldn't retrieve status for Instance(id=1e324fd885fe, version=2, registration=Registration(name=booking-service, managementUrl=http://169.254.237.78:8085/actuator, healthUrl=http://169.254.237.78:8085/actuator/health, serviceUrl=http://169.254.237.78:8085/, source=http-api), registered=true, statusInfo=StatusInfo(status=UP, details={diskSpace={status=UP, details={total=236228440064, free=12058521600, threshold=10485760, path=C:\Users\Hp\Desktop\Parkease-Backend\booking-service\., exists=true}}, ping={status=UP}, discoveryComposite={status=UP, components={discoveryClient={status=UP, details={services=[gateway-service, parkingspot-service, auth-service]}}, eureka={description=Eureka discovery client is reporting failures to connect to a Eureka server, status=UP, details={renewalPeriod=30, failCount=942232, applications={AUTH-SERVICE=1, GATEWAY-SERVICE=1, PARKINGSPOT-SERVICE=1}}}}}, rabbit={status=UP, details={version=4.3.0}}, refreshScope={status=UP}, db={status=UP, details={database=MySQL, validationQuery=isValid()}}}), statusTimestamp=2026-05-16T04:34:52.439014200Z, info=Info(values={}), endpoints=Endpoints(endpoints={ratelimiterevents=Endpoint(id=ratelimiterevents, url=http://169.254.237.78:8085/actuator/ratelimiterevents), caches=Endpoint(id=caches, url=http://169.254.237.78:8085/actuator/caches), loggers=Endpoint(id=loggers, url=http://169.254.237.78:8085/actuator/loggers), heapdump=Endpoint(id=heapdump, url=http://169.254.237.78:8085/actuator/heapdump), circuitbreakers=Endpoint(id=circuitbreakers, url=http://169.254.237.78:8085/actuator/circuitbreakers), features=Endpoint(id=features, url=http://169.254.237.78:8085/actuator/features), timelimiterevents=Endpoint(id=timelimiterevents, url=http://169.254.237.78:8085/actuator/timelimiterevents), beans=Endpoint(id=beans, url=http://169.254.237.78:8085/actuator/beans), configprops=Endpoint(id=configprops, url=http://169.254.237.78:8085/actuator/configprops), threaddump=Endpoint(id=threaddump, url=http://169.254.237.78:8085/actuator/threaddump), ratelimiters=Endpoint(id=ratelimiters, url=http://169.254.237.78:8085/actuator/ratelimiters), info=Endpoint(id=info, url=http://169.254.237.78:8085/actuator/info), timelimiters=Endpoint(id=timelimiters, url=http://169.254.237.78:8085/actuator/timelimiters), circuitbreakerevents=Endpoint(id=circuitbreakerevents, url=http://169.254.237.78:8085/actuator/circuitbreakerevents), logfile=Endpoint(id=logfile, url=http://169.254.237.78:8085/actuator/logfile), health=Endpoint(id=health, url=http://169.254.237.78:8085/actuator/health), refresh=Endpoint(id=refresh, url=http://169.254.237.78:8085/actuator/refresh), env=Endpoint(id=env, url=http://169.254.237.78:8085/actuator/env), serviceregistry=Endpoint(id=serviceregistry, url=http://169.254.237.78:8085/actuator/serviceregistry), retries=Endpoint(id=retries, url=http://169.254.237.78:8085/actuator/retries), retryevents=Endpoint(id=retryevents, url=http://169.254.237.78:8085/actuator/retryevents), scheduledtasks=Endpoint(id=scheduledtasks, url=http://169.254.237.78:8085/actuator/scheduledtasks), mappings=Endpoint(id=mappings, url=http://169.254.237.78:8085/actuator/mappings), metrics=Endpoint(id=metrics, url=http://169.254.237.78:8085/actuator/metrics), conditions=Endpoint(id=conditions, url=http://169.254.237.78:8085/actuator/conditions)}), buildVersion=null, tags=Tags(values={}))

org.springframework.web.reactive.function.client.WebClientRequestException: Network is unreachable: no further information: /169.254.237.78:8085
	at org.springframework.web.reactive.function.client.ExchangeFunctions$DefaultExchangeFunction.lambda$wrapException$9(ExchangeFunctions.java:136) ~[spring-webflux-6.1.1.jar:6.1.1]
	Suppressed: reactor.core.publisher.FluxOnAssembly$OnAssemblyException: 
Error has been observed at the following site(s):
	*__checkpoint ⇢ Request to GET health [DefaultWebClient]
Original Stack Trace:
		at org.springframework.web.reactive.function.client.ExchangeFunctions$DefaultExchangeFunction.lambda$wrapException$9(ExchangeFunctions.java:136) ~[spring-webflux-6.1.1.jar:6.1.1]
		at reactor.core.publisher.MonoErrorSupplied.subscribe(MonoErrorSupplied.java:55) ~[reactor-core-3.6.0.jar:3.6.0]
		at reactor.core.publisher.Mono.subscribe(Mono.java:4512) ~[reactor-core-3.6.0.jar:3.6.0]
		at reactor.core.publisher.FluxOnErrorResume$ResumeSubscriber.onError(FluxOnErrorResume.java:103) ~[reactor-core-3.6.0.jar:3.6.0]
		at reactor.core.publisher.FluxPeek$PeekSubscriber.onError(FluxPeek.java:222) ~[reactor-core-3.6.0.jar:3.6.0]
		at reactor.core.publisher.FluxPeek$PeekSubscriber.onError(FluxPeek.java:222) ~[reactor-core-3.6.0.jar:3.6.0]
		at reactor.core.publisher.FluxPeek$PeekSubscriber.onError(FluxPeek.java:222) ~[reactor-core-3.6.0.jar:3.6.0]
		at reactor.core.publisher.MonoNext$NextSubscriber.onError(MonoNext.java:93) ~[reactor-core-3.6.0.jar:3.6.0]
		at reactor.core.publisher.MonoFlatMapMany$FlatMapManyMain.onError(MonoFlatMapMany.java:204) ~[reactor-core-3.6.0.jar:3.6.0]
		at reactor.core.publisher.SerializedSubscriber.onError(SerializedSubscriber.java:124) ~[reactor-core-3.6.0.jar:3.6.0]
		at reactor.core.publisher.FluxRetryWhen$RetryWhenMainSubscriber.whenError(FluxRetryWhen.java:228) ~[reactor-core-3.6.0.jar:3.6.0]
		at reactor.core.publisher.FluxRetryWhen$RetryWhenOtherSubscriber.onError(FluxRetryWhen.java:278) ~[reactor-core-3.6.0.jar:3.6.0]
		at reactor.core.publisher.FluxContextWrite$ContextWriteSubscriber.onError(FluxContextWrite.java:121) ~[reactor-core-3.6.0.jar:3.6.0]
		at reactor.core.publisher.FluxConcatMapNoPrefetch$FluxConcatMapNoPrefetchSubscriber.maybeOnError(FluxConcatMapNoPrefetch.java:326) ~[reactor-core-3.6.0.jar:3.6.0]
		at reactor.core.publisher.FluxConcatMapNoPrefetch$FluxConcatMapNoPrefetchSubscriber.onNext(FluxConcatMapNoPrefetch.java:211) ~[reactor-core-3.6.0.jar:3.6.0]
		at reactor.core.publisher.FluxContextWrite$ContextWriteSubscriber.onNext(FluxContextWrite.java:107) ~[reactor-core-3.6.0.jar:3.6.0]
		at reactor.core.publisher.SinkManyEmitterProcessor.drain(SinkManyEmitterProcessor.java:476) ~[reactor-core-3.6.0.jar:3.6.0]
		at reactor.core.publisher.SinkManyEmitterProcessor$EmitterInner.drainParent(SinkManyEmitterProcessor.java:620) ~[reactor-core-3.6.0.jar:3.6.0]
		at reactor.core.publisher.FluxPublish$PubSubInner.request(FluxPublish.java:874) ~[reactor-core-3.6.0.jar:3.6.0]
		at reactor.core.publisher.FluxContextWrite$ContextWriteSubscriber.request(FluxContextWrite.java:136) ~[reactor-core-3.6.0.jar:3.6.0]
		at reactor.core.publisher.FluxConcatMapNoPrefetch$FluxConcatMapNoPrefetchSubscriber.request(FluxConcatMapNoPrefetch.java:336) ~[reactor-core-3.6.0.jar:3.6.0]
		at reactor.core.publisher.FluxContextWrite$ContextWriteSubscriber.request(FluxContextWrite.java:136) ~[reactor-core-3.6.0.jar:3.6.0]
		at reactor.core.publisher.Operators$DeferredSubscription.request(Operators.java:1743) ~[reactor-core-3.6.0.jar:3.6.0]
		at reactor.core.publisher.FluxRetryWhen$RetryWhenMainSubscriber.onError(FluxRetryWhen.java:195) ~[reactor-core-3.6.0.jar:3.6.0]
		at reactor.core.publisher.MonoCreate$DefaultMonoSink.error(MonoCreate.java:205) ~[reactor-core-3.6.0.jar:3.6.0]
		at reactor.netty.http.client.HttpClientConnect$MonoHttpConnect$ClientTransportSubscriber.onError(HttpClientConnect.java:311) ~[reactor-netty-http-1.1.13.jar:1.1.13]
		at reactor.core.publisher.MonoCreate$DefaultMonoSink.error(MonoCreate.java:205) ~[reactor-core-3.6.0.jar:3.6.0]
		at reactor.netty.resources.DefaultPooledConnectionProvider$DisposableAcquire.onError(DefaultPooledConnectionProvider.java:162) ~[reactor-netty-core-1.1.13.jar:1.1.13]
		at reactor.netty.internal.shaded.reactor.pool.AbstractPool$Borrower.fail(AbstractPool.java:475) ~[reactor-netty-core-1.1.13.jar:1.1.13]
		at reactor.netty.internal.shaded.reactor.pool.SimpleDequePool.lambda$drainLoop$9(SimpleDequePool.java:433) ~[reactor-netty-core-1.1.13.jar:1.1.13]
		at reactor.core.publisher.FluxDoOnEach$DoOnEachSubscriber.onError(FluxDoOnEach.java:186) ~[reactor-core-3.6.0.jar:3.6.0]
		at reactor.core.publisher.MonoCreate$DefaultMonoSink.error(MonoCreate.java:205) ~[reactor-core-3.6.0.jar:3.6.0]
		at reactor.netty.resources.DefaultPooledConnectionProvider$PooledConnectionAllocator$PooledConnectionInitializer.onError(DefaultPooledConnectionProvider.java:560) ~[reactor-netty-core-1.1.13.jar:1.1.13]
		at reactor.core.publisher.MonoFlatMap$FlatMapMain.secondError(MonoFlatMap.java:241) ~[reactor-core-3.6.0.jar:3.6.0]
		at reactor.core.publisher.MonoFlatMap$FlatMapInner.onError(MonoFlatMap.java:315) ~[reactor-core-3.6.0.jar:3.6.0]
		at reactor.core.publisher.FluxOnErrorResume$ResumeSubscriber.onError(FluxOnErrorResume.java:106) ~[reactor-core-3.6.0.jar:3.6.0]
		at reactor.core.publisher.Operators.error(Operators.java:198) ~[reactor-core-3.6.0.jar:3.6.0]
		at reactor.core.publisher.MonoError.subscribe(MonoError.java:53) ~[reactor-core-3.6.0.jar:3.6.0]
		at reactor.core.publisher.Mono.subscribe(Mono.java:4512) ~[reactor-core-3.6.0.jar:3.6.0]
		at reactor.core.publisher.FluxOnErrorResume$ResumeSubscriber.onError(FluxOnErrorResume.java:103) ~[reactor-core-3.6.0.jar:3.6.0]
		at reactor.netty.transport.TransportConnector$MonoChannelPromise.tryFailure(TransportConnector.java:576) ~[reactor-netty-core-1.1.13.jar:1.1.13]
		at reactor.netty.transport.TransportConnector$MonoChannelPromise.setFailure(TransportConnector.java:522) ~[reactor-netty-core-1.1.13.jar:1.1.13]
		at reactor.netty.transport.TransportConnector.lambda$doConnect$7(TransportConnector.java:261) ~[reactor-netty-core-1.1.13.jar:1.1.13]
		at io.netty.util.concurrent.DefaultPromise.notifyListener0(DefaultPromise.java:590) ~[netty-common-4.1.101.Final.jar:4.1.101.Final]
		at io.netty.util.concurrent.DefaultPromise.notifyListeners0(DefaultPromise.java:583) ~[netty-common-4.1.101.Final.jar:4.1.101.Final]
		at io.netty.util.concurrent.DefaultPromise.notifyListenersNow(DefaultPromise.java:559) ~[netty-common-4.1.101.Final.jar:4.1.101.Final]
		at io.netty.util.concurrent.DefaultPromise.notifyListeners(DefaultPromise.java:492) ~[netty-common-4.1.101.Final.jar:4.1.101.Final]
		at io.netty.util.concurrent.DefaultPromise.setValue0(DefaultPromise.java:636) ~[netty-common-4.1.101.Final.jar:4.1.101.Final]
		at io.netty.util.concurrent.DefaultPromise.setFailure0(DefaultPromise.java:629) ~[netty-common-4.1.101.Final.jar:4.1.101.Final]
		at io.netty.util.concurrent.DefaultPromise.tryFailure(DefaultPromise.java:118) ~[netty-common-4.1.101.Final.jar:4.1.101.Final]
		at io.netty.channel.nio.AbstractNioChannel$AbstractNioUnsafe.fulfillConnectPromise(AbstractNioChannel.java:321) ~[netty-transport-4.1.101.Final.jar:4.1.101.Final]
		at io.netty.channel.nio.AbstractNioChannel$AbstractNioUnsafe.finishConnect(AbstractNioChannel.java:337) ~[netty-transport-4.1.101.Final.jar:4.1.101.Final]
		at io.netty.channel.nio.NioEventLoop.processSelectedKey(NioEventLoop.java:776) ~[netty-transport-4.1.101.Final.jar:4.1.101.Final]
		at io.netty.channel.nio.NioEventLoop.processSelectedKeysOptimized(NioEventLoop.java:724) ~[netty-transport-4.1.101.Final.jar:4.1.101.Final]
		at io.netty.channel.nio.NioEventLoop.processSelectedKeys(NioEventLoop.java:650) ~[netty-transport-4.1.101.Final.jar:4.1.101.Final]
		at io.netty.channel.nio.NioEventLoop.run(NioEventLoop.java:562) ~[netty-transport-4.1.101.Final.jar:4.1.101.Final]
		at io.netty.util.concurrent.SingleThreadEventExecutor$4.run(SingleThreadEventExecutor.java:997) ~[netty-common-4.1.101.Final.jar:4.1.101.Final]
		at io.netty.util.internal.ThreadExecutorMap$2.run(ThreadExecutorMap.java:74) ~[netty-common-4.1.101.Final.jar:4.1.101.Final]
		at io.netty.util.concurrent.FastThreadLocalRunnable.run(FastThreadLocalRunnable.java:30) ~[netty-common-4.1.101.Final.jar:4.1.101.Final]
		at java.base/java.lang.Thread.run(Thread.java:833) ~[na:na]
Caused by: io.netty.channel.AbstractChannel$AnnotatedSocketException: Network is unreachable: no further information: /169.254.237.78:8085
Caused by: java.net.SocketException: Network is unreachable: no further information
	at java.base/sun.nio.ch.Net.pollConnect(Native Method) ~[na:na]
	at java.base/sun.nio.ch.Net.pollConnectNow(Net.java:672) ~[na:na]
	at java.base/sun.nio.ch.SocketChannelImpl.finishConnect(SocketChannelImpl.java:946) ~[na:na]
	at io.netty.channel.socket.nio.NioSocketChannel.doFinishConnect(NioSocketChannel.java:337) ~[netty-transport-4.1.101.Final.jar:4.1.101.Final]
	at io.netty.channel.nio.AbstractNioChannel$AbstractNioUnsafe.finishConnect(AbstractNioChannel.java:334) ~[netty-transport-4.1.101.Final.jar:4.1.101.Final]
	at io.netty.channel.nio.NioEventLoop.processSelectedKey(NioEventLoop.java:776) ~[netty-transport-4.1.101.Final.jar:4.1.101.Final]
	at io.netty.channel.nio.NioEventLoop.processSelectedKeysOptimized(NioEventLoop.java:724) ~[netty-transport-4.1.101.Final.jar:4.1.101.Final]
	at io.netty.channel.nio.NioEventLoop.processSelectedKeys(NioEventLoop.java:650) ~[netty-transport-4.1.101.Final.jar:4.1.101.Final]
	at io.netty.channel.nio.NioEventLoop.run(NioEventLoop.java:562) ~[netty-transport-4.1.101.Final.jar:4.1.101.Final]
	at io.netty.util.concurrent.SingleThreadEventExecutor$4.run(SingleThreadEventExecutor.java:997) ~[netty-common-4.1.101.Final.jar:4.1.101.Final]
	at io.netty.util.internal.ThreadExecutorMap$2.run(ThreadExecutorMap.java:74) ~[netty-common-4.1.101.Final.jar:4.1.101.Final]
	at io.netty.util.concurrent.FastThreadLocalRunnable.run(FastThreadLocalRunnable.java:30) ~[netty-common-4.1.101.Final.jar:4.1.101.Final]
	at java.base/java.lang.Thread.run(Thread.java:833) ~[na:na]

2026-05-16T10:05:08.274+05:30  INFO 3092 --- [admin-server] [reactor-http-nio-6] d.c.b.a.server.services.StatusUpdater    : Couldn't retrieve status for Instance(id=71a61c500102, version=2, registration=Registration(name=notification-service, managementUrl=http://169.254.237.78:8087/actuator, healthUrl=http://169.254.237.78:8087/actuator/health, serviceUrl=http://169.254.237.78:8087/, source=http-api), registered=true, statusInfo=StatusInfo(status=DOWN, details={mail={status=DOWN, details={location=smtp.gmail.com:587, error=org.eclipse.angus.mail.util.MailConnectException: Couldn't connect to host, port: smtp.gmail.com, 587; timeout -1}}, diskSpace={status=UP, details={total=236228440064, free=12069195776, threshold=10485760, path=C:\Users\Hp\Desktop\Parkease-Backend\notification-service\., exists=true}}, ping={status=UP}, discoveryComposite={description=Remote status from Eureka server, status=DOWN, components={discoveryClient={status=UP, details={services=[gateway-service, parkingspot-service, auth-service]}}, eureka={description=Remote status from Eureka server, status=DOWN, details={applications={AUTH-SERVICE=1, GATEWAY-SERVICE=1, PARKINGSPOT-SERVICE=1}}}}}, rabbit={status=UP, details={version=4.3.0}}, refreshScope={status=UP}, db={status=UP, details={database=MySQL, validationQuery=isValid()}}}), statusTimestamp=2026-05-16T04:34:56.646958500Z, info=Info(values={}), endpoints=Endpoints(endpoints={caches=Endpoint(id=caches, url=http://169.254.237.78:8087/actuator/caches), loggers=Endpoint(id=loggers, url=http://169.254.237.78:8087/actuator/loggers), logfile=Endpoint(id=logfile, url=http://169.254.237.78:8087/actuator/logfile), health=Endpoint(id=health, url=http://169.254.237.78:8087/actuator/health), refresh=Endpoint(id=refresh, url=http://169.254.237.78:8087/actuator/refresh), env=Endpoint(id=env, url=http://169.254.237.78:8087/actuator/env), serviceregistry=Endpoint(id=serviceregistry, url=http://169.254.237.78:8087/actuator/serviceregistry), heapdump=Endpoint(id=heapdump, url=http://169.254.237.78:8087/actuator/heapdump), features=Endpoint(id=features, url=http://169.254.237.78:8087/actuator/features), scheduledtasks=Endpoint(id=scheduledtasks, url=http://169.254.237.78:8087/actuator/scheduledtasks), mappings=Endpoint(id=mappings, url=http://169.254.237.78:8087/actuator/mappings), beans=Endpoint(id=beans, url=http://169.254.237.78:8087/actuator/beans), configprops=Endpoint(id=configprops, url=http://169.254.237.78:8087/actuator/configprops), threaddump=Endpoint(id=threaddump, url=http://169.254.237.78:8087/actuator/threaddump), metrics=Endpoint(id=metrics, url=http://169.254.237.78:8087/actuator/metrics), conditions=Endpoint(id=conditions, url=http://169.254.237.78:8087/actuator/conditions), info=Endpoint(id=info, url=http://169.254.237.78:8087/actuator/info)}), buildVersion=null, tags=Tags(values={}))

org.springframework.web.reactive.function.client.WebClientRequestException: Network is unreachable: no further information: /169.254.237.78:8087
	at org.springframework.web.reactive.function.client.ExchangeFunctions$DefaultExchangeFunction.lambda$wrapException$9(ExchangeFunctions.java:136) ~[spring-webflux-6.1.1.jar:6.1.1]
	Suppressed: reactor.core.publisher.FluxOnAssembly$OnAssemblyException: 
Error has been observed at the following site(s):
	*__checkpoint ⇢ Request to GET health [DefaultWebClient]
Original Stack Trace:
		at org.springframework.web.reactive.function.client.ExchangeFunctions$DefaultExchangeFunction.lambda$wrapException$9(ExchangeFunctions.java:136) ~[spring-webflux-6.1.1.jar:6.1.1]
		at reactor.core.publisher.MonoErrorSupplied.subscribe(MonoErrorSupplied.java:55) ~[reactor-core-3.6.0.jar:3.6.0]
		at reactor.core.publisher.Mono.subscribe(Mono.java:4512) ~[reactor-core-3.6.0.jar:3.6.0]
		at reactor.core.publisher.FluxOnErrorResume$ResumeSubscriber.onError(FluxOnErrorResume.java:103) ~[reactor-core-3.6.0.jar:3.6.0]
		at reactor.core.publisher.FluxPeek$PeekSubscriber.onError(FluxPeek.java:222) ~[reactor-core-3.6.0.jar:3.6.0]
		at reactor.core.publisher.FluxPeek$PeekSubscriber.onError(FluxPeek.java:222) ~[reactor-core-3.6.0.jar:3.6.0]
		at reactor.core.publisher.FluxPeek$PeekSubscriber.onError(FluxPeek.java:222) ~[reactor-core-3.6.0.jar:3.6.0]
		at reactor.core.publisher.MonoNext$NextSubscriber.onError(MonoNext.java:93) ~[reactor-core-3.6.0.jar:3.6.0]
		at reactor.core.publisher.MonoFlatMapMany$FlatMapManyMain.onError(MonoFlatMapMany.java:204) ~[reactor-core-3.6.0.jar:3.6.0]
		at reactor.core.publisher.SerializedSubscriber.onError(SerializedSubscriber.java:124) ~[reactor-core-3.6.0.jar:3.6.0]
		at reactor.core.publisher.FluxRetryWhen$RetryWhenMainSubscriber.whenError(FluxRetryWhen.java:228) ~[reactor-core-3.6.0.jar:3.6.0]
		at reactor.core.publisher.FluxRetryWhen$RetryWhenOtherSubscriber.onError(FluxRetryWhen.java:278) ~[reactor-core-3.6.0.jar:3.6.0]
		at reactor.core.publisher.FluxContextWrite$ContextWriteSubscriber.onError(FluxContextWrite.java:121) ~[reactor-core-3.6.0.jar:3.6.0]
		at reactor.core.publisher.FluxConcatMapNoPrefetch$FluxConcatMapNoPrefetchSubscriber.maybeOnError(FluxConcatMapNoPrefetch.java:326) ~[reactor-core-3.6.0.jar:3.6.0]
		at reactor.core.publisher.FluxConcatMapNoPrefetch$FluxConcatMapNoPrefetchSubscriber.onNext(FluxConcatMapNoPrefetch.java:211) ~[reactor-core-3.6.0.jar:3.6.0]
		at reactor.core.publisher.FluxContextWrite$ContextWriteSubscriber.onNext(FluxContextWrite.java:107) ~[reactor-core-3.6.0.jar:3.6.0]
		at reactor.core.publisher.SinkManyEmitterProcessor.drain(SinkManyEmitterProcessor.java:476) ~[reactor-core-3.6.0.jar:3.6.0]
		at reactor.core.publisher.SinkManyEmitterProcessor$EmitterInner.drainParent(SinkManyEmitterProcessor.java:620) ~[reactor-core-3.6.0.jar:3.6.0]
		at reactor.core.publisher.FluxPublish$PubSubInner.request(FluxPublish.java:874) ~[reactor-core-3.6.0.jar:3.6.0]
		at reactor.core.publisher.FluxContextWrite$ContextWriteSubscriber.request(FluxContextWrite.java:136) ~[reactor-core-3.6.0.jar:3.6.0]
		at reactor.core.publisher.FluxConcatMapNoPrefetch$FluxConcatMapNoPrefetchSubscriber.request(FluxConcatMapNoPrefetch.java:336) ~[reactor-core-3.6.0.jar:3.6.0]
		at reactor.core.publisher.FluxContextWrite$ContextWriteSubscriber.request(FluxContextWrite.java:136) ~[reactor-core-3.6.0.jar:3.6.0]
		at reactor.core.publisher.Operators$DeferredSubscription.request(Operators.java:1743) ~[reactor-core-3.6.0.jar:3.6.0]
		at reactor.core.publisher.FluxRetryWhen$RetryWhenMainSubscriber.onError(FluxRetryWhen.java:195) ~[reactor-core-3.6.0.jar:3.6.0]
		at reactor.core.publisher.MonoCreate$DefaultMonoSink.error(MonoCreate.java:205) ~[reactor-core-3.6.0.jar:3.6.0]
		at reactor.netty.http.client.HttpClientConnect$MonoHttpConnect$ClientTransportSubscriber.onError(HttpClientConnect.java:311) ~[reactor-netty-http-1.1.13.jar:1.1.13]
		at reactor.core.publisher.MonoCreate$DefaultMonoSink.error(MonoCreate.java:205) ~[reactor-core-3.6.0.jar:3.6.0]
		at reactor.netty.resources.DefaultPooledConnectionProvider$DisposableAcquire.onError(DefaultPooledConnectionProvider.java:162) ~[reactor-netty-core-1.1.13.jar:1.1.13]
		at reactor.netty.internal.shaded.reactor.pool.AbstractPool$Borrower.fail(AbstractPool.java:475) ~[reactor-netty-core-1.1.13.jar:1.1.13]
		at reactor.netty.internal.shaded.reactor.pool.SimpleDequePool.lambda$drainLoop$9(SimpleDequePool.java:433) ~[reactor-netty-core-1.1.13.jar:1.1.13]
		at reactor.core.publisher.FluxDoOnEach$DoOnEachSubscriber.onError(FluxDoOnEach.java:186) ~[reactor-core-3.6.0.jar:3.6.0]
		at reactor.core.publisher.MonoCreate$DefaultMonoSink.error(MonoCreate.java:205) ~[reactor-core-3.6.0.jar:3.6.0]
		at reactor.netty.resources.DefaultPooledConnectionProvider$PooledConnectionAllocator$PooledConnectionInitializer.onError(DefaultPooledConnectionProvider.java:560) ~[reactor-netty-core-1.1.13.jar:1.1.13]
		at reactor.core.publisher.MonoFlatMap$FlatMapMain.secondError(MonoFlatMap.java:241) ~[reactor-core-3.6.0.jar:3.6.0]
		at reactor.core.publisher.MonoFlatMap$FlatMapInner.onError(MonoFlatMap.java:315) ~[reactor-core-3.6.0.jar:3.6.0]
		at reactor.core.publisher.FluxOnErrorResume$ResumeSubscriber.onError(FluxOnErrorResume.java:106) ~[reactor-core-3.6.0.jar:3.6.0]
		at reactor.core.publisher.Operators.error(Operators.java:198) ~[reactor-core-3.6.0.jar:3.6.0]
		at reactor.core.publisher.MonoError.subscribe(MonoError.java:53) ~[reactor-core-3.6.0.jar:3.6.0]
		at reactor.core.publisher.Mono.subscribe(Mono.java:4512) ~[reactor-core-3.6.0.jar:3.6.0]
		at reactor.core.publisher.FluxOnErrorResume$ResumeSubscriber.onError(FluxOnErrorResume.java:103) ~[reactor-core-3.6.0.jar:3.6.0]
		at reactor.netty.transport.TransportConnector$MonoChannelPromise.tryFailure(TransportConnector.java:576) ~[reactor-netty-core-1.1.13.jar:1.1.13]
		at reactor.netty.transport.TransportConnector$MonoChannelPromise.setFailure(TransportConnector.java:522) ~[reactor-netty-core-1.1.13.jar:1.1.13]
		at reactor.netty.transport.TransportConnector.lambda$doConnect$7(TransportConnector.java:261) ~[reactor-netty-core-1.1.13.jar:1.1.13]
		at io.netty.util.concurrent.DefaultPromise.notifyListener0(DefaultPromise.java:590) ~[netty-common-4.1.101.Final.jar:4.1.101.Final]
		at io.netty.util.concurrent.DefaultPromise.notifyListeners0(DefaultPromise.java:583) ~[netty-common-4.1.101.Final.jar:4.1.101.Final]
		at io.netty.util.concurrent.DefaultPromise.notifyListenersNow(DefaultPromise.java:559) ~[netty-common-4.1.101.Final.jar:4.1.101.Final]
		at io.netty.util.concurrent.DefaultPromise.notifyListeners(DefaultPromise.java:492) ~[netty-common-4.1.101.Final.jar:4.1.101.Final]
		at io.netty.util.concurrent.DefaultPromise.setValue0(DefaultPromise.java:636) ~[netty-common-4.1.101.Final.jar:4.1.101.Final]
		at io.netty.util.concurrent.DefaultPromise.setFailure0(DefaultPromise.java:629) ~[netty-common-4.1.101.Final.jar:4.1.101.Final]
		at io.netty.util.concurrent.DefaultPromise.tryFailure(DefaultPromise.java:118) ~[netty-common-4.1.101.Final.jar:4.1.101.Final]
		at io.netty.channel.nio.AbstractNioChannel$AbstractNioUnsafe.fulfillConnectPromise(AbstractNioChannel.java:321) ~[netty-transport-4.1.101.Final.jar:4.1.101.Final]
		at io.netty.channel.nio.AbstractNioChannel$AbstractNioUnsafe.finishConnect(AbstractNioChannel.java:337) ~[netty-transport-4.1.101.Final.jar:4.1.101.Final]
		at io.netty.channel.nio.NioEventLoop.processSelectedKey(NioEventLoop.java:776) ~[netty-transport-4.1.101.Final.jar:4.1.101.Final]
		at io.netty.channel.nio.NioEventLoop.processSelectedKeysOptimized(NioEventLoop.java:724) ~[netty-transport-4.1.101.Final.jar:4.1.101.Final]
		at io.netty.channel.nio.NioEventLoop.processSelectedKeys(NioEventLoop.java:650) ~[netty-transport-4.1.101.Final.jar:4.1.101.Final]
		at io.netty.channel.nio.NioEventLoop.run(NioEventLoop.java:562) ~[netty-transport-4.1.101.Final.jar:4.1.101.Final]
		at io.netty.util.concurrent.SingleThreadEventExecutor$4.run(SingleThreadEventExecutor.java:997) ~[netty-common-4.1.101.Final.jar:4.1.101.Final]
		at io.netty.util.internal.ThreadExecutorMap$2.run(ThreadExecutorMap.java:74) ~[netty-common-4.1.101.Final.jar:4.1.101.Final]
		at io.netty.util.concurrent.FastThreadLocalRunnable.run(FastThreadLocalRunnable.java:30) ~[netty-common-4.1.101.Final.jar:4.1.101.Final]
		at java.base/java.lang.Thread.run(Thread.java:833) ~[na:na]
Caused by: io.netty.channel.AbstractChannel$AnnotatedSocketException: Network is unreachable: no further information: /169.254.237.78:8087
Caused by: java.net.SocketException: Network is unreachable: no further information
	at java.base/sun.nio.ch.Net.pollConnect(Native Method) ~[na:na]
	at java.base/sun.nio.ch.Net.pollConnectNow(Net.java:672) ~[na:na]
	at java.base/sun.nio.ch.SocketChannelImpl.finishConnect(SocketChannelImpl.java:946) ~[na:na]
	at io.netty.channel.socket.nio.NioSocketChannel.doFinishConnect(NioSocketChannel.java:337) ~[netty-transport-4.1.101.Final.jar:4.1.101.Final]
	at io.netty.channel.nio.AbstractNioChannel$AbstractNioUnsafe.finishConnect(AbstractNioChannel.java:334) ~[netty-transport-4.1.101.Final.jar:4.1.101.Final]
	at io.netty.channel.nio.NioEventLoop.processSelectedKey(NioEventLoop.java:776) ~[netty-transport-4.1.101.Final.jar:4.1.101.Final]
	at io.netty.channel.nio.NioEventLoop.processSelectedKeysOptimized(NioEventLoop.java:724) ~[netty-transport-4.1.101.Final.jar:4.1.101.Final]
	at io.netty.channel.nio.NioEventLoop.processSelectedKeys(NioEventLoop.java:650) ~[netty-transport-4.1.101.Final.jar:4.1.101.Final]
	at io.netty.channel.nio.NioEventLoop.run(NioEventLoop.java:562) ~[netty-transport-4.1.101.Final.jar:4.1.101.Final]
	at io.netty.util.concurrent.SingleThreadEventExecutor$4.run(SingleThreadEventExecutor.java:997) ~[netty-common-4.1.101.Final.jar:4.1.101.Final]
	at io.netty.util.internal.ThreadExecutorMap$2.run(ThreadExecutorMap.java:74) ~[netty-common-4.1.101.Final.jar:4.1.101.Final]
	at io.netty.util.concurrent.FastThreadLocalRunnable.run(FastThreadLocalRunnable.java:30) ~[netty-common-4.1.101.Final.jar:4.1.101.Final]
	at java.base/java.lang.Thread.run(Thread.java:833) ~[na:na]

2026-05-16T10:05:08.275+05:30  INFO 3092 --- [admin-server] [reactor-http-nio-7] d.c.b.a.server.services.StatusUpdater    : Couldn't retrieve status for Instance(id=6495b493999b, version=2, registration=Registration(name=auth-service, managementUrl=http://169.254.237.78:8081/actuator, healthUrl=http://169.254.237.78:8081/actuator/health, serviceUrl=http://169.254.237.78:8081/, source=http-api), registered=true, statusInfo=StatusInfo(status=DOWN, details={mail={status=DOWN, details={location=smtp.gmail.com:587, error=org.eclipse.angus.mail.util.MailConnectException: Couldn't connect to host, port: smtp.gmail.com, 587; timeout -1}}, diskSpace={status=UP, details={total=236228440064, free=12069687296, threshold=10485760, path=C:\Users\Hp\Desktop\Parkease-Backend\auth-service\., exists=true}}, ping={status=UP}, discoveryComposite={status=UP, components={discoveryClient={status=UP, details={services=[gateway-service, parkingspot-service, auth-service]}}, eureka={description=Remote status from Eureka server, status=UP, details={applications={AUTH-SERVICE=1, GATEWAY-SERVICE=1, PARKINGSPOT-SERVICE=1}}}}}, refreshScope={status=UP}, db={status=UP, details={database=MySQL, validationQuery=isValid()}}}), statusTimestamp=2026-05-16T04:34:56.836670Z, info=Info(values={}), endpoints=Endpoints(endpoints={caches=Endpoint(id=caches, url=http://169.254.237.78:8081/actuator/caches), loggers=Endpoint(id=loggers, url=http://169.254.237.78:8081/actuator/loggers), logfile=Endpoint(id=logfile, url=http://169.254.237.78:8081/actuator/logfile), health=Endpoint(id=health, url=http://169.254.237.78:8081/actuator/health), refresh=Endpoint(id=refresh, url=http://169.254.237.78:8081/actuator/refresh), env=Endpoint(id=env, url=http://169.254.237.78:8081/actuator/env), serviceregistry=Endpoint(id=serviceregistry, url=http://169.254.237.78:8081/actuator/serviceregistry), heapdump=Endpoint(id=heapdump, url=http://169.254.237.78:8081/actuator/heapdump), features=Endpoint(id=features, url=http://169.254.237.78:8081/actuator/features), scheduledtasks=Endpoint(id=scheduledtasks, url=http://169.254.237.78:8081/actuator/scheduledtasks), mappings=Endpoint(id=mappings, url=http://169.254.237.78:8081/actuator/mappings), beans=Endpoint(id=beans, url=http://169.254.237.78:8081/actuator/beans), configprops=Endpoint(id=configprops, url=http://169.254.237.78:8081/actuator/configprops), threaddump=Endpoint(id=threaddump, url=http://169.254.237.78:8081/actuator/threaddump), metrics=Endpoint(id=metrics, url=http://169.254.237.78:8081/actuator/metrics), conditions=Endpoint(id=conditions, url=http://169.254.237.78:8081/actuator/conditions), info=Endpoint(id=info, url=http://169.254.237.78:8081/actuator/info)}), buildVersion=null, tags=Tags(values={}))

org.springframework.web.reactive.function.client.WebClientRequestException: Network is unreachable: no further information: /169.254.237.78:8081
	at org.springframework.web.reactive.function.client.ExchangeFunctions$DefaultExchangeFunction.lambda$wrapException$9(ExchangeFunctions.java:136) ~[spring-webflux-6.1.1.jar:6.1.1]
	Suppressed: reactor.core.publisher.FluxOnAssembly$OnAssemblyException: 
Error has been observed at the following site(s):
	*__checkpoint ⇢ Request to GET health [DefaultWebClient]
Original Stack Trace:
		at org.springframework.web.reactive.function.client.ExchangeFunctions$DefaultExchangeFunction.lambda$wrapException$9(ExchangeFunctions.java:136) ~[spring-webflux-6.1.1.jar:6.1.1]
		at reactor.core.publisher.MonoErrorSupplied.subscribe(MonoErrorSupplied.java:55) ~[reactor-core-3.6.0.jar:3.6.0]
		at reactor.core.publisher.Mono.subscribe(Mono.java:4512) ~[reactor-core-3.6.0.jar:3.6.0]
		at reactor.core.publisher.FluxOnErrorResume$ResumeSubscriber.onError(FluxOnErrorResume.java:103) ~[reactor-core-3.6.0.jar:3.6.0]
		at reactor.core.publisher.FluxPeek$PeekSubscriber.onError(FluxPeek.java:222) ~[reactor-core-3.6.0.jar:3.6.0]
		at reactor.core.publisher.FluxPeek$PeekSubscriber.onError(FluxPeek.java:222) ~[reactor-core-3.6.0.jar:3.6.0]
		at reactor.core.publisher.FluxPeek$PeekSubscriber.onError(FluxPeek.java:222) ~[reactor-core-3.6.0.jar:3.6.0]
		at reactor.core.publisher.MonoNext$NextSubscriber.onError(MonoNext.java:93) ~[reactor-core-3.6.0.jar:3.6.0]
		at reactor.core.publisher.MonoFlatMapMany$FlatMapManyMain.onError(MonoFlatMapMany.java:204) ~[reactor-core-3.6.0.jar:3.6.0]
		at reactor.core.publisher.SerializedSubscriber.onError(SerializedSubscriber.java:124) ~[reactor-core-3.6.0.jar:3.6.0]
		at reactor.core.publisher.FluxRetryWhen$RetryWhenMainSubscriber.whenError(FluxRetryWhen.java:228) ~[reactor-core-3.6.0.jar:3.6.0]
		at reactor.core.publisher.FluxRetryWhen$RetryWhenOtherSubscriber.onError(FluxRetryWhen.java:278) ~[reactor-core-3.6.0.jar:3.6.0]
		at reactor.core.publisher.FluxContextWrite$ContextWriteSubscriber.onError(FluxContextWrite.java:121) ~[reactor-core-3.6.0.jar:3.6.0]
		at reactor.core.publisher.FluxConcatMapNoPrefetch$FluxConcatMapNoPrefetchSubscriber.maybeOnError(FluxConcatMapNoPrefetch.java:326) ~[reactor-core-3.6.0.jar:3.6.0]
		at reactor.core.publisher.FluxConcatMapNoPrefetch$FluxConcatMapNoPrefetchSubscriber.onNext(FluxConcatMapNoPrefetch.java:211) ~[reactor-core-3.6.0.jar:3.6.0]
		at reactor.core.publisher.FluxContextWrite$ContextWriteSubscriber.onNext(FluxContextWrite.java:107) ~[reactor-core-3.6.0.jar:3.6.0]
		at reactor.core.publisher.SinkManyEmitterProcessor.drain(SinkManyEmitterProcessor.java:476) ~[reactor-core-3.6.0.jar:3.6.0]
		at reactor.core.publisher.SinkManyEmitterProcessor$EmitterInner.drainParent(SinkManyEmitterProcessor.java:620) ~[reactor-core-3.6.0.jar:3.6.0]
		at reactor.core.publisher.FluxPublish$PubSubInner.request(FluxPublish.java:874) ~[reactor-core-3.6.0.jar:3.6.0]
		at reactor.core.publisher.FluxContextWrite$ContextWriteSubscriber.request(FluxContextWrite.java:136) ~[reactor-core-3.6.0.jar:3.6.0]
		at reactor.core.publisher.FluxConcatMapNoPrefetch$FluxConcatMapNoPrefetchSubscriber.request(FluxConcatMapNoPrefetch.java:336) ~[reactor-core-3.6.0.jar:3.6.0]
		at reactor.core.publisher.FluxContextWrite$ContextWriteSubscriber.request(FluxContextWrite.java:136) ~[reactor-core-3.6.0.jar:3.6.0]
		at reactor.core.publisher.Operators$DeferredSubscription.request(Operators.java:1743) ~[reactor-core-3.6.0.jar:3.6.0]
		at reactor.core.publisher.FluxRetryWhen$RetryWhenMainSubscriber.onError(FluxRetryWhen.java:195) ~[reactor-core-3.6.0.jar:3.6.0]
		at reactor.core.publisher.MonoCreate$DefaultMonoSink.error(MonoCreate.java:205) ~[reactor-core-3.6.0.jar:3.6.0]
		at reactor.netty.http.client.HttpClientConnect$MonoHttpConnect$ClientTransportSubscriber.onError(HttpClientConnect.java:311) ~[reactor-netty-http-1.1.13.jar:1.1.13]
		at reactor.core.publisher.MonoCreate$DefaultMonoSink.error(MonoCreate.java:205) ~[reactor-core-3.6.0.jar:3.6.0]
		at reactor.netty.resources.DefaultPooledConnectionProvider$DisposableAcquire.onError(DefaultPooledConnectionProvider.java:162) ~[reactor-netty-core-1.1.13.jar:1.1.13]
		at reactor.netty.internal.shaded.reactor.pool.AbstractPool$Borrower.fail(AbstractPool.java:475) ~[reactor-netty-core-1.1.13.jar:1.1.13]
		at reactor.netty.internal.shaded.reactor.pool.SimpleDequePool.lambda$drainLoop$9(SimpleDequePool.java:433) ~[reactor-netty-core-1.1.13.jar:1.1.13]
		at reactor.core.publisher.FluxDoOnEach$DoOnEachSubscriber.onError(FluxDoOnEach.java:186) ~[reactor-core-3.6.0.jar:3.6.0]
		at reactor.core.publisher.MonoCreate$DefaultMonoSink.error(MonoCreate.java:205) ~[reactor-core-3.6.0.jar:3.6.0]
		at reactor.netty.resources.DefaultPooledConnectionProvider$PooledConnectionAllocator$PooledConnectionInitializer.onError(DefaultPooledConnectionProvider.java:560) ~[reactor-netty-core-1.1.13.jar:1.1.13]
		at reactor.core.publisher.MonoFlatMap$FlatMapMain.secondError(MonoFlatMap.java:241) ~[reactor-core-3.6.0.jar:3.6.0]
		at reactor.core.publisher.MonoFlatMap$FlatMapInner.onError(MonoFlatMap.java:315) ~[reactor-core-3.6.0.jar:3.6.0]
		at reactor.core.publisher.FluxOnErrorResume$ResumeSubscriber.onError(FluxOnErrorResume.java:106) ~[reactor-core-3.6.0.jar:3.6.0]
		at reactor.core.publisher.Operators.error(Operators.java:198) ~[reactor-core-3.6.0.jar:3.6.0]
		at reactor.core.publisher.MonoError.subscribe(MonoError.java:53) ~[reactor-core-3.6.0.jar:3.6.0]
		at reactor.core.publisher.Mono.subscribe(Mono.java:4512) ~[reactor-core-3.6.0.jar:3.6.0]
		at reactor.core.publisher.FluxOnErrorResume$ResumeSubscriber.onError(FluxOnErrorResume.java:103) ~[reactor-core-3.6.0.jar:3.6.0]
		at reactor.netty.transport.TransportConnector$MonoChannelPromise.tryFailure(TransportConnector.java:576) ~[reactor-netty-core-1.1.13.jar:1.1.13]
		at reactor.netty.transport.TransportConnector$MonoChannelPromise.setFailure(TransportConnector.java:522) ~[reactor-netty-core-1.1.13.jar:1.1.13]
		at reactor.netty.transport.TransportConnector.lambda$doConnect$7(TransportConnector.java:261) ~[reactor-netty-core-1.1.13.jar:1.1.13]
		at io.netty.util.concurrent.DefaultPromise.notifyListener0(DefaultPromise.java:590) ~[netty-common-4.1.101.Final.jar:4.1.101.Final]
		at io.netty.util.concurrent.DefaultPromise.notifyListeners0(DefaultPromise.java:583) ~[netty-common-4.1.101.Final.jar:4.1.101.Final]
		at io.netty.util.concurrent.DefaultPromise.notifyListenersNow(DefaultPromise.java:559) ~[netty-common-4.1.101.Final.jar:4.1.101.Final]
		at io.netty.util.concurrent.DefaultPromise.notifyListeners(DefaultPromise.java:492) ~[netty-common-4.1.101.Final.jar:4.1.101.Final]
		at io.netty.util.concurrent.DefaultPromise.setValue0(DefaultPromise.java:636) ~[netty-common-4.1.101.Final.jar:4.1.101.Final]
		at io.netty.util.concurrent.DefaultPromise.setFailure0(DefaultPromise.java:629) ~[netty-common-4.1.101.Final.jar:4.1.101.Final]
		at io.netty.util.concurrent.DefaultPromise.tryFailure(DefaultPromise.java:118) ~[netty-common-4.1.101.Final.jar:4.1.101.Final]
		at io.netty.channel.nio.AbstractNioChannel$AbstractNioUnsafe.fulfillConnectPromise(AbstractNioChannel.java:321) ~[netty-transport-4.1.101.Final.jar:4.1.101.Final]
		at io.netty.channel.nio.AbstractNioChannel$AbstractNioUnsafe.finishConnect(AbstractNioChannel.java:337) ~[netty-transport-4.1.101.Final.jar:4.1.101.Final]
		at io.netty.channel.nio.NioEventLoop.processSelectedKey(NioEventLoop.java:776) ~[netty-transport-4.1.101.Final.jar:4.1.101.Final]
		at io.netty.channel.nio.NioEventLoop.processSelectedKeysOptimized(NioEventLoop.java:724) ~[netty-transport-4.1.101.Final.jar:4.1.101.Final]
		at io.netty.channel.nio.NioEventLoop.processSelectedKeys(NioEventLoop.java:650) ~[netty-transport-4.1.101.Final.jar:4.1.101.Final]
		at io.netty.channel.nio.NioEventLoop.run(NioEventLoop.java:562) ~[netty-transport-4.1.101.Final.jar:4.1.101.Final]
		at io.netty.util.concurrent.SingleThreadEventExecutor$4.run(SingleThreadEventExecutor.java:997) ~[netty-common-4.1.101.Final.jar:4.1.101.Final]
		at io.netty.util.internal.ThreadExecutorMap$2.run(ThreadExecutorMap.java:74) ~[netty-common-4.1.101.Final.jar:4.1.101.Final]
		at io.netty.util.concurrent.FastThreadLocalRunnable.run(FastThreadLocalRunnable.java:30) ~[netty-common-4.1.101.Final.jar:4.1.101.Final]
		at java.base/java.lang.Thread.run(Thread.java:833) ~[na:na]
Caused by: io.netty.channel.AbstractChannel$AnnotatedSocketException: Network is unreachable: no further information: /169.254.237.78:8081
Caused by: java.net.SocketException: Network is unreachable: no further information
	at java.base/sun.nio.ch.Net.pollConnect(Native Method) ~[na:na]
	at java.base/sun.nio.ch.Net.pollConnectNow(Net.java:672) ~[na:na]
	at java.base/sun.nio.ch.SocketChannelImpl.finishConnect(SocketChannelImpl.java:946) ~[na:na]
	at io.netty.channel.socket.nio.NioSocketChannel.doFinishConnect(NioSocketChannel.java:337) ~[netty-transport-4.1.101.Final.jar:4.1.101.Final]
	at io.netty.channel.nio.AbstractNioChannel$AbstractNioUnsafe.finishConnect(AbstractNioChannel.java:334) ~[netty-transport-4.1.101.Final.jar:4.1.101.Final]
	at io.netty.channel.nio.NioEventLoop.processSelectedKey(NioEventLoop.java:776) ~[netty-transport-4.1.101.Final.jar:4.1.101.Final]
	at io.netty.channel.nio.NioEventLoop.processSelectedKeysOptimized(NioEventLoop.java:724) ~[netty-transport-4.1.101.Final.jar:4.1.101.Final]
	at io.netty.channel.nio.NioEventLoop.processSelectedKeys(NioEventLoop.java:650) ~[netty-transport-4.1.101.Final.jar:4.1.101.Final]
	at io.netty.channel.nio.NioEventLoop.run(NioEventLoop.java:562) ~[netty-transport-4.1.101.Final.jar:4.1.101.Final]
	at io.netty.util.concurrent.SingleThreadEventExecutor$4.run(SingleThreadEventExecutor.java:997) ~[netty-common-4.1.101.Final.jar:4.1.101.Final]
	at io.netty.util.internal.ThreadExecutorMap$2.run(ThreadExecutorMap.java:74) ~[netty-common-4.1.101.Final.jar:4.1.101.Final]
	at io.netty.util.concurrent.FastThreadLocalRunnable.run(FastThreadLocalRunnable.java:30) ~[netty-common-4.1.101.Final.jar:4.1.101.Final]
	at java.base/java.lang.Thread.run(Thread.java:833) ~[na:na]

2026-05-16T10:05:27.168+05:30  INFO 3092 --- [admin-server] [parallel-11] d.c.b.a.server.services.StatusUpdater    : Couldn't retrieve status for Instance(id=eaa43206e300, version=2, registration=Registration(name=parkingspot-service, managementUrl=http://192.168.1.9:8083/actuator, healthUrl=http://192.168.1.9:8083/actuator/health, serviceUrl=http://192.168.1.9:8083/, source=http-api), registered=true, statusInfo=StatusInfo(status=UP, details={db={status=UP, details={database=MySQL, validationQuery=isValid()}}, diskSpace={status=UP, details={total=236228440064, free=22302265344, threshold=10485760, path=C:\Users\Hp\Desktop\Parkease-Backend\parkingspot-service\., exists=true}}, ping={status=UP}, discoveryComposite={status=UP, components={discoveryClient={status=UP, details={services=[gateway-service]}}, eureka={description=Eureka discovery client has not yet successfully connected to a Eureka server, status=UP, details={applications={GATEWAY-SERVICE=1}}}}}, refreshScope={status=UP}}), statusTimestamp=2026-05-15T17:13:48.261511100Z, info=Info(values={}), endpoints=Endpoints(endpoints={caches=Endpoint(id=caches, url=http://192.168.1.9:8083/actuator/caches), loggers=Endpoint(id=loggers, url=http://192.168.1.9:8083/actuator/loggers), logfile=Endpoint(id=logfile, url=http://192.168.1.9:8083/actuator/logfile), health=Endpoint(id=health, url=http://192.168.1.9:8083/actuator/health), refresh=Endpoint(id=refresh, url=http://192.168.1.9:8083/actuator/refresh), env=Endpoint(id=env, url=http://192.168.1.9:8083/actuator/env), serviceregistry=Endpoint(id=serviceregistry, url=http://192.168.1.9:8083/actuator/serviceregistry), heapdump=Endpoint(id=heapdump, url=http://192.168.1.9:8083/actuator/heapdump), features=Endpoint(id=features, url=http://192.168.1.9:8083/actuator/features), scheduledtasks=Endpoint(id=scheduledtasks, url=http://192.168.1.9:8083/actuator/scheduledtasks), mappings=Endpoint(id=mappings, url=http://192.168.1.9:8083/actuator/mappings), beans=Endpoint(id=beans, url=http://192.168.1.9:8083/actuator/beans), configprops=Endpoint(id=configprops, url=http://192.168.1.9:8083/actuator/configprops), threaddump=Endpoint(id=threaddump, url=http://192.168.1.9:8083/actuator/threaddump), metrics=Endpoint(id=metrics, url=http://192.168.1.9:8083/actuator/metrics), conditions=Endpoint(id=conditions, url=http://192.168.1.9:8083/actuator/conditions), info=Endpoint(id=info, url=http://192.168.1.9:8083/actuator/info)}), buildVersion=null, tags=Tags(values={}))

java.util.concurrent.TimeoutException: Did not observe any item or terminal signal within 9000ms in 'log' (and no fallback has been configured)
	at reactor.core.publisher.FluxTimeout$TimeoutMainSubscriber.handleTimeout(FluxTimeout.java:296) ~[reactor-core-3.6.0.jar:3.6.0]
	at reactor.core.publisher.FluxTimeout$TimeoutMainSubscriber.doTimeout(FluxTimeout.java:281) ~[reactor-core-3.6.0.jar:3.6.0]
	at reactor.core.publisher.FluxTimeout$TimeoutTimeoutSubscriber.onNext(FluxTimeout.java:420) ~[reactor-core-3.6.0.jar:3.6.0]
	at reactor.core.publisher.FluxOnErrorReturn$ReturnSubscriber.onNext(FluxOnErrorReturn.java:162) ~[reactor-core-3.6.0.jar:3.6.0]
	at reactor.core.publisher.MonoDelay$MonoDelayRunnable.propagateDelay(MonoDelay.java:270) ~[reactor-core-3.6.0.jar:3.6.0]
	at reactor.core.publisher.MonoDelay$MonoDelayRunnable.run(MonoDelay.java:285) ~[reactor-core-3.6.0.jar:3.6.0]
	at reactor.core.scheduler.SchedulerTask.call(SchedulerTask.java:68) ~[reactor-core-3.6.0.jar:3.6.0]
	at reactor.core.scheduler.SchedulerTask.call(SchedulerTask.java:28) ~[reactor-core-3.6.0.jar:3.6.0]
	at java.base/java.util.concurrent.FutureTask.run(FutureTask.java:264) ~[na:na]
	at java.base/java.util.concurrent.ScheduledThreadPoolExecutor$ScheduledFutureTask.run(ScheduledThreadPoolExecutor.java:304) ~[na:na]
	at java.base/java.util.concurrent.ThreadPoolExecutor.runWorker(ThreadPoolExecutor.java:1136) ~[na:na]
	at java.base/java.util.concurrent.ThreadPoolExecutor$Worker.run(ThreadPoolExecutor.java:635) ~[na:na]
	at java.base/java.lang.Thread.run(Thread.java:833) ~[na:na]

2026-05-16T10:05:27.187+05:30  INFO 3092 --- [admin-server] [parallel-7] d.c.b.a.server.services.StatusUpdater    : Couldn't retrieve status for Instance(id=e909fe358786, version=3, registration=Registration(name=auth-service, managementUrl=http://192.168.1.9:8081/actuator, healthUrl=http://192.168.1.9:8081/actuator/health, serviceUrl=http://192.168.1.9:8081/, source=http-api), registered=true, statusInfo=StatusInfo(status=DOWN, details={mail={status=DOWN, details={location=smtp.gmail.com:587, error=org.eclipse.angus.mail.util.MailConnectException: Couldn't connect to host, port: smtp.gmail.com, 587; timeout -1}}, diskSpace={status=UP, details={total=236228440064, free=12055498752, threshold=10485760, path=C:\Users\Hp\Desktop\Parkease-Backend\auth-service\., exists=true}}, ping={status=UP}, discoveryComposite={status=UP, components={discoveryClient={status=UP, details={services=[gateway-service, parkingspot-service, auth-service]}}, eureka={description=Remote status from Eureka server, status=UP, details={applications={AUTH-SERVICE=1, GATEWAY-SERVICE=1, PARKINGSPOT-SERVICE=1}}}}}, refreshScope={status=UP}, db={status=UP, details={database=MySQL, validationQuery=isValid()}}}), statusTimestamp=2026-05-16T04:34:58.231289500Z, info=Info(values={}), endpoints=Endpoints(endpoints={caches=Endpoint(id=caches, url=http://192.168.1.9:8081/actuator/caches), loggers=Endpoint(id=loggers, url=http://192.168.1.9:8081/actuator/loggers), logfile=Endpoint(id=logfile, url=http://192.168.1.9:8081/actuator/logfile), health=Endpoint(id=health, url=http://192.168.1.9:8081/actuator/health), refresh=Endpoint(id=refresh, url=http://192.168.1.9:8081/actuator/refresh), env=Endpoint(id=env, url=http://192.168.1.9:8081/actuator/env), serviceregistry=Endpoint(id=serviceregistry, url=http://192.168.1.9:8081/actuator/serviceregistry), heapdump=Endpoint(id=heapdump, url=http://192.168.1.9:8081/actuator/heapdump), features=Endpoint(id=features, url=http://192.168.1.9:8081/actuator/features), scheduledtasks=Endpoint(id=scheduledtasks, url=http://192.168.1.9:8081/actuator/scheduledtasks), mappings=Endpoint(id=mappings, url=http://192.168.1.9:8081/actuator/mappings), beans=Endpoint(id=beans, url=http://192.168.1.9:8081/actuator/beans), configprops=Endpoint(id=configprops, url=http://192.168.1.9:8081/actuator/configprops), threaddump=Endpoint(id=threaddump, url=http://192.168.1.9:8081/actuator/threaddump), metrics=Endpoint(id=metrics, url=http://192.168.1.9:8081/actuator/metrics), conditions=Endpoint(id=conditions, url=http://192.168.1.9:8081/actuator/conditions), info=Endpoint(id=info, url=http://192.168.1.9:8081/actuator/info)}), buildVersion=null, tags=Tags(values={}))

java.util.concurrent.TimeoutException: Did not observe any item or terminal signal within 9000ms in 'log' (and no fallback has been configured)
	at reactor.core.publisher.FluxTimeout$TimeoutMainSubscriber.handleTimeout(FluxTimeout.java:296) ~[reactor-core-3.6.0.jar:3.6.0]
	at reactor.core.publisher.FluxTimeout$TimeoutMainSubscriber.doTimeout(FluxTimeout.java:281) ~[reactor-core-3.6.0.jar:3.6.0]
	at reactor.core.publisher.FluxTimeout$TimeoutTimeoutSubscriber.onNext(FluxTimeout.java:420) ~[reactor-core-3.6.0.jar:3.6.0]
	at reactor.core.publisher.FluxOnErrorReturn$ReturnSubscriber.onNext(FluxOnErrorReturn.java:162) ~[reactor-core-3.6.0.jar:3.6.0]
	at reactor.core.publisher.MonoDelay$MonoDelayRunnable.propagateDelay(MonoDelay.java:270) ~[reactor-core-3.6.0.jar:3.6.0]
	at reactor.core.publisher.MonoDelay$MonoDelayRunnable.run(MonoDelay.java:285) ~[reactor-core-3.6.0.jar:3.6.0]
	at reactor.core.scheduler.SchedulerTask.call(SchedulerTask.java:68) ~[reactor-core-3.6.0.jar:3.6.0]
	at reactor.core.scheduler.SchedulerTask.call(SchedulerTask.java:28) ~[reactor-core-3.6.0.jar:3.6.0]
	at java.base/java.util.concurrent.FutureTask.run(FutureTask.java:264) ~[na:na]
	at java.base/java.util.concurrent.ScheduledThreadPoolExecutor$ScheduledFutureTask.run(ScheduledThreadPoolExecutor.java:304) ~[na:na]
	at java.base/java.util.concurrent.ThreadPoolExecutor.runWorker(ThreadPoolExecutor.java:1136) ~[na:na]
	at java.base/java.util.concurrent.ThreadPoolExecutor$Worker.run(ThreadPoolExecutor.java:635) ~[na:na]
	at java.base/java.lang.Thread.run(Thread.java:833) ~[na:na]

2026-05-16T10:05:27.198+05:30  INFO 3092 --- [admin-server] [parallel-9] d.c.b.a.server.services.StatusUpdater    : Couldn't retrieve status for Instance(id=f6209eefba9e, version=3, registration=Registration(name=notification-service, managementUrl=http://192.168.1.9:8087/actuator, healthUrl=http://192.168.1.9:8087/actuator/health, serviceUrl=http://192.168.1.9:8087/, source=http-api), registered=true, statusInfo=StatusInfo(status=DOWN, details={mail={status=UP, details={location=smtp.gmail.com:587}}, diskSpace={status=UP, details={total=236228440064, free=12335960064, threshold=10485760, path=C:\Users\Hp\Desktop\Parkease-Backend\notification-service\., exists=true}}, ping={status=UP}, discoveryComposite={description=Remote status from Eureka server, status=DOWN, components={discoveryClient={status=UP, details={services=[gateway-service, parkinglot-service, parkingspot-service, auth-service, analytics-service]}}, eureka={description=Remote status from Eureka server, status=DOWN, details={applications={PARKINGLOT-SERVICE=1, ANALYTICS-SERVICE=1, AUTH-SERVICE=1, GATEWAY-SERVICE=1, PARKINGSPOT-SERVICE=1}}}}}, rabbit={status=UP, details={version=4.3.0}}, refreshScope={status=UP}, db={status=UP, details={database=MySQL, validationQuery=isValid()}}}), statusTimestamp=2026-05-15T19:41:59.708008800Z, info=Info(values={}), endpoints=Endpoints(endpoints={caches=Endpoint(id=caches, url=http://192.168.1.9:8087/actuator/caches), loggers=Endpoint(id=loggers, url=http://192.168.1.9:8087/actuator/loggers), logfile=Endpoint(id=logfile, url=http://192.168.1.9:8087/actuator/logfile), health=Endpoint(id=health, url=http://192.168.1.9:8087/actuator/health), refresh=Endpoint(id=refresh, url=http://192.168.1.9:8087/actuator/refresh), env=Endpoint(id=env, url=http://192.168.1.9:8087/actuator/env), serviceregistry=Endpoint(id=serviceregistry, url=http://192.168.1.9:8087/actuator/serviceregistry), heapdump=Endpoint(id=heapdump, url=http://192.168.1.9:8087/actuator/heapdump), features=Endpoint(id=features, url=http://192.168.1.9:8087/actuator/features), scheduledtasks=Endpoint(id=scheduledtasks, url=http://192.168.1.9:8087/actuator/scheduledtasks), mappings=Endpoint(id=mappings, url=http://192.168.1.9:8087/actuator/mappings), beans=Endpoint(id=beans, url=http://192.168.1.9:8087/actuator/beans), configprops=Endpoint(id=configprops, url=http://192.168.1.9:8087/actuator/configprops), threaddump=Endpoint(id=threaddump, url=http://192.168.1.9:8087/actuator/threaddump), metrics=Endpoint(id=metrics, url=http://192.168.1.9:8087/actuator/metrics), conditions=Endpoint(id=conditions, url=http://192.168.1.9:8087/actuator/conditions), info=Endpoint(id=info, url=http://192.168.1.9:8087/actuator/info)}), buildVersion=null, tags=Tags(values={}))

java.util.concurrent.TimeoutException: Did not observe any item or terminal signal within 9000ms in 'log' (and no fallback has been configured)
	at reactor.core.publisher.FluxTimeout$TimeoutMainSubscriber.handleTimeout(FluxTimeout.java:296) ~[reactor-core-3.6.0.jar:3.6.0]
	at reactor.core.publisher.FluxTimeout$TimeoutMainSubscriber.doTimeout(FluxTimeout.java:281) ~[reactor-core-3.6.0.jar:3.6.0]
	at reactor.core.publisher.FluxTimeout$TimeoutTimeoutSubscriber.onNext(FluxTimeout.java:420) ~[reactor-core-3.6.0.jar:3.6.0]
	at reactor.core.publisher.FluxOnErrorReturn$ReturnSubscriber.onNext(FluxOnErrorReturn.java:162) ~[reactor-core-3.6.0.jar:3.6.0]
	at reactor.core.publisher.MonoDelay$MonoDelayRunnable.propagateDelay(MonoDelay.java:270) ~[reactor-core-3.6.0.jar:3.6.0]
	at reactor.core.publisher.MonoDelay$MonoDelayRunnable.run(MonoDelay.java:285) ~[reactor-core-3.6.0.jar:3.6.0]
	at reactor.core.scheduler.SchedulerTask.call(SchedulerTask.java:68) ~[reactor-core-3.6.0.jar:3.6.0]
	at reactor.core.scheduler.SchedulerTask.call(SchedulerTask.java:28) ~[reactor-core-3.6.0.jar:3.6.0]
	at java.base/java.util.concurrent.FutureTask.run(FutureTask.java:264) ~[na:na]
	at java.base/java.util.concurrent.ScheduledThreadPoolExecutor$ScheduledFutureTask.run(ScheduledThreadPoolExecutor.java:304) ~[na:na]
	at java.base/java.util.concurrent.ThreadPoolExecutor.runWorker(ThreadPoolExecutor.java:1136) ~[na:na]
	at java.base/java.util.concurrent.ThreadPoolExecutor$Worker.run(ThreadPoolExecutor.java:635) ~[na:na]
	at java.base/java.lang.Thread.run(Thread.java:833) ~[na:na]

2026-05-16T10:05:27.213+05:30  INFO 3092 --- [admin-server] [parallel-3] d.c.b.a.server.services.StatusUpdater    : Couldn't retrieve status for Instance(id=7124207cbdad, version=2, registration=Registration(name=gateway-service, managementUrl=http://192.168.1.9:8080/actuator, healthUrl=http://192.168.1.9:8080/actuator/health, serviceUrl=http://192.168.1.9:8080/, source=http-api), registered=true, statusInfo=StatusInfo(status=UP, details={reactiveDiscoveryClients={status=UP, components={Simple Reactive Discovery Client={status=UP, details={services=[]}}, Spring Cloud Eureka Reactive Discovery Client={status=UP, details={services=[]}}}}, diskSpace={status=UP, details={total=236228440064, free=22302388224, threshold=10485760, path=C:\Users\Hp\Desktop\Parkease-Backend\gateway-service\., exists=true}}, ping={status=UP}, discoveryComposite={status=UP, components={discoveryClient={status=UP, details={services=[]}}, eureka={description=Eureka discovery client has not yet successfully connected to a Eureka server, status=UP, details={applications={}}}}}, refreshScope={status=UP}}), statusTimestamp=2026-05-15T17:13:39.872370100Z, info=Info(values={}), endpoints=Endpoints(endpoints={caches=Endpoint(id=caches, url=http://192.168.1.9:8080/actuator/caches), loggers=Endpoint(id=loggers, url=http://192.168.1.9:8080/actuator/loggers), health=Endpoint(id=health, url=http://192.168.1.9:8080/actuator/health), refresh=Endpoint(id=refresh, url=http://192.168.1.9:8080/actuator/refresh), env=Endpoint(id=env, url=http://192.168.1.9:8080/actuator/env), serviceregistry=Endpoint(id=serviceregistry, url=http://192.168.1.9:8080/actuator/serviceregistry), heapdump=Endpoint(id=heapdump, url=http://192.168.1.9:8080/actuator/heapdump), features=Endpoint(id=features, url=http://192.168.1.9:8080/actuator/features), scheduledtasks=Endpoint(id=scheduledtasks, url=http://192.168.1.9:8080/actuator/scheduledtasks), mappings=Endpoint(id=mappings, url=http://192.168.1.9:8080/actuator/mappings), beans=Endpoint(id=beans, url=http://192.168.1.9:8080/actuator/beans), configprops=Endpoint(id=configprops, url=http://192.168.1.9:8080/actuator/configprops), threaddump=Endpoint(id=threaddump, url=http://192.168.1.9:8080/actuator/threaddump), metrics=Endpoint(id=metrics, url=http://192.168.1.9:8080/actuator/metrics), conditions=Endpoint(id=conditions, url=http://192.168.1.9:8080/actuator/conditions), info=Endpoint(id=info, url=http://192.168.1.9:8080/actuator/info)}), buildVersion=null, tags=Tags(values={}))

java.util.concurrent.TimeoutException: Did not observe any item or terminal signal within 9000ms in 'log' (and no fallback has been configured)
	at reactor.core.publisher.FluxTimeout$TimeoutMainSubscriber.handleTimeout(FluxTimeout.java:296) ~[reactor-core-3.6.0.jar:3.6.0]
	at reactor.core.publisher.FluxTimeout$TimeoutMainSubscriber.doTimeout(FluxTimeout.java:281) ~[reactor-core-3.6.0.jar:3.6.0]
	at reactor.core.publisher.FluxTimeout$TimeoutTimeoutSubscriber.onNext(FluxTimeout.java:420) ~[reactor-core-3.6.0.jar:3.6.0]
	at reactor.core.publisher.FluxOnErrorReturn$ReturnSubscriber.onNext(FluxOnErrorReturn.java:162) ~[reactor-core-3.6.0.jar:3.6.0]
	at reactor.core.publisher.MonoDelay$MonoDelayRunnable.propagateDelay(MonoDelay.java:270) ~[reactor-core-3.6.0.jar:3.6.0]
	at reactor.core.publisher.MonoDelay$MonoDelayRunnable.run(MonoDelay.java:285) ~[reactor-core-3.6.0.jar:3.6.0]
	at reactor.core.scheduler.SchedulerTask.call(SchedulerTask.java:68) ~[reactor-core-3.6.0.jar:3.6.0]
	at reactor.core.scheduler.SchedulerTask.call(SchedulerTask.java:28) ~[reactor-core-3.6.0.jar:3.6.0]
	at java.base/java.util.concurrent.FutureTask.run(FutureTask.java:264) ~[na:na]
	at java.base/java.util.concurrent.ScheduledThreadPoolExecutor$ScheduledFutureTask.run(ScheduledThreadPoolExecutor.java:304) ~[na:na]
	at java.base/java.util.concurrent.ThreadPoolExecutor.runWorker(ThreadPoolExecutor.java:1136) ~[na:na]
	at java.base/java.util.concurrent.ThreadPoolExecutor$Worker.run(ThreadPoolExecutor.java:635) ~[na:na]
	at java.base/java.lang.Thread.run(Thread.java:833) ~[na:na]

2026-05-16T10:05:27.214+05:30  INFO 3092 --- [admin-server] [parallel-1] d.c.b.a.server.services.StatusUpdater    : Couldn't retrieve status for Instance(id=b743b8d9166b, version=3, registration=Registration(name=payment-service, managementUrl=http://192.168.1.9:8086/actuator, healthUrl=http://192.168.1.9:8086/actuator/health, serviceUrl=http://192.168.1.9:8086/, source=http-api), registered=true, statusInfo=StatusInfo(status=DOWN, details={diskSpace={status=UP, details={total=236228440064, free=12439691264, threshold=10485760, path=C:\Users\Hp\Desktop\Parkease-Backend\payment-service\., exists=true}}, ping={status=UP}, discoveryComposite={description=Remote status from Eureka server, status=DOWN, components={discoveryClient={status=UP, details={services=[gateway-service, parkinglot-service, parkingspot-service, notification-service, auth-service, analytics-service]}}, eureka={description=Remote status from Eureka server, status=DOWN, details={applications={PARKINGLOT-SERVICE=1, ANALYTICS-SERVICE=1, AUTH-SERVICE=1, GATEWAY-SERVICE=1, NOTIFICATION-SERVICE=1, PARKINGSPOT-SERVICE=1}}}}}, rabbit={status=UP, details={version=4.3.0}}, refreshScope={status=UP}, db={status=UP, details={database=MySQL, validationQuery=isValid()}}}), statusTimestamp=2026-05-15T19:40:47.638179200Z, info=Info(values={}), endpoints=Endpoints(endpoints={caches=Endpoint(id=caches, url=http://192.168.1.9:8086/actuator/caches), loggers=Endpoint(id=loggers, url=http://192.168.1.9:8086/actuator/loggers), logfile=Endpoint(id=logfile, url=http://192.168.1.9:8086/actuator/logfile), health=Endpoint(id=health, url=http://192.168.1.9:8086/actuator/health), refresh=Endpoint(id=refresh, url=http://192.168.1.9:8086/actuator/refresh), env=Endpoint(id=env, url=http://192.168.1.9:8086/actuator/env), serviceregistry=Endpoint(id=serviceregistry, url=http://192.168.1.9:8086/actuator/serviceregistry), heapdump=Endpoint(id=heapdump, url=http://192.168.1.9:8086/actuator/heapdump), features=Endpoint(id=features, url=http://192.168.1.9:8086/actuator/features), scheduledtasks=Endpoint(id=scheduledtasks, url=http://192.168.1.9:8086/actuator/scheduledtasks), mappings=Endpoint(id=mappings, url=http://192.168.1.9:8086/actuator/mappings), beans=Endpoint(id=beans, url=http://192.168.1.9:8086/actuator/beans), configprops=Endpoint(id=configprops, url=http://192.168.1.9:8086/actuator/configprops), threaddump=Endpoint(id=threaddump, url=http://192.168.1.9:8086/actuator/threaddump), metrics=Endpoint(id=metrics, url=http://192.168.1.9:8086/actuator/metrics), conditions=Endpoint(id=conditions, url=http://192.168.1.9:8086/actuator/conditions), info=Endpoint(id=info, url=http://192.168.1.9:8086/actuator/info)}), buildVersion=null, tags=Tags(values={}))

java.util.concurrent.TimeoutException: Did not observe any item or terminal signal within 9000ms in 'log' (and no fallback has been configured)
	at reactor.core.publisher.FluxTimeout$TimeoutMainSubscriber.handleTimeout(FluxTimeout.java:296) ~[reactor-core-3.6.0.jar:3.6.0]
	at reactor.core.publisher.FluxTimeout$TimeoutMainSubscriber.doTimeout(FluxTimeout.java:281) ~[reactor-core-3.6.0.jar:3.6.0]
	at reactor.core.publisher.FluxTimeout$TimeoutTimeoutSubscriber.onNext(FluxTimeout.java:420) ~[reactor-core-3.6.0.jar:3.6.0]
	at reactor.core.publisher.FluxOnErrorReturn$ReturnSubscriber.onNext(FluxOnErrorReturn.java:162) ~[reactor-core-3.6.0.jar:3.6.0]
	at reactor.core.publisher.MonoDelay$MonoDelayRunnable.propagateDelay(MonoDelay.java:270) ~[reactor-core-3.6.0.jar:3.6.0]
	at reactor.core.publisher.MonoDelay$MonoDelayRunnable.run(MonoDelay.java:285) ~[reactor-core-3.6.0.jar:3.6.0]
	at reactor.core.scheduler.SchedulerTask.call(SchedulerTask.java:68) ~[reactor-core-3.6.0.jar:3.6.0]
	at reactor.core.scheduler.SchedulerTask.call(SchedulerTask.java:28) ~[reactor-core-3.6.0.jar:3.6.0]
	at java.base/java.util.concurrent.FutureTask.run(FutureTask.java:264) ~[na:na]
	at java.base/java.util.concurrent.ScheduledThreadPoolExecutor$ScheduledFutureTask.run(ScheduledThreadPoolExecutor.java:304) ~[na:na]
	at java.base/java.util.concurrent.ThreadPoolExecutor.runWorker(ThreadPoolExecutor.java:1136) ~[na:na]
	at java.base/java.util.concurrent.ThreadPoolExecutor$Worker.run(ThreadPoolExecutor.java:635) ~[na:na]
	at java.base/java.lang.Thread.run(Thread.java:833) ~[na:na]

2026-05-16T10:05:27.260+05:30  INFO 3092 --- [admin-server] [parallel-5] d.c.b.a.server.services.StatusUpdater    : Couldn't retrieve status for Instance(id=16530200b8bb, version=2, registration=Registration(name=discovery-service, managementUrl=http://192.168.1.9:8761/actuator, healthUrl=http://192.168.1.9:8761/actuator/health, serviceUrl=http://192.168.1.9:8761/, source=http-api), registered=true, statusInfo=StatusInfo(status=UP, details={diskSpace={status=UP, details={total=236228440064, free=22302396416, threshold=10485760, path=C:\Users\Hp\Desktop\Parkease-Backend\discovery-service\., exists=true}}, ping={status=UP}, discoveryComposite={status=UP, components={discoveryClient={status=UP, details={services=[]}}, eureka={description=Remote status from Eureka server, status=UNKNOWN, details={applications={}}}}}, refreshScope={status=UP}}), statusTimestamp=2026-05-15T17:13:38.404810Z, info=Info(values={}), endpoints=Endpoints(endpoints={caches=Endpoint(id=caches, url=http://192.168.1.9:8761/actuator/caches), loggers=Endpoint(id=loggers, url=http://192.168.1.9:8761/actuator/loggers), health=Endpoint(id=health, url=http://192.168.1.9:8761/actuator/health), refresh=Endpoint(id=refresh, url=http://192.168.1.9:8761/actuator/refresh), env=Endpoint(id=env, url=http://192.168.1.9:8761/actuator/env), serviceregistry=Endpoint(id=serviceregistry, url=http://192.168.1.9:8761/actuator/serviceregistry), heapdump=Endpoint(id=heapdump, url=http://192.168.1.9:8761/actuator/heapdump), features=Endpoint(id=features, url=http://192.168.1.9:8761/actuator/features), scheduledtasks=Endpoint(id=scheduledtasks, url=http://192.168.1.9:8761/actuator/scheduledtasks), mappings=Endpoint(id=mappings, url=http://192.168.1.9:8761/actuator/mappings), beans=Endpoint(id=beans, url=http://192.168.1.9:8761/actuator/beans), configprops=Endpoint(id=configprops, url=http://192.168.1.9:8761/actuator/configprops), threaddump=Endpoint(id=threaddump, url=http://192.168.1.9:8761/actuator/threaddump), metrics=Endpoint(id=metrics, url=http://192.168.1.9:8761/actuator/metrics), conditions=Endpoint(id=conditions, url=http://192.168.1.9:8761/actuator/conditions), info=Endpoint(id=info, url=http://192.168.1.9:8761/actuator/info)}), buildVersion=null, tags=Tags(values={}))

java.util.concurrent.TimeoutException: Did not observe any item or terminal signal within 9000ms in 'log' (and no fallback has been configured)
	at reactor.core.publisher.FluxTimeout$TimeoutMainSubscriber.handleTimeout(FluxTimeout.java:296) ~[reactor-core-3.6.0.jar:3.6.0]
	at reactor.core.publisher.FluxTimeout$TimeoutMainSubscriber.doTimeout(FluxTimeout.java:281) ~[reactor-core-3.6.0.jar:3.6.0]
	at reactor.core.publisher.FluxTimeout$TimeoutTimeoutSubscriber.onNext(FluxTimeout.java:420) ~[reactor-core-3.6.0.jar:3.6.0]
	at reactor.core.publisher.FluxOnErrorReturn$ReturnSubscriber.onNext(FluxOnErrorReturn.java:162) ~[reactor-core-3.6.0.jar:3.6.0]
	at reactor.core.publisher.MonoDelay$MonoDelayRunnable.propagateDelay(MonoDelay.java:270) ~[reactor-core-3.6.0.jar:3.6.0]
	at reactor.core.publisher.MonoDelay$MonoDelayRunnable.run(MonoDelay.java:285) ~[reactor-core-3.6.0.jar:3.6.0]
	at reactor.core.scheduler.SchedulerTask.call(SchedulerTask.java:68) ~[reactor-core-3.6.0.jar:3.6.0]
	at reactor.core.scheduler.SchedulerTask.call(SchedulerTask.java:28) ~[reactor-core-3.6.0.jar:3.6.0]
	at java.base/java.util.concurrent.FutureTask.run(FutureTask.java:264) ~[na:na]
	at java.base/java.util.concurrent.ScheduledThreadPoolExecutor$ScheduledFutureTask.run(ScheduledThreadPoolExecutor.java:304) ~[na:na]
	at java.base/java.util.concurrent.ThreadPoolExecutor.runWorker(ThreadPoolExecutor.java:1136) ~[na:na]
	at java.base/java.util.concurrent.ThreadPoolExecutor$Worker.run(ThreadPoolExecutor.java:635) ~[na:na]
	at java.base/java.lang.Thread.run(Thread.java:833) ~[na:na]

2026-05-16T10:05:27.260+05:30  INFO 3092 --- [admin-server] [parallel-7] d.c.b.a.server.services.StatusUpdater    : Couldn't retrieve status for Instance(id=79ef4c86fc1e, version=3, registration=Registration(name=vehicle-service, managementUrl=http://192.168.1.9:8084/actuator, healthUrl=http://192.168.1.9:8084/actuator/health, serviceUrl=http://192.168.1.9:8084/, source=http-api), registered=true, statusInfo=StatusInfo(status=DOWN, details={db={status=UP, details={database=MySQL, validationQuery=isValid()}}, diskSpace={status=UP, details={total=236228440064, free=12442570752, threshold=10485760, path=C:\Users\Hp\Desktop\Parkease-Backend\vehicle-service\., exists=true}}, ping={status=UP}, discoveryComposite={description=Remote status from Eureka server, status=DOWN, components={discoveryClient={status=UP, details={services=[gateway-service, parkinglot-service, parkingspot-service, notification-service, auth-service, payment-service, analytics-service]}}, eureka={description=Remote status from Eureka server, status=DOWN, details={applications={PARKINGLOT-SERVICE=1, ANALYTICS-SERVICE=1, PAYMENT-SERVICE=1, AUTH-SERVICE=1, GATEWAY-SERVICE=1, NOTIFICATION-SERVICE=1, PARKINGSPOT-SERVICE=1}}}}}, refreshScope={status=UP}}), statusTimestamp=2026-05-15T19:40:27.626831400Z, info=Info(values={}), endpoints=Endpoints(endpoints={caches=Endpoint(id=caches, url=http://192.168.1.9:8084/actuator/caches), loggers=Endpoint(id=loggers, url=http://192.168.1.9:8084/actuator/loggers), logfile=Endpoint(id=logfile, url=http://192.168.1.9:8084/actuator/logfile), health=Endpoint(id=health, url=http://192.168.1.9:8084/actuator/health), refresh=Endpoint(id=refresh, url=http://192.168.1.9:8084/actuator/refresh), env=Endpoint(id=env, url=http://192.168.1.9:8084/actuator/env), serviceregistry=Endpoint(id=serviceregistry, url=http://192.168.1.9:8084/actuator/serviceregistry), heapdump=Endpoint(id=heapdump, url=http://192.168.1.9:8084/actuator/heapdump), features=Endpoint(id=features, url=http://192.168.1.9:8084/actuator/features), scheduledtasks=Endpoint(id=scheduledtasks, url=http://192.168.1.9:8084/actuator/scheduledtasks), mappings=Endpoint(id=mappings, url=http://192.168.1.9:8084/actuator/mappings), beans=Endpoint(id=beans, url=http://192.168.1.9:8084/actuator/beans), configprops=Endpoint(id=configprops, url=http://192.168.1.9:8084/actuator/configprops), threaddump=Endpoint(id=threaddump, url=http://192.168.1.9:8084/actuator/threaddump), metrics=Endpoint(id=metrics, url=http://192.168.1.9:8084/actuator/metrics), conditions=Endpoint(id=conditions, url=http://192.168.1.9:8084/actuator/conditions), info=Endpoint(id=info, url=http://192.168.1.9:8084/actuator/info)}), buildVersion=null, tags=Tags(values={}))

java.util.concurrent.TimeoutException: Did not observe any item or terminal signal within 9000ms in 'log' (and no fallback has been configured)
	at reactor.core.publisher.FluxTimeout$TimeoutMainSubscriber.handleTimeout(FluxTimeout.java:296) ~[reactor-core-3.6.0.jar:3.6.0]
	at reactor.core.publisher.FluxTimeout$TimeoutMainSubscriber.doTimeout(FluxTimeout.java:281) ~[reactor-core-3.6.0.jar:3.6.0]
	at reactor.core.publisher.FluxTimeout$TimeoutTimeoutSubscriber.onNext(FluxTimeout.java:420) ~[reactor-core-3.6.0.jar:3.6.0]
	at reactor.core.publisher.FluxOnErrorReturn$ReturnSubscriber.onNext(FluxOnErrorReturn.java:162) ~[reactor-core-3.6.0.jar:3.6.0]
	at reactor.core.publisher.MonoDelay$MonoDelayRunnable.propagateDelay(MonoDelay.java:270) ~[reactor-core-3.6.0.jar:3.6.0]
	at reactor.core.publisher.MonoDelay$MonoDelayRunnable.run(MonoDelay.java:285) ~[reactor-core-3.6.0.jar:3.6.0]
	at reactor.core.scheduler.SchedulerTask.call(SchedulerTask.java:68) ~[reactor-core-3.6.0.jar:3.6.0]
	at reactor.core.scheduler.SchedulerTask.call(SchedulerTask.java:28) ~[reactor-core-3.6.0.jar:3.6.0]
	at java.base/java.util.concurrent.FutureTask.run(FutureTask.java:264) ~[na:na]
	at java.base/java.util.concurrent.ScheduledThreadPoolExecutor$ScheduledFutureTask.run(ScheduledThreadPoolExecutor.java:304) ~[na:na]
	at java.base/java.util.concurrent.ThreadPoolExecutor.runWorker(ThreadPoolExecutor.java:1136) ~[na:na]
	at java.base/java.util.concurrent.ThreadPoolExecutor$Worker.run(ThreadPoolExecutor.java:635) ~[na:na]
	at java.base/java.lang.Thread.run(Thread.java:833) ~[na:na]

2026-05-16T10:05:27.262+05:30  INFO 3092 --- [admin-server] [parallel-11] d.c.b.a.server.services.StatusUpdater    : Couldn't retrieve status for Instance(id=01ff8fa659bd, version=3, registration=Registration(name=booking-service, managementUrl=http://192.168.1.9:8085/actuator, healthUrl=http://192.168.1.9:8085/actuator/health, serviceUrl=http://192.168.1.9:8085/, source=http-api), registered=true, statusInfo=StatusInfo(status=DOWN, details={diskSpace={status=UP, details={total=236228440064, free=12349718528, threshold=10485760, path=C:\Users\Hp\Desktop\Parkease-Backend\booking-service\., exists=true}}, ping={status=UP}, discoveryComposite={description=Remote status from Eureka server, status=DOWN, components={discoveryClient={status=UP, details={services=[gateway-service, vehicle-service, parkinglot-service, parkingspot-service, notification-service, auth-service, payment-service, analytics-service]}}, eureka={description=Remote status from Eureka server, status=DOWN, details={applications={PARKINGLOT-SERVICE=1, ANALYTICS-SERVICE=1, PAYMENT-SERVICE=1, AUTH-SERVICE=1, VEHICLE-SERVICE=1, GATEWAY-SERVICE=1, NOTIFICATION-SERVICE=1, PARKINGSPOT-SERVICE=1}}}}}, rabbit={status=UP, details={version=4.3.0}}, refreshScope={status=UP}, db={status=UP, details={database=MySQL, validationQuery=isValid()}}}), statusTimestamp=2026-05-15T19:39:27.613790900Z, info=Info(values={}), endpoints=Endpoints(endpoints={ratelimiterevents=Endpoint(id=ratelimiterevents, url=http://192.168.1.9:8085/actuator/ratelimiterevents), caches=Endpoint(id=caches, url=http://192.168.1.9:8085/actuator/caches), loggers=Endpoint(id=loggers, url=http://192.168.1.9:8085/actuator/loggers), heapdump=Endpoint(id=heapdump, url=http://192.168.1.9:8085/actuator/heapdump), circuitbreakers=Endpoint(id=circuitbreakers, url=http://192.168.1.9:8085/actuator/circuitbreakers), features=Endpoint(id=features, url=http://192.168.1.9:8085/actuator/features), timelimiterevents=Endpoint(id=timelimiterevents, url=http://192.168.1.9:8085/actuator/timelimiterevents), beans=Endpoint(id=beans, url=http://192.168.1.9:8085/actuator/beans), configprops=Endpoint(id=configprops, url=http://192.168.1.9:8085/actuator/configprops), threaddump=Endpoint(id=threaddump, url=http://192.168.1.9:8085/actuator/threaddump), ratelimiters=Endpoint(id=ratelimiters, url=http://192.168.1.9:8085/actuator/ratelimiters), info=Endpoint(id=info, url=http://192.168.1.9:8085/actuator/info), timelimiters=Endpoint(id=timelimiters, url=http://192.168.1.9:8085/actuator/timelimiters), circuitbreakerevents=Endpoint(id=circuitbreakerevents, url=http://192.168.1.9:8085/actuator/circuitbreakerevents), logfile=Endpoint(id=logfile, url=http://192.168.1.9:8085/actuator/logfile), health=Endpoint(id=health, url=http://192.168.1.9:8085/actuator/health), refresh=Endpoint(id=refresh, url=http://192.168.1.9:8085/actuator/refresh), env=Endpoint(id=env, url=http://192.168.1.9:8085/actuator/env), serviceregistry=Endpoint(id=serviceregistry, url=http://192.168.1.9:8085/actuator/serviceregistry), retries=Endpoint(id=retries, url=http://192.168.1.9:8085/actuator/retries), retryevents=Endpoint(id=retryevents, url=http://192.168.1.9:8085/actuator/retryevents), scheduledtasks=Endpoint(id=scheduledtasks, url=http://192.168.1.9:8085/actuator/scheduledtasks), mappings=Endpoint(id=mappings, url=http://192.168.1.9:8085/actuator/mappings), metrics=Endpoint(id=metrics, url=http://192.168.1.9:8085/actuator/metrics), conditions=Endpoint(id=conditions, url=http://192.168.1.9:8085/actuator/conditions)}), buildVersion=null, tags=Tags(values={}))

java.util.concurrent.TimeoutException: Did not observe any item or terminal signal within 9000ms in 'log' (and no fallback has been configured)
	at reactor.core.publisher.FluxTimeout$TimeoutMainSubscriber.handleTimeout(FluxTimeout.java:296) ~[reactor-core-3.6.0.jar:3.6.0]
	at reactor.core.publisher.FluxTimeout$TimeoutMainSubscriber.doTimeout(FluxTimeout.java:281) ~[reactor-core-3.6.0.jar:3.6.0]
	at reactor.core.publisher.FluxTimeout$TimeoutTimeoutSubscriber.onNext(FluxTimeout.java:420) ~[reactor-core-3.6.0.jar:3.6.0]
	at reactor.core.publisher.FluxOnErrorReturn$ReturnSubscriber.onNext(FluxOnErrorReturn.java:162) ~[reactor-core-3.6.0.jar:3.6.0]
	at reactor.core.publisher.MonoDelay$MonoDelayRunnable.propagateDelay(MonoDelay.java:270) ~[reactor-core-3.6.0.jar:3.6.0]
	at reactor.core.publisher.MonoDelay$MonoDelayRunnable.run(MonoDelay.java:285) ~[reactor-core-3.6.0.jar:3.6.0]
	at reactor.core.scheduler.SchedulerTask.call(SchedulerTask.java:68) ~[reactor-core-3.6.0.jar:3.6.0]
	at reactor.core.scheduler.SchedulerTask.call(SchedulerTask.java:28) ~[reactor-core-3.6.0.jar:3.6.0]
	at java.base/java.util.concurrent.FutureTask.run(FutureTask.java:264) ~[na:na]
	at java.base/java.util.concurrent.ScheduledThreadPoolExecutor$ScheduledFutureTask.run(ScheduledThreadPoolExecutor.java:304) ~[na:na]
	at java.base/java.util.concurrent.ThreadPoolExecutor.runWorker(ThreadPoolExecutor.java:1136) ~[na:na]
	at java.base/java.util.concurrent.ThreadPoolExecutor$Worker.run(ThreadPoolExecutor.java:635) ~[na:na]
	at java.base/java.lang.Thread.run(Thread.java:833) ~[na:na]

2026-05-16T10:05:27.507+05:30  INFO 3092 --- [admin-server] [parallel-7] d.c.b.a.server.services.StatusUpdater    : Couldn't retrieve status for Instance(id=3be2b8aab233, version=3, registration=Registration(name=analytics-service, managementUrl=http://192.168.1.9:8088/actuator, healthUrl=http://192.168.1.9:8088/actuator/health, serviceUrl=http://192.168.1.9:8088/, source=http-api), registered=true, statusInfo=StatusInfo(status=DOWN, details={db={status=UP, details={database=MySQL, validationQuery=isValid()}}, diskSpace={status=UP, details={total=236228440064, free=12339253248, threshold=10485760, path=C:\Users\Hp\Desktop\Parkease-Backend\analytics-service\., exists=true}}, ping={status=UP}, discoveryComposite={description=Remote status from Eureka server, status=DOWN, components={discoveryClient={status=UP, details={services=[gateway-service, parkingspot-service, auth-service]}}, eureka={description=Remote status from Eureka server, status=DOWN, details={applications={AUTH-SERVICE=1, GATEWAY-SERVICE=1, PARKINGSPOT-SERVICE=1}}}}}, refreshScope={status=UP}}), statusTimestamp=2026-05-15T19:43:27.633872100Z, info=Info(values={}), endpoints=Endpoints(endpoints={ratelimiterevents=Endpoint(id=ratelimiterevents, url=http://192.168.1.9:8088/actuator/ratelimiterevents), caches=Endpoint(id=caches, url=http://192.168.1.9:8088/actuator/caches), loggers=Endpoint(id=loggers, url=http://192.168.1.9:8088/actuator/loggers), heapdump=Endpoint(id=heapdump, url=http://192.168.1.9:8088/actuator/heapdump), circuitbreakers=Endpoint(id=circuitbreakers, url=http://192.168.1.9:8088/actuator/circuitbreakers), features=Endpoint(id=features, url=http://192.168.1.9:8088/actuator/features), timelimiterevents=Endpoint(id=timelimiterevents, url=http://192.168.1.9:8088/actuator/timelimiterevents), beans=Endpoint(id=beans, url=http://192.168.1.9:8088/actuator/beans), configprops=Endpoint(id=configprops, url=http://192.168.1.9:8088/actuator/configprops), threaddump=Endpoint(id=threaddump, url=http://192.168.1.9:8088/actuator/threaddump), ratelimiters=Endpoint(id=ratelimiters, url=http://192.168.1.9:8088/actuator/ratelimiters), info=Endpoint(id=info, url=http://192.168.1.9:8088/actuator/info), timelimiters=Endpoint(id=timelimiters, url=http://192.168.1.9:8088/actuator/timelimiters), circuitbreakerevents=Endpoint(id=circuitbreakerevents, url=http://192.168.1.9:8088/actuator/circuitbreakerevents), logfile=Endpoint(id=logfile, url=http://192.168.1.9:8088/actuator/logfile), health=Endpoint(id=health, url=http://192.168.1.9:8088/actuator/health), refresh=Endpoint(id=refresh, url=http://192.168.1.9:8088/actuator/refresh), env=Endpoint(id=env, url=http://192.168.1.9:8088/actuator/env), serviceregistry=Endpoint(id=serviceregistry, url=http://192.168.1.9:8088/actuator/serviceregistry), retries=Endpoint(id=retries, url=http://192.168.1.9:8088/actuator/retries), retryevents=Endpoint(id=retryevents, url=http://192.168.1.9:8088/actuator/retryevents), scheduledtasks=Endpoint(id=scheduledtasks, url=http://192.168.1.9:8088/actuator/scheduledtasks), mappings=Endpoint(id=mappings, url=http://192.168.1.9:8088/actuator/mappings), metrics=Endpoint(id=metrics, url=http://192.168.1.9:8088/actuator/metrics), conditions=Endpoint(id=conditions, url=http://192.168.1.9:8088/actuator/conditions)}), buildVersion=null, tags=Tags(values={}))

java.util.concurrent.TimeoutException: Did not observe any item or terminal signal within 9000ms in 'log' (and no fallback has been configured)
	at reactor.core.publisher.FluxTimeout$TimeoutMainSubscriber.handleTimeout(FluxTimeout.java:296) ~[reactor-core-3.6.0.jar:3.6.0]
	at reactor.core.publisher.FluxTimeout$TimeoutMainSubscriber.doTimeout(FluxTimeout.java:281) ~[reactor-core-3.6.0.jar:3.6.0]
	at reactor.core.publisher.FluxTimeout$TimeoutTimeoutSubscriber.onNext(FluxTimeout.java:420) ~[reactor-core-3.6.0.jar:3.6.0]
	at reactor.core.publisher.FluxOnErrorReturn$ReturnSubscriber.onNext(FluxOnErrorReturn.java:162) ~[reactor-core-3.6.0.jar:3.6.0]
	at reactor.core.publisher.MonoDelay$MonoDelayRunnable.propagateDelay(MonoDelay.java:270) ~[reactor-core-3.6.0.jar:3.6.0]
	at reactor.core.publisher.MonoDelay$MonoDelayRunnable.run(MonoDelay.java:285) ~[reactor-core-3.6.0.jar:3.6.0]
	at reactor.core.scheduler.SchedulerTask.call(SchedulerTask.java:68) ~[reactor-core-3.6.0.jar:3.6.0]
	at reactor.core.scheduler.SchedulerTask.call(SchedulerTask.java:28) ~[reactor-core-3.6.0.jar:3.6.0]
	at java.base/java.util.concurrent.FutureTask.run(FutureTask.java:264) ~[na:na]
	at java.base/java.util.concurrent.ScheduledThreadPoolExecutor$ScheduledFutureTask.run(ScheduledThreadPoolExecutor.java:304) ~[na:na]
	at java.base/java.util.concurrent.ThreadPoolExecutor.runWorker(ThreadPoolExecutor.java:1136) ~[na:na]
	at java.base/java.util.concurrent.ThreadPoolExecutor$Worker.run(ThreadPoolExecutor.java:635) ~[na:na]
	at java.base/java.lang.Thread.run(Thread.java:833) ~[na:na]

2026-05-16T10:05:27.507+05:30  INFO 3092 --- [admin-server] [parallel-5] d.c.b.a.server.services.StatusUpdater    : Couldn't retrieve status for Instance(id=fabb5bbdd783, version=3, registration=Registration(name=parkinglot-service, managementUrl=http://192.168.1.9:8082/actuator, healthUrl=http://192.168.1.9:8082/actuator/health, serviceUrl=http://192.168.1.9:8082/, source=http-api), registered=true, statusInfo=StatusInfo(status=DOWN, details={db={status=UP, details={database=MySQL, validationQuery=isValid()}}, diskSpace={status=UP, details={total=236228440064, free=12430262272, threshold=10485760, path=C:\Users\Hp\Desktop\Parkease-Backend\parkinglot-service\., exists=true}}, ping={status=UP}, discoveryComposite={description=Remote status from Eureka server, status=DOWN, components={discoveryClient={status=UP, details={services=[gateway-service, parkingspot-service, auth-service, analytics-service]}}, eureka={description=Remote status from Eureka server, status=DOWN, details={applications={ANALYTICS-SERVICE=1, AUTH-SERVICE=1, GATEWAY-SERVICE=1, PARKINGSPOT-SERVICE=1}}}}}, refreshScope={status=UP}}), statusTimestamp=2026-05-15T19:42:27.623226700Z, info=Info(values={}), endpoints=Endpoints(endpoints={caches=Endpoint(id=caches, url=http://192.168.1.9:8082/actuator/caches), loggers=Endpoint(id=loggers, url=http://192.168.1.9:8082/actuator/loggers), logfile=Endpoint(id=logfile, url=http://192.168.1.9:8082/actuator/logfile), health=Endpoint(id=health, url=http://192.168.1.9:8082/actuator/health), refresh=Endpoint(id=refresh, url=http://192.168.1.9:8082/actuator/refresh), env=Endpoint(id=env, url=http://192.168.1.9:8082/actuator/env), serviceregistry=Endpoint(id=serviceregistry, url=http://192.168.1.9:8082/actuator/serviceregistry), heapdump=Endpoint(id=heapdump, url=http://192.168.1.9:8082/actuator/heapdump), features=Endpoint(id=features, url=http://192.168.1.9:8082/actuator/features), scheduledtasks=Endpoint(id=scheduledtasks, url=http://192.168.1.9:8082/actuator/scheduledtasks), mappings=Endpoint(id=mappings, url=http://192.168.1.9:8082/actuator/mappings), beans=Endpoint(id=beans, url=http://192.168.1.9:8082/actuator/beans), configprops=Endpoint(id=configprops, url=http://192.168.1.9:8082/actuator/configprops), threaddump=Endpoint(id=threaddump, url=http://192.168.1.9:8082/actuator/threaddump), metrics=Endpoint(id=metrics, url=http://192.168.1.9:8082/actuator/metrics), conditions=Endpoint(id=conditions, url=http://192.168.1.9:8082/actuator/conditions), info=Endpoint(id=info, url=http://192.168.1.9:8082/actuator/info)}), buildVersion=null, tags=Tags(values={}))

java.util.concurrent.TimeoutException: Did not observe any item or terminal signal within 9000ms in 'log' (and no fallback has been configured)
	at reactor.core.publisher.FluxTimeout$TimeoutMainSubscriber.handleTimeout(FluxTimeout.java:296) ~[reactor-core-3.6.0.jar:3.6.0]
	at reactor.core.publisher.FluxTimeout$TimeoutMainSubscriber.doTimeout(FluxTimeout.java:281) ~[reactor-core-3.6.0.jar:3.6.0]
	at reactor.core.publisher.FluxTimeout$TimeoutTimeoutSubscriber.onNext(FluxTimeout.java:420) ~[reactor-core-3.6.0.jar:3.6.0]
	at reactor.core.publisher.FluxOnErrorReturn$ReturnSubscriber.onNext(FluxOnErrorReturn.java:162) ~[reactor-core-3.6.0.jar:3.6.0]
	at reactor.core.publisher.MonoDelay$MonoDelayRunnable.propagateDelay(MonoDelay.java:270) ~[reactor-core-3.6.0.jar:3.6.0]
	at reactor.core.publisher.MonoDelay$MonoDelayRunnable.run(MonoDelay.java:285) ~[reactor-core-3.6.0.jar:3.6.0]
	at reactor.core.scheduler.SchedulerTask.call(SchedulerTask.java:68) ~[reactor-core-3.6.0.jar:3.6.0]
	at reactor.core.scheduler.SchedulerTask.call(SchedulerTask.java:28) ~[reactor-core-3.6.0.jar:3.6.0]
	at java.base/java.util.concurrent.FutureTask.run(FutureTask.java:264) ~[na:na]
	at java.base/java.util.concurrent.ScheduledThreadPoolExecutor$ScheduledFutureTask.run(ScheduledThreadPoolExecutor.java:304) ~[na:na]
	at java.base/java.util.concurrent.ThreadPoolExecutor.runWorker(ThreadPoolExecutor.java:1136) ~[na:na]
	at java.base/java.util.concurrent.ThreadPoolExecutor$Worker.run(ThreadPoolExecutor.java:635) ~[na:na]
	at java.base/java.lang.Thread.run(Thread.java:833) ~[na:na]

2026-05-16T10:15:17.176+05:30  INFO 3092 --- [admin-server] [parallel-9] d.c.b.a.server.services.StatusUpdater    : Couldn't retrieve status for Instance(id=12807b8efa92, version=2, registration=Registration(name=payment-service, managementUrl=http://10.0.2.102:8086/actuator, healthUrl=http://10.0.2.102:8086/actuator/health, serviceUrl=http://10.0.2.102:8086/, source=http-api), registered=true, statusInfo=StatusInfo(status=DOWN, details={diskSpace={status=UP, details={total=236228440064, free=12061294592, threshold=10485760, path=C:\Users\Hp\Desktop\Parkease-Backend\payment-service\., exists=true}}, ping={status=UP}, discoveryComposite={description=Remote status from Eureka server, status=DOWN, components={discoveryClient={status=UP, details={services=[gateway-service, parkingspot-service, auth-service]}}, eureka={description=Remote status from Eureka server, status=DOWN, details={applications={AUTH-SERVICE=1, GATEWAY-SERVICE=1, PARKINGSPOT-SERVICE=1}}}}}, rabbit={status=UP, details={version=4.3.0}}, refreshScope={status=UP}, db={status=UP, details={database=MySQL, validationQuery=isValid()}}}), statusTimestamp=2026-05-16T04:35:10.196663100Z, info=Info(values={}), endpoints=Endpoints(endpoints={caches=Endpoint(id=caches, url=http://10.0.2.102:8086/actuator/caches), loggers=Endpoint(id=loggers, url=http://10.0.2.102:8086/actuator/loggers), logfile=Endpoint(id=logfile, url=http://10.0.2.102:8086/actuator/logfile), health=Endpoint(id=health, url=http://10.0.2.102:8086/actuator/health), refresh=Endpoint(id=refresh, url=http://10.0.2.102:8086/actuator/refresh), env=Endpoint(id=env, url=http://10.0.2.102:8086/actuator/env), serviceregistry=Endpoint(id=serviceregistry, url=http://10.0.2.102:8086/actuator/serviceregistry), heapdump=Endpoint(id=heapdump, url=http://10.0.2.102:8086/actuator/heapdump), features=Endpoint(id=features, url=http://10.0.2.102:8086/actuator/features), scheduledtasks=Endpoint(id=scheduledtasks, url=http://10.0.2.102:8086/actuator/scheduledtasks), mappings=Endpoint(id=mappings, url=http://10.0.2.102:8086/actuator/mappings), beans=Endpoint(id=beans, url=http://10.0.2.102:8086/actuator/beans), configprops=Endpoint(id=configprops, url=http://10.0.2.102:8086/actuator/configprops), threaddump=Endpoint(id=threaddump, url=http://10.0.2.102:8086/actuator/threaddump), metrics=Endpoint(id=metrics, url=http://10.0.2.102:8086/actuator/metrics), conditions=Endpoint(id=conditions, url=http://10.0.2.102:8086/actuator/conditions), info=Endpoint(id=info, url=http://10.0.2.102:8086/actuator/info)}), buildVersion=null, tags=Tags(values={}))

java.util.concurrent.TimeoutException: Did not observe any item or terminal signal within 9000ms in 'log' (and no fallback has been configured)
	at reactor.core.publisher.FluxTimeout$TimeoutMainSubscriber.handleTimeout(FluxTimeout.java:296) ~[reactor-core-3.6.0.jar:3.6.0]
	at reactor.core.publisher.FluxTimeout$TimeoutMainSubscriber.doTimeout(FluxTimeout.java:281) ~[reactor-core-3.6.0.jar:3.6.0]
	at reactor.core.publisher.FluxTimeout$TimeoutTimeoutSubscriber.onNext(FluxTimeout.java:420) ~[reactor-core-3.6.0.jar:3.6.0]
	at reactor.core.publisher.FluxOnErrorReturn$ReturnSubscriber.onNext(FluxOnErrorReturn.java:162) ~[reactor-core-3.6.0.jar:3.6.0]
	at reactor.core.publisher.MonoDelay$MonoDelayRunnable.propagateDelay(MonoDelay.java:270) ~[reactor-core-3.6.0.jar:3.6.0]
	at reactor.core.publisher.MonoDelay$MonoDelayRunnable.run(MonoDelay.java:285) ~[reactor-core-3.6.0.jar:3.6.0]
	at reactor.core.scheduler.SchedulerTask.call(SchedulerTask.java:68) ~[reactor-core-3.6.0.jar:3.6.0]
	at reactor.core.scheduler.SchedulerTask.call(SchedulerTask.java:28) ~[reactor-core-3.6.0.jar:3.6.0]
	at java.base/java.util.concurrent.FutureTask.run(FutureTask.java:264) ~[na:na]
	at java.base/java.util.concurrent.ScheduledThreadPoolExecutor$ScheduledFutureTask.run(ScheduledThreadPoolExecutor.java:304) ~[na:na]
	at java.base/java.util.concurrent.ThreadPoolExecutor.runWorker(ThreadPoolExecutor.java:1136) ~[na:na]
	at java.base/java.util.concurrent.ThreadPoolExecutor$Worker.run(ThreadPoolExecutor.java:635) ~[na:na]
	at java.base/java.lang.Thread.run(Thread.java:833) ~[na:na]

2026-05-16T10:15:17.191+05:30  INFO 3092 --- [admin-server] [parallel-1] d.c.b.a.server.services.StatusUpdater    : Couldn't retrieve status for Instance(id=0eb86da85e64, version=3, registration=Registration(name=auth-service, managementUrl=http://10.0.2.102:8081/actuator, healthUrl=http://10.0.2.102:8081/actuator/health, serviceUrl=http://10.0.2.102:8081/, source=http-api), registered=true, statusInfo=StatusInfo(status=UP, details={mail={status=UP, details={location=smtp.gmail.com:587}}, diskSpace={status=UP, details={total=236228440064, free=12058521600, threshold=10485760, path=C:\Users\Hp\Desktop\Parkease-Backend\auth-service\., exists=true}}, ping={status=UP}, discoveryComposite={status=UP, components={discoveryClient={status=UP, details={services=[gateway-service, parkingspot-service, auth-service]}}, eureka={description=Remote status from Eureka server, status=UP, details={applications={AUTH-SERVICE=1, GATEWAY-SERVICE=1, PARKINGSPOT-SERVICE=1}}}}}, refreshScope={status=UP}, db={status=UP, details={database=MySQL, validationQuery=isValid()}}}), statusTimestamp=2026-05-16T04:35:30.442134300Z, info=Info(values={}), endpoints=Endpoints(endpoints={caches=Endpoint(id=caches, url=http://10.0.2.102:8081/actuator/caches), loggers=Endpoint(id=loggers, url=http://10.0.2.102:8081/actuator/loggers), logfile=Endpoint(id=logfile, url=http://10.0.2.102:8081/actuator/logfile), health=Endpoint(id=health, url=http://10.0.2.102:8081/actuator/health), refresh=Endpoint(id=refresh, url=http://10.0.2.102:8081/actuator/refresh), env=Endpoint(id=env, url=http://10.0.2.102:8081/actuator/env), serviceregistry=Endpoint(id=serviceregistry, url=http://10.0.2.102:8081/actuator/serviceregistry), heapdump=Endpoint(id=heapdump, url=http://10.0.2.102:8081/actuator/heapdump), features=Endpoint(id=features, url=http://10.0.2.102:8081/actuator/features), scheduledtasks=Endpoint(id=scheduledtasks, url=http://10.0.2.102:8081/actuator/scheduledtasks), mappings=Endpoint(id=mappings, url=http://10.0.2.102:8081/actuator/mappings), beans=Endpoint(id=beans, url=http://10.0.2.102:8081/actuator/beans), configprops=Endpoint(id=configprops, url=http://10.0.2.102:8081/actuator/configprops), threaddump=Endpoint(id=threaddump, url=http://10.0.2.102:8081/actuator/threaddump), metrics=Endpoint(id=metrics, url=http://10.0.2.102:8081/actuator/metrics), conditions=Endpoint(id=conditions, url=http://10.0.2.102:8081/actuator/conditions), info=Endpoint(id=info, url=http://10.0.2.102:8081/actuator/info)}), buildVersion=null, tags=Tags(values={}))

java.util.concurrent.TimeoutException: Did not observe any item or terminal signal within 9000ms in 'log' (and no fallback has been configured)
	at reactor.core.publisher.FluxTimeout$TimeoutMainSubscriber.handleTimeout(FluxTimeout.java:296) ~[reactor-core-3.6.0.jar:3.6.0]
	at reactor.core.publisher.FluxTimeout$TimeoutMainSubscriber.doTimeout(FluxTimeout.java:281) ~[reactor-core-3.6.0.jar:3.6.0]
	at reactor.core.publisher.FluxTimeout$TimeoutTimeoutSubscriber.onNext(FluxTimeout.java:420) ~[reactor-core-3.6.0.jar:3.6.0]
	at reactor.core.publisher.FluxOnErrorReturn$ReturnSubscriber.onNext(FluxOnErrorReturn.java:162) ~[reactor-core-3.6.0.jar:3.6.0]
	at reactor.core.publisher.MonoDelay$MonoDelayRunnable.propagateDelay(MonoDelay.java:270) ~[reactor-core-3.6.0.jar:3.6.0]
	at reactor.core.publisher.MonoDelay$MonoDelayRunnable.run(MonoDelay.java:285) ~[reactor-core-3.6.0.jar:3.6.0]
	at reactor.core.scheduler.SchedulerTask.call(SchedulerTask.java:68) ~[reactor-core-3.6.0.jar:3.6.0]
	at reactor.core.scheduler.SchedulerTask.call(SchedulerTask.java:28) ~[reactor-core-3.6.0.jar:3.6.0]
	at java.base/java.util.concurrent.FutureTask.run(FutureTask.java:264) ~[na:na]
	at java.base/java.util.concurrent.ScheduledThreadPoolExecutor$ScheduledFutureTask.run(ScheduledThreadPoolExecutor.java:304) ~[na:na]
	at java.base/java.util.concurrent.ThreadPoolExecutor.runWorker(ThreadPoolExecutor.java:1136) ~[na:na]
	at java.base/java.util.concurrent.ThreadPoolExecutor$Worker.run(ThreadPoolExecutor.java:635) ~[na:na]
	at java.base/java.lang.Thread.run(Thread.java:833) ~[na:na]

2026-05-16T10:15:17.176+05:30  INFO 3092 --- [admin-server] [parallel-11] d.c.b.a.server.services.StatusUpdater    : Couldn't retrieve status for Instance(id=1b858b207ad3, version=2, registration=Registration(name=gateway-service, managementUrl=http://10.0.2.102:8080/actuator, healthUrl=http://10.0.2.102:8080/actuator/health, serviceUrl=http://10.0.2.102:8080/, source=http-api), registered=true, statusInfo=StatusInfo(status=UP, details={reactiveDiscoveryClients={status=UP, components={Simple Reactive Discovery Client={status=UP, details={services=[]}}, Spring Cloud Eureka Reactive Discovery Client={status=UP, details={services=[auth-service, gateway-service, parkingspot-service]}}}}, diskSpace={status=UP, details={total=236228440064, free=12059901952, threshold=10485760, path=C:\Users\Hp\Desktop\Parkease-Backend\gateway-service\., exists=true}}, ping={status=UP}, discoveryComposite={status=UP, components={discoveryClient={status=UP, details={services=[auth-service, gateway-service, parkingspot-service]}}, eureka={description=Eureka discovery client is reporting failures to connect to a Eureka server, status=UP, details={renewalPeriod=30, failCount=897196, applications={AUTH-SERVICE=1, GATEWAY-SERVICE=1, PARKINGSPOT-SERVICE=1}}}}}, refreshScope={status=UP}}), statusTimestamp=2026-05-16T04:35:10.331713800Z, info=Info(values={}), endpoints=Endpoints(endpoints={caches=Endpoint(id=caches, url=http://10.0.2.102:8080/actuator/caches), loggers=Endpoint(id=loggers, url=http://10.0.2.102:8080/actuator/loggers), health=Endpoint(id=health, url=http://10.0.2.102:8080/actuator/health), refresh=Endpoint(id=refresh, url=http://10.0.2.102:8080/actuator/refresh), env=Endpoint(id=env, url=http://10.0.2.102:8080/actuator/env), serviceregistry=Endpoint(id=serviceregistry, url=http://10.0.2.102:8080/actuator/serviceregistry), heapdump=Endpoint(id=heapdump, url=http://10.0.2.102:8080/actuator/heapdump), features=Endpoint(id=features, url=http://10.0.2.102:8080/actuator/features), scheduledtasks=Endpoint(id=scheduledtasks, url=http://10.0.2.102:8080/actuator/scheduledtasks), mappings=Endpoint(id=mappings, url=http://10.0.2.102:8080/actuator/mappings), beans=Endpoint(id=beans, url=http://10.0.2.102:8080/actuator/beans), configprops=Endpoint(id=configprops, url=http://10.0.2.102:8080/actuator/configprops), threaddump=Endpoint(id=threaddump, url=http://10.0.2.102:8080/actuator/threaddump), metrics=Endpoint(id=metrics, url=http://10.0.2.102:8080/actuator/metrics), conditions=Endpoint(id=conditions, url=http://10.0.2.102:8080/actuator/conditions), info=Endpoint(id=info, url=http://10.0.2.102:8080/actuator/info)}), buildVersion=null, tags=Tags(values={}))

java.util.concurrent.TimeoutException: Did not observe any item or terminal signal within 9000ms in 'log' (and no fallback has been configured)
	at reactor.core.publisher.FluxTimeout$TimeoutMainSubscriber.handleTimeout(FluxTimeout.java:296) ~[reactor-core-3.6.0.jar:3.6.0]
	at reactor.core.publisher.FluxTimeout$TimeoutMainSubscriber.doTimeout(FluxTimeout.java:281) ~[reactor-core-3.6.0.jar:3.6.0]
	at reactor.core.publisher.FluxTimeout$TimeoutTimeoutSubscriber.onNext(FluxTimeout.java:420) ~[reactor-core-3.6.0.jar:3.6.0]
	at reactor.core.publisher.FluxOnErrorReturn$ReturnSubscriber.onNext(FluxOnErrorReturn.java:162) ~[reactor-core-3.6.0.jar:3.6.0]
	at reactor.core.publisher.MonoDelay$MonoDelayRunnable.propagateDelay(MonoDelay.java:270) ~[reactor-core-3.6.0.jar:3.6.0]
	at reactor.core.publisher.MonoDelay$MonoDelayRunnable.run(MonoDelay.java:285) ~[reactor-core-3.6.0.jar:3.6.0]
	at reactor.core.scheduler.SchedulerTask.call(SchedulerTask.java:68) ~[reactor-core-3.6.0.jar:3.6.0]
	at reactor.core.scheduler.SchedulerTask.call(SchedulerTask.java:28) ~[reactor-core-3.6.0.jar:3.6.0]
	at java.base/java.util.concurrent.FutureTask.run(FutureTask.java:264) ~[na:na]
	at java.base/java.util.concurrent.ScheduledThreadPoolExecutor$ScheduledFutureTask.run(ScheduledThreadPoolExecutor.java:304) ~[na:na]
	at java.base/java.util.concurrent.ThreadPoolExecutor.runWorker(ThreadPoolExecutor.java:1136) ~[na:na]
	at java.base/java.util.concurrent.ThreadPoolExecutor$Worker.run(ThreadPoolExecutor.java:635) ~[na:na]
	at java.base/java.lang.Thread.run(Thread.java:833) ~[na:na]

2026-05-16T10:15:17.176+05:30  INFO 3092 --- [admin-server] [parallel-3] d.c.b.a.server.services.StatusUpdater    : Couldn't retrieve status for Instance(id=9d643ca57a6e, version=2, registration=Registration(name=parkingspot-service, managementUrl=http://10.0.2.102:8083/actuator, healthUrl=http://10.0.2.102:8083/actuator/health, serviceUrl=http://10.0.2.102:8083/, source=http-api), registered=true, statusInfo=StatusInfo(status=UP, details={db={status=UP, details={database=MySQL, validationQuery=isValid()}}, diskSpace={status=UP, details={total=236228440064, free=12061700096, threshold=10485760, path=C:\Users\Hp\Desktop\Parkease-Backend\parkingspot-service\., exists=true}}, ping={status=UP}, discoveryComposite={status=UP, components={discoveryClient={status=UP, details={services=[gateway-service, parkingspot-service, auth-service]}}, eureka={description=Remote status from Eureka server, status=UP, details={applications={AUTH-SERVICE=1, GATEWAY-SERVICE=1, PARKINGSPOT-SERVICE=1}}}}}, refreshScope={status=UP}}), statusTimestamp=2026-05-16T04:35:09.320572500Z, info=Info(values={}), endpoints=Endpoints(endpoints={caches=Endpoint(id=caches, url=http://10.0.2.102:8083/actuator/caches), loggers=Endpoint(id=loggers, url=http://10.0.2.102:8083/actuator/loggers), logfile=Endpoint(id=logfile, url=http://10.0.2.102:8083/actuator/logfile), health=Endpoint(id=health, url=http://10.0.2.102:8083/actuator/health), refresh=Endpoint(id=refresh, url=http://10.0.2.102:8083/actuator/refresh), env=Endpoint(id=env, url=http://10.0.2.102:8083/actuator/env), serviceregistry=Endpoint(id=serviceregistry, url=http://10.0.2.102:8083/actuator/serviceregistry), heapdump=Endpoint(id=heapdump, url=http://10.0.2.102:8083/actuator/heapdump), features=Endpoint(id=features, url=http://10.0.2.102:8083/actuator/features), scheduledtasks=Endpoint(id=scheduledtasks, url=http://10.0.2.102:8083/actuator/scheduledtasks), mappings=Endpoint(id=mappings, url=http://10.0.2.102:8083/actuator/mappings), beans=Endpoint(id=beans, url=http://10.0.2.102:8083/actuator/beans), configprops=Endpoint(id=configprops, url=http://10.0.2.102:8083/actuator/configprops), threaddump=Endpoint(id=threaddump, url=http://10.0.2.102:8083/actuator/threaddump), metrics=Endpoint(id=metrics, url=http://10.0.2.102:8083/actuator/metrics), conditions=Endpoint(id=conditions, url=http://10.0.2.102:8083/actuator/conditions), info=Endpoint(id=info, url=http://10.0.2.102:8083/actuator/info)}), buildVersion=null, tags=Tags(values={}))

java.util.concurrent.TimeoutException: Did not observe any item or terminal signal within 9000ms in 'log' (and no fallback has been configured)
	at reactor.core.publisher.FluxTimeout$TimeoutMainSubscriber.handleTimeout(FluxTimeout.java:296) ~[reactor-core-3.6.0.jar:3.6.0]
	at reactor.core.publisher.FluxTimeout$TimeoutMainSubscriber.doTimeout(FluxTimeout.java:281) ~[reactor-core-3.6.0.jar:3.6.0]
	at reactor.core.publisher.FluxTimeout$TimeoutTimeoutSubscriber.onNext(FluxTimeout.java:420) ~[reactor-core-3.6.0.jar:3.6.0]
	at reactor.core.publisher.FluxOnErrorReturn$ReturnSubscriber.onNext(FluxOnErrorReturn.java:162) ~[reactor-core-3.6.0.jar:3.6.0]
	at reactor.core.publisher.MonoDelay$MonoDelayRunnable.propagateDelay(MonoDelay.java:270) ~[reactor-core-3.6.0.jar:3.6.0]
	at reactor.core.publisher.MonoDelay$MonoDelayRunnable.run(MonoDelay.java:285) ~[reactor-core-3.6.0.jar:3.6.0]
	at reactor.core.scheduler.SchedulerTask.call(SchedulerTask.java:68) ~[reactor-core-3.6.0.jar:3.6.0]
	at reactor.core.scheduler.SchedulerTask.call(SchedulerTask.java:28) ~[reactor-core-3.6.0.jar:3.6.0]
	at java.base/java.util.concurrent.FutureTask.run(FutureTask.java:264) ~[na:na]
	at java.base/java.util.concurrent.ScheduledThreadPoolExecutor$ScheduledFutureTask.run(ScheduledThreadPoolExecutor.java:304) ~[na:na]
	at java.base/java.util.concurrent.ThreadPoolExecutor.runWorker(ThreadPoolExecutor.java:1136) ~[na:na]
	at java.base/java.util.concurrent.ThreadPoolExecutor$Worker.run(ThreadPoolExecutor.java:635) ~[na:na]
	at java.base/java.lang.Thread.run(Thread.java:833) ~[na:na]

2026-05-16T10:15:17.176+05:30  INFO 3092 --- [admin-server] [parallel-5] d.c.b.a.server.services.StatusUpdater    : Couldn't retrieve status for Instance(id=062f17dedb4d, version=2, registration=Registration(name=notification-service, managementUrl=http://10.0.2.102:8087/actuator, healthUrl=http://10.0.2.102:8087/actuator/health, serviceUrl=http://10.0.2.102:8087/, source=http-api), registered=true, statusInfo=StatusInfo(status=DOWN, details={mail={status=DOWN, details={location=smtp.gmail.com:587, error=org.eclipse.angus.mail.util.MailConnectException: Couldn't connect to host, port: smtp.gmail.com, 587; timeout -1}}, diskSpace={status=UP, details={total=236228440064, free=12060049408, threshold=10485760, path=C:\Users\Hp\Desktop\Parkease-Backend\notification-service\., exists=true}}, ping={status=UP}, discoveryComposite={description=Remote status from Eureka server, status=DOWN, components={discoveryClient={status=UP, details={services=[gateway-service, parkingspot-service, auth-service]}}, eureka={description=Remote status from Eureka server, status=DOWN, details={applications={AUTH-SERVICE=1, GATEWAY-SERVICE=1, PARKINGSPOT-SERVICE=1}}}}}, rabbit={status=UP, details={version=4.3.0}}, refreshScope={status=UP}, db={status=UP, details={database=MySQL, validationQuery=isValid()}}}), statusTimestamp=2026-05-16T04:35:10.216733200Z, info=Info(values={}), endpoints=Endpoints(endpoints={caches=Endpoint(id=caches, url=http://10.0.2.102:8087/actuator/caches), loggers=Endpoint(id=loggers, url=http://10.0.2.102:8087/actuator/loggers), logfile=Endpoint(id=logfile, url=http://10.0.2.102:8087/actuator/logfile), health=Endpoint(id=health, url=http://10.0.2.102:8087/actuator/health), refresh=Endpoint(id=refresh, url=http://10.0.2.102:8087/actuator/refresh), env=Endpoint(id=env, url=http://10.0.2.102:8087/actuator/env), serviceregistry=Endpoint(id=serviceregistry, url=http://10.0.2.102:8087/actuator/serviceregistry), heapdump=Endpoint(id=heapdump, url=http://10.0.2.102:8087/actuator/heapdump), features=Endpoint(id=features, url=http://10.0.2.102:8087/actuator/features), scheduledtasks=Endpoint(id=scheduledtasks, url=http://10.0.2.102:8087/actuator/scheduledtasks), mappings=Endpoint(id=mappings, url=http://10.0.2.102:8087/actuator/mappings), beans=Endpoint(id=beans, url=http://10.0.2.102:8087/actuator/beans), configprops=Endpoint(id=configprops, url=http://10.0.2.102:8087/actuator/configprops), threaddump=Endpoint(id=threaddump, url=http://10.0.2.102:8087/actuator/threaddump), metrics=Endpoint(id=metrics, url=http://10.0.2.102:8087/actuator/metrics), conditions=Endpoint(id=conditions, url=http://10.0.2.102:8087/actuator/conditions), info=Endpoint(id=info, url=http://10.0.2.102:8087/actuator/info)}), buildVersion=null, tags=Tags(values={}))

java.util.concurrent.TimeoutException: Did not observe any item or terminal signal within 9000ms in 'log' (and no fallback has been configured)
	at reactor.core.publisher.FluxTimeout$TimeoutMainSubscriber.handleTimeout(FluxTimeout.java:296) ~[reactor-core-3.6.0.jar:3.6.0]
	at reactor.core.publisher.FluxTimeout$TimeoutMainSubscriber.doTimeout(FluxTimeout.java:281) ~[reactor-core-3.6.0.jar:3.6.0]
	at reactor.core.publisher.FluxTimeout$TimeoutTimeoutSubscriber.onNext(FluxTimeout.java:420) ~[reactor-core-3.6.0.jar:3.6.0]
	at reactor.core.publisher.FluxOnErrorReturn$ReturnSubscriber.onNext(FluxOnErrorReturn.java:162) ~[reactor-core-3.6.0.jar:3.6.0]
	at reactor.core.publisher.MonoDelay$MonoDelayRunnable.propagateDelay(MonoDelay.java:270) ~[reactor-core-3.6.0.jar:3.6.0]
	at reactor.core.publisher.MonoDelay$MonoDelayRunnable.run(MonoDelay.java:285) ~[reactor-core-3.6.0.jar:3.6.0]
	at reactor.core.scheduler.SchedulerTask.call(SchedulerTask.java:68) ~[reactor-core-3.6.0.jar:3.6.0]
	at reactor.core.scheduler.SchedulerTask.call(SchedulerTask.java:28) ~[reactor-core-3.6.0.jar:3.6.0]
	at java.base/java.util.concurrent.FutureTask.run(FutureTask.java:264) ~[na:na]
	at java.base/java.util.concurrent.ScheduledThreadPoolExecutor$ScheduledFutureTask.run(ScheduledThreadPoolExecutor.java:304) ~[na:na]
	at java.base/java.util.concurrent.ThreadPoolExecutor.runWorker(ThreadPoolExecutor.java:1136) ~[na:na]
	at java.base/java.util.concurrent.ThreadPoolExecutor$Worker.run(ThreadPoolExecutor.java:635) ~[na:na]
	at java.base/java.lang.Thread.run(Thread.java:833) ~[na:na]

2026-05-16T10:15:17.198+05:30  INFO 3092 --- [admin-server] [parallel-5] d.c.b.a.server.services.StatusUpdater    : Couldn't retrieve status for Instance(id=6ccc922444c5, version=2, registration=Registration(name=discovery-service, managementUrl=http://10.0.2.102:8761/actuator, healthUrl=http://10.0.2.102:8761/actuator/health, serviceUrl=http://10.0.2.102:8761/, source=http-api), registered=true, statusInfo=StatusInfo(status=UP, details={diskSpace={status=UP, details={total=236228440064, free=12060196864, threshold=10485760, path=C:\Users\Hp\Desktop\Parkease-Backend\discovery-service\., exists=true}}, ping={status=UP}, discoveryComposite={status=UP, components={discoveryClient={status=UP, details={services=[]}}, eureka={description=Remote status from Eureka server, status=UNKNOWN, details={applications={}}}}}, refreshScope={status=UP}}), statusTimestamp=2026-05-16T04:35:09.521856800Z, info=Info(values={}), endpoints=Endpoints(endpoints={caches=Endpoint(id=caches, url=http://10.0.2.102:8761/actuator/caches), loggers=Endpoint(id=loggers, url=http://10.0.2.102:8761/actuator/loggers), health=Endpoint(id=health, url=http://10.0.2.102:8761/actuator/health), refresh=Endpoint(id=refresh, url=http://10.0.2.102:8761/actuator/refresh), env=Endpoint(id=env, url=http://10.0.2.102:8761/actuator/env), serviceregistry=Endpoint(id=serviceregistry, url=http://10.0.2.102:8761/actuator/serviceregistry), heapdump=Endpoint(id=heapdump, url=http://10.0.2.102:8761/actuator/heapdump), features=Endpoint(id=features, url=http://10.0.2.102:8761/actuator/features), scheduledtasks=Endpoint(id=scheduledtasks, url=http://10.0.2.102:8761/actuator/scheduledtasks), mappings=Endpoint(id=mappings, url=http://10.0.2.102:8761/actuator/mappings), beans=Endpoint(id=beans, url=http://10.0.2.102:8761/actuator/beans), configprops=Endpoint(id=configprops, url=http://10.0.2.102:8761/actuator/configprops), threaddump=Endpoint(id=threaddump, url=http://10.0.2.102:8761/actuator/threaddump), metrics=Endpoint(id=metrics, url=http://10.0.2.102:8761/actuator/metrics), conditions=Endpoint(id=conditions, url=http://10.0.2.102:8761/actuator/conditions), info=Endpoint(id=info, url=http://10.0.2.102:8761/actuator/info)}), buildVersion=null, tags=Tags(values={}))

java.util.concurrent.TimeoutException: Did not observe any item or terminal signal within 9000ms in 'log' (and no fallback has been configured)
	at reactor.core.publisher.FluxTimeout$TimeoutMainSubscriber.handleTimeout(FluxTimeout.java:296) ~[reactor-core-3.6.0.jar:3.6.0]
	at reactor.core.publisher.FluxTimeout$TimeoutMainSubscriber.doTimeout(FluxTimeout.java:281) ~[reactor-core-3.6.0.jar:3.6.0]
	at reactor.core.publisher.FluxTimeout$TimeoutTimeoutSubscriber.onNext(FluxTimeout.java:420) ~[reactor-core-3.6.0.jar:3.6.0]
	at reactor.core.publisher.FluxOnErrorReturn$ReturnSubscriber.onNext(FluxOnErrorReturn.java:162) ~[reactor-core-3.6.0.jar:3.6.0]
	at reactor.core.publisher.MonoDelay$MonoDelayRunnable.propagateDelay(MonoDelay.java:270) ~[reactor-core-3.6.0.jar:3.6.0]
	at reactor.core.publisher.MonoDelay$MonoDelayRunnable.run(MonoDelay.java:285) ~[reactor-core-3.6.0.jar:3.6.0]
	at reactor.core.scheduler.SchedulerTask.call(SchedulerTask.java:68) ~[reactor-core-3.6.0.jar:3.6.0]
	at reactor.core.scheduler.SchedulerTask.call(SchedulerTask.java:28) ~[reactor-core-3.6.0.jar:3.6.0]
	at java.base/java.util.concurrent.FutureTask.run(FutureTask.java:264) ~[na:na]
	at java.base/java.util.concurrent.ScheduledThreadPoolExecutor$ScheduledFutureTask.run(ScheduledThreadPoolExecutor.java:304) ~[na:na]
	at java.base/java.util.concurrent.ThreadPoolExecutor.runWorker(ThreadPoolExecutor.java:1136) ~[na:na]
	at java.base/java.util.concurrent.ThreadPoolExecutor$Worker.run(ThreadPoolExecutor.java:635) ~[na:na]
	at java.base/java.lang.Thread.run(Thread.java:833) ~[na:na]

2026-05-16T10:15:17.198+05:30  INFO 3092 --- [admin-server] [parallel-9] d.c.b.a.server.services.StatusUpdater    : Couldn't retrieve status for Instance(id=505d3ffe6675, version=2, registration=Registration(name=parkinglot-service, managementUrl=http://10.0.2.102:8082/actuator, healthUrl=http://10.0.2.102:8082/actuator/health, serviceUrl=http://10.0.2.102:8082/, source=http-api), registered=true, statusInfo=StatusInfo(status=DOWN, details={db={status=UP, details={database=MySQL, validationQuery=isValid()}}, diskSpace={status=UP, details={total=236228440064, free=12060192768, threshold=10485760, path=C:\Users\Hp\Desktop\Parkease-Backend\parkinglot-service\., exists=true}}, ping={status=UP}, discoveryComposite={description=Remote status from Eureka server, status=DOWN, components={discoveryClient={status=UP, details={services=[gateway-service, parkingspot-service, auth-service]}}, eureka={description=Remote status from Eureka server, status=DOWN, details={applications={AUTH-SERVICE=1, GATEWAY-SERVICE=1, PARKINGSPOT-SERVICE=1}}}}}, refreshScope={status=UP}}), statusTimestamp=2026-05-16T04:35:09.906221400Z, info=Info(values={}), endpoints=Endpoints(endpoints={caches=Endpoint(id=caches, url=http://10.0.2.102:8082/actuator/caches), loggers=Endpoint(id=loggers, url=http://10.0.2.102:8082/actuator/loggers), logfile=Endpoint(id=logfile, url=http://10.0.2.102:8082/actuator/logfile), health=Endpoint(id=health, url=http://10.0.2.102:8082/actuator/health), refresh=Endpoint(id=refresh, url=http://10.0.2.102:8082/actuator/refresh), env=Endpoint(id=env, url=http://10.0.2.102:8082/actuator/env), serviceregistry=Endpoint(id=serviceregistry, url=http://10.0.2.102:8082/actuator/serviceregistry), heapdump=Endpoint(id=heapdump, url=http://10.0.2.102:8082/actuator/heapdump), features=Endpoint(id=features, url=http://10.0.2.102:8082/actuator/features), scheduledtasks=Endpoint(id=scheduledtasks, url=http://10.0.2.102:8082/actuator/scheduledtasks), mappings=Endpoint(id=mappings, url=http://10.0.2.102:8082/actuator/mappings), beans=Endpoint(id=beans, url=http://10.0.2.102:8082/actuator/beans), configprops=Endpoint(id=configprops, url=http://10.0.2.102:8082/actuator/configprops), threaddump=Endpoint(id=threaddump, url=http://10.0.2.102:8082/actuator/threaddump), metrics=Endpoint(id=metrics, url=http://10.0.2.102:8082/actuator/metrics), conditions=Endpoint(id=conditions, url=http://10.0.2.102:8082/actuator/conditions), info=Endpoint(id=info, url=http://10.0.2.102:8082/actuator/info)}), buildVersion=null, tags=Tags(values={}))

java.util.concurrent.TimeoutException: Did not observe any item or terminal signal within 9000ms in 'log' (and no fallback has been configured)
	at reactor.core.publisher.FluxTimeout$TimeoutMainSubscriber.handleTimeout(FluxTimeout.java:296) ~[reactor-core-3.6.0.jar:3.6.0]
	at reactor.core.publisher.FluxTimeout$TimeoutMainSubscriber.doTimeout(FluxTimeout.java:281) ~[reactor-core-3.6.0.jar:3.6.0]
	at reactor.core.publisher.FluxTimeout$TimeoutTimeoutSubscriber.onNext(FluxTimeout.java:420) ~[reactor-core-3.6.0.jar:3.6.0]
	at reactor.core.publisher.FluxOnErrorReturn$ReturnSubscriber.onNext(FluxOnErrorReturn.java:162) ~[reactor-core-3.6.0.jar:3.6.0]
	at reactor.core.publisher.MonoDelay$MonoDelayRunnable.propagateDelay(MonoDelay.java:270) ~[reactor-core-3.6.0.jar:3.6.0]
	at reactor.core.publisher.MonoDelay$MonoDelayRunnable.run(MonoDelay.java:285) ~[reactor-core-3.6.0.jar:3.6.0]
	at reactor.core.scheduler.SchedulerTask.call(SchedulerTask.java:68) ~[reactor-core-3.6.0.jar:3.6.0]
	at reactor.core.scheduler.SchedulerTask.call(SchedulerTask.java:28) ~[reactor-core-3.6.0.jar:3.6.0]
	at java.base/java.util.concurrent.FutureTask.run(FutureTask.java:264) ~[na:na]
	at java.base/java.util.concurrent.ScheduledThreadPoolExecutor$ScheduledFutureTask.run(ScheduledThreadPoolExecutor.java:304) ~[na:na]
	at java.base/java.util.concurrent.ThreadPoolExecutor.runWorker(ThreadPoolExecutor.java:1136) ~[na:na]
	at java.base/java.util.concurrent.ThreadPoolExecutor$Worker.run(ThreadPoolExecutor.java:635) ~[na:na]
	at java.base/java.lang.Thread.run(Thread.java:833) ~[na:na]

2026-05-16T10:15:27.165+05:30  INFO 3092 --- [admin-server] [parallel-3] d.c.b.a.server.services.StatusUpdater    : Couldn't retrieve status for Instance(id=4e2b19c0a302, version=2, registration=Registration(name=booking-service, managementUrl=http://10.0.2.102:8085/actuator, healthUrl=http://10.0.2.102:8085/actuator/health, serviceUrl=http://10.0.2.102:8085/, source=http-api), registered=true, statusInfo=StatusInfo(status=DOWN, details={diskSpace={status=UP, details={total=236228440064, free=12056055808, threshold=10485760, path=C:\Users\Hp\Desktop\Parkease-Backend\booking-service\., exists=true}}, ping={status=UP}, discoveryComposite={description=Remote status from Eureka server, status=DOWN, components={discoveryClient={status=UP, details={services=[gateway-service, parkingspot-service, auth-service]}}, eureka={description=Remote status from Eureka server, status=DOWN, details={applications={AUTH-SERVICE=1, GATEWAY-SERVICE=1, PARKINGSPOT-SERVICE=1}}}}}, rabbit={status=UP, details={version=4.3.0}}, refreshScope={status=UP}, db={status=UP, details={database=MySQL, validationQuery=isValid()}}}), statusTimestamp=2026-05-16T04:35:07.408685200Z, info=Info(values={}), endpoints=Endpoints(endpoints={ratelimiterevents=Endpoint(id=ratelimiterevents, url=http://10.0.2.102:8085/actuator/ratelimiterevents), caches=Endpoint(id=caches, url=http://10.0.2.102:8085/actuator/caches), loggers=Endpoint(id=loggers, url=http://10.0.2.102:8085/actuator/loggers), heapdump=Endpoint(id=heapdump, url=http://10.0.2.102:8085/actuator/heapdump), circuitbreakers=Endpoint(id=circuitbreakers, url=http://10.0.2.102:8085/actuator/circuitbreakers), features=Endpoint(id=features, url=http://10.0.2.102:8085/actuator/features), timelimiterevents=Endpoint(id=timelimiterevents, url=http://10.0.2.102:8085/actuator/timelimiterevents), beans=Endpoint(id=beans, url=http://10.0.2.102:8085/actuator/beans), configprops=Endpoint(id=configprops, url=http://10.0.2.102:8085/actuator/configprops), threaddump=Endpoint(id=threaddump, url=http://10.0.2.102:8085/actuator/threaddump), ratelimiters=Endpoint(id=ratelimiters, url=http://10.0.2.102:8085/actuator/ratelimiters), info=Endpoint(id=info, url=http://10.0.2.102:8085/actuator/info), timelimiters=Endpoint(id=timelimiters, url=http://10.0.2.102:8085/actuator/timelimiters), circuitbreakerevents=Endpoint(id=circuitbreakerevents, url=http://10.0.2.102:8085/actuator/circuitbreakerevents), logfile=Endpoint(id=logfile, url=http://10.0.2.102:8085/actuator/logfile), health=Endpoint(id=health, url=http://10.0.2.102:8085/actuator/health), refresh=Endpoint(id=refresh, url=http://10.0.2.102:8085/actuator/refresh), env=Endpoint(id=env, url=http://10.0.2.102:8085/actuator/env), serviceregistry=Endpoint(id=serviceregistry, url=http://10.0.2.102:8085/actuator/serviceregistry), retries=Endpoint(id=retries, url=http://10.0.2.102:8085/actuator/retries), retryevents=Endpoint(id=retryevents, url=http://10.0.2.102:8085/actuator/retryevents), scheduledtasks=Endpoint(id=scheduledtasks, url=http://10.0.2.102:8085/actuator/scheduledtasks), mappings=Endpoint(id=mappings, url=http://10.0.2.102:8085/actuator/mappings), metrics=Endpoint(id=metrics, url=http://10.0.2.102:8085/actuator/metrics), conditions=Endpoint(id=conditions, url=http://10.0.2.102:8085/actuator/conditions)}), buildVersion=null, tags=Tags(values={}))

java.util.concurrent.TimeoutException: Did not observe any item or terminal signal within 9000ms in 'log' (and no fallback has been configured)
	at reactor.core.publisher.FluxTimeout$TimeoutMainSubscriber.handleTimeout(FluxTimeout.java:296) ~[reactor-core-3.6.0.jar:3.6.0]
	at reactor.core.publisher.FluxTimeout$TimeoutMainSubscriber.doTimeout(FluxTimeout.java:281) ~[reactor-core-3.6.0.jar:3.6.0]
	at reactor.core.publisher.FluxTimeout$TimeoutTimeoutSubscriber.onNext(FluxTimeout.java:420) ~[reactor-core-3.6.0.jar:3.6.0]
	at reactor.core.publisher.FluxOnErrorReturn$ReturnSubscriber.onNext(FluxOnErrorReturn.java:162) ~[reactor-core-3.6.0.jar:3.6.0]
	at reactor.core.publisher.MonoDelay$MonoDelayRunnable.propagateDelay(MonoDelay.java:270) ~[reactor-core-3.6.0.jar:3.6.0]
	at reactor.core.publisher.MonoDelay$MonoDelayRunnable.run(MonoDelay.java:285) ~[reactor-core-3.6.0.jar:3.6.0]
	at reactor.core.scheduler.SchedulerTask.call(SchedulerTask.java:68) ~[reactor-core-3.6.0.jar:3.6.0]
	at reactor.core.scheduler.SchedulerTask.call(SchedulerTask.java:28) ~[reactor-core-3.6.0.jar:3.6.0]
	at java.base/java.util.concurrent.FutureTask.run(FutureTask.java:264) ~[na:na]
	at java.base/java.util.concurrent.ScheduledThreadPoolExecutor$ScheduledFutureTask.run(ScheduledThreadPoolExecutor.java:304) ~[na:na]
	at java.base/java.util.concurrent.ThreadPoolExecutor.runWorker(ThreadPoolExecutor.java:1136) ~[na:na]
	at java.base/java.util.concurrent.ThreadPoolExecutor$Worker.run(ThreadPoolExecutor.java:635) ~[na:na]
	at java.base/java.lang.Thread.run(Thread.java:833) ~[na:na]

2026-05-16T10:15:27.180+05:30  INFO 3092 --- [admin-server] [parallel-7] d.c.b.a.server.services.StatusUpdater    : Couldn't retrieve status for Instance(id=7af5bd5a00bf, version=2, registration=Registration(name=vehicle-service, managementUrl=http://10.0.2.102:8084/actuator, healthUrl=http://10.0.2.102:8084/actuator/health, serviceUrl=http://10.0.2.102:8084/, source=http-api), registered=true, statusInfo=StatusInfo(status=DOWN, details={db={status=UP, details={database=MySQL, validationQuery=isValid()}}, diskSpace={status=UP, details={total=236228440064, free=12060856320, threshold=10485760, path=C:\Users\Hp\Desktop\Parkease-Backend\vehicle-service\., exists=true}}, ping={status=UP}, discoveryComposite={description=Remote status from Eureka server, status=DOWN, components={discoveryClient={status=UP, details={services=[gateway-service, parkingspot-service, auth-service]}}, eureka={description=Remote status from Eureka server, status=DOWN, details={applications={AUTH-SERVICE=1, GATEWAY-SERVICE=1, PARKINGSPOT-SERVICE=1}}}}}, refreshScope={status=UP}}), statusTimestamp=2026-05-16T04:35:06.613581Z, info=Info(values={}), endpoints=Endpoints(endpoints={caches=Endpoint(id=caches, url=http://10.0.2.102:8084/actuator/caches), loggers=Endpoint(id=loggers, url=http://10.0.2.102:8084/actuator/loggers), logfile=Endpoint(id=logfile, url=http://10.0.2.102:8084/actuator/logfile), health=Endpoint(id=health, url=http://10.0.2.102:8084/actuator/health), refresh=Endpoint(id=refresh, url=http://10.0.2.102:8084/actuator/refresh), env=Endpoint(id=env, url=http://10.0.2.102:8084/actuator/env), serviceregistry=Endpoint(id=serviceregistry, url=http://10.0.2.102:8084/actuator/serviceregistry), heapdump=Endpoint(id=heapdump, url=http://10.0.2.102:8084/actuator/heapdump), features=Endpoint(id=features, url=http://10.0.2.102:8084/actuator/features), scheduledtasks=Endpoint(id=scheduledtasks, url=http://10.0.2.102:8084/actuator/scheduledtasks), mappings=Endpoint(id=mappings, url=http://10.0.2.102:8084/actuator/mappings), beans=Endpoint(id=beans, url=http://10.0.2.102:8084/actuator/beans), configprops=Endpoint(id=configprops, url=http://10.0.2.102:8084/actuator/configprops), threaddump=Endpoint(id=threaddump, url=http://10.0.2.102:8084/actuator/threaddump), metrics=Endpoint(id=metrics, url=http://10.0.2.102:8084/actuator/metrics), conditions=Endpoint(id=conditions, url=http://10.0.2.102:8084/actuator/conditions), info=Endpoint(id=info, url=http://10.0.2.102:8084/actuator/info)}), buildVersion=null, tags=Tags(values={}))

java.util.concurrent.TimeoutException: Did not observe any item or terminal signal within 9000ms in 'log' (and no fallback has been configured)
	at reactor.core.publisher.FluxTimeout$TimeoutMainSubscriber.handleTimeout(FluxTimeout.java:296) ~[reactor-core-3.6.0.jar:3.6.0]
	at reactor.core.publisher.FluxTimeout$TimeoutMainSubscriber.doTimeout(FluxTimeout.java:281) ~[reactor-core-3.6.0.jar:3.6.0]
	at reactor.core.publisher.FluxTimeout$TimeoutTimeoutSubscriber.onNext(FluxTimeout.java:420) ~[reactor-core-3.6.0.jar:3.6.0]
	at reactor.core.publisher.FluxOnErrorReturn$ReturnSubscriber.onNext(FluxOnErrorReturn.java:162) ~[reactor-core-3.6.0.jar:3.6.0]
	at reactor.core.publisher.MonoDelay$MonoDelayRunnable.propagateDelay(MonoDelay.java:270) ~[reactor-core-3.6.0.jar:3.6.0]
	at reactor.core.publisher.MonoDelay$MonoDelayRunnable.run(MonoDelay.java:285) ~[reactor-core-3.6.0.jar:3.6.0]
	at reactor.core.scheduler.SchedulerTask.call(SchedulerTask.java:68) ~[reactor-core-3.6.0.jar:3.6.0]
	at reactor.core.scheduler.SchedulerTask.call(SchedulerTask.java:28) ~[reactor-core-3.6.0.jar:3.6.0]
	at java.base/java.util.concurrent.FutureTask.run(FutureTask.java:264) ~[na:na]
	at java.base/java.util.concurrent.ScheduledThreadPoolExecutor$ScheduledFutureTask.run(ScheduledThreadPoolExecutor.java:304) ~[na:na]
	at java.base/java.util.concurrent.ThreadPoolExecutor.runWorker(ThreadPoolExecutor.java:1136) ~[na:na]
	at java.base/java.util.concurrent.ThreadPoolExecutor$Worker.run(ThreadPoolExecutor.java:635) ~[na:na]
	at java.base/java.lang.Thread.run(Thread.java:833) ~[na:na]

2026-05-16T10:15:27.180+05:30  INFO 3092 --- [admin-server] [parallel-1] d.c.b.a.server.services.StatusUpdater    : Couldn't retrieve status for Instance(id=8c41ae565834, version=2, registration=Registration(name=analytics-service, managementUrl=http://10.0.2.102:8088/actuator, healthUrl=http://10.0.2.102:8088/actuator/health, serviceUrl=http://10.0.2.102:8088/, source=http-api), registered=true, statusInfo=StatusInfo(status=DOWN, details={db={status=UP, details={database=MySQL, validationQuery=isValid()}}, diskSpace={status=UP, details={total=236228440064, free=12060856320, threshold=10485760, path=C:\Users\Hp\Desktop\Parkease-Backend\analytics-service\., exists=true}}, ping={status=UP}, discoveryComposite={description=Remote status from Eureka server, status=DOWN, components={discoveryClient={status=UP, details={services=[gateway-service, parkingspot-service, auth-service]}}, eureka={description=Remote status from Eureka server, status=DOWN, details={applications={AUTH-SERVICE=1, GATEWAY-SERVICE=1, PARKINGSPOT-SERVICE=1}}}}}, refreshScope={status=UP}}), statusTimestamp=2026-05-16T04:35:06.878552500Z, info=Info(values={}), endpoints=Endpoints(endpoints={ratelimiterevents=Endpoint(id=ratelimiterevents, url=http://10.0.2.102:8088/actuator/ratelimiterevents), caches=Endpoint(id=caches, url=http://10.0.2.102:8088/actuator/caches), loggers=Endpoint(id=loggers, url=http://10.0.2.102:8088/actuator/loggers), heapdump=Endpoint(id=heapdump, url=http://10.0.2.102:8088/actuator/heapdump), circuitbreakers=Endpoint(id=circuitbreakers, url=http://10.0.2.102:8088/actuator/circuitbreakers), features=Endpoint(id=features, url=http://10.0.2.102:8088/actuator/features), timelimiterevents=Endpoint(id=timelimiterevents, url=http://10.0.2.102:8088/actuator/timelimiterevents), beans=Endpoint(id=beans, url=http://10.0.2.102:8088/actuator/beans), configprops=Endpoint(id=configprops, url=http://10.0.2.102:8088/actuator/configprops), threaddump=Endpoint(id=threaddump, url=http://10.0.2.102:8088/actuator/threaddump), ratelimiters=Endpoint(id=ratelimiters, url=http://10.0.2.102:8088/actuator/ratelimiters), info=Endpoint(id=info, url=http://10.0.2.102:8088/actuator/info), timelimiters=Endpoint(id=timelimiters, url=http://10.0.2.102:8088/actuator/timelimiters), circuitbreakerevents=Endpoint(id=circuitbreakerevents, url=http://10.0.2.102:8088/actuator/circuitbreakerevents), logfile=Endpoint(id=logfile, url=http://10.0.2.102:8088/actuator/logfile), health=Endpoint(id=health, url=http://10.0.2.102:8088/actuator/health), refresh=Endpoint(id=refresh, url=http://10.0.2.102:8088/actuator/refresh), env=Endpoint(id=env, url=http://10.0.2.102:8088/actuator/env), serviceregistry=Endpoint(id=serviceregistry, url=http://10.0.2.102:8088/actuator/serviceregistry), retries=Endpoint(id=retries, url=http://10.0.2.102:8088/actuator/retries), retryevents=Endpoint(id=retryevents, url=http://10.0.2.102:8088/actuator/retryevents), scheduledtasks=Endpoint(id=scheduledtasks, url=http://10.0.2.102:8088/actuator/scheduledtasks), mappings=Endpoint(id=mappings, url=http://10.0.2.102:8088/actuator/mappings), metrics=Endpoint(id=metrics, url=http://10.0.2.102:8088/actuator/metrics), conditions=Endpoint(id=conditions, url=http://10.0.2.102:8088/actuator/conditions)}), buildVersion=null, tags=Tags(values={}))

java.util.concurrent.TimeoutException: Did not observe any item or terminal signal within 9000ms in 'log' (and no fallback has been configured)
	at reactor.core.publisher.FluxTimeout$TimeoutMainSubscriber.handleTimeout(FluxTimeout.java:296) ~[reactor-core-3.6.0.jar:3.6.0]
	at reactor.core.publisher.FluxTimeout$TimeoutMainSubscriber.doTimeout(FluxTimeout.java:281) ~[reactor-core-3.6.0.jar:3.6.0]
	at reactor.core.publisher.FluxTimeout$TimeoutTimeoutSubscriber.onNext(FluxTimeout.java:420) ~[reactor-core-3.6.0.jar:3.6.0]
	at reactor.core.publisher.FluxOnErrorReturn$ReturnSubscriber.onNext(FluxOnErrorReturn.java:162) ~[reactor-core-3.6.0.jar:3.6.0]
	at reactor.core.publisher.MonoDelay$MonoDelayRunnable.propagateDelay(MonoDelay.java:270) ~[reactor-core-3.6.0.jar:3.6.0]
	at reactor.core.publisher.MonoDelay$MonoDelayRunnable.run(MonoDelay.java:285) ~[reactor-core-3.6.0.jar:3.6.0]
	at reactor.core.scheduler.SchedulerTask.call(SchedulerTask.java:68) ~[reactor-core-3.6.0.jar:3.6.0]
	at reactor.core.scheduler.SchedulerTask.call(SchedulerTask.java:28) ~[reactor-core-3.6.0.jar:3.6.0]
	at java.base/java.util.concurrent.FutureTask.run(FutureTask.java:264) ~[na:na]
	at java.base/java.util.concurrent.ScheduledThreadPoolExecutor$ScheduledFutureTask.run(ScheduledThreadPoolExecutor.java:304) ~[na:na]
	at java.base/java.util.concurrent.ThreadPoolExecutor.runWorker(ThreadPoolExecutor.java:1136) ~[na:na]
	at java.base/java.util.concurrent.ThreadPoolExecutor$Worker.run(ThreadPoolExecutor.java:635) ~[na:na]
	at java.base/java.lang.Thread.run(Thread.java:833) ~[na:na]

2026-05-16T10:25:57.192+05:30  INFO 3092 --- [admin-server] [parallel-7] d.c.b.a.server.services.StatusUpdater    : Couldn't retrieve status for Instance(id=81c0489e17ea, version=2, registration=Registration(name=auth-service, managementUrl=http://10.0.3.21:8081/actuator, healthUrl=http://10.0.3.21:8081/actuator/health, serviceUrl=http://10.0.3.21:8081/, source=http-api), registered=true, statusInfo=StatusInfo(status=UP, details={mail={status=UP, details={location=smtp.gmail.com:587}}, diskSpace={status=UP, details={total=236228440064, free=12136431616, threshold=10485760, path=C:\Users\Hp\Desktop\Parkease-Backend\auth-service\., exists=true}}, ping={status=UP}, discoveryComposite={status=UP, components={discoveryClient={status=UP, details={services=[gateway-service, parkingspot-service, auth-service]}}, eureka={description=Remote status from Eureka server, status=UP, details={applications={AUTH-SERVICE=1, GATEWAY-SERVICE=1, PARKINGSPOT-SERVICE=1}}}}}, refreshScope={status=UP}, db={status=UP, details={database=MySQL, validationQuery=isValid()}}}), statusTimestamp=2026-05-16T04:38:34.325988600Z, info=Info(values={}), endpoints=Endpoints(endpoints={caches=Endpoint(id=caches, url=http://10.0.3.21:8081/actuator/caches), loggers=Endpoint(id=loggers, url=http://10.0.3.21:8081/actuator/loggers), logfile=Endpoint(id=logfile, url=http://10.0.3.21:8081/actuator/logfile), health=Endpoint(id=health, url=http://10.0.3.21:8081/actuator/health), refresh=Endpoint(id=refresh, url=http://10.0.3.21:8081/actuator/refresh), env=Endpoint(id=env, url=http://10.0.3.21:8081/actuator/env), serviceregistry=Endpoint(id=serviceregistry, url=http://10.0.3.21:8081/actuator/serviceregistry), heapdump=Endpoint(id=heapdump, url=http://10.0.3.21:8081/actuator/heapdump), features=Endpoint(id=features, url=http://10.0.3.21:8081/actuator/features), scheduledtasks=Endpoint(id=scheduledtasks, url=http://10.0.3.21:8081/actuator/scheduledtasks), mappings=Endpoint(id=mappings, url=http://10.0.3.21:8081/actuator/mappings), beans=Endpoint(id=beans, url=http://10.0.3.21:8081/actuator/beans), configprops=Endpoint(id=configprops, url=http://10.0.3.21:8081/actuator/configprops), threaddump=Endpoint(id=threaddump, url=http://10.0.3.21:8081/actuator/threaddump), metrics=Endpoint(id=metrics, url=http://10.0.3.21:8081/actuator/metrics), conditions=Endpoint(id=conditions, url=http://10.0.3.21:8081/actuator/conditions), info=Endpoint(id=info, url=http://10.0.3.21:8081/actuator/info)}), buildVersion=null, tags=Tags(values={}))

java.util.concurrent.TimeoutException: Did not observe any item or terminal signal within 9000ms in 'log' (and no fallback has been configured)
	at reactor.core.publisher.FluxTimeout$TimeoutMainSubscriber.handleTimeout(FluxTimeout.java:296) ~[reactor-core-3.6.0.jar:3.6.0]
	at reactor.core.publisher.FluxTimeout$TimeoutMainSubscriber.doTimeout(FluxTimeout.java:281) ~[reactor-core-3.6.0.jar:3.6.0]
	at reactor.core.publisher.FluxTimeout$TimeoutTimeoutSubscriber.onNext(FluxTimeout.java:420) ~[reactor-core-3.6.0.jar:3.6.0]
	at reactor.core.publisher.FluxOnErrorReturn$ReturnSubscriber.onNext(FluxOnErrorReturn.java:162) ~[reactor-core-3.6.0.jar:3.6.0]
	at reactor.core.publisher.MonoDelay$MonoDelayRunnable.propagateDelay(MonoDelay.java:270) ~[reactor-core-3.6.0.jar:3.6.0]
	at reactor.core.publisher.MonoDelay$MonoDelayRunnable.run(MonoDelay.java:285) ~[reactor-core-3.6.0.jar:3.6.0]
	at reactor.core.scheduler.SchedulerTask.call(SchedulerTask.java:68) ~[reactor-core-3.6.0.jar:3.6.0]
	at reactor.core.scheduler.SchedulerTask.call(SchedulerTask.java:28) ~[reactor-core-3.6.0.jar:3.6.0]
	at java.base/java.util.concurrent.FutureTask.run(FutureTask.java:264) ~[na:na]
	at java.base/java.util.concurrent.ScheduledThreadPoolExecutor$ScheduledFutureTask.run(ScheduledThreadPoolExecutor.java:304) ~[na:na]
	at java.base/java.util.concurrent.ThreadPoolExecutor.runWorker(ThreadPoolExecutor.java:1136) ~[na:na]
	at java.base/java.util.concurrent.ThreadPoolExecutor$Worker.run(ThreadPoolExecutor.java:635) ~[na:na]
	at java.base/java.lang.Thread.run(Thread.java:833) ~[na:na]

2026-05-16T10:25:57.192+05:30  INFO 3092 --- [admin-server] [parallel-9] d.c.b.a.server.services.StatusUpdater    : Couldn't retrieve status for Instance(id=af9d401ed0ac, version=2, registration=Registration(name=notification-service, managementUrl=http://10.0.3.21:8087/actuator, healthUrl=http://10.0.3.21:8087/actuator/health, serviceUrl=http://10.0.3.21:8087/, source=http-api), registered=true, statusInfo=StatusInfo(status=DOWN, details={mail={status=UP, details={location=smtp.gmail.com:587}}, diskSpace={status=UP, details={total=236228440064, free=12128649216, threshold=10485760, path=C:\Users\Hp\Desktop\Parkease-Backend\notification-service\., exists=true}}, ping={status=UP}, discoveryComposite={description=Remote status from Eureka server, status=DOWN, components={discoveryClient={status=UP, details={services=[gateway-service, parkingspot-service, auth-service]}}, eureka={description=Remote status from Eureka server, status=DOWN, details={applications={AUTH-SERVICE=1, GATEWAY-SERVICE=1, PARKINGSPOT-SERVICE=1}}}}}, rabbit={status=UP, details={version=4.3.0}}, refreshScope={status=UP}, db={status=UP, details={database=MySQL, validationQuery=isValid()}}}), statusTimestamp=2026-05-16T04:38:35.201864500Z, info=Info(values={}), endpoints=Endpoints(endpoints={caches=Endpoint(id=caches, url=http://10.0.3.21:8087/actuator/caches), loggers=Endpoint(id=loggers, url=http://10.0.3.21:8087/actuator/loggers), logfile=Endpoint(id=logfile, url=http://10.0.3.21:8087/actuator/logfile), health=Endpoint(id=health, url=http://10.0.3.21:8087/actuator/health), refresh=Endpoint(id=refresh, url=http://10.0.3.21:8087/actuator/refresh), env=Endpoint(id=env, url=http://10.0.3.21:8087/actuator/env), serviceregistry=Endpoint(id=serviceregistry, url=http://10.0.3.21:8087/actuator/serviceregistry), heapdump=Endpoint(id=heapdump, url=http://10.0.3.21:8087/actuator/heapdump), features=Endpoint(id=features, url=http://10.0.3.21:8087/actuator/features), scheduledtasks=Endpoint(id=scheduledtasks, url=http://10.0.3.21:8087/actuator/scheduledtasks), mappings=Endpoint(id=mappings, url=http://10.0.3.21:8087/actuator/mappings), beans=Endpoint(id=beans, url=http://10.0.3.21:8087/actuator/beans), configprops=Endpoint(id=configprops, url=http://10.0.3.21:8087/actuator/configprops), threaddump=Endpoint(id=threaddump, url=http://10.0.3.21:8087/actuator/threaddump), metrics=Endpoint(id=metrics, url=http://10.0.3.21:8087/actuator/metrics), conditions=Endpoint(id=conditions, url=http://10.0.3.21:8087/actuator/conditions), info=Endpoint(id=info, url=http://10.0.3.21:8087/actuator/info)}), buildVersion=null, tags=Tags(values={}))

java.util.concurrent.TimeoutException: Did not observe any item or terminal signal within 9000ms in 'log' (and no fallback has been configured)
	at reactor.core.publisher.FluxTimeout$TimeoutMainSubscriber.handleTimeout(FluxTimeout.java:296) ~[reactor-core-3.6.0.jar:3.6.0]
	at reactor.core.publisher.FluxTimeout$TimeoutMainSubscriber.doTimeout(FluxTimeout.java:281) ~[reactor-core-3.6.0.jar:3.6.0]
	at reactor.core.publisher.FluxTimeout$TimeoutTimeoutSubscriber.onNext(FluxTimeout.java:420) ~[reactor-core-3.6.0.jar:3.6.0]
	at reactor.core.publisher.FluxOnErrorReturn$ReturnSubscriber.onNext(FluxOnErrorReturn.java:162) ~[reactor-core-3.6.0.jar:3.6.0]
	at reactor.core.publisher.MonoDelay$MonoDelayRunnable.propagateDelay(MonoDelay.java:270) ~[reactor-core-3.6.0.jar:3.6.0]
	at reactor.core.publisher.MonoDelay$MonoDelayRunnable.run(MonoDelay.java:285) ~[reactor-core-3.6.0.jar:3.6.0]
	at reactor.core.scheduler.SchedulerTask.call(SchedulerTask.java:68) ~[reactor-core-3.6.0.jar:3.6.0]
	at reactor.core.scheduler.SchedulerTask.call(SchedulerTask.java:28) ~[reactor-core-3.6.0.jar:3.6.0]
	at java.base/java.util.concurrent.FutureTask.run(FutureTask.java:264) ~[na:na]
	at java.base/java.util.concurrent.ScheduledThreadPoolExecutor$ScheduledFutureTask.run(ScheduledThreadPoolExecutor.java:304) ~[na:na]
	at java.base/java.util.concurrent.ThreadPoolExecutor.runWorker(ThreadPoolExecutor.java:1136) ~[na:na]
	at java.base/java.util.concurrent.ThreadPoolExecutor$Worker.run(ThreadPoolExecutor.java:635) ~[na:na]
	at java.base/java.lang.Thread.run(Thread.java:833) ~[na:na]

2026-05-16T10:26:10.969+05:30  INFO 3092 --- [admin-server] [RMI TCP Connection(141)-127.0.0.1] inMXBeanRegistrar$SpringApplicationAdmin : Application shutdown requested.
2026-05-16T11:12:05.364+05:30  INFO 30472 --- [admin-server] [main] c.parkease.admin.AdminServerApplication  : Starting AdminServerApplication using Java 18.0.2 with PID 30472 (C:\Users\Hp\Desktop\Parkease-Backend\admin-server\target\classes started by Hp in C:\Users\Hp\Desktop\Parkease-Backend\admin-server)
2026-05-16T11:12:05.366+05:30 DEBUG 30472 --- [admin-server] [main] c.parkease.admin.AdminServerApplication  : Running with Spring Boot v3.2.0, Spring v6.1.1
2026-05-16T11:12:05.368+05:30  INFO 30472 --- [admin-server] [main] c.parkease.admin.AdminServerApplication  : No active profile set, falling back to 1 default profile: "default"
2026-05-16T11:12:07.033+05:30  INFO 30472 --- [admin-server] [main] o.s.b.w.embedded.tomcat.TomcatWebServer  : Tomcat initialized with port 9090 (http)
2026-05-16T11:12:07.043+05:30  INFO 30472 --- [admin-server] [main] o.apache.catalina.core.StandardService   : Starting service [Tomcat]
2026-05-16T11:12:07.043+05:30  INFO 30472 --- [admin-server] [main] o.apache.catalina.core.StandardEngine    : Starting Servlet engine: [Apache Tomcat/10.1.16]
2026-05-16T11:12:07.118+05:30  INFO 30472 --- [admin-server] [main] o.a.c.c.C.[Tomcat].[localhost].[/]       : Initializing Spring embedded WebApplicationContext
2026-05-16T11:12:07.119+05:30  INFO 30472 --- [admin-server] [main] w.s.c.ServletWebServerApplicationContext : Root WebApplicationContext: initialization completed in 1694 ms
2026-05-16T11:12:08.260+05:30  INFO 30472 --- [admin-server] [main] o.s.b.a.e.web.EndpointLinksResolver      : Exposing 1 endpoint(s) beneath base path '/actuator'
2026-05-16T11:12:08.278+05:30  INFO 30472 --- [admin-server] [main] o.s.s.web.DefaultSecurityFilterChain     : Will secure any request with [org.springframework.security.web.session.DisableEncodeUrlFilter@790ac3e0, org.springframework.security.web.context.request.async.WebAsyncManagerIntegrationFilter@5bb2fb2b, org.springframework.security.web.context.SecurityContextHolderFilter@7741ae1b, org.springframework.security.web.header.HeaderWriterFilter@5c448ef, org.springframework.web.filter.CorsFilter@2cee5365, org.springframework.security.web.csrf.CsrfFilter@6b9c42bd, org.springframework.security.web.authentication.logout.LogoutFilter@7bd38fed, org.springframework.security.web.authentication.UsernamePasswordAuthenticationFilter@2c579202, org.springframework.security.web.authentication.www.BasicAuthenticationFilter@63485d7, org.springframework.security.web.savedrequest.RequestCacheAwareFilter@545d2560, org.springframework.security.web.servletapi.SecurityContextHolderAwareRequestFilter@124eb83d, org.springframework.security.web.authentication.AnonymousAuthenticationFilter@796c68bf, org.springframework.security.web.access.ExceptionTranslationFilter@325162e9, org.springframework.security.web.access.intercept.AuthorizationFilter@19bfbe28]
2026-05-16T11:12:08.703+05:30  WARN 30472 --- [admin-server] [main] ion$DefaultTemplateResolverConfiguration : Cannot find template location: classpath:/templates/ (please add some templates, check your Thymeleaf configuration, or set spring.thymeleaf.check-template-location=false)
2026-05-16T11:12:09.681+05:30  INFO 30472 --- [admin-server] [main] o.s.b.w.embedded.tomcat.TomcatWebServer  : Tomcat started on port 9090 (http) with context path ''
2026-05-16T11:12:09.699+05:30  INFO 30472 --- [admin-server] [main] c.parkease.admin.AdminServerApplication  : Started AdminServerApplication in 5.042 seconds (process running for 5.999)
2026-05-16T11:12:10.132+05:30  INFO 30472 --- [admin-server] [RMI TCP Connection(9)-127.0.0.1] o.a.c.c.C.[Tomcat].[localhost].[/]       : Initializing Spring DispatcherServlet 'dispatcherServlet'
2026-05-16T11:12:10.132+05:30  INFO 30472 --- [admin-server] [RMI TCP Connection(9)-127.0.0.1] o.s.web.servlet.DispatcherServlet        : Initializing Servlet 'dispatcherServlet'
2026-05-16T11:12:10.135+05:30  INFO 30472 --- [admin-server] [RMI TCP Connection(9)-127.0.0.1] o.s.web.servlet.DispatcherServlet        : Completed initialization in 2 ms
2026-05-16T11:12:26.806+05:30  WARN 30472 --- [admin-server] [http-nio-9090-exec-1] o.s.w.s.h.HandlerMappingIntrospector     : Cache miss for REQUEST dispatch to '/instances' (previous null). Performing CorsConfiguration lookup. This is logged once only at WARN level, and every time at TRACE.
2026-05-16T11:31:28.507+05:30  INFO 30472 --- [admin-server] [parallel-9] d.c.b.a.server.services.StatusUpdater    : Couldn't retrieve status for Instance(id=81c0489e17ea, version=2, registration=Registration(name=auth-service, managementUrl=http://10.0.3.21:8081/actuator, healthUrl=http://10.0.3.21:8081/actuator/health, serviceUrl=http://10.0.3.21:8081/, source=http-api), registered=true, statusInfo=StatusInfo(status=UP, details={mail={status=UP, details={location=smtp.gmail.com:587}}, diskSpace={status=UP, details={total=236228440064, free=22190362624, threshold=10485760, path=C:\Users\Hp\Desktop\Parkease-Backend\auth-service\., exists=true}}, ping={status=UP}, discoveryComposite={status=UP, components={discoveryClient={status=UP, details={services=[gateway-service]}}, eureka={description=Eureka discovery client has not yet successfully connected to a Eureka server, status=UP, details={applications={GATEWAY-SERVICE=1}}}}}, refreshScope={status=UP}, db={status=UP, details={database=MySQL, validationQuery=isValid()}}}), statusTimestamp=2026-05-16T05:42:43.693980700Z, info=Info(values={}), endpoints=Endpoints(endpoints={caches=Endpoint(id=caches, url=http://10.0.3.21:8081/actuator/caches), loggers=Endpoint(id=loggers, url=http://10.0.3.21:8081/actuator/loggers), logfile=Endpoint(id=logfile, url=http://10.0.3.21:8081/actuator/logfile), health=Endpoint(id=health, url=http://10.0.3.21:8081/actuator/health), refresh=Endpoint(id=refresh, url=http://10.0.3.21:8081/actuator/refresh), env=Endpoint(id=env, url=http://10.0.3.21:8081/actuator/env), serviceregistry=Endpoint(id=serviceregistry, url=http://10.0.3.21:8081/actuator/serviceregistry), heapdump=Endpoint(id=heapdump, url=http://10.0.3.21:8081/actuator/heapdump), features=Endpoint(id=features, url=http://10.0.3.21:8081/actuator/features), scheduledtasks=Endpoint(id=scheduledtasks, url=http://10.0.3.21:8081/actuator/scheduledtasks), mappings=Endpoint(id=mappings, url=http://10.0.3.21:8081/actuator/mappings), beans=Endpoint(id=beans, url=http://10.0.3.21:8081/actuator/beans), configprops=Endpoint(id=configprops, url=http://10.0.3.21:8081/actuator/configprops), threaddump=Endpoint(id=threaddump, url=http://10.0.3.21:8081/actuator/threaddump), metrics=Endpoint(id=metrics, url=http://10.0.3.21:8081/actuator/metrics), conditions=Endpoint(id=conditions, url=http://10.0.3.21:8081/actuator/conditions), info=Endpoint(id=info, url=http://10.0.3.21:8081/actuator/info)}), buildVersion=null, tags=Tags(values={}))

java.util.concurrent.TimeoutException: Did not observe any item or terminal signal within 9000ms in 'log' (and no fallback has been configured)
	at reactor.core.publisher.FluxTimeout$TimeoutMainSubscriber.handleTimeout(FluxTimeout.java:296) ~[reactor-core-3.6.0.jar:3.6.0]
	at reactor.core.publisher.FluxTimeout$TimeoutMainSubscriber.doTimeout(FluxTimeout.java:281) ~[reactor-core-3.6.0.jar:3.6.0]
	at reactor.core.publisher.FluxTimeout$TimeoutTimeoutSubscriber.onNext(FluxTimeout.java:420) ~[reactor-core-3.6.0.jar:3.6.0]
	at reactor.core.publisher.FluxOnErrorReturn$ReturnSubscriber.onNext(FluxOnErrorReturn.java:162) ~[reactor-core-3.6.0.jar:3.6.0]
	at reactor.core.publisher.MonoDelay$MonoDelayRunnable.propagateDelay(MonoDelay.java:270) ~[reactor-core-3.6.0.jar:3.6.0]
	at reactor.core.publisher.MonoDelay$MonoDelayRunnable.run(MonoDelay.java:285) ~[reactor-core-3.6.0.jar:3.6.0]
	at reactor.core.scheduler.SchedulerTask.call(SchedulerTask.java:68) ~[reactor-core-3.6.0.jar:3.6.0]
	at reactor.core.scheduler.SchedulerTask.call(SchedulerTask.java:28) ~[reactor-core-3.6.0.jar:3.6.0]
	at java.base/java.util.concurrent.FutureTask.run(FutureTask.java:264) ~[na:na]
	at java.base/java.util.concurrent.ScheduledThreadPoolExecutor$ScheduledFutureTask.run(ScheduledThreadPoolExecutor.java:304) ~[na:na]
	at java.base/java.util.concurrent.ThreadPoolExecutor.runWorker(ThreadPoolExecutor.java:1136) ~[na:na]
	at java.base/java.util.concurrent.ThreadPoolExecutor$Worker.run(ThreadPoolExecutor.java:635) ~[na:na]
	at java.base/java.lang.Thread.run(Thread.java:833) ~[na:na]

2026-05-16T11:31:28.507+05:30  INFO 30472 --- [admin-server] [parallel-11] d.c.b.a.server.services.StatusUpdater    : Couldn't retrieve status for Instance(id=af9d401ed0ac, version=3, registration=Registration(name=notification-service, managementUrl=http://10.0.3.21:8087/actuator, healthUrl=http://10.0.3.21:8087/actuator/health, serviceUrl=http://10.0.3.21:8087/, source=http-api), registered=true, statusInfo=StatusInfo(status=DOWN, details={mail={status=UP, details={location=smtp.gmail.com:587}}, diskSpace={status=UP, details={total=236228440064, free=22285496320, threshold=10485760, path=C:\Users\Hp\Desktop\Parkease-Backend\notification-service\., exists=true}}, ping={status=UP}, discoveryComposite={description=Remote status from Eureka server, status=DOWN, components={discoveryClient={status=UP, details={services=[gateway-service, vehicle-service, parkinglot-service, auth-service, analytics-service]}}, eureka={description=Remote status from Eureka server, status=DOWN, details={applications={PARKINGLOT-SERVICE=1, ANALYTICS-SERVICE=1, AUTH-SERVICE=1, VEHICLE-SERVICE=1, GATEWAY-SERVICE=1}}}}}, rabbit={status=UP, details={version=4.3.0}}, refreshScope={status=UP}, db={status=UP, details={database=MySQL, validationQuery=isValid()}}}), statusTimestamp=2026-05-16T05:51:41.606550800Z, info=Info(values={}), endpoints=Endpoints(endpoints={caches=Endpoint(id=caches, url=http://10.0.3.21:8087/actuator/caches), loggers=Endpoint(id=loggers, url=http://10.0.3.21:8087/actuator/loggers), logfile=Endpoint(id=logfile, url=http://10.0.3.21:8087/actuator/logfile), health=Endpoint(id=health, url=http://10.0.3.21:8087/actuator/health), refresh=Endpoint(id=refresh, url=http://10.0.3.21:8087/actuator/refresh), env=Endpoint(id=env, url=http://10.0.3.21:8087/actuator/env), serviceregistry=Endpoint(id=serviceregistry, url=http://10.0.3.21:8087/actuator/serviceregistry), heapdump=Endpoint(id=heapdump, url=http://10.0.3.21:8087/actuator/heapdump), features=Endpoint(id=features, url=http://10.0.3.21:8087/actuator/features), scheduledtasks=Endpoint(id=scheduledtasks, url=http://10.0.3.21:8087/actuator/scheduledtasks), mappings=Endpoint(id=mappings, url=http://10.0.3.21:8087/actuator/mappings), beans=Endpoint(id=beans, url=http://10.0.3.21:8087/actuator/beans), configprops=Endpoint(id=configprops, url=http://10.0.3.21:8087/actuator/configprops), threaddump=Endpoint(id=threaddump, url=http://10.0.3.21:8087/actuator/threaddump), metrics=Endpoint(id=metrics, url=http://10.0.3.21:8087/actuator/metrics), conditions=Endpoint(id=conditions, url=http://10.0.3.21:8087/actuator/conditions), info=Endpoint(id=info, url=http://10.0.3.21:8087/actuator/info)}), buildVersion=null, tags=Tags(values={}))

java.util.concurrent.TimeoutException: Did not observe any item or terminal signal within 9000ms in 'log' (and no fallback has been configured)
	at reactor.core.publisher.FluxTimeout$TimeoutMainSubscriber.handleTimeout(FluxTimeout.java:296) ~[reactor-core-3.6.0.jar:3.6.0]
	at reactor.core.publisher.FluxTimeout$TimeoutMainSubscriber.doTimeout(FluxTimeout.java:281) ~[reactor-core-3.6.0.jar:3.6.0]
	at reactor.core.publisher.FluxTimeout$TimeoutTimeoutSubscriber.onNext(FluxTimeout.java:420) ~[reactor-core-3.6.0.jar:3.6.0]
	at reactor.core.publisher.FluxOnErrorReturn$ReturnSubscriber.onNext(FluxOnErrorReturn.java:162) ~[reactor-core-3.6.0.jar:3.6.0]
	at reactor.core.publisher.MonoDelay$MonoDelayRunnable.propagateDelay(MonoDelay.java:270) ~[reactor-core-3.6.0.jar:3.6.0]
	at reactor.core.publisher.MonoDelay$MonoDelayRunnable.run(MonoDelay.java:285) ~[reactor-core-3.6.0.jar:3.6.0]
	at reactor.core.scheduler.SchedulerTask.call(SchedulerTask.java:68) ~[reactor-core-3.6.0.jar:3.6.0]
	at reactor.core.scheduler.SchedulerTask.call(SchedulerTask.java:28) ~[reactor-core-3.6.0.jar:3.6.0]
	at java.base/java.util.concurrent.FutureTask.run(FutureTask.java:264) ~[na:na]
	at java.base/java.util.concurrent.ScheduledThreadPoolExecutor$ScheduledFutureTask.run(ScheduledThreadPoolExecutor.java:304) ~[na:na]
	at java.base/java.util.concurrent.ThreadPoolExecutor.runWorker(ThreadPoolExecutor.java:1136) ~[na:na]
	at java.base/java.util.concurrent.ThreadPoolExecutor$Worker.run(ThreadPoolExecutor.java:635) ~[na:na]
	at java.base/java.lang.Thread.run(Thread.java:833) ~[na:na]

2026-05-16T11:54:40.903+05:30  INFO 30472 --- [admin-server] [RMI TCP Connection(53)-127.0.0.1] inMXBeanRegistrar$SpringApplicationAdmin : Application shutdown requested.
2026-05-16T11:54:40.975+05:30  WARN 30472 --- [admin-server] [reactor-http-nio-5] r.netty.http.client.HttpClientConnect    : [8301a666-28, L:/10.0.3.21:56067 ! R:/10.0.3.21:8081] The connection observed an error

reactor.netty.http.client.PrematureCloseException: Connection prematurely closed BEFORE response

2026-05-16T11:54:41.045+05:30  INFO 30472 --- [admin-server] [reactor-http-nio-5] d.c.b.a.server.services.StatusUpdater    : Couldn't retrieve status for Instance(id=81c0489e17ea, version=4, registration=Registration(name=auth-service, managementUrl=http://10.0.3.21:8081/actuator, healthUrl=http://10.0.3.21:8081/actuator/health, serviceUrl=http://10.0.3.21:8081/, source=http-api), registered=true, statusInfo=StatusInfo(status=UP, details={mail={status=UP, details={location=smtp.gmail.com:587}}, diskSpace={status=UP, details={total=236228440064, free=22264537088, threshold=10485760, path=C:\Users\Hp\Desktop\Parkease-Backend\auth-service\., exists=true}}, ping={status=UP}, discoveryComposite={status=UP, components={discoveryClient={status=UP, details={services=[gateway-service, vehicle-service, parkinglot-service, auth-service]}}, eureka={description=Remote status from Eureka server, status=UP, details={applications={PARKINGLOT-SERVICE=1, AUTH-SERVICE=1, VEHICLE-SERVICE=1, GATEWAY-SERVICE=1}}}}}, refreshScope={status=UP}, db={status=UP, details={database=MySQL, validationQuery=isValid()}}}), statusTimestamp=2026-05-16T06:02:01.603913900Z, info=Info(values={}), endpoints=Endpoints(endpoints={caches=Endpoint(id=caches, url=http://10.0.3.21:8081/actuator/caches), loggers=Endpoint(id=loggers, url=http://10.0.3.21:8081/actuator/loggers), logfile=Endpoint(id=logfile, url=http://10.0.3.21:8081/actuator/logfile), health=Endpoint(id=health, url=http://10.0.3.21:8081/actuator/health), refresh=Endpoint(id=refresh, url=http://10.0.3.21:8081/actuator/refresh), env=Endpoint(id=env, url=http://10.0.3.21:8081/actuator/env), serviceregistry=Endpoint(id=serviceregistry, url=http://10.0.3.21:8081/actuator/serviceregistry), heapdump=Endpoint(id=heapdump, url=http://10.0.3.21:8081/actuator/heapdump), features=Endpoint(id=features, url=http://10.0.3.21:8081/actuator/features), scheduledtasks=Endpoint(id=scheduledtasks, url=http://10.0.3.21:8081/actuator/scheduledtasks), mappings=Endpoint(id=mappings, url=http://10.0.3.21:8081/actuator/mappings), beans=Endpoint(id=beans, url=http://10.0.3.21:8081/actuator/beans), configprops=Endpoint(id=configprops, url=http://10.0.3.21:8081/actuator/configprops), threaddump=Endpoint(id=threaddump, url=http://10.0.3.21:8081/actuator/threaddump), metrics=Endpoint(id=metrics, url=http://10.0.3.21:8081/actuator/metrics), conditions=Endpoint(id=conditions, url=http://10.0.3.21:8081/actuator/conditions), info=Endpoint(id=info, url=http://10.0.3.21:8081/actuator/info)}), buildVersion=null, tags=Tags(values={}))

org.springframework.web.reactive.function.client.WebClientRequestException: Connection prematurely closed BEFORE response
	at org.springframework.web.reactive.function.client.ExchangeFunctions$DefaultExchangeFunction.lambda$wrapException$9(ExchangeFunctions.java:136) ~[spring-webflux-6.1.1.jar:6.1.1]
	Suppressed: reactor.core.publisher.FluxOnAssembly$OnAssemblyException: 
Error has been observed at the following site(s):
	*__checkpoint ⇢ Request to GET health [DefaultWebClient]
Original Stack Trace:
		at org.springframework.web.reactive.function.client.ExchangeFunctions$DefaultExchangeFunction.lambda$wrapException$9(ExchangeFunctions.java:136) ~[spring-webflux-6.1.1.jar:6.1.1]
		at reactor.core.publisher.MonoErrorSupplied.subscribe(MonoErrorSupplied.java:55) ~[reactor-core-3.6.0.jar:3.6.0]
		at reactor.core.publisher.Mono.subscribe(Mono.java:4512) ~[reactor-core-3.6.0.jar:3.6.0]
		at reactor.core.publisher.FluxOnErrorResume$ResumeSubscriber.onError(FluxOnErrorResume.java:103) ~[reactor-core-3.6.0.jar:3.6.0]
		at reactor.core.publisher.FluxPeek$PeekSubscriber.onError(FluxPeek.java:222) ~[reactor-core-3.6.0.jar:3.6.0]
		at reactor.core.publisher.FluxPeek$PeekSubscriber.onError(FluxPeek.java:222) ~[reactor-core-3.6.0.jar:3.6.0]
		at reactor.core.publisher.FluxPeek$PeekSubscriber.onError(FluxPeek.java:222) ~[reactor-core-3.6.0.jar:3.6.0]
		at reactor.core.publisher.MonoNext$NextSubscriber.onError(MonoNext.java:93) ~[reactor-core-3.6.0.jar:3.6.0]
		at reactor.core.publisher.MonoFlatMapMany$FlatMapManyMain.onError(MonoFlatMapMany.java:204) ~[reactor-core-3.6.0.jar:3.6.0]
		at reactor.core.publisher.SerializedSubscriber.onError(SerializedSubscriber.java:124) ~[reactor-core-3.6.0.jar:3.6.0]
		at reactor.core.publisher.FluxRetryWhen$RetryWhenMainSubscriber.whenError(FluxRetryWhen.java:228) ~[reactor-core-3.6.0.jar:3.6.0]
		at reactor.core.publisher.FluxRetryWhen$RetryWhenOtherSubscriber.onError(FluxRetryWhen.java:278) ~[reactor-core-3.6.0.jar:3.6.0]
		at reactor.core.publisher.FluxContextWrite$ContextWriteSubscriber.onError(FluxContextWrite.java:121) ~[reactor-core-3.6.0.jar:3.6.0]
		at reactor.core.publisher.FluxConcatMapNoPrefetch$FluxConcatMapNoPrefetchSubscriber.maybeOnError(FluxConcatMapNoPrefetch.java:326) ~[reactor-core-3.6.0.jar:3.6.0]
		at reactor.core.publisher.FluxConcatMapNoPrefetch$FluxConcatMapNoPrefetchSubscriber.onNext(FluxConcatMapNoPrefetch.java:211) ~[reactor-core-3.6.0.jar:3.6.0]
		at reactor.core.publisher.FluxContextWrite$ContextWriteSubscriber.onNext(FluxContextWrite.java:107) ~[reactor-core-3.6.0.jar:3.6.0]
		at reactor.core.publisher.SinkManyEmitterProcessor.drain(SinkManyEmitterProcessor.java:476) ~[reactor-core-3.6.0.jar:3.6.0]
		at reactor.core.publisher.SinkManyEmitterProcessor$EmitterInner.drainParent(SinkManyEmitterProcessor.java:620) ~[reactor-core-3.6.0.jar:3.6.0]
		at reactor.core.publisher.FluxPublish$PubSubInner.request(FluxPublish.java:874) ~[reactor-core-3.6.0.jar:3.6.0]
		at reactor.core.publisher.FluxContextWrite$ContextWriteSubscriber.request(FluxContextWrite.java:136) ~[reactor-core-3.6.0.jar:3.6.0]
		at reactor.core.publisher.FluxConcatMapNoPrefetch$FluxConcatMapNoPrefetchSubscriber.request(FluxConcatMapNoPrefetch.java:336) ~[reactor-core-3.6.0.jar:3.6.0]
		at reactor.core.publisher.FluxContextWrite$ContextWriteSubscriber.request(FluxContextWrite.java:136) ~[reactor-core-3.6.0.jar:3.6.0]
		at reactor.core.publisher.Operators$DeferredSubscription.request(Operators.java:1743) ~[reactor-core-3.6.0.jar:3.6.0]
		at reactor.core.publisher.FluxRetryWhen$RetryWhenMainSubscriber.onError(FluxRetryWhen.java:195) ~[reactor-core-3.6.0.jar:3.6.0]
		at reactor.core.publisher.MonoCreate$DefaultMonoSink.error(MonoCreate.java:205) ~[reactor-core-3.6.0.jar:3.6.0]
		at reactor.netty.http.client.HttpClientConnect$HttpObserver.onUncaughtException(HttpClientConnect.java:403) ~[reactor-netty-http-1.1.13.jar:1.1.13]
		at reactor.netty.ReactorNetty$CompositeConnectionObserver.onUncaughtException(ReactorNetty.java:703) ~[reactor-netty-core-1.1.13.jar:1.1.13]
		at reactor.netty.resources.DefaultPooledConnectionProvider$DisposableAcquire.onUncaughtException(DefaultPooledConnectionProvider.java:213) ~[reactor-netty-core-1.1.13.jar:1.1.13]
		at reactor.netty.resources.DefaultPooledConnectionProvider$PooledConnection.onUncaughtException(DefaultPooledConnectionProvider.java:466) ~[reactor-netty-core-1.1.13.jar:1.1.13]
		at reactor.netty.http.client.HttpClientOperations.onInboundClose(HttpClientOperations.java:317) ~[reactor-netty-http-1.1.13.jar:1.1.13]
		at reactor.netty.channel.ChannelOperationsHandler.channelInactive(ChannelOperationsHandler.java:73) ~[reactor-netty-core-1.1.13.jar:1.1.13]
		at io.netty.channel.AbstractChannelHandlerContext.invokeChannelInactive(AbstractChannelHandlerContext.java:305) ~[netty-transport-4.1.101.Final.jar:4.1.101.Final]
		at io.netty.channel.AbstractChannelHandlerContext.invokeChannelInactive(AbstractChannelHandlerContext.java:281) ~[netty-transport-4.1.101.Final.jar:4.1.101.Final]
		at io.netty.channel.AbstractChannelHandlerContext.fireChannelInactive(AbstractChannelHandlerContext.java:274) ~[netty-transport-4.1.101.Final.jar:4.1.101.Final]
		at io.netty.channel.ChannelInboundHandlerAdapter.channelInactive(ChannelInboundHandlerAdapter.java:81) ~[netty-transport-4.1.101.Final.jar:4.1.101.Final]
		at io.netty.handler.codec.http.HttpContentDecoder.channelInactive(HttpContentDecoder.java:235) ~[netty-codec-http-4.1.101.Final.jar:4.1.101.Final]
		at io.netty.channel.AbstractChannelHandlerContext.invokeChannelInactive(AbstractChannelHandlerContext.java:305) ~[netty-transport-4.1.101.Final.jar:4.1.101.Final]
		at io.netty.channel.AbstractChannelHandlerContext.invokeChannelInactive(AbstractChannelHandlerContext.java:281) ~[netty-transport-4.1.101.Final.jar:4.1.101.Final]
		at io.netty.channel.AbstractChannelHandlerContext.fireChannelInactive(AbstractChannelHandlerContext.java:274) ~[netty-transport-4.1.101.Final.jar:4.1.101.Final]
		at io.netty.channel.CombinedChannelDuplexHandler$DelegatingChannelHandlerContext.fireChannelInactive(CombinedChannelDuplexHandler.java:418) ~[netty-transport-4.1.101.Final.jar:4.1.101.Final]
		at io.netty.handler.codec.ByteToMessageDecoder.channelInputClosed(ByteToMessageDecoder.java:411) ~[netty-codec-4.1.101.Final.jar:4.1.101.Final]
		at io.netty.handler.codec.ByteToMessageDecoder.channelInactive(ByteToMessageDecoder.java:376) ~[netty-codec-4.1.101.Final.jar:4.1.101.Final]
		at io.netty.handler.codec.http.HttpClientCodec$Decoder.channelInactive(HttpClientCodec.java:328) ~[netty-codec-http-4.1.101.Final.jar:4.1.101.Final]
		at io.netty.channel.CombinedChannelDuplexHandler.channelInactive(CombinedChannelDuplexHandler.java:221) ~[netty-transport-4.1.101.Final.jar:4.1.101.Final]
		at io.netty.channel.AbstractChannelHandlerContext.invokeChannelInactive(AbstractChannelHandlerContext.java:303) ~[netty-transport-4.1.101.Final.jar:4.1.101.Final]
		at io.netty.channel.AbstractChannelHandlerContext.invokeChannelInactive(AbstractChannelHandlerContext.java:281) ~[netty-transport-4.1.101.Final.jar:4.1.101.Final]
		at io.netty.channel.AbstractChannelHandlerContext.fireChannelInactive(AbstractChannelHandlerContext.java:274) ~[netty-transport-4.1.101.Final.jar:4.1.101.Final]
		at io.netty.channel.DefaultChannelPipeline$HeadContext.channelInactive(DefaultChannelPipeline.java:1405) ~[netty-transport-4.1.101.Final.jar:4.1.101.Final]
		at io.netty.channel.AbstractChannelHandlerContext.invokeChannelInactive(AbstractChannelHandlerContext.java:301) ~[netty-transport-4.1.101.Final.jar:4.1.101.Final]
		at io.netty.channel.AbstractChannelHandlerContext.invokeChannelInactive(AbstractChannelHandlerContext.java:281) ~[netty-transport-4.1.101.Final.jar:4.1.101.Final]
		at io.netty.channel.DefaultChannelPipeline.fireChannelInactive(DefaultChannelPipeline.java:901) ~[netty-transport-4.1.101.Final.jar:4.1.101.Final]
		at io.netty.channel.AbstractChannel$AbstractUnsafe$7.run(AbstractChannel.java:813) ~[netty-transport-4.1.101.Final.jar:4.1.101.Final]
		at io.netty.util.concurrent.AbstractEventExecutor.runTask(AbstractEventExecutor.java:173) ~[netty-common-4.1.101.Final.jar:4.1.101.Final]
		at io.netty.util.concurrent.AbstractEventExecutor.safeExecute(AbstractEventExecutor.java:166) ~[netty-common-4.1.101.Final.jar:4.1.101.Final]
		at io.netty.util.concurrent.SingleThreadEventExecutor.runAllTasks(SingleThreadEventExecutor.java:470) ~[netty-common-4.1.101.Final.jar:4.1.101.Final]
		at io.netty.channel.nio.NioEventLoop.run(NioEventLoop.java:566) ~[netty-transport-4.1.101.Final.jar:4.1.101.Final]
		at io.netty.util.concurrent.SingleThreadEventExecutor$4.run(SingleThreadEventExecutor.java:997) ~[netty-common-4.1.101.Final.jar:4.1.101.Final]
		at io.netty.util.internal.ThreadExecutorMap$2.run(ThreadExecutorMap.java:74) ~[netty-common-4.1.101.Final.jar:4.1.101.Final]
		at io.netty.util.concurrent.FastThreadLocalRunnable.run(FastThreadLocalRunnable.java:30) ~[netty-common-4.1.101.Final.jar:4.1.101.Final]
		at java.base/java.lang.Thread.run(Thread.java:833) ~[na:na]
Caused by: reactor.netty.http.client.PrematureCloseException: Connection prematurely closed BEFORE response

2026-05-16T11:54:41.266+05:30  WARN 30472 --- [admin-server] [reactor-http-nio-9] r.netty.http.client.HttpClientConnect    : [f1c53573-1, L:/10.0.3.21:50595 ! R:/10.0.3.21:8087] The connection observed an error

reactor.netty.http.client.PrematureCloseException: Connection prematurely closed BEFORE response

2026-05-16T11:54:41.266+05:30  INFO 30472 --- [admin-server] [reactor-http-nio-9] d.c.b.a.server.services.StatusUpdater    : Couldn't retrieve status for Instance(id=af9d401ed0ac, version=5, registration=Registration(name=notification-service, managementUrl=http://10.0.3.21:8087/actuator, healthUrl=http://10.0.3.21:8087/actuator/health, serviceUrl=http://10.0.3.21:8087/, source=http-api), registered=true, statusInfo=StatusInfo(status=DOWN, details={mail={status=UP, details={location=smtp.gmail.com:587}}, diskSpace={status=UP, details={total=236228440064, free=22264537088, threshold=10485760, path=C:\Users\Hp\Desktop\Parkease-Backend\notification-service\., exists=true}}, ping={status=UP}, discoveryComposite={description=Remote status from Eureka server, status=DOWN, components={discoveryClient={status=UP, details={services=[gateway-service, vehicle-service, parkinglot-service, auth-service]}}, eureka={description=Remote status from Eureka server, status=DOWN, details={applications={PARKINGLOT-SERVICE=1, AUTH-SERVICE=1, VEHICLE-SERVICE=1, GATEWAY-SERVICE=1}}}}}, rabbit={status=UP, details={version=4.3.0}}, refreshScope={status=UP}, db={status=UP, details={database=MySQL, validationQuery=isValid()}}}), statusTimestamp=2026-05-16T06:02:01.615064700Z, info=Info(values={}), endpoints=Endpoints(endpoints={caches=Endpoint(id=caches, url=http://10.0.3.21:8087/actuator/caches), loggers=Endpoint(id=loggers, url=http://10.0.3.21:8087/actuator/loggers), logfile=Endpoint(id=logfile, url=http://10.0.3.21:8087/actuator/logfile), health=Endpoint(id=health, url=http://10.0.3.21:8087/actuator/health), refresh=Endpoint(id=refresh, url=http://10.0.3.21:8087/actuator/refresh), env=Endpoint(id=env, url=http://10.0.3.21:8087/actuator/env), serviceregistry=Endpoint(id=serviceregistry, url=http://10.0.3.21:8087/actuator/serviceregistry), heapdump=Endpoint(id=heapdump, url=http://10.0.3.21:8087/actuator/heapdump), features=Endpoint(id=features, url=http://10.0.3.21:8087/actuator/features), scheduledtasks=Endpoint(id=scheduledtasks, url=http://10.0.3.21:8087/actuator/scheduledtasks), mappings=Endpoint(id=mappings, url=http://10.0.3.21:8087/actuator/mappings), beans=Endpoint(id=beans, url=http://10.0.3.21:8087/actuator/beans), configprops=Endpoint(id=configprops, url=http://10.0.3.21:8087/actuator/configprops), threaddump=Endpoint(id=threaddump, url=http://10.0.3.21:8087/actuator/threaddump), metrics=Endpoint(id=metrics, url=http://10.0.3.21:8087/actuator/metrics), conditions=Endpoint(id=conditions, url=http://10.0.3.21:8087/actuator/conditions), info=Endpoint(id=info, url=http://10.0.3.21:8087/actuator/info)}), buildVersion=null, tags=Tags(values={}))

org.springframework.web.reactive.function.client.WebClientRequestException: Connection prematurely closed BEFORE response
	at org.springframework.web.reactive.function.client.ExchangeFunctions$DefaultExchangeFunction.lambda$wrapException$9(ExchangeFunctions.java:136) ~[spring-webflux-6.1.1.jar:6.1.1]
	Suppressed: reactor.core.publisher.FluxOnAssembly$OnAssemblyException: 
Error has been observed at the following site(s):
	*__checkpoint ⇢ Request to GET health [DefaultWebClient]
Original Stack Trace:
		at org.springframework.web.reactive.function.client.ExchangeFunctions$DefaultExchangeFunction.lambda$wrapException$9(ExchangeFunctions.java:136) ~[spring-webflux-6.1.1.jar:6.1.1]
		at reactor.core.publisher.MonoErrorSupplied.subscribe(MonoErrorSupplied.java:55) ~[reactor-core-3.6.0.jar:3.6.0]
		at reactor.core.publisher.Mono.subscribe(Mono.java:4512) ~[reactor-core-3.6.0.jar:3.6.0]
		at reactor.core.publisher.FluxOnErrorResume$ResumeSubscriber.onError(FluxOnErrorResume.java:103) ~[reactor-core-3.6.0.jar:3.6.0]
		at reactor.core.publisher.FluxPeek$PeekSubscriber.onError(FluxPeek.java:222) ~[reactor-core-3.6.0.jar:3.6.0]
		at reactor.core.publisher.FluxPeek$PeekSubscriber.onError(FluxPeek.java:222) ~[reactor-core-3.6.0.jar:3.6.0]
		at reactor.core.publisher.FluxPeek$PeekSubscriber.onError(FluxPeek.java:222) ~[reactor-core-3.6.0.jar:3.6.0]
		at reactor.core.publisher.MonoNext$NextSubscriber.onError(MonoNext.java:93) ~[reactor-core-3.6.0.jar:3.6.0]
		at reactor.core.publisher.MonoFlatMapMany$FlatMapManyMain.onError(MonoFlatMapMany.java:204) ~[reactor-core-3.6.0.jar:3.6.0]
		at reactor.core.publisher.SerializedSubscriber.onError(SerializedSubscriber.java:124) ~[reactor-core-3.6.0.jar:3.6.0]
		at reactor.core.publisher.FluxRetryWhen$RetryWhenMainSubscriber.whenError(FluxRetryWhen.java:228) ~[reactor-core-3.6.0.jar:3.6.0]
		at reactor.core.publisher.FluxRetryWhen$RetryWhenOtherSubscriber.onError(FluxRetryWhen.java:278) ~[reactor-core-3.6.0.jar:3.6.0]
		at reactor.core.publisher.FluxContextWrite$ContextWriteSubscriber.onError(FluxContextWrite.java:121) ~[reactor-core-3.6.0.jar:3.6.0]
		at reactor.core.publisher.FluxConcatMapNoPrefetch$FluxConcatMapNoPrefetchSubscriber.maybeOnError(FluxConcatMapNoPrefetch.java:326) ~[reactor-core-3.6.0.jar:3.6.0]
		at reactor.core.publisher.FluxConcatMapNoPrefetch$FluxConcatMapNoPrefetchSubscriber.onNext(FluxConcatMapNoPrefetch.java:211) ~[reactor-core-3.6.0.jar:3.6.0]
		at reactor.core.publisher.FluxContextWrite$ContextWriteSubscriber.onNext(FluxContextWrite.java:107) ~[reactor-core-3.6.0.jar:3.6.0]
		at reactor.core.publisher.SinkManyEmitterProcessor.drain(SinkManyEmitterProcessor.java:476) ~[reactor-core-3.6.0.jar:3.6.0]
		at reactor.core.publisher.SinkManyEmitterProcessor$EmitterInner.drainParent(SinkManyEmitterProcessor.java:620) ~[reactor-core-3.6.0.jar:3.6.0]
		at reactor.core.publisher.FluxPublish$PubSubInner.request(FluxPublish.java:874) ~[reactor-core-3.6.0.jar:3.6.0]
		at reactor.core.publisher.FluxContextWrite$ContextWriteSubscriber.request(FluxContextWrite.java:136) ~[reactor-core-3.6.0.jar:3.6.0]
		at reactor.core.publisher.FluxConcatMapNoPrefetch$FluxConcatMapNoPrefetchSubscriber.request(FluxConcatMapNoPrefetch.java:336) ~[reactor-core-3.6.0.jar:3.6.0]
		at reactor.core.publisher.FluxContextWrite$ContextWriteSubscriber.request(FluxContextWrite.java:136) ~[reactor-core-3.6.0.jar:3.6.0]
		at reactor.core.publisher.Operators$DeferredSubscription.request(Operators.java:1743) ~[reactor-core-3.6.0.jar:3.6.0]
		at reactor.core.publisher.FluxRetryWhen$RetryWhenMainSubscriber.onError(FluxRetryWhen.java:195) ~[reactor-core-3.6.0.jar:3.6.0]
		at reactor.core.publisher.MonoCreate$DefaultMonoSink.error(MonoCreate.java:205) ~[reactor-core-3.6.0.jar:3.6.0]
		at reactor.netty.http.client.HttpClientConnect$HttpObserver.onUncaughtException(HttpClientConnect.java:403) ~[reactor-netty-http-1.1.13.jar:1.1.13]
		at reactor.netty.ReactorNetty$CompositeConnectionObserver.onUncaughtException(ReactorNetty.java:703) ~[reactor-netty-core-1.1.13.jar:1.1.13]
		at reactor.netty.resources.DefaultPooledConnectionProvider$DisposableAcquire.onUncaughtException(DefaultPooledConnectionProvider.java:213) ~[reactor-netty-core-1.1.13.jar:1.1.13]
		at reactor.netty.resources.DefaultPooledConnectionProvider$PooledConnection.onUncaughtException(DefaultPooledConnectionProvider.java:466) ~[reactor-netty-core-1.1.13.jar:1.1.13]
		at reactor.netty.http.client.HttpClientOperations.onInboundClose(HttpClientOperations.java:317) ~[reactor-netty-http-1.1.13.jar:1.1.13]
		at reactor.netty.channel.ChannelOperationsHandler.channelInactive(ChannelOperationsHandler.java:73) ~[reactor-netty-core-1.1.13.jar:1.1.13]
		at io.netty.channel.AbstractChannelHandlerContext.invokeChannelInactive(AbstractChannelHandlerContext.java:305) ~[netty-transport-4.1.101.Final.jar:4.1.101.Final]
		at io.netty.channel.AbstractChannelHandlerContext.invokeChannelInactive(AbstractChannelHandlerContext.java:281) ~[netty-transport-4.1.101.Final.jar:4.1.101.Final]
		at io.netty.channel.AbstractChannelHandlerContext.fireChannelInactive(AbstractChannelHandlerContext.java:274) ~[netty-transport-4.1.101.Final.jar:4.1.101.Final]
		at io.netty.channel.ChannelInboundHandlerAdapter.channelInactive(ChannelInboundHandlerAdapter.java:81) ~[netty-transport-4.1.101.Final.jar:4.1.101.Final]
		at io.netty.handler.codec.http.HttpContentDecoder.channelInactive(HttpContentDecoder.java:235) ~[netty-codec-http-4.1.101.Final.jar:4.1.101.Final]
		at io.netty.channel.AbstractChannelHandlerContext.invokeChannelInactive(AbstractChannelHandlerContext.java:305) ~[netty-transport-4.1.101.Final.jar:4.1.101.Final]
		at io.netty.channel.AbstractChannelHandlerContext.invokeChannelInactive(AbstractChannelHandlerContext.java:281) ~[netty-transport-4.1.101.Final.jar:4.1.101.Final]
		at io.netty.channel.AbstractChannelHandlerContext.fireChannelInactive(AbstractChannelHandlerContext.java:274) ~[netty-transport-4.1.101.Final.jar:4.1.101.Final]
		at io.netty.channel.CombinedChannelDuplexHandler$DelegatingChannelHandlerContext.fireChannelInactive(CombinedChannelDuplexHandler.java:418) ~[netty-transport-4.1.101.Final.jar:4.1.101.Final]
		at io.netty.handler.codec.ByteToMessageDecoder.channelInputClosed(ByteToMessageDecoder.java:411) ~[netty-codec-4.1.101.Final.jar:4.1.101.Final]
		at io.netty.handler.codec.ByteToMessageDecoder.channelInactive(ByteToMessageDecoder.java:376) ~[netty-codec-4.1.101.Final.jar:4.1.101.Final]
		at io.netty.handler.codec.http.HttpClientCodec$Decoder.channelInactive(HttpClientCodec.java:328) ~[netty-codec-http-4.1.101.Final.jar:4.1.101.Final]
		at io.netty.channel.CombinedChannelDuplexHandler.channelInactive(CombinedChannelDuplexHandler.java:221) ~[netty-transport-4.1.101.Final.jar:4.1.101.Final]
		at io.netty.channel.AbstractChannelHandlerContext.invokeChannelInactive(AbstractChannelHandlerContext.java:303) ~[netty-transport-4.1.101.Final.jar:4.1.101.Final]
		at io.netty.channel.AbstractChannelHandlerContext.invokeChannelInactive(AbstractChannelHandlerContext.java:281) ~[netty-transport-4.1.101.Final.jar:4.1.101.Final]
		at io.netty.channel.AbstractChannelHandlerContext.fireChannelInactive(AbstractChannelHandlerContext.java:274) ~[netty-transport-4.1.101.Final.jar:4.1.101.Final]
		at io.netty.channel.DefaultChannelPipeline$HeadContext.channelInactive(DefaultChannelPipeline.java:1405) ~[netty-transport-4.1.101.Final.jar:4.1.101.Final]
		at io.netty.channel.AbstractChannelHandlerContext.invokeChannelInactive(AbstractChannelHandlerContext.java:301) ~[netty-transport-4.1.101.Final.jar:4.1.101.Final]
		at io.netty.channel.AbstractChannelHandlerContext.invokeChannelInactive(AbstractChannelHandlerContext.java:281) ~[netty-transport-4.1.101.Final.jar:4.1.101.Final]
		at io.netty.channel.DefaultChannelPipeline.fireChannelInactive(DefaultChannelPipeline.java:901) ~[netty-transport-4.1.101.Final.jar:4.1.101.Final]
		at io.netty.channel.AbstractChannel$AbstractUnsafe$7.run(AbstractChannel.java:813) ~[netty-transport-4.1.101.Final.jar:4.1.101.Final]
		at io.netty.util.concurrent.AbstractEventExecutor.runTask(AbstractEventExecutor.java:173) ~[netty-common-4.1.101.Final.jar:4.1.101.Final]
		at io.netty.util.concurrent.AbstractEventExecutor.safeExecute(AbstractEventExecutor.java:166) ~[netty-common-4.1.101.Final.jar:4.1.101.Final]
		at io.netty.util.concurrent.SingleThreadEventExecutor.runAllTasksFrom(SingleThreadEventExecutor.java:426) ~[netty-common-4.1.101.Final.jar:4.1.101.Final]
		at io.netty.util.concurrent.SingleThreadEventExecutor.runAllTasks(SingleThreadEventExecutor.java:375) ~[netty-common-4.1.101.Final.jar:4.1.101.Final]
		at io.netty.util.concurrent.SingleThreadEventExecutor.confirmShutdown(SingleThreadEventExecutor.java:763) ~[netty-common-4.1.101.Final.jar:4.1.101.Final]
		at io.netty.channel.nio.NioEventLoop.run(NioEventLoop.java:596) ~[netty-transport-4.1.101.Final.jar:4.1.101.Final]
		at io.netty.util.concurrent.SingleThreadEventExecutor$4.run(SingleThreadEventExecutor.java:997) ~[netty-common-4.1.101.Final.jar:4.1.101.Final]
		at io.netty.util.internal.ThreadExecutorMap$2.run(ThreadExecutorMap.java:74) ~[netty-common-4.1.101.Final.jar:4.1.101.Final]
		at io.netty.util.concurrent.FastThreadLocalRunnable.run(FastThreadLocalRunnable.java:30) ~[netty-common-4.1.101.Final.jar:4.1.101.Final]
		at java.base/java.lang.Thread.run(Thread.java:833) ~[na:na]
Caused by: reactor.netty.http.client.PrematureCloseException: Connection prematurely closed BEFORE response

2026-05-16T12:17:44.172+05:30  INFO 5168 --- [admin-server] [main] c.parkease.admin.AdminServerApplication  : Starting AdminServerApplication using Java 18.0.2 with PID 5168 (C:\Users\Hp\Desktop\Parkease-Backend\admin-server\target\classes started by Hp in C:\Users\Hp\Desktop\Parkease-Backend\admin-server)
2026-05-16T12:17:44.184+05:30 DEBUG 5168 --- [admin-server] [main] c.parkease.admin.AdminServerApplication  : Running with Spring Boot v3.2.0, Spring v6.1.1
2026-05-16T12:17:44.186+05:30  INFO 5168 --- [admin-server] [main] c.parkease.admin.AdminServerApplication  : No active profile set, falling back to 1 default profile: "default"
2026-05-16T12:17:46.969+05:30  INFO 5168 --- [admin-server] [main] o.s.b.w.embedded.tomcat.TomcatWebServer  : Tomcat initialized with port 9090 (http)
2026-05-16T12:17:46.987+05:30  INFO 5168 --- [admin-server] [main] o.apache.catalina.core.StandardService   : Starting service [Tomcat]
2026-05-16T12:17:46.987+05:30  INFO 5168 --- [admin-server] [main] o.apache.catalina.core.StandardEngine    : Starting Servlet engine: [Apache Tomcat/10.1.16]
2026-05-16T12:17:47.134+05:30  INFO 5168 --- [admin-server] [main] o.a.c.c.C.[Tomcat].[localhost].[/]       : Initializing Spring embedded WebApplicationContext
2026-05-16T12:17:47.135+05:30  INFO 5168 --- [admin-server] [main] w.s.c.ServletWebServerApplicationContext : Root WebApplicationContext: initialization completed in 2861 ms
2026-05-16T12:17:48.905+05:30  INFO 5168 --- [admin-server] [main] o.s.b.a.e.web.EndpointLinksResolver      : Exposing 1 endpoint(s) beneath base path '/actuator'
2026-05-16T12:17:48.943+05:30  INFO 5168 --- [admin-server] [main] o.s.s.web.DefaultSecurityFilterChain     : Will secure any request with [org.springframework.security.web.session.DisableEncodeUrlFilter@4fe8f2ae, org.springframework.security.web.context.request.async.WebAsyncManagerIntegrationFilter@591be8aa, org.springframework.security.web.context.SecurityContextHolderFilter@39652a30, org.springframework.security.web.header.HeaderWriterFilter@477523ba, org.springframework.web.filter.CorsFilter@61808ecd, org.springframework.security.web.csrf.CsrfFilter@16681017, org.springframework.security.web.authentication.logout.LogoutFilter@55a0f011, org.springframework.security.web.authentication.UsernamePasswordAuthenticationFilter@6c6928c, org.springframework.security.web.authentication.www.BasicAuthenticationFilter@3e151e1f, org.springframework.security.web.savedrequest.RequestCacheAwareFilter@40c8067, org.springframework.security.web.servletapi.SecurityContextHolderAwareRequestFilter@46bb0bdf, org.springframework.security.web.authentication.AnonymousAuthenticationFilter@7f1f60a0, org.springframework.security.web.access.ExceptionTranslationFilter@377dfb8d, org.springframework.security.web.access.intercept.AuthorizationFilter@7a1371]
2026-05-16T12:17:49.829+05:30  WARN 5168 --- [admin-server] [main] ion$DefaultTemplateResolverConfiguration : Cannot find template location: classpath:/templates/ (please add some templates, check your Thymeleaf configuration, or set spring.thymeleaf.check-template-location=false)
2026-05-16T12:17:51.549+05:30  INFO 5168 --- [admin-server] [main] o.s.b.w.embedded.tomcat.TomcatWebServer  : Tomcat started on port 9090 (http) with context path ''
2026-05-16T12:17:51.591+05:30  INFO 5168 --- [admin-server] [main] c.parkease.admin.AdminServerApplication  : Started AdminServerApplication in 8.311 seconds (process running for 9.19)
2026-05-16T12:17:51.948+05:30  INFO 5168 --- [admin-server] [RMI TCP Connection(9)-127.0.0.1] o.a.c.c.C.[Tomcat].[localhost].[/]       : Initializing Spring DispatcherServlet 'dispatcherServlet'
2026-05-16T12:17:51.948+05:30  INFO 5168 --- [admin-server] [RMI TCP Connection(9)-127.0.0.1] o.s.web.servlet.DispatcherServlet        : Initializing Servlet 'dispatcherServlet'
2026-05-16T12:17:51.951+05:30  INFO 5168 --- [admin-server] [RMI TCP Connection(9)-127.0.0.1] o.s.web.servlet.DispatcherServlet        : Completed initialization in 3 ms
2026-05-16T12:17:57.173+05:30  WARN 5168 --- [admin-server] [http-nio-9090-exec-1] o.s.w.s.h.HandlerMappingIntrospector     : Cache miss for REQUEST dispatch to '/instances' (previous null). Performing CorsConfiguration lookup. This is logged once only at WARN level, and every time at TRACE.
2026-05-16T12:34:48.251+05:30  INFO 5168 --- [admin-server] [RMI TCP Connection(26)-127.0.0.1] inMXBeanRegistrar$SpringApplicationAdmin : Application shutdown requested.
2026-05-16T12:34:51.142+05:30  INFO 5168 --- [admin-server] [reactor-http-nio-1] d.c.b.a.server.services.StatusUpdater    : Couldn't retrieve status for Instance(id=81c0489e17ea, version=2, registration=Registration(name=auth-service, managementUrl=http://10.0.3.21:8081/actuator, healthUrl=http://10.0.3.21:8081/actuator/health, serviceUrl=http://10.0.3.21:8081/, source=http-api), registered=true, statusInfo=StatusInfo(status=UP, details={mail={status=UP, details={location=smtp.gmail.com:587}}, diskSpace={status=UP, details={total=236228440064, free=22118576128, threshold=10485760, path=C:\Users\Hp\Desktop\Parkease-Backend\auth-service\., exists=true}}, ping={status=UP}, discoveryComposite={status=UP, components={discoveryClient={status=UP, details={services=[]}}, eureka={description=Eureka discovery client has not yet successfully connected to a Eureka server, status=UP, details={applications={}}}}}, refreshScope={status=UP}, db={status=UP, details={database=MySQL, validationQuery=isValid()}}}), statusTimestamp=2026-05-16T06:48:19.459480200Z, info=Info(values={}), endpoints=Endpoints(endpoints={caches=Endpoint(id=caches, url=http://10.0.3.21:8081/actuator/caches), loggers=Endpoint(id=loggers, url=http://10.0.3.21:8081/actuator/loggers), logfile=Endpoint(id=logfile, url=http://10.0.3.21:8081/actuator/logfile), health=Endpoint(id=health, url=http://10.0.3.21:8081/actuator/health), refresh=Endpoint(id=refresh, url=http://10.0.3.21:8081/actuator/refresh), env=Endpoint(id=env, url=http://10.0.3.21:8081/actuator/env), serviceregistry=Endpoint(id=serviceregistry, url=http://10.0.3.21:8081/actuator/serviceregistry), heapdump=Endpoint(id=heapdump, url=http://10.0.3.21:8081/actuator/heapdump), features=Endpoint(id=features, url=http://10.0.3.21:8081/actuator/features), scheduledtasks=Endpoint(id=scheduledtasks, url=http://10.0.3.21:8081/actuator/scheduledtasks), mappings=Endpoint(id=mappings, url=http://10.0.3.21:8081/actuator/mappings), beans=Endpoint(id=beans, url=http://10.0.3.21:8081/actuator/beans), configprops=Endpoint(id=configprops, url=http://10.0.3.21:8081/actuator/configprops), threaddump=Endpoint(id=threaddump, url=http://10.0.3.21:8081/actuator/threaddump), metrics=Endpoint(id=metrics, url=http://10.0.3.21:8081/actuator/metrics), conditions=Endpoint(id=conditions, url=http://10.0.3.21:8081/actuator/conditions), info=Endpoint(id=info, url=http://10.0.3.21:8081/actuator/info)}), buildVersion=null, tags=Tags(values={}))

org.springframework.web.reactive.function.client.WebClientRequestException: executor not accepting a task
	at org.springframework.web.reactive.function.client.ExchangeFunctions$DefaultExchangeFunction.lambda$wrapException$9(ExchangeFunctions.java:136) ~[spring-webflux-6.1.1.jar:6.1.1]
	Suppressed: reactor.core.publisher.FluxOnAssembly$OnAssemblyException: 
Error has been observed at the following site(s):
	*__checkpoint ⇢ Request to GET health [DefaultWebClient]
Original Stack Trace:
		at org.springframework.web.reactive.function.client.ExchangeFunctions$DefaultExchangeFunction.lambda$wrapException$9(ExchangeFunctions.java:136) ~[spring-webflux-6.1.1.jar:6.1.1]
		at reactor.core.publisher.MonoErrorSupplied.subscribe(MonoErrorSupplied.java:55) ~[reactor-core-3.6.0.jar:3.6.0]
		at reactor.core.publisher.Mono.subscribe(Mono.java:4512) ~[reactor-core-3.6.0.jar:3.6.0]
		at reactor.core.publisher.FluxOnErrorResume$ResumeSubscriber.onError(FluxOnErrorResume.java:103) ~[reactor-core-3.6.0.jar:3.6.0]
		at reactor.core.publisher.FluxPeek$PeekSubscriber.onError(FluxPeek.java:222) ~[reactor-core-3.6.0.jar:3.6.0]
		at reactor.core.publisher.FluxPeek$PeekSubscriber.onError(FluxPeek.java:222) ~[reactor-core-3.6.0.jar:3.6.0]
		at reactor.core.publisher.FluxPeek$PeekSubscriber.onError(FluxPeek.java:222) ~[reactor-core-3.6.0.jar:3.6.0]
		at reactor.core.publisher.MonoNext$NextSubscriber.onError(MonoNext.java:93) ~[reactor-core-3.6.0.jar:3.6.0]
		at reactor.core.publisher.MonoFlatMapMany$FlatMapManyMain.onError(MonoFlatMapMany.java:204) ~[reactor-core-3.6.0.jar:3.6.0]
		at reactor.core.publisher.SerializedSubscriber.onError(SerializedSubscriber.java:124) ~[reactor-core-3.6.0.jar:3.6.0]
		at reactor.core.publisher.FluxRetryWhen$RetryWhenMainSubscriber.whenError(FluxRetryWhen.java:228) ~[reactor-core-3.6.0.jar:3.6.0]
		at reactor.core.publisher.FluxRetryWhen$RetryWhenOtherSubscriber.onError(FluxRetryWhen.java:278) ~[reactor-core-3.6.0.jar:3.6.0]
		at reactor.core.publisher.FluxContextWrite$ContextWriteSubscriber.onError(FluxContextWrite.java:121) ~[reactor-core-3.6.0.jar:3.6.0]
		at reactor.core.publisher.FluxConcatMapNoPrefetch$FluxConcatMapNoPrefetchSubscriber.maybeOnError(FluxConcatMapNoPrefetch.java:326) ~[reactor-core-3.6.0.jar:3.6.0]
		at reactor.core.publisher.FluxConcatMapNoPrefetch$FluxConcatMapNoPrefetchSubscriber.onNext(FluxConcatMapNoPrefetch.java:211) ~[reactor-core-3.6.0.jar:3.6.0]
		at reactor.core.publisher.FluxContextWrite$ContextWriteSubscriber.onNext(FluxContextWrite.java:107) ~[reactor-core-3.6.0.jar:3.6.0]
		at reactor.core.publisher.SinkManyEmitterProcessor.drain(SinkManyEmitterProcessor.java:476) ~[reactor-core-3.6.0.jar:3.6.0]
		at reactor.core.publisher.SinkManyEmitterProcessor$EmitterInner.drainParent(SinkManyEmitterProcessor.java:620) ~[reactor-core-3.6.0.jar:3.6.0]
		at reactor.core.publisher.FluxPublish$PubSubInner.request(FluxPublish.java:874) ~[reactor-core-3.6.0.jar:3.6.0]
		at reactor.core.publisher.FluxContextWrite$ContextWriteSubscriber.request(FluxContextWrite.java:136) ~[reactor-core-3.6.0.jar:3.6.0]
		at reactor.core.publisher.FluxConcatMapNoPrefetch$FluxConcatMapNoPrefetchSubscriber.request(FluxConcatMapNoPrefetch.java:336) ~[reactor-core-3.6.0.jar:3.6.0]
		at reactor.core.publisher.FluxContextWrite$ContextWriteSubscriber.request(FluxContextWrite.java:136) ~[reactor-core-3.6.0.jar:3.6.0]
		at reactor.core.publisher.Operators$DeferredSubscription.request(Operators.java:1743) ~[reactor-core-3.6.0.jar:3.6.0]
		at reactor.core.publisher.FluxRetryWhen$RetryWhenMainSubscriber.onError(FluxRetryWhen.java:195) ~[reactor-core-3.6.0.jar:3.6.0]
		at reactor.core.publisher.MonoCreate$DefaultMonoSink.error(MonoCreate.java:205) ~[reactor-core-3.6.0.jar:3.6.0]
		at reactor.netty.http.client.HttpClientConnect$MonoHttpConnect$ClientTransportSubscriber.onError(HttpClientConnect.java:311) ~[reactor-netty-http-1.1.13.jar:1.1.13]
		at reactor.core.publisher.MonoCreate$DefaultMonoSink.error(MonoCreate.java:205) ~[reactor-core-3.6.0.jar:3.6.0]
		at reactor.netty.resources.DefaultPooledConnectionProvider$DisposableAcquire.onError(DefaultPooledConnectionProvider.java:162) ~[reactor-netty-core-1.1.13.jar:1.1.13]
		at reactor.netty.internal.shaded.reactor.pool.AbstractPool$Borrower.fail(AbstractPool.java:475) ~[reactor-netty-core-1.1.13.jar:1.1.13]
		at reactor.netty.internal.shaded.reactor.pool.SimpleDequePool.lambda$drainLoop$9(SimpleDequePool.java:433) ~[reactor-netty-core-1.1.13.jar:1.1.13]
		at reactor.core.publisher.FluxDoOnEach$DoOnEachSubscriber.onError(FluxDoOnEach.java:186) ~[reactor-core-3.6.0.jar:3.6.0]
		at reactor.core.publisher.MonoCreate$DefaultMonoSink.error(MonoCreate.java:205) ~[reactor-core-3.6.0.jar:3.6.0]
		at reactor.netty.resources.DefaultPooledConnectionProvider$PooledConnectionAllocator$PooledConnectionInitializer.onError(DefaultPooledConnectionProvider.java:560) ~[reactor-netty-core-1.1.13.jar:1.1.13]
		at reactor.core.publisher.MonoFlatMap$FlatMapMain.secondError(MonoFlatMap.java:241) ~[reactor-core-3.6.0.jar:3.6.0]
		at reactor.core.publisher.MonoFlatMap$FlatMapInner.onError(MonoFlatMap.java:315) ~[reactor-core-3.6.0.jar:3.6.0]
		at reactor.core.publisher.FluxOnErrorResume$ResumeSubscriber.onError(FluxOnErrorResume.java:106) ~[reactor-core-3.6.0.jar:3.6.0]
		at reactor.core.publisher.Operators.error(Operators.java:198) ~[reactor-core-3.6.0.jar:3.6.0]
		at reactor.core.publisher.MonoError.subscribe(MonoError.java:53) ~[reactor-core-3.6.0.jar:3.6.0]
		at reactor.core.publisher.Mono.subscribe(Mono.java:4512) ~[reactor-core-3.6.0.jar:3.6.0]
		at reactor.core.publisher.FluxOnErrorResume$ResumeSubscriber.onError(FluxOnErrorResume.java:103) ~[reactor-core-3.6.0.jar:3.6.0]
		at reactor.core.publisher.Operators.error(Operators.java:198) ~[reactor-core-3.6.0.jar:3.6.0]
		at reactor.core.publisher.MonoError.subscribe(MonoError.java:53) ~[reactor-core-3.6.0.jar:3.6.0]
		at reactor.core.publisher.InternalMonoOperator.subscribe(InternalMonoOperator.java:76) ~[reactor-core-3.6.0.jar:3.6.0]
		at reactor.core.publisher.MonoFlatMap$FlatMapMain.onNext(MonoFlatMap.java:165) ~[reactor-core-3.6.0.jar:3.6.0]
		at reactor.netty.transport.TransportConnector$MonoChannelPromise._subscribe(TransportConnector.java:638) ~[reactor-netty-core-1.1.13.jar:1.1.13]
		at reactor.netty.transport.TransportConnector$MonoChannelPromise.lambda$subscribe$0(TransportConnector.java:550) ~[reactor-netty-core-1.1.13.jar:1.1.13]
		at io.netty.util.concurrent.AbstractEventExecutor.runTask(AbstractEventExecutor.java:173) ~[netty-common-4.1.101.Final.jar:4.1.101.Final]
		at io.netty.util.concurrent.AbstractEventExecutor.safeExecute(AbstractEventExecutor.java:166) ~[netty-common-4.1.101.Final.jar:4.1.101.Final]
		at io.netty.util.concurrent.SingleThreadEventExecutor.runAllTasks(SingleThreadEventExecutor.java:470) ~[netty-common-4.1.101.Final.jar:4.1.101.Final]
		at io.netty.channel.nio.NioEventLoop.run(NioEventLoop.java:569) ~[netty-transport-4.1.101.Final.jar:4.1.101.Final]
		at io.netty.util.concurrent.SingleThreadEventExecutor$4.run(SingleThreadEventExecutor.java:997) ~[netty-common-4.1.101.Final.jar:4.1.101.Final]
		at io.netty.util.internal.ThreadExecutorMap$2.run(ThreadExecutorMap.java:74) ~[netty-common-4.1.101.Final.jar:4.1.101.Final]
		at io.netty.util.concurrent.FastThreadLocalRunnable.run(FastThreadLocalRunnable.java:30) ~[netty-common-4.1.101.Final.jar:4.1.101.Final]
		at java.base/java.lang.Thread.run(Thread.java:833) ~[na:na]
Caused by: java.lang.IllegalStateException: executor not accepting a task
	at io.netty.resolver.AddressResolverGroup.getResolver(AddressResolverGroup.java:61) ~[netty-resolver-4.1.101.Final.jar:4.1.101.Final]
	at reactor.netty.transport.TransportConnector.doResolveAndConnect(TransportConnector.java:303) ~[reactor-netty-core-1.1.13.jar:1.1.13]
	at reactor.netty.transport.TransportConnector.lambda$connect$6(TransportConnector.java:165) ~[reactor-netty-core-1.1.13.jar:1.1.13]
	at reactor.core.publisher.MonoFlatMap$FlatMapMain.onNext(MonoFlatMap.java:132) ~[reactor-core-3.6.0.jar:3.6.0]
	at reactor.netty.transport.TransportConnector$MonoChannelPromise._subscribe(TransportConnector.java:638) ~[reactor-netty-core-1.1.13.jar:1.1.13]
	at reactor.netty.transport.TransportConnector$MonoChannelPromise.lambda$subscribe$0(TransportConnector.java:550) ~[reactor-netty-core-1.1.13.jar:1.1.13]
	at io.netty.util.concurrent.AbstractEventExecutor.runTask(AbstractEventExecutor.java:173) ~[netty-common-4.1.101.Final.jar:4.1.101.Final]
	at io.netty.util.concurrent.AbstractEventExecutor.safeExecute(AbstractEventExecutor.java:166) ~[netty-common-4.1.101.Final.jar:4.1.101.Final]
	at io.netty.util.concurrent.SingleThreadEventExecutor.runAllTasks(SingleThreadEventExecutor.java:470) ~[netty-common-4.1.101.Final.jar:4.1.101.Final]
	at io.netty.channel.nio.NioEventLoop.run(NioEventLoop.java:569) ~[netty-transport-4.1.101.Final.jar:4.1.101.Final]
	at io.netty.util.concurrent.SingleThreadEventExecutor$4.run(SingleThreadEventExecutor.java:997) ~[netty-common-4.1.101.Final.jar:4.1.101.Final]
	at io.netty.util.internal.ThreadExecutorMap$2.run(ThreadExecutorMap.java:74) ~[netty-common-4.1.101.Final.jar:4.1.101.Final]
	at io.netty.util.concurrent.FastThreadLocalRunnable.run(FastThreadLocalRunnable.java:30) ~[netty-common-4.1.101.Final.jar:4.1.101.Final]
	at java.base/java.lang.Thread.run(Thread.java:833) ~[na:na]

2026-05-16T12:34:51.142+05:30  INFO 5168 --- [admin-server] [reactor-http-nio-9] d.c.b.a.server.services.StatusUpdater    : Couldn't retrieve status for Instance(id=e2e92a1c925f, version=2, registration=Registration(name=vehicle-service, managementUrl=http://10.0.3.21:8084/actuator, healthUrl=http://10.0.3.21:8084/actuator/health, serviceUrl=http://10.0.3.21:8084/, source=http-api), registered=true, statusInfo=StatusInfo(status=UP, details={db={status=UP, details={database=MySQL, validationQuery=isValid()}}, diskSpace={status=UP, details={total=236228440064, free=22118641664, threshold=10485760, path=C:\Users\Hp\Desktop\Parkease-Backend\vehicle-service\., exists=true}}, ping={status=UP}, discoveryComposite={status=UP, components={discoveryClient={status=UP, details={services=[]}}, eureka={description=Eureka discovery client has not yet successfully connected to a Eureka server, status=UP, details={applications={}}}}}, refreshScope={status=UP}}), statusTimestamp=2026-05-16T06:48:15.079453900Z, info=Info(values={}), endpoints=Endpoints(endpoints={caches=Endpoint(id=caches, url=http://10.0.3.21:8084/actuator/caches), loggers=Endpoint(id=loggers, url=http://10.0.3.21:8084/actuator/loggers), logfile=Endpoint(id=logfile, url=http://10.0.3.21:8084/actuator/logfile), health=Endpoint(id=health, url=http://10.0.3.21:8084/actuator/health), refresh=Endpoint(id=refresh, url=http://10.0.3.21:8084/actuator/refresh), env=Endpoint(id=env, url=http://10.0.3.21:8084/actuator/env), serviceregistry=Endpoint(id=serviceregistry, url=http://10.0.3.21:8084/actuator/serviceregistry), heapdump=Endpoint(id=heapdump, url=http://10.0.3.21:8084/actuator/heapdump), features=Endpoint(id=features, url=http://10.0.3.21:8084/actuator/features), scheduledtasks=Endpoint(id=scheduledtasks, url=http://10.0.3.21:8084/actuator/scheduledtasks), mappings=Endpoint(id=mappings, url=http://10.0.3.21:8084/actuator/mappings), beans=Endpoint(id=beans, url=http://10.0.3.21:8084/actuator/beans), configprops=Endpoint(id=configprops, url=http://10.0.3.21:8084/actuator/configprops), threaddump=Endpoint(id=threaddump, url=http://10.0.3.21:8084/actuator/threaddump), metrics=Endpoint(id=metrics, url=http://10.0.3.21:8084/actuator/metrics), conditions=Endpoint(id=conditions, url=http://10.0.3.21:8084/actuator/conditions), info=Endpoint(id=info, url=http://10.0.3.21:8084/actuator/info)}), buildVersion=null, tags=Tags(values={}))

org.springframework.web.reactive.function.client.WebClientRequestException: executor not accepting a task
	at org.springframework.web.reactive.function.client.ExchangeFunctions$DefaultExchangeFunction.lambda$wrapException$9(ExchangeFunctions.java:136) ~[spring-webflux-6.1.1.jar:6.1.1]
	Suppressed: reactor.core.publisher.FluxOnAssembly$OnAssemblyException: 
Error has been observed at the following site(s):
	*__checkpoint ⇢ Request to GET health [DefaultWebClient]
Original Stack Trace:
		at org.springframework.web.reactive.function.client.ExchangeFunctions$DefaultExchangeFunction.lambda$wrapException$9(ExchangeFunctions.java:136) ~[spring-webflux-6.1.1.jar:6.1.1]
		at reactor.core.publisher.MonoErrorSupplied.subscribe(MonoErrorSupplied.java:55) ~[reactor-core-3.6.0.jar:3.6.0]
		at reactor.core.publisher.Mono.subscribe(Mono.java:4512) ~[reactor-core-3.6.0.jar:3.6.0]
		at reactor.core.publisher.FluxOnErrorResume$ResumeSubscriber.onError(FluxOnErrorResume.java:103) ~[reactor-core-3.6.0.jar:3.6.0]
		at reactor.core.publisher.FluxPeek$PeekSubscriber.onError(FluxPeek.java:222) ~[reactor-core-3.6.0.jar:3.6.0]
		at reactor.core.publisher.FluxPeek$PeekSubscriber.onError(FluxPeek.java:222) ~[reactor-core-3.6.0.jar:3.6.0]
		at reactor.core.publisher.FluxPeek$PeekSubscriber.onError(FluxPeek.java:222) ~[reactor-core-3.6.0.jar:3.6.0]
		at reactor.core.publisher.MonoNext$NextSubscriber.onError(MonoNext.java:93) ~[reactor-core-3.6.0.jar:3.6.0]
		at reactor.core.publisher.MonoFlatMapMany$FlatMapManyMain.onError(MonoFlatMapMany.java:204) ~[reactor-core-3.6.0.jar:3.6.0]
		at reactor.core.publisher.SerializedSubscriber.onError(SerializedSubscriber.java:124) ~[reactor-core-3.6.0.jar:3.6.0]
		at reactor.core.publisher.FluxRetryWhen$RetryWhenMainSubscriber.whenError(FluxRetryWhen.java:228) ~[reactor-core-3.6.0.jar:3.6.0]
		at reactor.core.publisher.FluxRetryWhen$RetryWhenOtherSubscriber.onError(FluxRetryWhen.java:278) ~[reactor-core-3.6.0.jar:3.6.0]
		at reactor.core.publisher.FluxContextWrite$ContextWriteSubscriber.onError(FluxContextWrite.java:121) ~[reactor-core-3.6.0.jar:3.6.0]
		at reactor.core.publisher.FluxConcatMapNoPrefetch$FluxConcatMapNoPrefetchSubscriber.maybeOnError(FluxConcatMapNoPrefetch.java:326) ~[reactor-core-3.6.0.jar:3.6.0]
		at reactor.core.publisher.FluxConcatMapNoPrefetch$FluxConcatMapNoPrefetchSubscriber.onNext(FluxConcatMapNoPrefetch.java:211) ~[reactor-core-3.6.0.jar:3.6.0]
		at reactor.core.publisher.FluxContextWrite$ContextWriteSubscriber.onNext(FluxContextWrite.java:107) ~[reactor-core-3.6.0.jar:3.6.0]
		at reactor.core.publisher.SinkManyEmitterProcessor.drain(SinkManyEmitterProcessor.java:476) ~[reactor-core-3.6.0.jar:3.6.0]
		at reactor.core.publisher.SinkManyEmitterProcessor$EmitterInner.drainParent(SinkManyEmitterProcessor.java:620) ~[reactor-core-3.6.0.jar:3.6.0]
		at reactor.core.publisher.FluxPublish$PubSubInner.request(FluxPublish.java:874) ~[reactor-core-3.6.0.jar:3.6.0]
		at reactor.core.publisher.FluxContextWrite$ContextWriteSubscriber.request(FluxContextWrite.java:136) ~[reactor-core-3.6.0.jar:3.6.0]
		at reactor.core.publisher.FluxConcatMapNoPrefetch$FluxConcatMapNoPrefetchSubscriber.request(FluxConcatMapNoPrefetch.java:336) ~[reactor-core-3.6.0.jar:3.6.0]
		at reactor.core.publisher.FluxContextWrite$ContextWriteSubscriber.request(FluxContextWrite.java:136) ~[reactor-core-3.6.0.jar:3.6.0]
		at reactor.core.publisher.Operators$DeferredSubscription.request(Operators.java:1743) ~[reactor-core-3.6.0.jar:3.6.0]
		at reactor.core.publisher.FluxRetryWhen$RetryWhenMainSubscriber.onError(FluxRetryWhen.java:195) ~[reactor-core-3.6.0.jar:3.6.0]
		at reactor.core.publisher.MonoCreate$DefaultMonoSink.error(MonoCreate.java:205) ~[reactor-core-3.6.0.jar:3.6.0]
		at reactor.netty.http.client.HttpClientConnect$MonoHttpConnect$ClientTransportSubscriber.onError(HttpClientConnect.java:311) ~[reactor-netty-http-1.1.13.jar:1.1.13]
		at reactor.core.publisher.MonoCreate$DefaultMonoSink.error(MonoCreate.java:205) ~[reactor-core-3.6.0.jar:3.6.0]
		at reactor.netty.resources.DefaultPooledConnectionProvider$DisposableAcquire.onError(DefaultPooledConnectionProvider.java:162) ~[reactor-netty-core-1.1.13.jar:1.1.13]
		at reactor.netty.internal.shaded.reactor.pool.AbstractPool$Borrower.fail(AbstractPool.java:475) ~[reactor-netty-core-1.1.13.jar:1.1.13]
		at reactor.netty.internal.shaded.reactor.pool.SimpleDequePool.lambda$drainLoop$9(SimpleDequePool.java:433) ~[reactor-netty-core-1.1.13.jar:1.1.13]
		at reactor.core.publisher.FluxDoOnEach$DoOnEachSubscriber.onError(FluxDoOnEach.java:186) ~[reactor-core-3.6.0.jar:3.6.0]
		at reactor.core.publisher.MonoCreate$DefaultMonoSink.error(MonoCreate.java:205) ~[reactor-core-3.6.0.jar:3.6.0]
		at reactor.netty.resources.DefaultPooledConnectionProvider$PooledConnectionAllocator$PooledConnectionInitializer.onError(DefaultPooledConnectionProvider.java:560) ~[reactor-netty-core-1.1.13.jar:1.1.13]
		at reactor.core.publisher.MonoFlatMap$FlatMapMain.secondError(MonoFlatMap.java:241) ~[reactor-core-3.6.0.jar:3.6.0]
		at reactor.core.publisher.MonoFlatMap$FlatMapInner.onError(MonoFlatMap.java:315) ~[reactor-core-3.6.0.jar:3.6.0]
		at reactor.core.publisher.FluxOnErrorResume$ResumeSubscriber.onError(FluxOnErrorResume.java:106) ~[reactor-core-3.6.0.jar:3.6.0]
		at reactor.core.publisher.Operators.error(Operators.java:198) ~[reactor-core-3.6.0.jar:3.6.0]
		at reactor.core.publisher.MonoError.subscribe(MonoError.java:53) ~[reactor-core-3.6.0.jar:3.6.0]
		at reactor.core.publisher.Mono.subscribe(Mono.java:4512) ~[reactor-core-3.6.0.jar:3.6.0]
		at reactor.core.publisher.FluxOnErrorResume$ResumeSubscriber.onError(FluxOnErrorResume.java:103) ~[reactor-core-3.6.0.jar:3.6.0]
		at reactor.core.publisher.Operators.error(Operators.java:198) ~[reactor-core-3.6.0.jar:3.6.0]
		at reactor.core.publisher.MonoError.subscribe(MonoError.java:53) ~[reactor-core-3.6.0.jar:3.6.0]
		at reactor.core.publisher.InternalMonoOperator.subscribe(InternalMonoOperator.java:76) ~[reactor-core-3.6.0.jar:3.6.0]
		at reactor.core.publisher.MonoFlatMap$FlatMapMain.onNext(MonoFlatMap.java:165) ~[reactor-core-3.6.0.jar:3.6.0]
		at reactor.netty.transport.TransportConnector$MonoChannelPromise._subscribe(TransportConnector.java:638) ~[reactor-netty-core-1.1.13.jar:1.1.13]
		at reactor.netty.transport.TransportConnector$MonoChannelPromise.lambda$subscribe$0(TransportConnector.java:550) ~[reactor-netty-core-1.1.13.jar:1.1.13]
		at io.netty.util.concurrent.AbstractEventExecutor.runTask(AbstractEventExecutor.java:173) ~[netty-common-4.1.101.Final.jar:4.1.101.Final]
		at io.netty.util.concurrent.AbstractEventExecutor.safeExecute(AbstractEventExecutor.java:166) ~[netty-common-4.1.101.Final.jar:4.1.101.Final]
		at io.netty.util.concurrent.SingleThreadEventExecutor.runAllTasks(SingleThreadEventExecutor.java:470) ~[netty-common-4.1.101.Final.jar:4.1.101.Final]
		at io.netty.channel.nio.NioEventLoop.run(NioEventLoop.java:569) ~[netty-transport-4.1.101.Final.jar:4.1.101.Final]
		at io.netty.util.concurrent.SingleThreadEventExecutor$4.run(SingleThreadEventExecutor.java:997) ~[netty-common-4.1.101.Final.jar:4.1.101.Final]
		at io.netty.util.internal.ThreadExecutorMap$2.run(ThreadExecutorMap.java:74) ~[netty-common-4.1.101.Final.jar:4.1.101.Final]
		at io.netty.util.concurrent.FastThreadLocalRunnable.run(FastThreadLocalRunnable.java:30) ~[netty-common-4.1.101.Final.jar:4.1.101.Final]
		at java.base/java.lang.Thread.run(Thread.java:833) ~[na:na]
Caused by: java.lang.IllegalStateException: executor not accepting a task
	at io.netty.resolver.AddressResolverGroup.getResolver(AddressResolverGroup.java:61) ~[netty-resolver-4.1.101.Final.jar:4.1.101.Final]
	at reactor.netty.transport.TransportConnector.doResolveAndConnect(TransportConnector.java:303) ~[reactor-netty-core-1.1.13.jar:1.1.13]
	at reactor.netty.transport.TransportConnector.lambda$connect$6(TransportConnector.java:165) ~[reactor-netty-core-1.1.13.jar:1.1.13]
	at reactor.core.publisher.MonoFlatMap$FlatMapMain.onNext(MonoFlatMap.java:132) ~[reactor-core-3.6.0.jar:3.6.0]
	at reactor.netty.transport.TransportConnector$MonoChannelPromise._subscribe(TransportConnector.java:638) ~[reactor-netty-core-1.1.13.jar:1.1.13]
	at reactor.netty.transport.TransportConnector$MonoChannelPromise.lambda$subscribe$0(TransportConnector.java:550) ~[reactor-netty-core-1.1.13.jar:1.1.13]
	at io.netty.util.concurrent.AbstractEventExecutor.runTask(AbstractEventExecutor.java:173) ~[netty-common-4.1.101.Final.jar:4.1.101.Final]
	at io.netty.util.concurrent.AbstractEventExecutor.safeExecute(AbstractEventExecutor.java:166) ~[netty-common-4.1.101.Final.jar:4.1.101.Final]
	at io.netty.util.concurrent.SingleThreadEventExecutor.runAllTasks(SingleThreadEventExecutor.java:470) ~[netty-common-4.1.101.Final.jar:4.1.101.Final]
	at io.netty.channel.nio.NioEventLoop.run(NioEventLoop.java:569) ~[netty-transport-4.1.101.Final.jar:4.1.101.Final]
	at io.netty.util.concurrent.SingleThreadEventExecutor$4.run(SingleThreadEventExecutor.java:997) ~[netty-common-4.1.101.Final.jar:4.1.101.Final]
	at io.netty.util.internal.ThreadExecutorMap$2.run(ThreadExecutorMap.java:74) ~[netty-common-4.1.101.Final.jar:4.1.101.Final]
	at io.netty.util.concurrent.FastThreadLocalRunnable.run(FastThreadLocalRunnable.java:30) ~[netty-common-4.1.101.Final.jar:4.1.101.Final]
	at java.base/java.lang.Thread.run(Thread.java:833) ~[na:na]

2026-05-16T12:34:51.196+05:30  WARN 5168 --- [admin-server] [reactor-http-nio-1] d.c.b.admin.server.services.InfoUpdater  : Couldn't retrieve info for Instance(id=9ad701b6c0ec, version=2, registration=Registration(name=parkingspot-service, managementUrl=http://10.0.3.21:8083/actuator, healthUrl=http://10.0.3.21:8083/actuator/health, serviceUrl=http://10.0.3.21:8083/, source=http-api), registered=true, statusInfo=StatusInfo(status=UP, details={db={status=UP, details={database=MySQL, validationQuery=isValid()}}, diskSpace={status=UP, details={total=236228440064, free=22118576128, threshold=10485760, path=C:\Users\Hp\Desktop\Parkease-Backend\parkingspot-service\., exists=true}}, ping={status=UP}, discoveryComposite={status=UP, components={discoveryClient={status=UP, details={services=[]}}, eureka={description=Eureka discovery client has not yet successfully connected to a Eureka server, status=UP, details={applications={}}}}}, refreshScope={status=UP}}), statusTimestamp=2026-05-16T06:48:16.139524800Z, info=Info(values={}), endpoints=Endpoints(endpoints={caches=Endpoint(id=caches, url=http://10.0.3.21:8083/actuator/caches), loggers=Endpoint(id=loggers, url=http://10.0.3.21:8083/actuator/loggers), logfile=Endpoint(id=logfile, url=http://10.0.3.21:8083/actuator/logfile), health=Endpoint(id=health, url=http://10.0.3.21:8083/actuator/health), refresh=Endpoint(id=refresh, url=http://10.0.3.21:8083/actuator/refresh), env=Endpoint(id=env, url=http://10.0.3.21:8083/actuator/env), serviceregistry=Endpoint(id=serviceregistry, url=http://10.0.3.21:8083/actuator/serviceregistry), heapdump=Endpoint(id=heapdump, url=http://10.0.3.21:8083/actuator/heapdump), features=Endpoint(id=features, url=http://10.0.3.21:8083/actuator/features), scheduledtasks=Endpoint(id=scheduledtasks, url=http://10.0.3.21:8083/actuator/scheduledtasks), mappings=Endpoint(id=mappings, url=http://10.0.3.21:8083/actuator/mappings), beans=Endpoint(id=beans, url=http://10.0.3.21:8083/actuator/beans), configprops=Endpoint(id=configprops, url=http://10.0.3.21:8083/actuator/configprops), threaddump=Endpoint(id=threaddump, url=http://10.0.3.21:8083/actuator/threaddump), metrics=Endpoint(id=metrics, url=http://10.0.3.21:8083/actuator/metrics), conditions=Endpoint(id=conditions, url=http://10.0.3.21:8083/actuator/conditions), info=Endpoint(id=info, url=http://10.0.3.21:8083/actuator/info)}), buildVersion=null, tags=Tags(values={}))

org.springframework.web.reactive.function.client.WebClientRequestException: executor not accepting a task
	at org.springframework.web.reactive.function.client.ExchangeFunctions$DefaultExchangeFunction.lambda$wrapException$9(ExchangeFunctions.java:136) ~[spring-webflux-6.1.1.jar:6.1.1]
	Suppressed: reactor.core.publisher.FluxOnAssembly$OnAssemblyException: 
Error has been observed at the following site(s):
	*__checkpoint ⇢ Request to GET info [DefaultWebClient]
Original Stack Trace:
		at org.springframework.web.reactive.function.client.ExchangeFunctions$DefaultExchangeFunction.lambda$wrapException$9(ExchangeFunctions.java:136) ~[spring-webflux-6.1.1.jar:6.1.1]
		at reactor.core.publisher.MonoErrorSupplied.subscribe(MonoErrorSupplied.java:55) ~[reactor-core-3.6.0.jar:3.6.0]
		at reactor.core.publisher.Mono.subscribe(Mono.java:4512) ~[reactor-core-3.6.0.jar:3.6.0]
		at reactor.core.publisher.FluxOnErrorResume$ResumeSubscriber.onError(FluxOnErrorResume.java:103) ~[reactor-core-3.6.0.jar:3.6.0]
		at reactor.core.publisher.FluxPeek$PeekSubscriber.onError(FluxPeek.java:222) ~[reactor-core-3.6.0.jar:3.6.0]
		at reactor.core.publisher.FluxPeek$PeekSubscriber.onError(FluxPeek.java:222) ~[reactor-core-3.6.0.jar:3.6.0]
		at reactor.core.publisher.FluxPeek$PeekSubscriber.onError(FluxPeek.java:222) ~[reactor-core-3.6.0.jar:3.6.0]
		at reactor.core.publisher.MonoNext$NextSubscriber.onError(MonoNext.java:93) ~[reactor-core-3.6.0.jar:3.6.0]
		at reactor.core.publisher.MonoFlatMapMany$FlatMapManyMain.onError(MonoFlatMapMany.java:204) ~[reactor-core-3.6.0.jar:3.6.0]
		at reactor.core.publisher.SerializedSubscriber.onError(SerializedSubscriber.java:124) ~[reactor-core-3.6.0.jar:3.6.0]
		at reactor.core.publisher.FluxRetryWhen$RetryWhenMainSubscriber.whenError(FluxRetryWhen.java:228) ~[reactor-core-3.6.0.jar:3.6.0]
		at reactor.core.publisher.FluxRetryWhen$RetryWhenOtherSubscriber.onError(FluxRetryWhen.java:278) ~[reactor-core-3.6.0.jar:3.6.0]
		at reactor.core.publisher.FluxContextWrite$ContextWriteSubscriber.onError(FluxContextWrite.java:121) ~[reactor-core-3.6.0.jar:3.6.0]
		at reactor.core.publisher.FluxConcatMapNoPrefetch$FluxConcatMapNoPrefetchSubscriber.maybeOnError(FluxConcatMapNoPrefetch.java:326) ~[reactor-core-3.6.0.jar:3.6.0]
		at reactor.core.publisher.FluxConcatMapNoPrefetch$FluxConcatMapNoPrefetchSubscriber.onNext(FluxConcatMapNoPrefetch.java:211) ~[reactor-core-3.6.0.jar:3.6.0]
		at reactor.core.publisher.FluxContextWrite$ContextWriteSubscriber.onNext(FluxContextWrite.java:107) ~[reactor-core-3.6.0.jar:3.6.0]
		at reactor.core.publisher.SinkManyEmitterProcessor.drain(SinkManyEmitterProcessor.java:476) ~[reactor-core-3.6.0.jar:3.6.0]
		at reactor.core.publisher.SinkManyEmitterProcessor$EmitterInner.drainParent(SinkManyEmitterProcessor.java:620) ~[reactor-core-3.6.0.jar:3.6.0]
		at reactor.core.publisher.FluxPublish$PubSubInner.request(FluxPublish.java:874) ~[reactor-core-3.6.0.jar:3.6.0]
		at reactor.core.publisher.FluxContextWrite$ContextWriteSubscriber.request(FluxContextWrite.java:136) ~[reactor-core-3.6.0.jar:3.6.0]
		at reactor.core.publisher.FluxConcatMapNoPrefetch$FluxConcatMapNoPrefetchSubscriber.request(FluxConcatMapNoPrefetch.java:336) ~[reactor-core-3.6.0.jar:3.6.0]
		at reactor.core.publisher.FluxContextWrite$ContextWriteSubscriber.request(FluxContextWrite.java:136) ~[reactor-core-3.6.0.jar:3.6.0]
		at reactor.core.publisher.Operators$DeferredSubscription.request(Operators.java:1743) ~[reactor-core-3.6.0.jar:3.6.0]
		at reactor.core.publisher.FluxRetryWhen$RetryWhenMainSubscriber.onError(FluxRetryWhen.java:195) ~[reactor-core-3.6.0.jar:3.6.0]
		at reactor.core.publisher.MonoCreate$DefaultMonoSink.error(MonoCreate.java:205) ~[reactor-core-3.6.0.jar:3.6.0]
		at reactor.netty.http.client.HttpClientConnect$MonoHttpConnect$ClientTransportSubscriber.onError(HttpClientConnect.java:311) ~[reactor-netty-http-1.1.13.jar:1.1.13]
		at reactor.core.publisher.MonoCreate$DefaultMonoSink.error(MonoCreate.java:205) ~[reactor-core-3.6.0.jar:3.6.0]
		at reactor.netty.resources.DefaultPooledConnectionProvider$DisposableAcquire.onError(DefaultPooledConnectionProvider.java:162) ~[reactor-netty-core-1.1.13.jar:1.1.13]
		at reactor.netty.internal.shaded.reactor.pool.AbstractPool$Borrower.fail(AbstractPool.java:475) ~[reactor-netty-core-1.1.13.jar:1.1.13]
		at reactor.netty.internal.shaded.reactor.pool.SimpleDequePool.lambda$drainLoop$9(SimpleDequePool.java:433) ~[reactor-netty-core-1.1.13.jar:1.1.13]
		at reactor.core.publisher.FluxDoOnEach$DoOnEachSubscriber.onError(FluxDoOnEach.java:186) ~[reactor-core-3.6.0.jar:3.6.0]
		at reactor.core.publisher.MonoCreate$DefaultMonoSink.error(MonoCreate.java:205) ~[reactor-core-3.6.0.jar:3.6.0]
		at reactor.netty.resources.DefaultPooledConnectionProvider$PooledConnectionAllocator$PooledConnectionInitializer.onError(DefaultPooledConnectionProvider.java:560) ~[reactor-netty-core-1.1.13.jar:1.1.13]
		at reactor.core.publisher.MonoFlatMap$FlatMapMain.secondError(MonoFlatMap.java:241) ~[reactor-core-3.6.0.jar:3.6.0]
		at reactor.core.publisher.MonoFlatMap$FlatMapInner.onError(MonoFlatMap.java:315) ~[reactor-core-3.6.0.jar:3.6.0]
		at reactor.core.publisher.FluxOnErrorResume$ResumeSubscriber.onError(FluxOnErrorResume.java:106) ~[reactor-core-3.6.0.jar:3.6.0]
		at reactor.core.publisher.Operators.error(Operators.java:198) ~[reactor-core-3.6.0.jar:3.6.0]
		at reactor.core.publisher.MonoError.subscribe(MonoError.java:53) ~[reactor-core-3.6.0.jar:3.6.0]
		at reactor.core.publisher.Mono.subscribe(Mono.java:4512) ~[reactor-core-3.6.0.jar:3.6.0]
		at reactor.core.publisher.FluxOnErrorResume$ResumeSubscriber.onError(FluxOnErrorResume.java:103) ~[reactor-core-3.6.0.jar:3.6.0]
		at reactor.core.publisher.Operators.error(Operators.java:198) ~[reactor-core-3.6.0.jar:3.6.0]
		at reactor.core.publisher.MonoError.subscribe(MonoError.java:53) ~[reactor-core-3.6.0.jar:3.6.0]
		at reactor.core.publisher.InternalMonoOperator.subscribe(InternalMonoOperator.java:76) ~[reactor-core-3.6.0.jar:3.6.0]
		at reactor.core.publisher.MonoFlatMap$FlatMapMain.onNext(MonoFlatMap.java:165) ~[reactor-core-3.6.0.jar:3.6.0]
		at reactor.netty.transport.TransportConnector$MonoChannelPromise._subscribe(TransportConnector.java:638) ~[reactor-netty-core-1.1.13.jar:1.1.13]
		at reactor.netty.transport.TransportConnector$MonoChannelPromise.lambda$subscribe$0(TransportConnector.java:550) ~[reactor-netty-core-1.1.13.jar:1.1.13]
		at io.netty.util.concurrent.AbstractEventExecutor.runTask(AbstractEventExecutor.java:173) ~[netty-common-4.1.101.Final.jar:4.1.101.Final]
		at io.netty.util.concurrent.AbstractEventExecutor.safeExecute(AbstractEventExecutor.java:166) ~[netty-common-4.1.101.Final.jar:4.1.101.Final]
		at io.netty.util.concurrent.SingleThreadEventExecutor.runAllTasks(SingleThreadEventExecutor.java:470) ~[netty-common-4.1.101.Final.jar:4.1.101.Final]
		at io.netty.channel.nio.NioEventLoop.run(NioEventLoop.java:569) ~[netty-transport-4.1.101.Final.jar:4.1.101.Final]
		at io.netty.util.concurrent.SingleThreadEventExecutor$4.run(SingleThreadEventExecutor.java:997) ~[netty-common-4.1.101.Final.jar:4.1.101.Final]
		at io.netty.util.internal.ThreadExecutorMap$2.run(ThreadExecutorMap.java:74) ~[netty-common-4.1.101.Final.jar:4.1.101.Final]
		at io.netty.util.concurrent.FastThreadLocalRunnable.run(FastThreadLocalRunnable.java:30) ~[netty-common-4.1.101.Final.jar:4.1.101.Final]
		at java.base/java.lang.Thread.run(Thread.java:833) ~[na:na]
Caused by: java.lang.IllegalStateException: executor not accepting a task
	at io.netty.resolver.AddressResolverGroup.getResolver(AddressResolverGroup.java:61) ~[netty-resolver-4.1.101.Final.jar:4.1.101.Final]
	at reactor.netty.transport.TransportConnector.doResolveAndConnect(TransportConnector.java:303) ~[reactor-netty-core-1.1.13.jar:1.1.13]
	at reactor.netty.transport.TransportConnector.lambda$connect$6(TransportConnector.java:165) ~[reactor-netty-core-1.1.13.jar:1.1.13]
	at reactor.core.publisher.MonoFlatMap$FlatMapMain.onNext(MonoFlatMap.java:132) ~[reactor-core-3.6.0.jar:3.6.0]
	at reactor.netty.transport.TransportConnector$MonoChannelPromise._subscribe(TransportConnector.java:638) ~[reactor-netty-core-1.1.13.jar:1.1.13]
	at reactor.netty.transport.TransportConnector$MonoChannelPromise.lambda$subscribe$0(TransportConnector.java:550) ~[reactor-netty-core-1.1.13.jar:1.1.13]
	at io.netty.util.concurrent.AbstractEventExecutor.runTask(AbstractEventExecutor.java:173) ~[netty-common-4.1.101.Final.jar:4.1.101.Final]
	at io.netty.util.concurrent.AbstractEventExecutor.safeExecute(AbstractEventExecutor.java:166) ~[netty-common-4.1.101.Final.jar:4.1.101.Final]
	at io.netty.util.concurrent.SingleThreadEventExecutor.runAllTasks(SingleThreadEventExecutor.java:470) ~[netty-common-4.1.101.Final.jar:4.1.101.Final]
	at io.netty.channel.nio.NioEventLoop.run(NioEventLoop.java:569) ~[netty-transport-4.1.101.Final.jar:4.1.101.Final]
	at io.netty.util.concurrent.SingleThreadEventExecutor$4.run(SingleThreadEventExecutor.java:997) ~[netty-common-4.1.101.Final.jar:4.1.101.Final]
	at io.netty.util.internal.ThreadExecutorMap$2.run(ThreadExecutorMap.java:74) ~[netty-common-4.1.101.Final.jar:4.1.101.Final]
	at io.netty.util.concurrent.FastThreadLocalRunnable.run(FastThreadLocalRunnable.java:30) ~[netty-common-4.1.101.Final.jar:4.1.101.Final]
	at java.base/java.lang.Thread.run(Thread.java:833) ~[na:na]

2026-05-16T12:34:51.200+05:30  INFO 5168 --- [admin-server] [reactor-http-nio-3] d.c.b.a.server.services.StatusUpdater    : Couldn't retrieve status for Instance(id=9ad701b6c0ec, version=2, registration=Registration(name=parkingspot-service, managementUrl=http://10.0.3.21:8083/actuator, healthUrl=http://10.0.3.21:8083/actuator/health, serviceUrl=http://10.0.3.21:8083/, source=http-api), registered=true, statusInfo=StatusInfo(status=UP, details={db={status=UP, details={database=MySQL, validationQuery=isValid()}}, diskSpace={status=UP, details={total=236228440064, free=22118576128, threshold=10485760, path=C:\Users\Hp\Desktop\Parkease-Backend\parkingspot-service\., exists=true}}, ping={status=UP}, discoveryComposite={status=UP, components={discoveryClient={status=UP, details={services=[]}}, eureka={description=Eureka discovery client has not yet successfully connected to a Eureka server, status=UP, details={applications={}}}}}, refreshScope={status=UP}}), statusTimestamp=2026-05-16T06:48:16.139524800Z, info=Info(values={}), endpoints=Endpoints(endpoints={caches=Endpoint(id=caches, url=http://10.0.3.21:8083/actuator/caches), loggers=Endpoint(id=loggers, url=http://10.0.3.21:8083/actuator/loggers), logfile=Endpoint(id=logfile, url=http://10.0.3.21:8083/actuator/logfile), health=Endpoint(id=health, url=http://10.0.3.21:8083/actuator/health), refresh=Endpoint(id=refresh, url=http://10.0.3.21:8083/actuator/refresh), env=Endpoint(id=env, url=http://10.0.3.21:8083/actuator/env), serviceregistry=Endpoint(id=serviceregistry, url=http://10.0.3.21:8083/actuator/serviceregistry), heapdump=Endpoint(id=heapdump, url=http://10.0.3.21:8083/actuator/heapdump), features=Endpoint(id=features, url=http://10.0.3.21:8083/actuator/features), scheduledtasks=Endpoint(id=scheduledtasks, url=http://10.0.3.21:8083/actuator/scheduledtasks), mappings=Endpoint(id=mappings, url=http://10.0.3.21:8083/actuator/mappings), beans=Endpoint(id=beans, url=http://10.0.3.21:8083/actuator/beans), configprops=Endpoint(id=configprops, url=http://10.0.3.21:8083/actuator/configprops), threaddump=Endpoint(id=threaddump, url=http://10.0.3.21:8083/actuator/threaddump), metrics=Endpoint(id=metrics, url=http://10.0.3.21:8083/actuator/metrics), conditions=Endpoint(id=conditions, url=http://10.0.3.21:8083/actuator/conditions), info=Endpoint(id=info, url=http://10.0.3.21:8083/actuator/info)}), buildVersion=null, tags=Tags(values={}))

org.springframework.web.reactive.function.client.WebClientRequestException: executor not accepting a task
	at org.springframework.web.reactive.function.client.ExchangeFunctions$DefaultExchangeFunction.lambda$wrapException$9(ExchangeFunctions.java:136) ~[spring-webflux-6.1.1.jar:6.1.1]
	Suppressed: reactor.core.publisher.FluxOnAssembly$OnAssemblyException: 
Error has been observed at the following site(s):
	*__checkpoint ⇢ Request to GET health [DefaultWebClient]
Original Stack Trace:
		at org.springframework.web.reactive.function.client.ExchangeFunctions$DefaultExchangeFunction.lambda$wrapException$9(ExchangeFunctions.java:136) ~[spring-webflux-6.1.1.jar:6.1.1]
		at reactor.core.publisher.MonoErrorSupplied.subscribe(MonoErrorSupplied.java:55) ~[reactor-core-3.6.0.jar:3.6.0]
		at reactor.core.publisher.Mono.subscribe(Mono.java:4512) ~[reactor-core-3.6.0.jar:3.6.0]
		at reactor.core.publisher.FluxOnErrorResume$ResumeSubscriber.onError(FluxOnErrorResume.java:103) ~[reactor-core-3.6.0.jar:3.6.0]
		at reactor.core.publisher.FluxPeek$PeekSubscriber.onError(FluxPeek.java:222) ~[reactor-core-3.6.0.jar:3.6.0]
		at reactor.core.publisher.FluxPeek$PeekSubscriber.onError(FluxPeek.java:222) ~[reactor-core-3.6.0.jar:3.6.0]
		at reactor.core.publisher.FluxPeek$PeekSubscriber.onError(FluxPeek.java:222) ~[reactor-core-3.6.0.jar:3.6.0]
		at reactor.core.publisher.MonoNext$NextSubscriber.onError(MonoNext.java:93) ~[reactor-core-3.6.0.jar:3.6.0]
		at reactor.core.publisher.MonoFlatMapMany$FlatMapManyMain.onError(MonoFlatMapMany.java:204) ~[reactor-core-3.6.0.jar:3.6.0]
		at reactor.core.publisher.SerializedSubscriber.onError(SerializedSubscriber.java:124) ~[reactor-core-3.6.0.jar:3.6.0]
		at reactor.core.publisher.FluxRetryWhen$RetryWhenMainSubscriber.whenError(FluxRetryWhen.java:228) ~[reactor-core-3.6.0.jar:3.6.0]
		at reactor.core.publisher.FluxRetryWhen$RetryWhenOtherSubscriber.onError(FluxRetryWhen.java:278) ~[reactor-core-3.6.0.jar:3.6.0]
		at reactor.core.publisher.FluxContextWrite$ContextWriteSubscriber.onError(FluxContextWrite.java:121) ~[reactor-core-3.6.0.jar:3.6.0]
		at reactor.core.publisher.FluxConcatMapNoPrefetch$FluxConcatMapNoPrefetchSubscriber.maybeOnError(FluxConcatMapNoPrefetch.java:326) ~[reactor-core-3.6.0.jar:3.6.0]
		at reactor.core.publisher.FluxConcatMapNoPrefetch$FluxConcatMapNoPrefetchSubscriber.onNext(FluxConcatMapNoPrefetch.java:211) ~[reactor-core-3.6.0.jar:3.6.0]
		at reactor.core.publisher.FluxContextWrite$ContextWriteSubscriber.onNext(FluxContextWrite.java:107) ~[reactor-core-3.6.0.jar:3.6.0]
		at reactor.core.publisher.SinkManyEmitterProcessor.drain(SinkManyEmitterProcessor.java:476) ~[reactor-core-3.6.0.jar:3.6.0]
		at reactor.core.publisher.SinkManyEmitterProcessor$EmitterInner.drainParent(SinkManyEmitterProcessor.java:620) ~[reactor-core-3.6.0.jar:3.6.0]
		at reactor.core.publisher.FluxPublish$PubSubInner.request(FluxPublish.java:874) ~[reactor-core-3.6.0.jar:3.6.0]
		at reactor.core.publisher.FluxContextWrite$ContextWriteSubscriber.request(FluxContextWrite.java:136) ~[reactor-core-3.6.0.jar:3.6.0]
		at reactor.core.publisher.FluxConcatMapNoPrefetch$FluxConcatMapNoPrefetchSubscriber.request(FluxConcatMapNoPrefetch.java:336) ~[reactor-core-3.6.0.jar:3.6.0]
		at reactor.core.publisher.FluxContextWrite$ContextWriteSubscriber.request(FluxContextWrite.java:136) ~[reactor-core-3.6.0.jar:3.6.0]
		at reactor.core.publisher.Operators$DeferredSubscription.request(Operators.java:1743) ~[reactor-core-3.6.0.jar:3.6.0]
		at reactor.core.publisher.FluxRetryWhen$RetryWhenMainSubscriber.onError(FluxRetryWhen.java:195) ~[reactor-core-3.6.0.jar:3.6.0]
		at reactor.core.publisher.MonoCreate$DefaultMonoSink.error(MonoCreate.java:205) ~[reactor-core-3.6.0.jar:3.6.0]
		at reactor.netty.http.client.HttpClientConnect$MonoHttpConnect$ClientTransportSubscriber.onError(HttpClientConnect.java:311) ~[reactor-netty-http-1.1.13.jar:1.1.13]
		at reactor.core.publisher.MonoCreate$DefaultMonoSink.error(MonoCreate.java:205) ~[reactor-core-3.6.0.jar:3.6.0]
		at reactor.netty.resources.DefaultPooledConnectionProvider$DisposableAcquire.onError(DefaultPooledConnectionProvider.java:162) ~[reactor-netty-core-1.1.13.jar:1.1.13]
		at reactor.netty.internal.shaded.reactor.pool.AbstractPool$Borrower.fail(AbstractPool.java:475) ~[reactor-netty-core-1.1.13.jar:1.1.13]
		at reactor.netty.internal.shaded.reactor.pool.SimpleDequePool.lambda$drainLoop$9(SimpleDequePool.java:433) ~[reactor-netty-core-1.1.13.jar:1.1.13]
		at reactor.core.publisher.FluxDoOnEach$DoOnEachSubscriber.onError(FluxDoOnEach.java:186) ~[reactor-core-3.6.0.jar:3.6.0]
		at reactor.core.publisher.MonoCreate$DefaultMonoSink.error(MonoCreate.java:205) ~[reactor-core-3.6.0.jar:3.6.0]
		at reactor.netty.resources.DefaultPooledConnectionProvider$PooledConnectionAllocator$PooledConnectionInitializer.onError(DefaultPooledConnectionProvider.java:560) ~[reactor-netty-core-1.1.13.jar:1.1.13]
		at reactor.core.publisher.MonoFlatMap$FlatMapMain.secondError(MonoFlatMap.java:241) ~[reactor-core-3.6.0.jar:3.6.0]
		at reactor.core.publisher.MonoFlatMap$FlatMapInner.onError(MonoFlatMap.java:315) ~[reactor-core-3.6.0.jar:3.6.0]
		at reactor.core.publisher.FluxOnErrorResume$ResumeSubscriber.onError(FluxOnErrorResume.java:106) ~[reactor-core-3.6.0.jar:3.6.0]
		at reactor.core.publisher.Operators.error(Operators.java:198) ~[reactor-core-3.6.0.jar:3.6.0]
		at reactor.core.publisher.MonoError.subscribe(MonoError.java:53) ~[reactor-core-3.6.0.jar:3.6.0]
		at reactor.core.publisher.Mono.subscribe(Mono.java:4512) ~[reactor-core-3.6.0.jar:3.6.0]
		at reactor.core.publisher.FluxOnErrorResume$ResumeSubscriber.onError(FluxOnErrorResume.java:103) ~[reactor-core-3.6.0.jar:3.6.0]
		at reactor.core.publisher.Operators.error(Operators.java:198) ~[reactor-core-3.6.0.jar:3.6.0]
		at reactor.core.publisher.MonoError.subscribe(MonoError.java:53) ~[reactor-core-3.6.0.jar:3.6.0]
		at reactor.core.publisher.InternalMonoOperator.subscribe(InternalMonoOperator.java:76) ~[reactor-core-3.6.0.jar:3.6.0]
		at reactor.core.publisher.MonoFlatMap$FlatMapMain.onNext(MonoFlatMap.java:165) ~[reactor-core-3.6.0.jar:3.6.0]
		at reactor.netty.transport.TransportConnector$MonoChannelPromise._subscribe(TransportConnector.java:638) ~[reactor-netty-core-1.1.13.jar:1.1.13]
		at reactor.netty.transport.TransportConnector$MonoChannelPromise.lambda$subscribe$0(TransportConnector.java:550) ~[reactor-netty-core-1.1.13.jar:1.1.13]
		at io.netty.util.concurrent.AbstractEventExecutor.runTask(AbstractEventExecutor.java:173) ~[netty-common-4.1.101.Final.jar:4.1.101.Final]
		at io.netty.util.concurrent.AbstractEventExecutor.safeExecute(AbstractEventExecutor.java:166) ~[netty-common-4.1.101.Final.jar:4.1.101.Final]
		at io.netty.util.concurrent.SingleThreadEventExecutor.runAllTasks(SingleThreadEventExecutor.java:470) ~[netty-common-4.1.101.Final.jar:4.1.101.Final]
		at io.netty.channel.nio.NioEventLoop.run(NioEventLoop.java:569) ~[netty-transport-4.1.101.Final.jar:4.1.101.Final]
		at io.netty.util.concurrent.SingleThreadEventExecutor$4.run(SingleThreadEventExecutor.java:997) ~[netty-common-4.1.101.Final.jar:4.1.101.Final]
		at io.netty.util.internal.ThreadExecutorMap$2.run(ThreadExecutorMap.java:74) ~[netty-common-4.1.101.Final.jar:4.1.101.Final]
		at io.netty.util.concurrent.FastThreadLocalRunnable.run(FastThreadLocalRunnable.java:30) ~[netty-common-4.1.101.Final.jar:4.1.101.Final]
		at java.base/java.lang.Thread.run(Thread.java:833) ~[na:na]
Caused by: java.lang.IllegalStateException: executor not accepting a task
	at io.netty.resolver.AddressResolverGroup.getResolver(AddressResolverGroup.java:61) ~[netty-resolver-4.1.101.Final.jar:4.1.101.Final]
	at reactor.netty.transport.TransportConnector.doResolveAndConnect(TransportConnector.java:303) ~[reactor-netty-core-1.1.13.jar:1.1.13]
	at reactor.netty.transport.TransportConnector.lambda$connect$6(TransportConnector.java:165) ~[reactor-netty-core-1.1.13.jar:1.1.13]
	at reactor.core.publisher.MonoFlatMap$FlatMapMain.onNext(MonoFlatMap.java:132) ~[reactor-core-3.6.0.jar:3.6.0]
	at reactor.netty.transport.TransportConnector$MonoChannelPromise._subscribe(TransportConnector.java:638) ~[reactor-netty-core-1.1.13.jar:1.1.13]
	at reactor.netty.transport.TransportConnector$MonoChannelPromise.lambda$subscribe$0(TransportConnector.java:550) ~[reactor-netty-core-1.1.13.jar:1.1.13]
	at io.netty.util.concurrent.AbstractEventExecutor.runTask(AbstractEventExecutor.java:173) ~[netty-common-4.1.101.Final.jar:4.1.101.Final]
	at io.netty.util.concurrent.AbstractEventExecutor.safeExecute(AbstractEventExecutor.java:166) ~[netty-common-4.1.101.Final.jar:4.1.101.Final]
	at io.netty.util.concurrent.SingleThreadEventExecutor.runAllTasks(SingleThreadEventExecutor.java:470) ~[netty-common-4.1.101.Final.jar:4.1.101.Final]
	at io.netty.channel.nio.NioEventLoop.run(NioEventLoop.java:569) ~[netty-transport-4.1.101.Final.jar:4.1.101.Final]
	at io.netty.util.concurrent.SingleThreadEventExecutor$4.run(SingleThreadEventExecutor.java:997) ~[netty-common-4.1.101.Final.jar:4.1.101.Final]
	at io.netty.util.internal.ThreadExecutorMap$2.run(ThreadExecutorMap.java:74) ~[netty-common-4.1.101.Final.jar:4.1.101.Final]
	at io.netty.util.concurrent.FastThreadLocalRunnable.run(FastThreadLocalRunnable.java:30) ~[netty-common-4.1.101.Final.jar:4.1.101.Final]
	at java.base/java.lang.Thread.run(Thread.java:833) ~[na:na]

2026-05-16T12:34:51.200+05:30  INFO 5168 --- [admin-server] [reactor-http-nio-7] d.c.b.a.server.services.StatusUpdater    : Couldn't retrieve status for Instance(id=07cf2de62f22, version=2, registration=Registration(name=gateway-service, managementUrl=http://10.0.3.21:8080/actuator, healthUrl=http://10.0.3.21:8080/actuator/health, serviceUrl=http://10.0.3.21:8080/, source=http-api), registered=true, statusInfo=StatusInfo(status=UP, details={reactiveDiscoveryClients={status=UP, components={Simple Reactive Discovery Client={status=UP, details={services=[]}}, Spring Cloud Eureka Reactive Discovery Client={status=UP, details={services=[]}}}}, diskSpace={status=UP, details={total=236228440064, free=22133276672, threshold=10485760, path=C:\Users\Hp\Desktop\Parkease-Backend\gateway-service\., exists=true}}, ping={status=UP}, discoveryComposite={status=UP, components={discoveryClient={status=UP, details={services=[]}}, eureka={description=Eureka discovery client has not yet successfully connected to a Eureka server, status=UP, details={applications={}}}}}, refreshScope={status=UP}}), statusTimestamp=2026-05-16T06:47:58.608040Z, info=Info(values={}), endpoints=Endpoints(endpoints={caches=Endpoint(id=caches, url=http://10.0.3.21:8080/actuator/caches), loggers=Endpoint(id=loggers, url=http://10.0.3.21:8080/actuator/loggers), health=Endpoint(id=health, url=http://10.0.3.21:8080/actuator/health), refresh=Endpoint(id=refresh, url=http://10.0.3.21:8080/actuator/refresh), env=Endpoint(id=env, url=http://10.0.3.21:8080/actuator/env), serviceregistry=Endpoint(id=serviceregistry, url=http://10.0.3.21:8080/actuator/serviceregistry), heapdump=Endpoint(id=heapdump, url=http://10.0.3.21:8080/actuator/heapdump), features=Endpoint(id=features, url=http://10.0.3.21:8080/actuator/features), scheduledtasks=Endpoint(id=scheduledtasks, url=http://10.0.3.21:8080/actuator/scheduledtasks), mappings=Endpoint(id=mappings, url=http://10.0.3.21:8080/actuator/mappings), beans=Endpoint(id=beans, url=http://10.0.3.21:8080/actuator/beans), configprops=Endpoint(id=configprops, url=http://10.0.3.21:8080/actuator/configprops), threaddump=Endpoint(id=threaddump, url=http://10.0.3.21:8080/actuator/threaddump), metrics=Endpoint(id=metrics, url=http://10.0.3.21:8080/actuator/metrics), conditions=Endpoint(id=conditions, url=http://10.0.3.21:8080/actuator/conditions), info=Endpoint(id=info, url=http://10.0.3.21:8080/actuator/info)}), buildVersion=null, tags=Tags(values={}))

org.springframework.web.reactive.function.client.WebClientRequestException: executor not accepting a task
	at org.springframework.web.reactive.function.client.ExchangeFunctions$DefaultExchangeFunction.lambda$wrapException$9(ExchangeFunctions.java:136) ~[spring-webflux-6.1.1.jar:6.1.1]
	Suppressed: reactor.core.publisher.FluxOnAssembly$OnAssemblyException: 
Error has been observed at the following site(s):
	*__checkpoint ⇢ Request to GET health [DefaultWebClient]
Original Stack Trace:
		at org.springframework.web.reactive.function.client.ExchangeFunctions$DefaultExchangeFunction.lambda$wrapException$9(ExchangeFunctions.java:136) ~[spring-webflux-6.1.1.jar:6.1.1]
		at reactor.core.publisher.MonoErrorSupplied.subscribe(MonoErrorSupplied.java:55) ~[reactor-core-3.6.0.jar:3.6.0]
		at reactor.core.publisher.Mono.subscribe(Mono.java:4512) ~[reactor-core-3.6.0.jar:3.6.0]
		at reactor.core.publisher.FluxOnErrorResume$ResumeSubscriber.onError(FluxOnErrorResume.java:103) ~[reactor-core-3.6.0.jar:3.6.0]
		at reactor.core.publisher.FluxPeek$PeekSubscriber.onError(FluxPeek.java:222) ~[reactor-core-3.6.0.jar:3.6.0]
		at reactor.core.publisher.FluxPeek$PeekSubscriber.onError(FluxPeek.java:222) ~[reactor-core-3.6.0.jar:3.6.0]
		at reactor.core.publisher.FluxPeek$PeekSubscriber.onError(FluxPeek.java:222) ~[reactor-core-3.6.0.jar:3.6.0]
		at reactor.core.publisher.MonoNext$NextSubscriber.onError(MonoNext.java:93) ~[reactor-core-3.6.0.jar:3.6.0]
		at reactor.core.publisher.MonoFlatMapMany$FlatMapManyMain.onError(MonoFlatMapMany.java:204) ~[reactor-core-3.6.0.jar:3.6.0]
		at reactor.core.publisher.SerializedSubscriber.onError(SerializedSubscriber.java:124) ~[reactor-core-3.6.0.jar:3.6.0]
		at reactor.core.publisher.FluxRetryWhen$RetryWhenMainSubscriber.whenError(FluxRetryWhen.java:228) ~[reactor-core-3.6.0.jar:3.6.0]
		at reactor.core.publisher.FluxRetryWhen$RetryWhenOtherSubscriber.onError(FluxRetryWhen.java:278) ~[reactor-core-3.6.0.jar:3.6.0]
		at reactor.core.publisher.FluxContextWrite$ContextWriteSubscriber.onError(FluxContextWrite.java:121) ~[reactor-core-3.6.0.jar:3.6.0]
		at reactor.core.publisher.FluxConcatMapNoPrefetch$FluxConcatMapNoPrefetchSubscriber.maybeOnError(FluxConcatMapNoPrefetch.java:326) ~[reactor-core-3.6.0.jar:3.6.0]
		at reactor.core.publisher.FluxConcatMapNoPrefetch$FluxConcatMapNoPrefetchSubscriber.onNext(FluxConcatMapNoPrefetch.java:211) ~[reactor-core-3.6.0.jar:3.6.0]
		at reactor.core.publisher.FluxContextWrite$ContextWriteSubscriber.onNext(FluxContextWrite.java:107) ~[reactor-core-3.6.0.jar:3.6.0]
		at reactor.core.publisher.SinkManyEmitterProcessor.drain(SinkManyEmitterProcessor.java:476) ~[reactor-core-3.6.0.jar:3.6.0]
		at reactor.core.publisher.SinkManyEmitterProcessor$EmitterInner.drainParent(SinkManyEmitterProcessor.java:620) ~[reactor-core-3.6.0.jar:3.6.0]
		at reactor.core.publisher.FluxPublish$PubSubInner.request(FluxPublish.java:874) ~[reactor-core-3.6.0.jar:3.6.0]
		at reactor.core.publisher.FluxContextWrite$ContextWriteSubscriber.request(FluxContextWrite.java:136) ~[reactor-core-3.6.0.jar:3.6.0]
		at reactor.core.publisher.FluxConcatMapNoPrefetch$FluxConcatMapNoPrefetchSubscriber.request(FluxConcatMapNoPrefetch.java:336) ~[reactor-core-3.6.0.jar:3.6.0]
		at reactor.core.publisher.FluxContextWrite$ContextWriteSubscriber.request(FluxContextWrite.java:136) ~[reactor-core-3.6.0.jar:3.6.0]
		at reactor.core.publisher.Operators$DeferredSubscription.request(Operators.java:1743) ~[reactor-core-3.6.0.jar:3.6.0]
		at reactor.core.publisher.FluxRetryWhen$RetryWhenMainSubscriber.onError(FluxRetryWhen.java:195) ~[reactor-core-3.6.0.jar:3.6.0]
		at reactor.core.publisher.MonoCreate$DefaultMonoSink.error(MonoCreate.java:205) ~[reactor-core-3.6.0.jar:3.6.0]
		at reactor.netty.http.client.HttpClientConnect$MonoHttpConnect$ClientTransportSubscriber.onError(HttpClientConnect.java:311) ~[reactor-netty-http-1.1.13.jar:1.1.13]
		at reactor.core.publisher.MonoCreate$DefaultMonoSink.error(MonoCreate.java:205) ~[reactor-core-3.6.0.jar:3.6.0]
		at reactor.netty.resources.DefaultPooledConnectionProvider$DisposableAcquire.onError(DefaultPooledConnectionProvider.java:162) ~[reactor-netty-core-1.1.13.jar:1.1.13]
		at reactor.netty.internal.shaded.reactor.pool.AbstractPool$Borrower.fail(AbstractPool.java:475) ~[reactor-netty-core-1.1.13.jar:1.1.13]
		at reactor.netty.internal.shaded.reactor.pool.SimpleDequePool.lambda$drainLoop$9(SimpleDequePool.java:433) ~[reactor-netty-core-1.1.13.jar:1.1.13]
		at reactor.core.publisher.FluxDoOnEach$DoOnEachSubscriber.onError(FluxDoOnEach.java:186) ~[reactor-core-3.6.0.jar:3.6.0]
		at reactor.core.publisher.MonoCreate$DefaultMonoSink.error(MonoCreate.java:205) ~[reactor-core-3.6.0.jar:3.6.0]
		at reactor.netty.resources.DefaultPooledConnectionProvider$PooledConnectionAllocator$PooledConnectionInitializer.onError(DefaultPooledConnectionProvider.java:560) ~[reactor-netty-core-1.1.13.jar:1.1.13]
		at reactor.core.publisher.MonoFlatMap$FlatMapMain.secondError(MonoFlatMap.java:241) ~[reactor-core-3.6.0.jar:3.6.0]
		at reactor.core.publisher.MonoFlatMap$FlatMapInner.onError(MonoFlatMap.java:315) ~[reactor-core-3.6.0.jar:3.6.0]
		at reactor.core.publisher.FluxOnErrorResume$ResumeSubscriber.onError(FluxOnErrorResume.java:106) ~[reactor-core-3.6.0.jar:3.6.0]
		at reactor.core.publisher.Operators.error(Operators.java:198) ~[reactor-core-3.6.0.jar:3.6.0]
		at reactor.core.publisher.MonoError.subscribe(MonoError.java:53) ~[reactor-core-3.6.0.jar:3.6.0]
		at reactor.core.publisher.Mono.subscribe(Mono.java:4512) ~[reactor-core-3.6.0.jar:3.6.0]
		at reactor.core.publisher.FluxOnErrorResume$ResumeSubscriber.onError(FluxOnErrorResume.java:103) ~[reactor-core-3.6.0.jar:3.6.0]
		at reactor.core.publisher.Operators.error(Operators.java:198) ~[reactor-core-3.6.0.jar:3.6.0]
		at reactor.core.publisher.MonoError.subscribe(MonoError.java:53) ~[reactor-core-3.6.0.jar:3.6.0]
		at reactor.core.publisher.InternalMonoOperator.subscribe(InternalMonoOperator.java:76) ~[reactor-core-3.6.0.jar:3.6.0]
		at reactor.core.publisher.MonoFlatMap$FlatMapMain.onNext(MonoFlatMap.java:165) ~[reactor-core-3.6.0.jar:3.6.0]
		at reactor.netty.transport.TransportConnector$MonoChannelPromise._subscribe(TransportConnector.java:638) ~[reactor-netty-core-1.1.13.jar:1.1.13]
		at reactor.netty.transport.TransportConnector$MonoChannelPromise.lambda$subscribe$0(TransportConnector.java:550) ~[reactor-netty-core-1.1.13.jar:1.1.13]
		at io.netty.util.concurrent.AbstractEventExecutor.runTask(AbstractEventExecutor.java:173) ~[netty-common-4.1.101.Final.jar:4.1.101.Final]
		at io.netty.util.concurrent.AbstractEventExecutor.safeExecute(AbstractEventExecutor.java:166) ~[netty-common-4.1.101.Final.jar:4.1.101.Final]
		at io.netty.util.concurrent.SingleThreadEventExecutor.runAllTasks(SingleThreadEventExecutor.java:470) ~[netty-common-4.1.101.Final.jar:4.1.101.Final]
		at io.netty.channel.nio.NioEventLoop.run(NioEventLoop.java:569) ~[netty-transport-4.1.101.Final.jar:4.1.101.Final]
		at io.netty.util.concurrent.SingleThreadEventExecutor$4.run(SingleThreadEventExecutor.java:997) ~[netty-common-4.1.101.Final.jar:4.1.101.Final]
		at io.netty.util.internal.ThreadExecutorMap$2.run(ThreadExecutorMap.java:74) ~[netty-common-4.1.101.Final.jar:4.1.101.Final]
		at io.netty.util.concurrent.FastThreadLocalRunnable.run(FastThreadLocalRunnable.java:30) ~[netty-common-4.1.101.Final.jar:4.1.101.Final]
		at java.base/java.lang.Thread.run(Thread.java:833) ~[na:na]
Caused by: java.lang.IllegalStateException: executor not accepting a task
	at io.netty.resolver.AddressResolverGroup.getResolver(AddressResolverGroup.java:61) ~[netty-resolver-4.1.101.Final.jar:4.1.101.Final]
	at reactor.netty.transport.TransportConnector.doResolveAndConnect(TransportConnector.java:303) ~[reactor-netty-core-1.1.13.jar:1.1.13]
	at reactor.netty.transport.TransportConnector.lambda$connect$6(TransportConnector.java:165) ~[reactor-netty-core-1.1.13.jar:1.1.13]
	at reactor.core.publisher.MonoFlatMap$FlatMapMain.onNext(MonoFlatMap.java:132) ~[reactor-core-3.6.0.jar:3.6.0]
	at reactor.netty.transport.TransportConnector$MonoChannelPromise._subscribe(TransportConnector.java:638) ~[reactor-netty-core-1.1.13.jar:1.1.13]
	at reactor.netty.transport.TransportConnector$MonoChannelPromise.lambda$subscribe$0(TransportConnector.java:550) ~[reactor-netty-core-1.1.13.jar:1.1.13]
	at io.netty.util.concurrent.AbstractEventExecutor.runTask(AbstractEventExecutor.java:173) ~[netty-common-4.1.101.Final.jar:4.1.101.Final]
	at io.netty.util.concurrent.AbstractEventExecutor.safeExecute(AbstractEventExecutor.java:166) ~[netty-common-4.1.101.Final.jar:4.1.101.Final]
	at io.netty.util.concurrent.SingleThreadEventExecutor.runAllTasks(SingleThreadEventExecutor.java:470) ~[netty-common-4.1.101.Final.jar:4.1.101.Final]
	at io.netty.channel.nio.NioEventLoop.run(NioEventLoop.java:569) ~[netty-transport-4.1.101.Final.jar:4.1.101.Final]
	at io.netty.util.concurrent.SingleThreadEventExecutor$4.run(SingleThreadEventExecutor.java:997) ~[netty-common-4.1.101.Final.jar:4.1.101.Final]
	at io.netty.util.internal.ThreadExecutorMap$2.run(ThreadExecutorMap.java:74) ~[netty-common-4.1.101.Final.jar:4.1.101.Final]
	at io.netty.util.concurrent.FastThreadLocalRunnable.run(FastThreadLocalRunnable.java:30) ~[netty-common-4.1.101.Final.jar:4.1.101.Final]
	at java.base/java.lang.Thread.run(Thread.java:833) ~[na:na]

2026-05-16T12:34:51.200+05:30  INFO 5168 --- [admin-server] [reactor-http-nio-4] d.c.b.a.server.services.StatusUpdater    : Couldn't retrieve status for Instance(id=656b08829af6, version=2, registration=Registration(name=payment-service, managementUrl=http://10.0.3.21:8086/actuator, healthUrl=http://10.0.3.21:8086/actuator/health, serviceUrl=http://10.0.3.21:8086/, source=http-api), registered=true, statusInfo=StatusInfo(status=UP, details={diskSpace={status=UP, details={total=236228440064, free=22118576128, threshold=10485760, path=C:\Users\Hp\Desktop\Parkease-Backend\payment-service\., exists=true}}, ping={status=UP}, discoveryComposite={status=UP, components={discoveryClient={status=UP, details={services=[]}}, eureka={description=Eureka discovery client has not yet successfully connected to a Eureka server, status=UP, details={applications={}}}}}, rabbit={status=UP, details={version=4.3.0}}, refreshScope={status=UP}, db={status=UP, details={database=MySQL, validationQuery=isValid()}}}), statusTimestamp=2026-05-16T06:48:17.690781800Z, info=Info(values={}), endpoints=Endpoints(endpoints={caches=Endpoint(id=caches, url=http://10.0.3.21:8086/actuator/caches), loggers=Endpoint(id=loggers, url=http://10.0.3.21:8086/actuator/loggers), logfile=Endpoint(id=logfile, url=http://10.0.3.21:8086/actuator/logfile), health=Endpoint(id=health, url=http://10.0.3.21:8086/actuator/health), refresh=Endpoint(id=refresh, url=http://10.0.3.21:8086/actuator/refresh), env=Endpoint(id=env, url=http://10.0.3.21:8086/actuator/env), serviceregistry=Endpoint(id=serviceregistry, url=http://10.0.3.21:8086/actuator/serviceregistry), heapdump=Endpoint(id=heapdump, url=http://10.0.3.21:8086/actuator/heapdump), features=Endpoint(id=features, url=http://10.0.3.21:8086/actuator/features), scheduledtasks=Endpoint(id=scheduledtasks, url=http://10.0.3.21:8086/actuator/scheduledtasks), mappings=Endpoint(id=mappings, url=http://10.0.3.21:8086/actuator/mappings), beans=Endpoint(id=beans, url=http://10.0.3.21:8086/actuator/beans), configprops=Endpoint(id=configprops, url=http://10.0.3.21:8086/actuator/configprops), threaddump=Endpoint(id=threaddump, url=http://10.0.3.21:8086/actuator/threaddump), metrics=Endpoint(id=metrics, url=http://10.0.3.21:8086/actuator/metrics), conditions=Endpoint(id=conditions, url=http://10.0.3.21:8086/actuator/conditions), info=Endpoint(id=info, url=http://10.0.3.21:8086/actuator/info)}), buildVersion=null, tags=Tags(values={}))

org.springframework.web.reactive.function.client.WebClientRequestException: executor not accepting a task
	at org.springframework.web.reactive.function.client.ExchangeFunctions$DefaultExchangeFunction.lambda$wrapException$9(ExchangeFunctions.java:136) ~[spring-webflux-6.1.1.jar:6.1.1]
	Suppressed: reactor.core.publisher.FluxOnAssembly$OnAssemblyException: 
Error has been observed at the following site(s):
	*__checkpoint ⇢ Request to GET health [DefaultWebClient]
Original Stack Trace:
		at org.springframework.web.reactive.function.client.ExchangeFunctions$DefaultExchangeFunction.lambda$wrapException$9(ExchangeFunctions.java:136) ~[spring-webflux-6.1.1.jar:6.1.1]
		at reactor.core.publisher.MonoErrorSupplied.subscribe(MonoErrorSupplied.java:55) ~[reactor-core-3.6.0.jar:3.6.0]
		at reactor.core.publisher.Mono.subscribe(Mono.java:4512) ~[reactor-core-3.6.0.jar:3.6.0]
		at reactor.core.publisher.FluxOnErrorResume$ResumeSubscriber.onError(FluxOnErrorResume.java:103) ~[reactor-core-3.6.0.jar:3.6.0]
		at reactor.core.publisher.FluxPeek$PeekSubscriber.onError(FluxPeek.java:222) ~[reactor-core-3.6.0.jar:3.6.0]
		at reactor.core.publisher.FluxPeek$PeekSubscriber.onError(FluxPeek.java:222) ~[reactor-core-3.6.0.jar:3.6.0]
		at reactor.core.publisher.FluxPeek$PeekSubscriber.onError(FluxPeek.java:222) ~[reactor-core-3.6.0.jar:3.6.0]
		at reactor.core.publisher.MonoNext$NextSubscriber.onError(MonoNext.java:93) ~[reactor-core-3.6.0.jar:3.6.0]
		at reactor.core.publisher.MonoFlatMapMany$FlatMapManyMain.onError(MonoFlatMapMany.java:204) ~[reactor-core-3.6.0.jar:3.6.0]
		at reactor.core.publisher.SerializedSubscriber.onError(SerializedSubscriber.java:124) ~[reactor-core-3.6.0.jar:3.6.0]
		at reactor.core.publisher.FluxRetryWhen$RetryWhenMainSubscriber.whenError(FluxRetryWhen.java:228) ~[reactor-core-3.6.0.jar:3.6.0]
		at reactor.core.publisher.FluxRetryWhen$RetryWhenOtherSubscriber.onError(FluxRetryWhen.java:278) ~[reactor-core-3.6.0.jar:3.6.0]
		at reactor.core.publisher.FluxContextWrite$ContextWriteSubscriber.onError(FluxContextWrite.java:121) ~[reactor-core-3.6.0.jar:3.6.0]
		at reactor.core.publisher.FluxConcatMapNoPrefetch$FluxConcatMapNoPrefetchSubscriber.maybeOnError(FluxConcatMapNoPrefetch.java:326) ~[reactor-core-3.6.0.jar:3.6.0]
		at reactor.core.publisher.FluxConcatMapNoPrefetch$FluxConcatMapNoPrefetchSubscriber.onNext(FluxConcatMapNoPrefetch.java:211) ~[reactor-core-3.6.0.jar:3.6.0]
		at reactor.core.publisher.FluxContextWrite$ContextWriteSubscriber.onNext(FluxContextWrite.java:107) ~[reactor-core-3.6.0.jar:3.6.0]
		at reactor.core.publisher.SinkManyEmitterProcessor.drain(SinkManyEmitterProcessor.java:476) ~[reactor-core-3.6.0.jar:3.6.0]
		at reactor.core.publisher.SinkManyEmitterProcessor$EmitterInner.drainParent(SinkManyEmitterProcessor.java:620) ~[reactor-core-3.6.0.jar:3.6.0]
		at reactor.core.publisher.FluxPublish$PubSubInner.request(FluxPublish.java:874) ~[reactor-core-3.6.0.jar:3.6.0]
		at reactor.core.publisher.FluxContextWrite$ContextWriteSubscriber.request(FluxContextWrite.java:136) ~[reactor-core-3.6.0.jar:3.6.0]
		at reactor.core.publisher.FluxConcatMapNoPrefetch$FluxConcatMapNoPrefetchSubscriber.request(FluxConcatMapNoPrefetch.java:336) ~[reactor-core-3.6.0.jar:3.6.0]
		at reactor.core.publisher.FluxContextWrite$ContextWriteSubscriber.request(FluxContextWrite.java:136) ~[reactor-core-3.6.0.jar:3.6.0]
		at reactor.core.publisher.Operators$DeferredSubscription.request(Operators.java:1743) ~[reactor-core-3.6.0.jar:3.6.0]
		at reactor.core.publisher.FluxRetryWhen$RetryWhenMainSubscriber.onError(FluxRetryWhen.java:195) ~[reactor-core-3.6.0.jar:3.6.0]
		at reactor.core.publisher.MonoCreate$DefaultMonoSink.error(MonoCreate.java:205) ~[reactor-core-3.6.0.jar:3.6.0]
		at reactor.netty.http.client.HttpClientConnect$MonoHttpConnect$ClientTransportSubscriber.onError(HttpClientConnect.java:311) ~[reactor-netty-http-1.1.13.jar:1.1.13]
		at reactor.core.publisher.MonoCreate$DefaultMonoSink.error(MonoCreate.java:205) ~[reactor-core-3.6.0.jar:3.6.0]
		at reactor.netty.resources.DefaultPooledConnectionProvider$DisposableAcquire.onError(DefaultPooledConnectionProvider.java:162) ~[reactor-netty-core-1.1.13.jar:1.1.13]
		at reactor.netty.internal.shaded.reactor.pool.AbstractPool$Borrower.fail(AbstractPool.java:475) ~[reactor-netty-core-1.1.13.jar:1.1.13]
		at reactor.netty.internal.shaded.reactor.pool.SimpleDequePool.lambda$drainLoop$9(SimpleDequePool.java:433) ~[reactor-netty-core-1.1.13.jar:1.1.13]
		at reactor.core.publisher.FluxDoOnEach$DoOnEachSubscriber.onError(FluxDoOnEach.java:186) ~[reactor-core-3.6.0.jar:3.6.0]
		at reactor.core.publisher.MonoCreate$DefaultMonoSink.error(MonoCreate.java:205) ~[reactor-core-3.6.0.jar:3.6.0]
		at reactor.netty.resources.DefaultPooledConnectionProvider$PooledConnectionAllocator$PooledConnectionInitializer.onError(DefaultPooledConnectionProvider.java:560) ~[reactor-netty-core-1.1.13.jar:1.1.13]
		at reactor.core.publisher.MonoFlatMap$FlatMapMain.secondError(MonoFlatMap.java:241) ~[reactor-core-3.6.0.jar:3.6.0]
		at reactor.core.publisher.MonoFlatMap$FlatMapInner.onError(MonoFlatMap.java:315) ~[reactor-core-3.6.0.jar:3.6.0]
		at reactor.core.publisher.FluxOnErrorResume$ResumeSubscriber.onError(FluxOnErrorResume.java:106) ~[reactor-core-3.6.0.jar:3.6.0]
		at reactor.core.publisher.Operators.error(Operators.java:198) ~[reactor-core-3.6.0.jar:3.6.0]
		at reactor.core.publisher.MonoError.subscribe(MonoError.java:53) ~[reactor-core-3.6.0.jar:3.6.0]
		at reactor.core.publisher.Mono.subscribe(Mono.java:4512) ~[reactor-core-3.6.0.jar:3.6.0]
		at reactor.core.publisher.FluxOnErrorResume$ResumeSubscriber.onError(FluxOnErrorResume.java:103) ~[reactor-core-3.6.0.jar:3.6.0]
		at reactor.core.publisher.Operators.error(Operators.java:198) ~[reactor-core-3.6.0.jar:3.6.0]
		at reactor.core.publisher.MonoError.subscribe(MonoError.java:53) ~[reactor-core-3.6.0.jar:3.6.0]
		at reactor.core.publisher.InternalMonoOperator.subscribe(InternalMonoOperator.java:76) ~[reactor-core-3.6.0.jar:3.6.0]
		at reactor.core.publisher.MonoFlatMap$FlatMapMain.onNext(MonoFlatMap.java:165) ~[reactor-core-3.6.0.jar:3.6.0]
		at reactor.netty.transport.TransportConnector$MonoChannelPromise._subscribe(TransportConnector.java:638) ~[reactor-netty-core-1.1.13.jar:1.1.13]
		at reactor.netty.transport.TransportConnector$MonoChannelPromise.lambda$subscribe$0(TransportConnector.java:550) ~[reactor-netty-core-1.1.13.jar:1.1.13]
		at io.netty.util.concurrent.AbstractEventExecutor.runTask(AbstractEventExecutor.java:173) ~[netty-common-4.1.101.Final.jar:4.1.101.Final]
		at io.netty.util.concurrent.AbstractEventExecutor.safeExecute(AbstractEventExecutor.java:166) ~[netty-common-4.1.101.Final.jar:4.1.101.Final]
		at io.netty.util.concurrent.SingleThreadEventExecutor.runAllTasks(SingleThreadEventExecutor.java:470) ~[netty-common-4.1.101.Final.jar:4.1.101.Final]
		at io.netty.channel.nio.NioEventLoop.run(NioEventLoop.java:569) ~[netty-transport-4.1.101.Final.jar:4.1.101.Final]
		at io.netty.util.concurrent.SingleThreadEventExecutor$4.run(SingleThreadEventExecutor.java:997) ~[netty-common-4.1.101.Final.jar:4.1.101.Final]
		at io.netty.util.internal.ThreadExecutorMap$2.run(ThreadExecutorMap.java:74) ~[netty-common-4.1.101.Final.jar:4.1.101.Final]
		at io.netty.util.concurrent.FastThreadLocalRunnable.run(FastThreadLocalRunnable.java:30) ~[netty-common-4.1.101.Final.jar:4.1.101.Final]
		at java.base/java.lang.Thread.run(Thread.java:833) ~[na:na]
Caused by: java.lang.IllegalStateException: executor not accepting a task
	at io.netty.resolver.AddressResolverGroup.getResolver(AddressResolverGroup.java:61) ~[netty-resolver-4.1.101.Final.jar:4.1.101.Final]
	at reactor.netty.transport.TransportConnector.doResolveAndConnect(TransportConnector.java:303) ~[reactor-netty-core-1.1.13.jar:1.1.13]
	at reactor.netty.transport.TransportConnector.lambda$connect$6(TransportConnector.java:165) ~[reactor-netty-core-1.1.13.jar:1.1.13]
	at reactor.core.publisher.MonoFlatMap$FlatMapMain.onNext(MonoFlatMap.java:132) ~[reactor-core-3.6.0.jar:3.6.0]
	at reactor.netty.transport.TransportConnector$MonoChannelPromise._subscribe(TransportConnector.java:638) ~[reactor-netty-core-1.1.13.jar:1.1.13]
	at reactor.netty.transport.TransportConnector$MonoChannelPromise.lambda$subscribe$0(TransportConnector.java:550) ~[reactor-netty-core-1.1.13.jar:1.1.13]
	at io.netty.util.concurrent.AbstractEventExecutor.runTask(AbstractEventExecutor.java:173) ~[netty-common-4.1.101.Final.jar:4.1.101.Final]
	at io.netty.util.concurrent.AbstractEventExecutor.safeExecute(AbstractEventExecutor.java:166) ~[netty-common-4.1.101.Final.jar:4.1.101.Final]
	at io.netty.util.concurrent.SingleThreadEventExecutor.runAllTasks(SingleThreadEventExecutor.java:470) ~[netty-common-4.1.101.Final.jar:4.1.101.Final]
	at io.netty.channel.nio.NioEventLoop.run(NioEventLoop.java:569) ~[netty-transport-4.1.101.Final.jar:4.1.101.Final]
	at io.netty.util.concurrent.SingleThreadEventExecutor$4.run(SingleThreadEventExecutor.java:997) ~[netty-common-4.1.101.Final.jar:4.1.101.Final]
	at io.netty.util.internal.ThreadExecutorMap$2.run(ThreadExecutorMap.java:74) ~[netty-common-4.1.101.Final.jar:4.1.101.Final]
	at io.netty.util.concurrent.FastThreadLocalRunnable.run(FastThreadLocalRunnable.java:30) ~[netty-common-4.1.101.Final.jar:4.1.101.Final]
	at java.base/java.lang.Thread.run(Thread.java:833) ~[na:na]

2026-05-16T12:34:51.200+05:30  INFO 5168 --- [admin-server] [reactor-http-nio-5] d.c.b.a.server.services.StatusUpdater    : Couldn't retrieve status for Instance(id=b61e4422d47a, version=2, registration=Registration(name=analytics-service, managementUrl=http://10.0.3.21:8088/actuator, healthUrl=http://10.0.3.21:8088/actuator/health, serviceUrl=http://10.0.3.21:8088/, source=http-api), registered=true, statusInfo=StatusInfo(status=UP, details={db={status=UP, details={database=MySQL, validationQuery=isValid()}}, diskSpace={status=UP, details={total=236228440064, free=22118576128, threshold=10485760, path=C:\Users\Hp\Desktop\Parkease-Backend\analytics-service\., exists=true}}, ping={status=UP}, discoveryComposite={status=UP, components={discoveryClient={status=UP, details={services=[]}}, eureka={description=Eureka discovery client has not yet successfully connected to a Eureka server, status=UP, details={applications={}}}}}, refreshScope={status=UP}}), statusTimestamp=2026-05-16T06:48:19.429342400Z, info=Info(values={}), endpoints=Endpoints(endpoints={ratelimiterevents=Endpoint(id=ratelimiterevents, url=http://10.0.3.21:8088/actuator/ratelimiterevents), caches=Endpoint(id=caches, url=http://10.0.3.21:8088/actuator/caches), loggers=Endpoint(id=loggers, url=http://10.0.3.21:8088/actuator/loggers), heapdump=Endpoint(id=heapdump, url=http://10.0.3.21:8088/actuator/heapdump), circuitbreakers=Endpoint(id=circuitbreakers, url=http://10.0.3.21:8088/actuator/circuitbreakers), features=Endpoint(id=features, url=http://10.0.3.21:8088/actuator/features), timelimiterevents=Endpoint(id=timelimiterevents, url=http://10.0.3.21:8088/actuator/timelimiterevents), beans=Endpoint(id=beans, url=http://10.0.3.21:8088/actuator/beans), configprops=Endpoint(id=configprops, url=http://10.0.3.21:8088/actuator/configprops), threaddump=Endpoint(id=threaddump, url=http://10.0.3.21:8088/actuator/threaddump), ratelimiters=Endpoint(id=ratelimiters, url=http://10.0.3.21:8088/actuator/ratelimiters), info=Endpoint(id=info, url=http://10.0.3.21:8088/actuator/info), timelimiters=Endpoint(id=timelimiters, url=http://10.0.3.21:8088/actuator/timelimiters), circuitbreakerevents=Endpoint(id=circuitbreakerevents, url=http://10.0.3.21:8088/actuator/circuitbreakerevents), logfile=Endpoint(id=logfile, url=http://10.0.3.21:8088/actuator/logfile), health=Endpoint(id=health, url=http://10.0.3.21:8088/actuator/health), refresh=Endpoint(id=refresh, url=http://10.0.3.21:8088/actuator/refresh), env=Endpoint(id=env, url=http://10.0.3.21:8088/actuator/env), serviceregistry=Endpoint(id=serviceregistry, url=http://10.0.3.21:8088/actuator/serviceregistry), retries=Endpoint(id=retries, url=http://10.0.3.21:8088/actuator/retries), retryevents=Endpoint(id=retryevents, url=http://10.0.3.21:8088/actuator/retryevents), scheduledtasks=Endpoint(id=scheduledtasks, url=http://10.0.3.21:8088/actuator/scheduledtasks), mappings=Endpoint(id=mappings, url=http://10.0.3.21:8088/actuator/mappings), metrics=Endpoint(id=metrics, url=http://10.0.3.21:8088/actuator/metrics), conditions=Endpoint(id=conditions, url=http://10.0.3.21:8088/actuator/conditions)}), buildVersion=null, tags=Tags(values={}))

org.springframework.web.reactive.function.client.WebClientRequestException: executor not accepting a task
	at org.springframework.web.reactive.function.client.ExchangeFunctions$DefaultExchangeFunction.lambda$wrapException$9(ExchangeFunctions.java:136) ~[spring-webflux-6.1.1.jar:6.1.1]
	Suppressed: reactor.core.publisher.FluxOnAssembly$OnAssemblyException: 
Error has been observed at the following site(s):
	*__checkpoint ⇢ Request to GET health [DefaultWebClient]
Original Stack Trace:
		at org.springframework.web.reactive.function.client.ExchangeFunctions$DefaultExchangeFunction.lambda$wrapException$9(ExchangeFunctions.java:136) ~[spring-webflux-6.1.1.jar:6.1.1]
		at reactor.core.publisher.MonoErrorSupplied.subscribe(MonoErrorSupplied.java:55) ~[reactor-core-3.6.0.jar:3.6.0]
		at reactor.core.publisher.Mono.subscribe(Mono.java:4512) ~[reactor-core-3.6.0.jar:3.6.0]
		at reactor.core.publisher.FluxOnErrorResume$ResumeSubscriber.onError(FluxOnErrorResume.java:103) ~[reactor-core-3.6.0.jar:3.6.0]
		at reactor.core.publisher.FluxPeek$PeekSubscriber.onError(FluxPeek.java:222) ~[reactor-core-3.6.0.jar:3.6.0]
		at reactor.core.publisher.FluxPeek$PeekSubscriber.onError(FluxPeek.java:222) ~[reactor-core-3.6.0.jar:3.6.0]
		at reactor.core.publisher.FluxPeek$PeekSubscriber.onError(FluxPeek.java:222) ~[reactor-core-3.6.0.jar:3.6.0]
		at reactor.core.publisher.MonoNext$NextSubscriber.onError(MonoNext.java:93) ~[reactor-core-3.6.0.jar:3.6.0]
		at reactor.core.publisher.MonoFlatMapMany$FlatMapManyMain.onError(MonoFlatMapMany.java:204) ~[reactor-core-3.6.0.jar:3.6.0]
		at reactor.core.publisher.SerializedSubscriber.onError(SerializedSubscriber.java:124) ~[reactor-core-3.6.0.jar:3.6.0]
		at reactor.core.publisher.FluxRetryWhen$RetryWhenMainSubscriber.whenError(FluxRetryWhen.java:228) ~[reactor-core-3.6.0.jar:3.6.0]
		at reactor.core.publisher.FluxRetryWhen$RetryWhenOtherSubscriber.onError(FluxRetryWhen.java:278) ~[reactor-core-3.6.0.jar:3.6.0]
		at reactor.core.publisher.FluxContextWrite$ContextWriteSubscriber.onError(FluxContextWrite.java:121) ~[reactor-core-3.6.0.jar:3.6.0]
		at reactor.core.publisher.FluxConcatMapNoPrefetch$FluxConcatMapNoPrefetchSubscriber.maybeOnError(FluxConcatMapNoPrefetch.java:326) ~[reactor-core-3.6.0.jar:3.6.0]
		at reactor.core.publisher.FluxConcatMapNoPrefetch$FluxConcatMapNoPrefetchSubscriber.onNext(FluxConcatMapNoPrefetch.java:211) ~[reactor-core-3.6.0.jar:3.6.0]
		at reactor.core.publisher.FluxContextWrite$ContextWriteSubscriber.onNext(FluxContextWrite.java:107) ~[reactor-core-3.6.0.jar:3.6.0]
		at reactor.core.publisher.SinkManyEmitterProcessor.drain(SinkManyEmitterProcessor.java:476) ~[reactor-core-3.6.0.jar:3.6.0]
		at reactor.core.publisher.SinkManyEmitterProcessor$EmitterInner.drainParent(SinkManyEmitterProcessor.java:620) ~[reactor-core-3.6.0.jar:3.6.0]
		at reactor.core.publisher.FluxPublish$PubSubInner.request(FluxPublish.java:874) ~[reactor-core-3.6.0.jar:3.6.0]
		at reactor.core.publisher.FluxContextWrite$ContextWriteSubscriber.request(FluxContextWrite.java:136) ~[reactor-core-3.6.0.jar:3.6.0]
		at reactor.core.publisher.FluxConcatMapNoPrefetch$FluxConcatMapNoPrefetchSubscriber.request(FluxConcatMapNoPrefetch.java:336) ~[reactor-core-3.6.0.jar:3.6.0]
		at reactor.core.publisher.FluxContextWrite$ContextWriteSubscriber.request(FluxContextWrite.java:136) ~[reactor-core-3.6.0.jar:3.6.0]
		at reactor.core.publisher.Operators$DeferredSubscription.request(Operators.java:1743) ~[reactor-core-3.6.0.jar:3.6.0]
		at reactor.core.publisher.FluxRetryWhen$RetryWhenMainSubscriber.onError(FluxRetryWhen.java:195) ~[reactor-core-3.6.0.jar:3.6.0]
		at reactor.core.publisher.MonoCreate$DefaultMonoSink.error(MonoCreate.java:205) ~[reactor-core-3.6.0.jar:3.6.0]
		at reactor.netty.http.client.HttpClientConnect$MonoHttpConnect$ClientTransportSubscriber.onError(HttpClientConnect.java:311) ~[reactor-netty-http-1.1.13.jar:1.1.13]
		at reactor.core.publisher.MonoCreate$DefaultMonoSink.error(MonoCreate.java:205) ~[reactor-core-3.6.0.jar:3.6.0]
		at reactor.netty.resources.DefaultPooledConnectionProvider$DisposableAcquire.onError(DefaultPooledConnectionProvider.java:162) ~[reactor-netty-core-1.1.13.jar:1.1.13]
		at reactor.netty.internal.shaded.reactor.pool.AbstractPool$Borrower.fail(AbstractPool.java:475) ~[reactor-netty-core-1.1.13.jar:1.1.13]
		at reactor.netty.internal.shaded.reactor.pool.SimpleDequePool.lambda$drainLoop$9(SimpleDequePool.java:433) ~[reactor-netty-core-1.1.13.jar:1.1.13]
		at reactor.core.publisher.FluxDoOnEach$DoOnEachSubscriber.onError(FluxDoOnEach.java:186) ~[reactor-core-3.6.0.jar:3.6.0]
		at reactor.core.publisher.MonoCreate$DefaultMonoSink.error(MonoCreate.java:205) ~[reactor-core-3.6.0.jar:3.6.0]
		at reactor.netty.resources.DefaultPooledConnectionProvider$PooledConnectionAllocator$PooledConnectionInitializer.onError(DefaultPooledConnectionProvider.java:560) ~[reactor-netty-core-1.1.13.jar:1.1.13]
		at reactor.core.publisher.MonoFlatMap$FlatMapMain.secondError(MonoFlatMap.java:241) ~[reactor-core-3.6.0.jar:3.6.0]
		at reactor.core.publisher.MonoFlatMap$FlatMapInner.onError(MonoFlatMap.java:315) ~[reactor-core-3.6.0.jar:3.6.0]
		at reactor.core.publisher.FluxOnErrorResume$ResumeSubscriber.onError(FluxOnErrorResume.java:106) ~[reactor-core-3.6.0.jar:3.6.0]
		at reactor.core.publisher.Operators.error(Operators.java:198) ~[reactor-core-3.6.0.jar:3.6.0]
		at reactor.core.publisher.MonoError.subscribe(MonoError.java:53) ~[reactor-core-3.6.0.jar:3.6.0]
		at reactor.core.publisher.Mono.subscribe(Mono.java:4512) ~[reactor-core-3.6.0.jar:3.6.0]
		at reactor.core.publisher.FluxOnErrorResume$ResumeSubscriber.onError(FluxOnErrorResume.java:103) ~[reactor-core-3.6.0.jar:3.6.0]
		at reactor.core.publisher.Operators.error(Operators.java:198) ~[reactor-core-3.6.0.jar:3.6.0]
		at reactor.core.publisher.MonoError.subscribe(MonoError.java:53) ~[reactor-core-3.6.0.jar:3.6.0]
		at reactor.core.publisher.InternalMonoOperator.subscribe(InternalMonoOperator.java:76) ~[reactor-core-3.6.0.jar:3.6.0]
		at reactor.core.publisher.MonoFlatMap$FlatMapMain.onNext(MonoFlatMap.java:165) ~[reactor-core-3.6.0.jar:3.6.0]
		at reactor.netty.transport.TransportConnector$MonoChannelPromise._subscribe(TransportConnector.java:638) ~[reactor-netty-core-1.1.13.jar:1.1.13]
		at reactor.netty.transport.TransportConnector$MonoChannelPromise.lambda$subscribe$0(TransportConnector.java:550) ~[reactor-netty-core-1.1.13.jar:1.1.13]
		at io.netty.util.concurrent.AbstractEventExecutor.runTask(AbstractEventExecutor.java:173) ~[netty-common-4.1.101.Final.jar:4.1.101.Final]
		at io.netty.util.concurrent.AbstractEventExecutor.safeExecute(AbstractEventExecutor.java:166) ~[netty-common-4.1.101.Final.jar:4.1.101.Final]
		at io.netty.util.concurrent.SingleThreadEventExecutor.runAllTasks(SingleThreadEventExecutor.java:470) ~[netty-common-4.1.101.Final.jar:4.1.101.Final]
		at io.netty.channel.nio.NioEventLoop.run(NioEventLoop.java:569) ~[netty-transport-4.1.101.Final.jar:4.1.101.Final]
		at io.netty.util.concurrent.SingleThreadEventExecutor$4.run(SingleThreadEventExecutor.java:997) ~[netty-common-4.1.101.Final.jar:4.1.101.Final]
		at io.netty.util.internal.ThreadExecutorMap$2.run(ThreadExecutorMap.java:74) ~[netty-common-4.1.101.Final.jar:4.1.101.Final]
		at io.netty.util.concurrent.FastThreadLocalRunnable.run(FastThreadLocalRunnable.java:30) ~[netty-common-4.1.101.Final.jar:4.1.101.Final]
		at java.base/java.lang.Thread.run(Thread.java:833) ~[na:na]
Caused by: java.lang.IllegalStateException: executor not accepting a task
	at io.netty.resolver.AddressResolverGroup.getResolver(AddressResolverGroup.java:61) ~[netty-resolver-4.1.101.Final.jar:4.1.101.Final]
	at reactor.netty.transport.TransportConnector.doResolveAndConnect(TransportConnector.java:303) ~[reactor-netty-core-1.1.13.jar:1.1.13]
	at reactor.netty.transport.TransportConnector.lambda$connect$6(TransportConnector.java:165) ~[reactor-netty-core-1.1.13.jar:1.1.13]
	at reactor.core.publisher.MonoFlatMap$FlatMapMain.onNext(MonoFlatMap.java:132) ~[reactor-core-3.6.0.jar:3.6.0]
	at reactor.netty.transport.TransportConnector$MonoChannelPromise._subscribe(TransportConnector.java:638) ~[reactor-netty-core-1.1.13.jar:1.1.13]
	at reactor.netty.transport.TransportConnector$MonoChannelPromise.lambda$subscribe$0(TransportConnector.java:550) ~[reactor-netty-core-1.1.13.jar:1.1.13]
	at io.netty.util.concurrent.AbstractEventExecutor.runTask(AbstractEventExecutor.java:173) ~[netty-common-4.1.101.Final.jar:4.1.101.Final]
	at io.netty.util.concurrent.AbstractEventExecutor.safeExecute(AbstractEventExecutor.java:166) ~[netty-common-4.1.101.Final.jar:4.1.101.Final]
	at io.netty.util.concurrent.SingleThreadEventExecutor.runAllTasks(SingleThreadEventExecutor.java:470) ~[netty-common-4.1.101.Final.jar:4.1.101.Final]
	at io.netty.channel.nio.NioEventLoop.run(NioEventLoop.java:569) ~[netty-transport-4.1.101.Final.jar:4.1.101.Final]
	at io.netty.util.concurrent.SingleThreadEventExecutor$4.run(SingleThreadEventExecutor.java:997) ~[netty-common-4.1.101.Final.jar:4.1.101.Final]
	at io.netty.util.internal.ThreadExecutorMap$2.run(ThreadExecutorMap.java:74) ~[netty-common-4.1.101.Final.jar:4.1.101.Final]
	at io.netty.util.concurrent.FastThreadLocalRunnable.run(FastThreadLocalRunnable.java:30) ~[netty-common-4.1.101.Final.jar:4.1.101.Final]
	at java.base/java.lang.Thread.run(Thread.java:833) ~[na:na]

2026-05-16T12:34:51.201+05:30  WARN 5168 --- [admin-server] [reactor-http-nio-10] d.c.b.admin.server.services.InfoUpdater  : Couldn't retrieve info for Instance(id=c62ed5e44989, version=2, registration=Registration(name=discovery-service, managementUrl=http://10.0.3.21:8761/actuator, healthUrl=http://10.0.3.21:8761/actuator/health, serviceUrl=http://10.0.3.21:8761/, source=http-api), registered=true, statusInfo=StatusInfo(status=UP, details={diskSpace={status=UP, details={total=236228440064, free=22118948864, threshold=10485760, path=C:\Users\Hp\Desktop\Parkease-Backend\discovery-service\., exists=true}}, ping={status=UP}, discoveryComposite={status=UP, components={discoveryClient={status=UP, details={services=[]}}, eureka={description=Remote status from Eureka server, status=UNKNOWN, details={applications={}}}}}, refreshScope={status=UP}}), statusTimestamp=2026-05-16T06:48:05.332479900Z, info=Info(values={}), endpoints=Endpoints(endpoints={caches=Endpoint(id=caches, url=http://10.0.3.21:8761/actuator/caches), loggers=Endpoint(id=loggers, url=http://10.0.3.21:8761/actuator/loggers), health=Endpoint(id=health, url=http://10.0.3.21:8761/actuator/health), refresh=Endpoint(id=refresh, url=http://10.0.3.21:8761/actuator/refresh), env=Endpoint(id=env, url=http://10.0.3.21:8761/actuator/env), serviceregistry=Endpoint(id=serviceregistry, url=http://10.0.3.21:8761/actuator/serviceregistry), heapdump=Endpoint(id=heapdump, url=http://10.0.3.21:8761/actuator/heapdump), features=Endpoint(id=features, url=http://10.0.3.21:8761/actuator/features), scheduledtasks=Endpoint(id=scheduledtasks, url=http://10.0.3.21:8761/actuator/scheduledtasks), mappings=Endpoint(id=mappings, url=http://10.0.3.21:8761/actuator/mappings), beans=Endpoint(id=beans, url=http://10.0.3.21:8761/actuator/beans), configprops=Endpoint(id=configprops, url=http://10.0.3.21:8761/actuator/configprops), threaddump=Endpoint(id=threaddump, url=http://10.0.3.21:8761/actuator/threaddump), metrics=Endpoint(id=metrics, url=http://10.0.3.21:8761/actuator/metrics), conditions=Endpoint(id=conditions, url=http://10.0.3.21:8761/actuator/conditions), info=Endpoint(id=info, url=http://10.0.3.21:8761/actuator/info)}), buildVersion=null, tags=Tags(values={}))

org.springframework.web.reactive.function.client.WebClientRequestException: executor not accepting a task
	at org.springframework.web.reactive.function.client.ExchangeFunctions$DefaultExchangeFunction.lambda$wrapException$9(ExchangeFunctions.java:136) ~[spring-webflux-6.1.1.jar:6.1.1]
	Suppressed: reactor.core.publisher.FluxOnAssembly$OnAssemblyException: 
Error has been observed at the following site(s):
	*__checkpoint ⇢ Request to GET info [DefaultWebClient]
Original Stack Trace:
		at org.springframework.web.reactive.function.client.ExchangeFunctions$DefaultExchangeFunction.lambda$wrapException$9(ExchangeFunctions.java:136) ~[spring-webflux-6.1.1.jar:6.1.1]
		at reactor.core.publisher.MonoErrorSupplied.subscribe(MonoErrorSupplied.java:55) ~[reactor-core-3.6.0.jar:3.6.0]
		at reactor.core.publisher.Mono.subscribe(Mono.java:4512) ~[reactor-core-3.6.0.jar:3.6.0]
		at reactor.core.publisher.FluxOnErrorResume$ResumeSubscriber.onError(FluxOnErrorResume.java:103) ~[reactor-core-3.6.0.jar:3.6.0]
		at reactor.core.publisher.FluxPeek$PeekSubscriber.onError(FluxPeek.java:222) ~[reactor-core-3.6.0.jar:3.6.0]
		at reactor.core.publisher.FluxPeek$PeekSubscriber.onError(FluxPeek.java:222) ~[reactor-core-3.6.0.jar:3.6.0]
		at reactor.core.publisher.FluxPeek$PeekSubscriber.onError(FluxPeek.java:222) ~[reactor-core-3.6.0.jar:3.6.0]
		at reactor.core.publisher.MonoNext$NextSubscriber.onError(MonoNext.java:93) ~[reactor-core-3.6.0.jar:3.6.0]
		at reactor.core.publisher.MonoFlatMapMany$FlatMapManyMain.onError(MonoFlatMapMany.java:204) ~[reactor-core-3.6.0.jar:3.6.0]
		at reactor.core.publisher.SerializedSubscriber.onError(SerializedSubscriber.java:124) ~[reactor-core-3.6.0.jar:3.6.0]
		at reactor.core.publisher.FluxRetryWhen$RetryWhenMainSubscriber.whenError(FluxRetryWhen.java:228) ~[reactor-core-3.6.0.jar:3.6.0]
		at reactor.core.publisher.FluxRetryWhen$RetryWhenOtherSubscriber.onError(FluxRetryWhen.java:278) ~[reactor-core-3.6.0.jar:3.6.0]
		at reactor.core.publisher.FluxContextWrite$ContextWriteSubscriber.onError(FluxContextWrite.java:121) ~[reactor-core-3.6.0.jar:3.6.0]
		at reactor.core.publisher.FluxConcatMapNoPrefetch$FluxConcatMapNoPrefetchSubscriber.maybeOnError(FluxConcatMapNoPrefetch.java:326) ~[reactor-core-3.6.0.jar:3.6.0]
		at reactor.core.publisher.FluxConcatMapNoPrefetch$FluxConcatMapNoPrefetchSubscriber.onNext(FluxConcatMapNoPrefetch.java:211) ~[reactor-core-3.6.0.jar:3.6.0]
		at reactor.core.publisher.FluxContextWrite$ContextWriteSubscriber.onNext(FluxContextWrite.java:107) ~[reactor-core-3.6.0.jar:3.6.0]
		at reactor.core.publisher.SinkManyEmitterProcessor.drain(SinkManyEmitterProcessor.java:476) ~[reactor-core-3.6.0.jar:3.6.0]
		at reactor.core.publisher.SinkManyEmitterProcessor$EmitterInner.drainParent(SinkManyEmitterProcessor.java:620) ~[reactor-core-3.6.0.jar:3.6.0]
		at reactor.core.publisher.FluxPublish$PubSubInner.request(FluxPublish.java:874) ~[reactor-core-3.6.0.jar:3.6.0]
		at reactor.core.publisher.FluxContextWrite$ContextWriteSubscriber.request(FluxContextWrite.java:136) ~[reactor-core-3.6.0.jar:3.6.0]
		at reactor.core.publisher.FluxConcatMapNoPrefetch$FluxConcatMapNoPrefetchSubscriber.request(FluxConcatMapNoPrefetch.java:336) ~[reactor-core-3.6.0.jar:3.6.0]
		at reactor.core.publisher.FluxContextWrite$ContextWriteSubscriber.request(FluxContextWrite.java:136) ~[reactor-core-3.6.0.jar:3.6.0]
		at reactor.core.publisher.Operators$DeferredSubscription.request(Operators.java:1743) ~[reactor-core-3.6.0.jar:3.6.0]
		at reactor.core.publisher.FluxRetryWhen$RetryWhenMainSubscriber.onError(FluxRetryWhen.java:195) ~[reactor-core-3.6.0.jar:3.6.0]
		at reactor.core.publisher.MonoCreate$DefaultMonoSink.error(MonoCreate.java:205) ~[reactor-core-3.6.0.jar:3.6.0]
		at reactor.netty.http.client.HttpClientConnect$MonoHttpConnect$ClientTransportSubscriber.onError(HttpClientConnect.java:311) ~[reactor-netty-http-1.1.13.jar:1.1.13]
		at reactor.core.publisher.MonoCreate$DefaultMonoSink.error(MonoCreate.java:205) ~[reactor-core-3.6.0.jar:3.6.0]
		at reactor.netty.resources.DefaultPooledConnectionProvider$DisposableAcquire.onError(DefaultPooledConnectionProvider.java:162) ~[reactor-netty-core-1.1.13.jar:1.1.13]
		at reactor.netty.internal.shaded.reactor.pool.AbstractPool$Borrower.fail(AbstractPool.java:475) ~[reactor-netty-core-1.1.13.jar:1.1.13]
		at reactor.netty.internal.shaded.reactor.pool.SimpleDequePool.lambda$drainLoop$9(SimpleDequePool.java:433) ~[reactor-netty-core-1.1.13.jar:1.1.13]
		at reactor.core.publisher.FluxDoOnEach$DoOnEachSubscriber.onError(FluxDoOnEach.java:186) ~[reactor-core-3.6.0.jar:3.6.0]
		at reactor.core.publisher.MonoCreate$DefaultMonoSink.error(MonoCreate.java:205) ~[reactor-core-3.6.0.jar:3.6.0]
		at reactor.netty.resources.DefaultPooledConnectionProvider$PooledConnectionAllocator$PooledConnectionInitializer.onError(DefaultPooledConnectionProvider.java:560) ~[reactor-netty-core-1.1.13.jar:1.1.13]
		at reactor.core.publisher.MonoFlatMap$FlatMapMain.secondError(MonoFlatMap.java:241) ~[reactor-core-3.6.0.jar:3.6.0]
		at reactor.core.publisher.MonoFlatMap$FlatMapInner.onError(MonoFlatMap.java:315) ~[reactor-core-3.6.0.jar:3.6.0]
		at reactor.core.publisher.FluxOnErrorResume$ResumeSubscriber.onError(FluxOnErrorResume.java:106) ~[reactor-core-3.6.0.jar:3.6.0]
		at reactor.core.publisher.Operators.error(Operators.java:198) ~[reactor-core-3.6.0.jar:3.6.0]
		at reactor.core.publisher.MonoError.subscribe(MonoError.java:53) ~[reactor-core-3.6.0.jar:3.6.0]
		at reactor.core.publisher.Mono.subscribe(Mono.java:4512) ~[reactor-core-3.6.0.jar:3.6.0]
		at reactor.core.publisher.FluxOnErrorResume$ResumeSubscriber.onError(FluxOnErrorResume.java:103) ~[reactor-core-3.6.0.jar:3.6.0]
		at reactor.core.publisher.Operators.error(Operators.java:198) ~[reactor-core-3.6.0.jar:3.6.0]
		at reactor.core.publisher.MonoError.subscribe(MonoError.java:53) ~[reactor-core-3.6.0.jar:3.6.0]
		at reactor.core.publisher.InternalMonoOperator.subscribe(InternalMonoOperator.java:76) ~[reactor-core-3.6.0.jar:3.6.0]
		at reactor.core.publisher.MonoFlatMap$FlatMapMain.onNext(MonoFlatMap.java:165) ~[reactor-core-3.6.0.jar:3.6.0]
		at reactor.netty.transport.TransportConnector$MonoChannelPromise._subscribe(TransportConnector.java:638) ~[reactor-netty-core-1.1.13.jar:1.1.13]
		at reactor.netty.transport.TransportConnector$MonoChannelPromise.lambda$subscribe$0(TransportConnector.java:550) ~[reactor-netty-core-1.1.13.jar:1.1.13]
		at io.netty.util.concurrent.AbstractEventExecutor.runTask(AbstractEventExecutor.java:173) ~[netty-common-4.1.101.Final.jar:4.1.101.Final]
		at io.netty.util.concurrent.AbstractEventExecutor.safeExecute(AbstractEventExecutor.java:166) ~[netty-common-4.1.101.Final.jar:4.1.101.Final]
		at io.netty.util.concurrent.SingleThreadEventExecutor.runAllTasks(SingleThreadEventExecutor.java:470) ~[netty-common-4.1.101.Final.jar:4.1.101.Final]
		at io.netty.channel.nio.NioEventLoop.run(NioEventLoop.java:569) ~[netty-transport-4.1.101.Final.jar:4.1.101.Final]
		at io.netty.util.concurrent.SingleThreadEventExecutor$4.run(SingleThreadEventExecutor.java:997) ~[netty-common-4.1.101.Final.jar:4.1.101.Final]
		at io.netty.util.internal.ThreadExecutorMap$2.run(ThreadExecutorMap.java:74) ~[netty-common-4.1.101.Final.jar:4.1.101.Final]
		at io.netty.util.concurrent.FastThreadLocalRunnable.run(FastThreadLocalRunnable.java:30) ~[netty-common-4.1.101.Final.jar:4.1.101.Final]
		at java.base/java.lang.Thread.run(Thread.java:833) ~[na:na]
Caused by: java.lang.IllegalStateException: executor not accepting a task
	at io.netty.resolver.AddressResolverGroup.getResolver(AddressResolverGroup.java:61) ~[netty-resolver-4.1.101.Final.jar:4.1.101.Final]
	at reactor.netty.transport.TransportConnector.doResolveAndConnect(TransportConnector.java:303) ~[reactor-netty-core-1.1.13.jar:1.1.13]
	at reactor.netty.transport.TransportConnector.lambda$connect$6(TransportConnector.java:165) ~[reactor-netty-core-1.1.13.jar:1.1.13]
	at reactor.core.publisher.MonoFlatMap$FlatMapMain.onNext(MonoFlatMap.java:132) ~[reactor-core-3.6.0.jar:3.6.0]
	at reactor.netty.transport.TransportConnector$MonoChannelPromise._subscribe(TransportConnector.java:638) ~[reactor-netty-core-1.1.13.jar:1.1.13]
	at reactor.netty.transport.TransportConnector$MonoChannelPromise.lambda$subscribe$0(TransportConnector.java:550) ~[reactor-netty-core-1.1.13.jar:1.1.13]
	at io.netty.util.concurrent.AbstractEventExecutor.runTask(AbstractEventExecutor.java:173) ~[netty-common-4.1.101.Final.jar:4.1.101.Final]
	at io.netty.util.concurrent.AbstractEventExecutor.safeExecute(AbstractEventExecutor.java:166) ~[netty-common-4.1.101.Final.jar:4.1.101.Final]
	at io.netty.util.concurrent.SingleThreadEventExecutor.runAllTasks(SingleThreadEventExecutor.java:470) ~[netty-common-4.1.101.Final.jar:4.1.101.Final]
	at io.netty.channel.nio.NioEventLoop.run(NioEventLoop.java:569) ~[netty-transport-4.1.101.Final.jar:4.1.101.Final]
	at io.netty.util.concurrent.SingleThreadEventExecutor$4.run(SingleThreadEventExecutor.java:997) ~[netty-common-4.1.101.Final.jar:4.1.101.Final]
	at io.netty.util.internal.ThreadExecutorMap$2.run(ThreadExecutorMap.java:74) ~[netty-common-4.1.101.Final.jar:4.1.101.Final]
	at io.netty.util.concurrent.FastThreadLocalRunnable.run(FastThreadLocalRunnable.java:30) ~[netty-common-4.1.101.Final.jar:4.1.101.Final]
	at java.base/java.lang.Thread.run(Thread.java:833) ~[na:na]

2026-05-16T12:34:51.200+05:30  INFO 5168 --- [admin-server] [reactor-http-nio-12] d.c.b.a.server.services.StatusUpdater    : Couldn't retrieve status for Instance(id=c62ed5e44989, version=2, registration=Registration(name=discovery-service, managementUrl=http://10.0.3.21:8761/actuator, healthUrl=http://10.0.3.21:8761/actuator/health, serviceUrl=http://10.0.3.21:8761/, source=http-api), registered=true, statusInfo=StatusInfo(status=UP, details={diskSpace={status=UP, details={total=236228440064, free=22118948864, threshold=10485760, path=C:\Users\Hp\Desktop\Parkease-Backend\discovery-service\., exists=true}}, ping={status=UP}, discoveryComposite={status=UP, components={discoveryClient={status=UP, details={services=[]}}, eureka={description=Remote status from Eureka server, status=UNKNOWN, details={applications={}}}}}, refreshScope={status=UP}}), statusTimestamp=2026-05-16T06:48:05.332479900Z, info=Info(values={}), endpoints=Endpoints(endpoints={caches=Endpoint(id=caches, url=http://10.0.3.21:8761/actuator/caches), loggers=Endpoint(id=loggers, url=http://10.0.3.21:8761/actuator/loggers), health=Endpoint(id=health, url=http://10.0.3.21:8761/actuator/health), refresh=Endpoint(id=refresh, url=http://10.0.3.21:8761/actuator/refresh), env=Endpoint(id=env, url=http://10.0.3.21:8761/actuator/env), serviceregistry=Endpoint(id=serviceregistry, url=http://10.0.3.21:8761/actuator/serviceregistry), heapdump=Endpoint(id=heapdump, url=http://10.0.3.21:8761/actuator/heapdump), features=Endpoint(id=features, url=http://10.0.3.21:8761/actuator/features), scheduledtasks=Endpoint(id=scheduledtasks, url=http://10.0.3.21:8761/actuator/scheduledtasks), mappings=Endpoint(id=mappings, url=http://10.0.3.21:8761/actuator/mappings), beans=Endpoint(id=beans, url=http://10.0.3.21:8761/actuator/beans), configprops=Endpoint(id=configprops, url=http://10.0.3.21:8761/actuator/configprops), threaddump=Endpoint(id=threaddump, url=http://10.0.3.21:8761/actuator/threaddump), metrics=Endpoint(id=metrics, url=http://10.0.3.21:8761/actuator/metrics), conditions=Endpoint(id=conditions, url=http://10.0.3.21:8761/actuator/conditions), info=Endpoint(id=info, url=http://10.0.3.21:8761/actuator/info)}), buildVersion=null, tags=Tags(values={}))

org.springframework.web.reactive.function.client.WebClientRequestException: executor not accepting a task
	at org.springframework.web.reactive.function.client.ExchangeFunctions$DefaultExchangeFunction.lambda$wrapException$9(ExchangeFunctions.java:136) ~[spring-webflux-6.1.1.jar:6.1.1]
	Suppressed: reactor.core.publisher.FluxOnAssembly$OnAssemblyException: 
Error has been observed at the following site(s):
	*__checkpoint ⇢ Request to GET health [DefaultWebClient]
Original Stack Trace:
		at org.springframework.web.reactive.function.client.ExchangeFunctions$DefaultExchangeFunction.lambda$wrapException$9(ExchangeFunctions.java:136) ~[spring-webflux-6.1.1.jar:6.1.1]
		at reactor.core.publisher.MonoErrorSupplied.subscribe(MonoErrorSupplied.java:55) ~[reactor-core-3.6.0.jar:3.6.0]
		at reactor.core.publisher.Mono.subscribe(Mono.java:4512) ~[reactor-core-3.6.0.jar:3.6.0]
		at reactor.core.publisher.FluxOnErrorResume$ResumeSubscriber.onError(FluxOnErrorResume.java:103) ~[reactor-core-3.6.0.jar:3.6.0]
		at reactor.core.publisher.FluxPeek$PeekSubscriber.onError(FluxPeek.java:222) ~[reactor-core-3.6.0.jar:3.6.0]
		at reactor.core.publisher.FluxPeek$PeekSubscriber.onError(FluxPeek.java:222) ~[reactor-core-3.6.0.jar:3.6.0]
		at reactor.core.publisher.FluxPeek$PeekSubscriber.onError(FluxPeek.java:222) ~[reactor-core-3.6.0.jar:3.6.0]
		at reactor.core.publisher.MonoNext$NextSubscriber.onError(MonoNext.java:93) ~[reactor-core-3.6.0.jar:3.6.0]
		at reactor.core.publisher.MonoFlatMapMany$FlatMapManyMain.onError(MonoFlatMapMany.java:204) ~[reactor-core-3.6.0.jar:3.6.0]
		at reactor.core.publisher.SerializedSubscriber.onError(SerializedSubscriber.java:124) ~[reactor-core-3.6.0.jar:3.6.0]
		at reactor.core.publisher.FluxRetryWhen$RetryWhenMainSubscriber.whenError(FluxRetryWhen.java:228) ~[reactor-core-3.6.0.jar:3.6.0]
		at reactor.core.publisher.FluxRetryWhen$RetryWhenOtherSubscriber.onError(FluxRetryWhen.java:278) ~[reactor-core-3.6.0.jar:3.6.0]
		at reactor.core.publisher.FluxContextWrite$ContextWriteSubscriber.onError(FluxContextWrite.java:121) ~[reactor-core-3.6.0.jar:3.6.0]
		at reactor.core.publisher.FluxConcatMapNoPrefetch$FluxConcatMapNoPrefetchSubscriber.maybeOnError(FluxConcatMapNoPrefetch.java:326) ~[reactor-core-3.6.0.jar:3.6.0]
		at reactor.core.publisher.FluxConcatMapNoPrefetch$FluxConcatMapNoPrefetchSubscriber.onNext(FluxConcatMapNoPrefetch.java:211) ~[reactor-core-3.6.0.jar:3.6.0]
		at reactor.core.publisher.FluxContextWrite$ContextWriteSubscriber.onNext(FluxContextWrite.java:107) ~[reactor-core-3.6.0.jar:3.6.0]
		at reactor.core.publisher.SinkManyEmitterProcessor.drain(SinkManyEmitterProcessor.java:476) ~[reactor-core-3.6.0.jar:3.6.0]
		at reactor.core.publisher.SinkManyEmitterProcessor$EmitterInner.drainParent(SinkManyEmitterProcessor.java:620) ~[reactor-core-3.6.0.jar:3.6.0]
		at reactor.core.publisher.FluxPublish$PubSubInner.request(FluxPublish.java:874) ~[reactor-core-3.6.0.jar:3.6.0]
		at reactor.core.publisher.FluxContextWrite$ContextWriteSubscriber.request(FluxContextWrite.java:136) ~[reactor-core-3.6.0.jar:3.6.0]
		at reactor.core.publisher.FluxConcatMapNoPrefetch$FluxConcatMapNoPrefetchSubscriber.request(FluxConcatMapNoPrefetch.java:336) ~[reactor-core-3.6.0.jar:3.6.0]
		at reactor.core.publisher.FluxContextWrite$ContextWriteSubscriber.request(FluxContextWrite.java:136) ~[reactor-core-3.6.0.jar:3.6.0]
		at reactor.core.publisher.Operators$DeferredSubscription.request(Operators.java:1743) ~[reactor-core-3.6.0.jar:3.6.0]
		at reactor.core.publisher.FluxRetryWhen$RetryWhenMainSubscriber.onError(FluxRetryWhen.java:195) ~[reactor-core-3.6.0.jar:3.6.0]
		at reactor.core.publisher.MonoCreate$DefaultMonoSink.error(MonoCreate.java:205) ~[reactor-core-3.6.0.jar:3.6.0]
		at reactor.netty.http.client.HttpClientConnect$MonoHttpConnect$ClientTransportSubscriber.onError(HttpClientConnect.java:311) ~[reactor-netty-http-1.1.13.jar:1.1.13]
		at reactor.core.publisher.MonoCreate$DefaultMonoSink.error(MonoCreate.java:205) ~[reactor-core-3.6.0.jar:3.6.0]
		at reactor.netty.resources.DefaultPooledConnectionProvider$DisposableAcquire.onError(DefaultPooledConnectionProvider.java:162) ~[reactor-netty-core-1.1.13.jar:1.1.13]
		at reactor.netty.internal.shaded.reactor.pool.AbstractPool$Borrower.fail(AbstractPool.java:475) ~[reactor-netty-core-1.1.13.jar:1.1.13]
		at reactor.netty.internal.shaded.reactor.pool.SimpleDequePool.lambda$drainLoop$9(SimpleDequePool.java:433) ~[reactor-netty-core-1.1.13.jar:1.1.13]
		at reactor.core.publisher.FluxDoOnEach$DoOnEachSubscriber.onError(FluxDoOnEach.java:186) ~[reactor-core-3.6.0.jar:3.6.0]
		at reactor.core.publisher.MonoCreate$DefaultMonoSink.error(MonoCreate.java:205) ~[reactor-core-3.6.0.jar:3.6.0]
		at reactor.netty.resources.DefaultPooledConnectionProvider$PooledConnectionAllocator$PooledConnectionInitializer.onError(DefaultPooledConnectionProvider.java:560) ~[reactor-netty-core-1.1.13.jar:1.1.13]
		at reactor.core.publisher.MonoFlatMap$FlatMapMain.secondError(MonoFlatMap.java:241) ~[reactor-core-3.6.0.jar:3.6.0]
		at reactor.core.publisher.MonoFlatMap$FlatMapInner.onError(MonoFlatMap.java:315) ~[reactor-core-3.6.0.jar:3.6.0]
		at reactor.core.publisher.FluxOnErrorResume$ResumeSubscriber.onError(FluxOnErrorResume.java:106) ~[reactor-core-3.6.0.jar:3.6.0]
		at reactor.core.publisher.Operators.error(Operators.java:198) ~[reactor-core-3.6.0.jar:3.6.0]
		at reactor.core.publisher.MonoError.subscribe(MonoError.java:53) ~[reactor-core-3.6.0.jar:3.6.0]
		at reactor.core.publisher.Mono.subscribe(Mono.java:4512) ~[reactor-core-3.6.0.jar:3.6.0]
		at reactor.core.publisher.FluxOnErrorResume$ResumeSubscriber.onError(FluxOnErrorResume.java:103) ~[reactor-core-3.6.0.jar:3.6.0]
		at reactor.core.publisher.Operators.error(Operators.java:198) ~[reactor-core-3.6.0.jar:3.6.0]
		at reactor.core.publisher.MonoError.subscribe(MonoError.java:53) ~[reactor-core-3.6.0.jar:3.6.0]
		at reactor.core.publisher.InternalMonoOperator.subscribe(InternalMonoOperator.java:76) ~[reactor-core-3.6.0.jar:3.6.0]
		at reactor.core.publisher.MonoFlatMap$FlatMapMain.onNext(MonoFlatMap.java:165) ~[reactor-core-3.6.0.jar:3.6.0]
		at reactor.netty.transport.TransportConnector$MonoChannelPromise._subscribe(TransportConnector.java:638) ~[reactor-netty-core-1.1.13.jar:1.1.13]
		at reactor.netty.transport.TransportConnector$MonoChannelPromise.lambda$subscribe$0(TransportConnector.java:550) ~[reactor-netty-core-1.1.13.jar:1.1.13]
		at io.netty.util.concurrent.AbstractEventExecutor.runTask(AbstractEventExecutor.java:173) ~[netty-common-4.1.101.Final.jar:4.1.101.Final]
		at io.netty.util.concurrent.AbstractEventExecutor.safeExecute(AbstractEventExecutor.java:166) ~[netty-common-4.1.101.Final.jar:4.1.101.Final]
		at io.netty.util.concurrent.SingleThreadEventExecutor.runAllTasks(SingleThreadEventExecutor.java:470) ~[netty-common-4.1.101.Final.jar:4.1.101.Final]
		at io.netty.channel.nio.NioEventLoop.run(NioEventLoop.java:569) ~[netty-transport-4.1.101.Final.jar:4.1.101.Final]
		at io.netty.util.concurrent.SingleThreadEventExecutor$4.run(SingleThreadEventExecutor.java:997) ~[netty-common-4.1.101.Final.jar:4.1.101.Final]
		at io.netty.util.internal.ThreadExecutorMap$2.run(ThreadExecutorMap.java:74) ~[netty-common-4.1.101.Final.jar:4.1.101.Final]
		at io.netty.util.concurrent.FastThreadLocalRunnable.run(FastThreadLocalRunnable.java:30) ~[netty-common-4.1.101.Final.jar:4.1.101.Final]
		at java.base/java.lang.Thread.run(Thread.java:833) ~[na:na]
Caused by: java.lang.IllegalStateException: executor not accepting a task
	at io.netty.resolver.AddressResolverGroup.getResolver(AddressResolverGroup.java:61) ~[netty-resolver-4.1.101.Final.jar:4.1.101.Final]
	at reactor.netty.transport.TransportConnector.doResolveAndConnect(TransportConnector.java:303) ~[reactor-netty-core-1.1.13.jar:1.1.13]
	at reactor.netty.transport.TransportConnector.lambda$connect$6(TransportConnector.java:165) ~[reactor-netty-core-1.1.13.jar:1.1.13]
	at reactor.core.publisher.MonoFlatMap$FlatMapMain.onNext(MonoFlatMap.java:132) ~[reactor-core-3.6.0.jar:3.6.0]
	at reactor.netty.transport.TransportConnector$MonoChannelPromise._subscribe(TransportConnector.java:638) ~[reactor-netty-core-1.1.13.jar:1.1.13]
	at reactor.netty.transport.TransportConnector$MonoChannelPromise.lambda$subscribe$0(TransportConnector.java:550) ~[reactor-netty-core-1.1.13.jar:1.1.13]
	at io.netty.util.concurrent.AbstractEventExecutor.runTask(AbstractEventExecutor.java:173) ~[netty-common-4.1.101.Final.jar:4.1.101.Final]
	at io.netty.util.concurrent.AbstractEventExecutor.safeExecute(AbstractEventExecutor.java:166) ~[netty-common-4.1.101.Final.jar:4.1.101.Final]
	at io.netty.util.concurrent.SingleThreadEventExecutor.runAllTasks(SingleThreadEventExecutor.java:470) ~[netty-common-4.1.101.Final.jar:4.1.101.Final]
	at io.netty.channel.nio.NioEventLoop.run(NioEventLoop.java:569) ~[netty-transport-4.1.101.Final.jar:4.1.101.Final]
	at io.netty.util.concurrent.SingleThreadEventExecutor$4.run(SingleThreadEventExecutor.java:997) ~[netty-common-4.1.101.Final.jar:4.1.101.Final]
	at io.netty.util.internal.ThreadExecutorMap$2.run(ThreadExecutorMap.java:74) ~[netty-common-4.1.101.Final.jar:4.1.101.Final]
	at io.netty.util.concurrent.FastThreadLocalRunnable.run(FastThreadLocalRunnable.java:30) ~[netty-common-4.1.101.Final.jar:4.1.101.Final]
	at java.base/java.lang.Thread.run(Thread.java:833) ~[na:na]

2026-05-16T12:34:51.202+05:30  INFO 5168 --- [admin-server] [reactor-http-nio-2] d.c.b.a.server.services.StatusUpdater    : Couldn't retrieve status for Instance(id=dc39b3dd430a, version=2, registration=Registration(name=parkinglot-service, managementUrl=http://10.0.3.21:8082/actuator, healthUrl=http://10.0.3.21:8082/actuator/health, serviceUrl=http://10.0.3.21:8082/, source=http-api), registered=true, statusInfo=StatusInfo(status=UP, details={db={status=UP, details={database=MySQL, validationQuery=isValid()}}, diskSpace={status=UP, details={total=236228440064, free=22118641664, threshold=10485760, path=C:\Users\Hp\Desktop\Parkease-Backend\parkinglot-service\., exists=true}}, ping={status=UP}, discoveryComposite={status=UP, components={discoveryClient={status=UP, details={services=[]}}, eureka={description=Eureka discovery client has not yet successfully connected to a Eureka server, status=UP, details={applications={}}}}}, refreshScope={status=UP}}), statusTimestamp=2026-05-16T06:48:15.510835Z, info=Info(values={}), endpoints=Endpoints(endpoints={caches=Endpoint(id=caches, url=http://10.0.3.21:8082/actuator/caches), loggers=Endpoint(id=loggers, url=http://10.0.3.21:8082/actuator/loggers), logfile=Endpoint(id=logfile, url=http://10.0.3.21:8082/actuator/logfile), health=Endpoint(id=health, url=http://10.0.3.21:8082/actuator/health), refresh=Endpoint(id=refresh, url=http://10.0.3.21:8082/actuator/refresh), env=Endpoint(id=env, url=http://10.0.3.21:8082/actuator/env), serviceregistry=Endpoint(id=serviceregistry, url=http://10.0.3.21:8082/actuator/serviceregistry), heapdump=Endpoint(id=heapdump, url=http://10.0.3.21:8082/actuator/heapdump), features=Endpoint(id=features, url=http://10.0.3.21:8082/actuator/features), scheduledtasks=Endpoint(id=scheduledtasks, url=http://10.0.3.21:8082/actuator/scheduledtasks), mappings=Endpoint(id=mappings, url=http://10.0.3.21:8082/actuator/mappings), beans=Endpoint(id=beans, url=http://10.0.3.21:8082/actuator/beans), configprops=Endpoint(id=configprops, url=http://10.0.3.21:8082/actuator/configprops), threaddump=Endpoint(id=threaddump, url=http://10.0.3.21:8082/actuator/threaddump), metrics=Endpoint(id=metrics, url=http://10.0.3.21:8082/actuator/metrics), conditions=Endpoint(id=conditions, url=http://10.0.3.21:8082/actuator/conditions), info=Endpoint(id=info, url=http://10.0.3.21:8082/actuator/info)}), buildVersion=null, tags=Tags(values={}))

org.springframework.web.reactive.function.client.WebClientRequestException: executor not accepting a task
	at org.springframework.web.reactive.function.client.ExchangeFunctions$DefaultExchangeFunction.lambda$wrapException$9(ExchangeFunctions.java:136) ~[spring-webflux-6.1.1.jar:6.1.1]
	Suppressed: reactor.core.publisher.FluxOnAssembly$OnAssemblyException: 
Error has been observed at the following site(s):
	*__checkpoint ⇢ Request to GET health [DefaultWebClient]
Original Stack Trace:
		at org.springframework.web.reactive.function.client.ExchangeFunctions$DefaultExchangeFunction.lambda$wrapException$9(ExchangeFunctions.java:136) ~[spring-webflux-6.1.1.jar:6.1.1]
		at reactor.core.publisher.MonoErrorSupplied.subscribe(MonoErrorSupplied.java:55) ~[reactor-core-3.6.0.jar:3.6.0]
		at reactor.core.publisher.Mono.subscribe(Mono.java:4512) ~[reactor-core-3.6.0.jar:3.6.0]
		at reactor.core.publisher.FluxOnErrorResume$ResumeSubscriber.onError(FluxOnErrorResume.java:103) ~[reactor-core-3.6.0.jar:3.6.0]
		at reactor.core.publisher.FluxPeek$PeekSubscriber.onError(FluxPeek.java:222) ~[reactor-core-3.6.0.jar:3.6.0]
		at reactor.core.publisher.FluxPeek$PeekSubscriber.onError(FluxPeek.java:222) ~[reactor-core-3.6.0.jar:3.6.0]
		at reactor.core.publisher.FluxPeek$PeekSubscriber.onError(FluxPeek.java:222) ~[reactor-core-3.6.0.jar:3.6.0]
		at reactor.core.publisher.MonoNext$NextSubscriber.onError(MonoNext.java:93) ~[reactor-core-3.6.0.jar:3.6.0]
		at reactor.core.publisher.MonoFlatMapMany$FlatMapManyMain.onError(MonoFlatMapMany.java:204) ~[reactor-core-3.6.0.jar:3.6.0]
		at reactor.core.publisher.SerializedSubscriber.onError(SerializedSubscriber.java:124) ~[reactor-core-3.6.0.jar:3.6.0]
		at reactor.core.publisher.FluxRetryWhen$RetryWhenMainSubscriber.whenError(FluxRetryWhen.java:228) ~[reactor-core-3.6.0.jar:3.6.0]
		at reactor.core.publisher.FluxRetryWhen$RetryWhenOtherSubscriber.onError(FluxRetryWhen.java:278) ~[reactor-core-3.6.0.jar:3.6.0]
		at reactor.core.publisher.FluxContextWrite$ContextWriteSubscriber.onError(FluxContextWrite.java:121) ~[reactor-core-3.6.0.jar:3.6.0]
		at reactor.core.publisher.FluxConcatMapNoPrefetch$FluxConcatMapNoPrefetchSubscriber.maybeOnError(FluxConcatMapNoPrefetch.java:326) ~[reactor-core-3.6.0.jar:3.6.0]
		at reactor.core.publisher.FluxConcatMapNoPrefetch$FluxConcatMapNoPrefetchSubscriber.onNext(FluxConcatMapNoPrefetch.java:211) ~[reactor-core-3.6.0.jar:3.6.0]
		at reactor.core.publisher.FluxContextWrite$ContextWriteSubscriber.onNext(FluxContextWrite.java:107) ~[reactor-core-3.6.0.jar:3.6.0]
		at reactor.core.publisher.SinkManyEmitterProcessor.drain(SinkManyEmitterProcessor.java:476) ~[reactor-core-3.6.0.jar:3.6.0]
		at reactor.core.publisher.SinkManyEmitterProcessor$EmitterInner.drainParent(SinkManyEmitterProcessor.java:620) ~[reactor-core-3.6.0.jar:3.6.0]
		at reactor.core.publisher.FluxPublish$PubSubInner.request(FluxPublish.java:874) ~[reactor-core-3.6.0.jar:3.6.0]
		at reactor.core.publisher.FluxContextWrite$ContextWriteSubscriber.request(FluxContextWrite.java:136) ~[reactor-core-3.6.0.jar:3.6.0]
		at reactor.core.publisher.FluxConcatMapNoPrefetch$FluxConcatMapNoPrefetchSubscriber.request(FluxConcatMapNoPrefetch.java:336) ~[reactor-core-3.6.0.jar:3.6.0]
		at reactor.core.publisher.FluxContextWrite$ContextWriteSubscriber.request(FluxContextWrite.java:136) ~[reactor-core-3.6.0.jar:3.6.0]
		at reactor.core.publisher.Operators$DeferredSubscription.request(Operators.java:1743) ~[reactor-core-3.6.0.jar:3.6.0]
		at reactor.core.publisher.FluxRetryWhen$RetryWhenMainSubscriber.onError(FluxRetryWhen.java:195) ~[reactor-core-3.6.0.jar:3.6.0]
		at reactor.core.publisher.MonoCreate$DefaultMonoSink.error(MonoCreate.java:205) ~[reactor-core-3.6.0.jar:3.6.0]
		at reactor.netty.http.client.HttpClientConnect$MonoHttpConnect$ClientTransportSubscriber.onError(HttpClientConnect.java:311) ~[reactor-netty-http-1.1.13.jar:1.1.13]
		at reactor.core.publisher.MonoCreate$DefaultMonoSink.error(MonoCreate.java:205) ~[reactor-core-3.6.0.jar:3.6.0]
		at reactor.netty.resources.DefaultPooledConnectionProvider$DisposableAcquire.onError(DefaultPooledConnectionProvider.java:162) ~[reactor-netty-core-1.1.13.jar:1.1.13]
		at reactor.netty.internal.shaded.reactor.pool.AbstractPool$Borrower.fail(AbstractPool.java:475) ~[reactor-netty-core-1.1.13.jar:1.1.13]
		at reactor.netty.internal.shaded.reactor.pool.SimpleDequePool.lambda$drainLoop$9(SimpleDequePool.java:433) ~[reactor-netty-core-1.1.13.jar:1.1.13]
		at reactor.core.publisher.FluxDoOnEach$DoOnEachSubscriber.onError(FluxDoOnEach.java:186) ~[reactor-core-3.6.0.jar:3.6.0]
		at reactor.core.publisher.MonoCreate$DefaultMonoSink.error(MonoCreate.java:205) ~[reactor-core-3.6.0.jar:3.6.0]
		at reactor.netty.resources.DefaultPooledConnectionProvider$PooledConnectionAllocator$PooledConnectionInitializer.onError(DefaultPooledConnectionProvider.java:560) ~[reactor-netty-core-1.1.13.jar:1.1.13]
		at reactor.core.publisher.MonoFlatMap$FlatMapMain.secondError(MonoFlatMap.java:241) ~[reactor-core-3.6.0.jar:3.6.0]
		at reactor.core.publisher.MonoFlatMap$FlatMapInner.onError(MonoFlatMap.java:315) ~[reactor-core-3.6.0.jar:3.6.0]
		at reactor.core.publisher.FluxOnErrorResume$ResumeSubscriber.onError(FluxOnErrorResume.java:106) ~[reactor-core-3.6.0.jar:3.6.0]
		at reactor.core.publisher.Operators.error(Operators.java:198) ~[reactor-core-3.6.0.jar:3.6.0]
		at reactor.core.publisher.MonoError.subscribe(MonoError.java:53) ~[reactor-core-3.6.0.jar:3.6.0]
		at reactor.core.publisher.Mono.subscribe(Mono.java:4512) ~[reactor-core-3.6.0.jar:3.6.0]
		at reactor.core.publisher.FluxOnErrorResume$ResumeSubscriber.onError(FluxOnErrorResume.java:103) ~[reactor-core-3.6.0.jar:3.6.0]
		at reactor.core.publisher.Operators.error(Operators.java:198) ~[reactor-core-3.6.0.jar:3.6.0]
		at reactor.core.publisher.MonoError.subscribe(MonoError.java:53) ~[reactor-core-3.6.0.jar:3.6.0]
		at reactor.core.publisher.InternalMonoOperator.subscribe(InternalMonoOperator.java:76) ~[reactor-core-3.6.0.jar:3.6.0]
		at reactor.core.publisher.MonoFlatMap$FlatMapMain.onNext(MonoFlatMap.java:165) ~[reactor-core-3.6.0.jar:3.6.0]
		at reactor.netty.transport.TransportConnector$MonoChannelPromise._subscribe(TransportConnector.java:638) ~[reactor-netty-core-1.1.13.jar:1.1.13]
		at reactor.netty.transport.TransportConnector$MonoChannelPromise.lambda$subscribe$0(TransportConnector.java:550) ~[reactor-netty-core-1.1.13.jar:1.1.13]
		at io.netty.util.concurrent.AbstractEventExecutor.runTask(AbstractEventExecutor.java:173) ~[netty-common-4.1.101.Final.jar:4.1.101.Final]
		at io.netty.util.concurrent.AbstractEventExecutor.safeExecute(AbstractEventExecutor.java:166) ~[netty-common-4.1.101.Final.jar:4.1.101.Final]
		at io.netty.util.concurrent.SingleThreadEventExecutor.runAllTasks(SingleThreadEventExecutor.java:470) ~[netty-common-4.1.101.Final.jar:4.1.101.Final]
		at io.netty.channel.nio.NioEventLoop.run(NioEventLoop.java:569) ~[netty-transport-4.1.101.Final.jar:4.1.101.Final]
		at io.netty.util.concurrent.SingleThreadEventExecutor$4.run(SingleThreadEventExecutor.java:997) ~[netty-common-4.1.101.Final.jar:4.1.101.Final]
		at io.netty.util.internal.ThreadExecutorMap$2.run(ThreadExecutorMap.java:74) ~[netty-common-4.1.101.Final.jar:4.1.101.Final]
		at io.netty.util.concurrent.FastThreadLocalRunnable.run(FastThreadLocalRunnable.java:30) ~[netty-common-4.1.101.Final.jar:4.1.101.Final]
		at java.base/java.lang.Thread.run(Thread.java:833) ~[na:na]
Caused by: java.lang.IllegalStateException: executor not accepting a task
	at io.netty.resolver.AddressResolverGroup.getResolver(AddressResolverGroup.java:61) ~[netty-resolver-4.1.101.Final.jar:4.1.101.Final]
	at reactor.netty.transport.TransportConnector.doResolveAndConnect(TransportConnector.java:303) ~[reactor-netty-core-1.1.13.jar:1.1.13]
	at reactor.netty.transport.TransportConnector.lambda$connect$6(TransportConnector.java:165) ~[reactor-netty-core-1.1.13.jar:1.1.13]
	at reactor.core.publisher.MonoFlatMap$FlatMapMain.onNext(MonoFlatMap.java:132) ~[reactor-core-3.6.0.jar:3.6.0]
	at reactor.netty.transport.TransportConnector$MonoChannelPromise._subscribe(TransportConnector.java:638) ~[reactor-netty-core-1.1.13.jar:1.1.13]
	at reactor.netty.transport.TransportConnector$MonoChannelPromise.lambda$subscribe$0(TransportConnector.java:550) ~[reactor-netty-core-1.1.13.jar:1.1.13]
	at io.netty.util.concurrent.AbstractEventExecutor.runTask(AbstractEventExecutor.java:173) ~[netty-common-4.1.101.Final.jar:4.1.101.Final]
	at io.netty.util.concurrent.AbstractEventExecutor.safeExecute(AbstractEventExecutor.java:166) ~[netty-common-4.1.101.Final.jar:4.1.101.Final]
	at io.netty.util.concurrent.SingleThreadEventExecutor.runAllTasks(SingleThreadEventExecutor.java:470) ~[netty-common-4.1.101.Final.jar:4.1.101.Final]
	at io.netty.channel.nio.NioEventLoop.run(NioEventLoop.java:569) ~[netty-transport-4.1.101.Final.jar:4.1.101.Final]
	at io.netty.util.concurrent.SingleThreadEventExecutor$4.run(SingleThreadEventExecutor.java:997) ~[netty-common-4.1.101.Final.jar:4.1.101.Final]
	at io.netty.util.internal.ThreadExecutorMap$2.run(ThreadExecutorMap.java:74) ~[netty-common-4.1.101.Final.jar:4.1.101.Final]
	at io.netty.util.concurrent.FastThreadLocalRunnable.run(FastThreadLocalRunnable.java:30) ~[netty-common-4.1.101.Final.jar:4.1.101.Final]
	at java.base/java.lang.Thread.run(Thread.java:833) ~[na:na]

2026-05-16T12:34:51.202+05:30  INFO 5168 --- [admin-server] [reactor-http-nio-8] d.c.b.a.server.services.StatusUpdater    : Couldn't retrieve status for Instance(id=af9d401ed0ac, version=2, registration=Registration(name=notification-service, managementUrl=http://10.0.3.21:8087/actuator, healthUrl=http://10.0.3.21:8087/actuator/health, serviceUrl=http://10.0.3.21:8087/, source=http-api), registered=true, statusInfo=StatusInfo(status=UP, details={mail={status=UP, details={location=smtp.gmail.com:587}}, diskSpace={status=UP, details={total=236228440064, free=22118772736, threshold=10485760, path=C:\Users\Hp\Desktop\Parkease-Backend\notification-service\., exists=true}}, ping={status=UP}, discoveryComposite={status=UP, components={discoveryClient={status=UP, details={services=[]}}, eureka={description=Eureka discovery client has not yet successfully connected to a Eureka server, status=UP, details={applications={}}}}}, rabbit={status=UP, details={version=4.3.0}}, refreshScope={status=UP}, db={status=UP, details={database=MySQL, validationQuery=isValid()}}}), statusTimestamp=2026-05-16T06:48:13.211874Z, info=Info(values={}), endpoints=Endpoints(endpoints={caches=Endpoint(id=caches, url=http://10.0.3.21:8087/actuator/caches), loggers=Endpoint(id=loggers, url=http://10.0.3.21:8087/actuator/loggers), logfile=Endpoint(id=logfile, url=http://10.0.3.21:8087/actuator/logfile), health=Endpoint(id=health, url=http://10.0.3.21:8087/actuator/health), refresh=Endpoint(id=refresh, url=http://10.0.3.21:8087/actuator/refresh), env=Endpoint(id=env, url=http://10.0.3.21:8087/actuator/env), serviceregistry=Endpoint(id=serviceregistry, url=http://10.0.3.21:8087/actuator/serviceregistry), heapdump=Endpoint(id=heapdump, url=http://10.0.3.21:8087/actuator/heapdump), features=Endpoint(id=features, url=http://10.0.3.21:8087/actuator/features), scheduledtasks=Endpoint(id=scheduledtasks, url=http://10.0.3.21:8087/actuator/scheduledtasks), mappings=Endpoint(id=mappings, url=http://10.0.3.21:8087/actuator/mappings), beans=Endpoint(id=beans, url=http://10.0.3.21:8087/actuator/beans), configprops=Endpoint(id=configprops, url=http://10.0.3.21:8087/actuator/configprops), threaddump=Endpoint(id=threaddump, url=http://10.0.3.21:8087/actuator/threaddump), metrics=Endpoint(id=metrics, url=http://10.0.3.21:8087/actuator/metrics), conditions=Endpoint(id=conditions, url=http://10.0.3.21:8087/actuator/conditions), info=Endpoint(id=info, url=http://10.0.3.21:8087/actuator/info)}), buildVersion=null, tags=Tags(values={}))

org.springframework.web.reactive.function.client.WebClientRequestException: executor not accepting a task
	at org.springframework.web.reactive.function.client.ExchangeFunctions$DefaultExchangeFunction.lambda$wrapException$9(ExchangeFunctions.java:136) ~[spring-webflux-6.1.1.jar:6.1.1]
	Suppressed: reactor.core.publisher.FluxOnAssembly$OnAssemblyException: 
Error has been observed at the following site(s):
	*__checkpoint ⇢ Request to GET health [DefaultWebClient]
Original Stack Trace:
		at org.springframework.web.reactive.function.client.ExchangeFunctions$DefaultExchangeFunction.lambda$wrapException$9(ExchangeFunctions.java:136) ~[spring-webflux-6.1.1.jar:6.1.1]
		at reactor.core.publisher.MonoErrorSupplied.subscribe(MonoErrorSupplied.java:55) ~[reactor-core-3.6.0.jar:3.6.0]
		at reactor.core.publisher.Mono.subscribe(Mono.java:4512) ~[reactor-core-3.6.0.jar:3.6.0]
		at reactor.core.publisher.FluxOnErrorResume$ResumeSubscriber.onError(FluxOnErrorResume.java:103) ~[reactor-core-3.6.0.jar:3.6.0]
		at reactor.core.publisher.FluxPeek$PeekSubscriber.onError(FluxPeek.java:222) ~[reactor-core-3.6.0.jar:3.6.0]
		at reactor.core.publisher.FluxPeek$PeekSubscriber.onError(FluxPeek.java:222) ~[reactor-core-3.6.0.jar:3.6.0]
		at reactor.core.publisher.FluxPeek$PeekSubscriber.onError(FluxPeek.java:222) ~[reactor-core-3.6.0.jar:3.6.0]
		at reactor.core.publisher.MonoNext$NextSubscriber.onError(MonoNext.java:93) ~[reactor-core-3.6.0.jar:3.6.0]
		at reactor.core.publisher.MonoFlatMapMany$FlatMapManyMain.onError(MonoFlatMapMany.java:204) ~[reactor-core-3.6.0.jar:3.6.0]
		at reactor.core.publisher.SerializedSubscriber.onError(SerializedSubscriber.java:124) ~[reactor-core-3.6.0.jar:3.6.0]
		at reactor.core.publisher.FluxRetryWhen$RetryWhenMainSubscriber.whenError(FluxRetryWhen.java:228) ~[reactor-core-3.6.0.jar:3.6.0]
		at reactor.core.publisher.FluxRetryWhen$RetryWhenOtherSubscriber.onError(FluxRetryWhen.java:278) ~[reactor-core-3.6.0.jar:3.6.0]
		at reactor.core.publisher.FluxContextWrite$ContextWriteSubscriber.onError(FluxContextWrite.java:121) ~[reactor-core-3.6.0.jar:3.6.0]
		at reactor.core.publisher.FluxConcatMapNoPrefetch$FluxConcatMapNoPrefetchSubscriber.maybeOnError(FluxConcatMapNoPrefetch.java:326) ~[reactor-core-3.6.0.jar:3.6.0]
		at reactor.core.publisher.FluxConcatMapNoPrefetch$FluxConcatMapNoPrefetchSubscriber.onNext(FluxConcatMapNoPrefetch.java:211) ~[reactor-core-3.6.0.jar:3.6.0]
		at reactor.core.publisher.FluxContextWrite$ContextWriteSubscriber.onNext(FluxContextWrite.java:107) ~[reactor-core-3.6.0.jar:3.6.0]
		at reactor.core.publisher.SinkManyEmitterProcessor.drain(SinkManyEmitterProcessor.java:476) ~[reactor-core-3.6.0.jar:3.6.0]
		at reactor.core.publisher.SinkManyEmitterProcessor$EmitterInner.drainParent(SinkManyEmitterProcessor.java:620) ~[reactor-core-3.6.0.jar:3.6.0]
		at reactor.core.publisher.FluxPublish$PubSubInner.request(FluxPublish.java:874) ~[reactor-core-3.6.0.jar:3.6.0]
		at reactor.core.publisher.FluxContextWrite$ContextWriteSubscriber.request(FluxContextWrite.java:136) ~[reactor-core-3.6.0.jar:3.6.0]
		at reactor.core.publisher.FluxConcatMapNoPrefetch$FluxConcatMapNoPrefetchSubscriber.request(FluxConcatMapNoPrefetch.java:336) ~[reactor-core-3.6.0.jar:3.6.0]
		at reactor.core.publisher.FluxContextWrite$ContextWriteSubscriber.request(FluxContextWrite.java:136) ~[reactor-core-3.6.0.jar:3.6.0]
		at reactor.core.publisher.Operators$DeferredSubscription.request(Operators.java:1743) ~[reactor-core-3.6.0.jar:3.6.0]
		at reactor.core.publisher.FluxRetryWhen$RetryWhenMainSubscriber.onError(FluxRetryWhen.java:195) ~[reactor-core-3.6.0.jar:3.6.0]
		at reactor.core.publisher.MonoCreate$DefaultMonoSink.error(MonoCreate.java:205) ~[reactor-core-3.6.0.jar:3.6.0]
		at reactor.netty.http.client.HttpClientConnect$MonoHttpConnect$ClientTransportSubscriber.onError(HttpClientConnect.java:311) ~[reactor-netty-http-1.1.13.jar:1.1.13]
		at reactor.core.publisher.MonoCreate$DefaultMonoSink.error(MonoCreate.java:205) ~[reactor-core-3.6.0.jar:3.6.0]
		at reactor.netty.resources.DefaultPooledConnectionProvider$DisposableAcquire.onError(DefaultPooledConnectionProvider.java:162) ~[reactor-netty-core-1.1.13.jar:1.1.13]
		at reactor.netty.internal.shaded.reactor.pool.AbstractPool$Borrower.fail(AbstractPool.java:475) ~[reactor-netty-core-1.1.13.jar:1.1.13]
		at reactor.netty.internal.shaded.reactor.pool.SimpleDequePool.lambda$drainLoop$9(SimpleDequePool.java:433) ~[reactor-netty-core-1.1.13.jar:1.1.13]
		at reactor.core.publisher.FluxDoOnEach$DoOnEachSubscriber.onError(FluxDoOnEach.java:186) ~[reactor-core-3.6.0.jar:3.6.0]
		at reactor.core.publisher.MonoCreate$DefaultMonoSink.error(MonoCreate.java:205) ~[reactor-core-3.6.0.jar:3.6.0]
		at reactor.netty.resources.DefaultPooledConnectionProvider$PooledConnectionAllocator$PooledConnectionInitializer.onError(DefaultPooledConnectionProvider.java:560) ~[reactor-netty-core-1.1.13.jar:1.1.13]
		at reactor.core.publisher.MonoFlatMap$FlatMapMain.secondError(MonoFlatMap.java:241) ~[reactor-core-3.6.0.jar:3.6.0]
		at reactor.core.publisher.MonoFlatMap$FlatMapInner.onError(MonoFlatMap.java:315) ~[reactor-core-3.6.0.jar:3.6.0]
		at reactor.core.publisher.FluxOnErrorResume$ResumeSubscriber.onError(FluxOnErrorResume.java:106) ~[reactor-core-3.6.0.jar:3.6.0]
		at reactor.core.publisher.Operators.error(Operators.java:198) ~[reactor-core-3.6.0.jar:3.6.0]
		at reactor.core.publisher.MonoError.subscribe(MonoError.java:53) ~[reactor-core-3.6.0.jar:3.6.0]
		at reactor.core.publisher.Mono.subscribe(Mono.java:4512) ~[reactor-core-3.6.0.jar:3.6.0]
		at reactor.core.publisher.FluxOnErrorResume$ResumeSubscriber.onError(FluxOnErrorResume.java:103) ~[reactor-core-3.6.0.jar:3.6.0]
		at reactor.core.publisher.Operators.error(Operators.java:198) ~[reactor-core-3.6.0.jar:3.6.0]
		at reactor.core.publisher.MonoError.subscribe(MonoError.java:53) ~[reactor-core-3.6.0.jar:3.6.0]
		at reactor.core.publisher.InternalMonoOperator.subscribe(InternalMonoOperator.java:76) ~[reactor-core-3.6.0.jar:3.6.0]
		at reactor.core.publisher.MonoFlatMap$FlatMapMain.onNext(MonoFlatMap.java:165) ~[reactor-core-3.6.0.jar:3.6.0]
		at reactor.netty.transport.TransportConnector$MonoChannelPromise._subscribe(TransportConnector.java:638) ~[reactor-netty-core-1.1.13.jar:1.1.13]
		at reactor.netty.transport.TransportConnector$MonoChannelPromise.lambda$subscribe$0(TransportConnector.java:550) ~[reactor-netty-core-1.1.13.jar:1.1.13]
		at io.netty.util.concurrent.AbstractEventExecutor.runTask(AbstractEventExecutor.java:173) ~[netty-common-4.1.101.Final.jar:4.1.101.Final]
		at io.netty.util.concurrent.AbstractEventExecutor.safeExecute(AbstractEventExecutor.java:166) ~[netty-common-4.1.101.Final.jar:4.1.101.Final]
		at io.netty.util.concurrent.SingleThreadEventExecutor.runAllTasks(SingleThreadEventExecutor.java:470) ~[netty-common-4.1.101.Final.jar:4.1.101.Final]
		at io.netty.channel.nio.NioEventLoop.run(NioEventLoop.java:569) ~[netty-transport-4.1.101.Final.jar:4.1.101.Final]
		at io.netty.util.concurrent.SingleThreadEventExecutor$4.run(SingleThreadEventExecutor.java:997) ~[netty-common-4.1.101.Final.jar:4.1.101.Final]
		at io.netty.util.internal.ThreadExecutorMap$2.run(ThreadExecutorMap.java:74) ~[netty-common-4.1.101.Final.jar:4.1.101.Final]
		at io.netty.util.concurrent.FastThreadLocalRunnable.run(FastThreadLocalRunnable.java:30) ~[netty-common-4.1.101.Final.jar:4.1.101.Final]
		at java.base/java.lang.Thread.run(Thread.java:833) ~[na:na]
Caused by: java.lang.IllegalStateException: executor not accepting a task
	at io.netty.resolver.AddressResolverGroup.getResolver(AddressResolverGroup.java:61) ~[netty-resolver-4.1.101.Final.jar:4.1.101.Final]
	at reactor.netty.transport.TransportConnector.doResolveAndConnect(TransportConnector.java:303) ~[reactor-netty-core-1.1.13.jar:1.1.13]
	at reactor.netty.transport.TransportConnector.lambda$connect$6(TransportConnector.java:165) ~[reactor-netty-core-1.1.13.jar:1.1.13]
	at reactor.core.publisher.MonoFlatMap$FlatMapMain.onNext(MonoFlatMap.java:132) ~[reactor-core-3.6.0.jar:3.6.0]
	at reactor.netty.transport.TransportConnector$MonoChannelPromise._subscribe(TransportConnector.java:638) ~[reactor-netty-core-1.1.13.jar:1.1.13]
	at reactor.netty.transport.TransportConnector$MonoChannelPromise.lambda$subscribe$0(TransportConnector.java:550) ~[reactor-netty-core-1.1.13.jar:1.1.13]
	at io.netty.util.concurrent.AbstractEventExecutor.runTask(AbstractEventExecutor.java:173) ~[netty-common-4.1.101.Final.jar:4.1.101.Final]
	at io.netty.util.concurrent.AbstractEventExecutor.safeExecute(AbstractEventExecutor.java:166) ~[netty-common-4.1.101.Final.jar:4.1.101.Final]
	at io.netty.util.concurrent.SingleThreadEventExecutor.runAllTasks(SingleThreadEventExecutor.java:470) ~[netty-common-4.1.101.Final.jar:4.1.101.Final]
	at io.netty.channel.nio.NioEventLoop.run(NioEventLoop.java:569) ~[netty-transport-4.1.101.Final.jar:4.1.101.Final]
	at io.netty.util.concurrent.SingleThreadEventExecutor$4.run(SingleThreadEventExecutor.java:997) ~[netty-common-4.1.101.Final.jar:4.1.101.Final]
	at io.netty.util.internal.ThreadExecutorMap$2.run(ThreadExecutorMap.java:74) ~[netty-common-4.1.101.Final.jar:4.1.101.Final]
	at io.netty.util.concurrent.FastThreadLocalRunnable.run(FastThreadLocalRunnable.java:30) ~[netty-common-4.1.101.Final.jar:4.1.101.Final]
	at java.base/java.lang.Thread.run(Thread.java:833) ~[na:na]

2026-05-16T12:34:51.201+05:30  INFO 5168 --- [admin-server] [reactor-http-nio-6] d.c.b.a.server.services.StatusUpdater    : Couldn't retrieve status for Instance(id=ed67259d84e5, version=2, registration=Registration(name=booking-service, managementUrl=http://10.0.3.21:8085/actuator, healthUrl=http://10.0.3.21:8085/actuator/health, serviceUrl=http://10.0.3.21:8085/, source=http-api), registered=true, statusInfo=StatusInfo(status=UP, details={diskSpace={status=UP, details={total=236228440064, free=22118510592, threshold=10485760, path=C:\Users\Hp\Desktop\Parkease-Backend\booking-service\., exists=true}}, ping={status=UP}, discoveryComposite={status=UP, components={discoveryClient={status=UP, details={services=[]}}, eureka={description=Eureka discovery client has not yet successfully connected to a Eureka server, status=UP, details={applications={}}}}}, rabbit={status=UP, details={version=4.3.0}}, refreshScope={status=UP}, db={status=UP, details={database=MySQL, validationQuery=isValid()}}}), statusTimestamp=2026-05-16T06:48:17.562046500Z, info=Info(values={}), endpoints=Endpoints(endpoints={ratelimiterevents=Endpoint(id=ratelimiterevents, url=http://10.0.3.21:8085/actuator/ratelimiterevents), caches=Endpoint(id=caches, url=http://10.0.3.21:8085/actuator/caches), loggers=Endpoint(id=loggers, url=http://10.0.3.21:8085/actuator/loggers), heapdump=Endpoint(id=heapdump, url=http://10.0.3.21:8085/actuator/heapdump), circuitbreakers=Endpoint(id=circuitbreakers, url=http://10.0.3.21:8085/actuator/circuitbreakers), features=Endpoint(id=features, url=http://10.0.3.21:8085/actuator/features), timelimiterevents=Endpoint(id=timelimiterevents, url=http://10.0.3.21:8085/actuator/timelimiterevents), beans=Endpoint(id=beans, url=http://10.0.3.21:8085/actuator/beans), configprops=Endpoint(id=configprops, url=http://10.0.3.21:8085/actuator/configprops), threaddump=Endpoint(id=threaddump, url=http://10.0.3.21:8085/actuator/threaddump), ratelimiters=Endpoint(id=ratelimiters, url=http://10.0.3.21:8085/actuator/ratelimiters), info=Endpoint(id=info, url=http://10.0.3.21:8085/actuator/info), timelimiters=Endpoint(id=timelimiters, url=http://10.0.3.21:8085/actuator/timelimiters), circuitbreakerevents=Endpoint(id=circuitbreakerevents, url=http://10.0.3.21:8085/actuator/circuitbreakerevents), logfile=Endpoint(id=logfile, url=http://10.0.3.21:8085/actuator/logfile), health=Endpoint(id=health, url=http://10.0.3.21:8085/actuator/health), refresh=Endpoint(id=refresh, url=http://10.0.3.21:8085/actuator/refresh), env=Endpoint(id=env, url=http://10.0.3.21:8085/actuator/env), serviceregistry=Endpoint(id=serviceregistry, url=http://10.0.3.21:8085/actuator/serviceregistry), retries=Endpoint(id=retries, url=http://10.0.3.21:8085/actuator/retries), retryevents=Endpoint(id=retryevents, url=http://10.0.3.21:8085/actuator/retryevents), scheduledtasks=Endpoint(id=scheduledtasks, url=http://10.0.3.21:8085/actuator/scheduledtasks), mappings=Endpoint(id=mappings, url=http://10.0.3.21:8085/actuator/mappings), metrics=Endpoint(id=metrics, url=http://10.0.3.21:8085/actuator/metrics), conditions=Endpoint(id=conditions, url=http://10.0.3.21:8085/actuator/conditions)}), buildVersion=null, tags=Tags(values={}))

org.springframework.web.reactive.function.client.WebClientRequestException: executor not accepting a task
	at org.springframework.web.reactive.function.client.ExchangeFunctions$DefaultExchangeFunction.lambda$wrapException$9(ExchangeFunctions.java:136) ~[spring-webflux-6.1.1.jar:6.1.1]
	Suppressed: reactor.core.publisher.FluxOnAssembly$OnAssemblyException: 
Error has been observed at the following site(s):
	*__checkpoint ⇢ Request to GET health [DefaultWebClient]
Original Stack Trace:
		at org.springframework.web.reactive.function.client.ExchangeFunctions$DefaultExchangeFunction.lambda$wrapException$9(ExchangeFunctions.java:136) ~[spring-webflux-6.1.1.jar:6.1.1]
		at reactor.core.publisher.MonoErrorSupplied.subscribe(MonoErrorSupplied.java:55) ~[reactor-core-3.6.0.jar:3.6.0]
		at reactor.core.publisher.Mono.subscribe(Mono.java:4512) ~[reactor-core-3.6.0.jar:3.6.0]
		at reactor.core.publisher.FluxOnErrorResume$ResumeSubscriber.onError(FluxOnErrorResume.java:103) ~[reactor-core-3.6.0.jar:3.6.0]
		at reactor.core.publisher.FluxPeek$PeekSubscriber.onError(FluxPeek.java:222) ~[reactor-core-3.6.0.jar:3.6.0]
		at reactor.core.publisher.FluxPeek$PeekSubscriber.onError(FluxPeek.java:222) ~[reactor-core-3.6.0.jar:3.6.0]
		at reactor.core.publisher.FluxPeek$PeekSubscriber.onError(FluxPeek.java:222) ~[reactor-core-3.6.0.jar:3.6.0]
		at reactor.core.publisher.MonoNext$NextSubscriber.onError(MonoNext.java:93) ~[reactor-core-3.6.0.jar:3.6.0]
		at reactor.core.publisher.MonoFlatMapMany$FlatMapManyMain.onError(MonoFlatMapMany.java:204) ~[reactor-core-3.6.0.jar:3.6.0]
		at reactor.core.publisher.SerializedSubscriber.onError(SerializedSubscriber.java:124) ~[reactor-core-3.6.0.jar:3.6.0]
		at reactor.core.publisher.FluxRetryWhen$RetryWhenMainSubscriber.whenError(FluxRetryWhen.java:228) ~[reactor-core-3.6.0.jar:3.6.0]
		at reactor.core.publisher.FluxRetryWhen$RetryWhenOtherSubscriber.onError(FluxRetryWhen.java:278) ~[reactor-core-3.6.0.jar:3.6.0]
		at reactor.core.publisher.FluxContextWrite$ContextWriteSubscriber.onError(FluxContextWrite.java:121) ~[reactor-core-3.6.0.jar:3.6.0]
		at reactor.core.publisher.FluxConcatMapNoPrefetch$FluxConcatMapNoPrefetchSubscriber.maybeOnError(FluxConcatMapNoPrefetch.java:326) ~[reactor-core-3.6.0.jar:3.6.0]
		at reactor.core.publisher.FluxConcatMapNoPrefetch$FluxConcatMapNoPrefetchSubscriber.onNext(FluxConcatMapNoPrefetch.java:211) ~[reactor-core-3.6.0.jar:3.6.0]
		at reactor.core.publisher.FluxContextWrite$ContextWriteSubscriber.onNext(FluxContextWrite.java:107) ~[reactor-core-3.6.0.jar:3.6.0]
		at reactor.core.publisher.SinkManyEmitterProcessor.drain(SinkManyEmitterProcessor.java:476) ~[reactor-core-3.6.0.jar:3.6.0]
		at reactor.core.publisher.SinkManyEmitterProcessor$EmitterInner.drainParent(SinkManyEmitterProcessor.java:620) ~[reactor-core-3.6.0.jar:3.6.0]
		at reactor.core.publisher.FluxPublish$PubSubInner.request(FluxPublish.java:874) ~[reactor-core-3.6.0.jar:3.6.0]
		at reactor.core.publisher.FluxContextWrite$ContextWriteSubscriber.request(FluxContextWrite.java:136) ~[reactor-core-3.6.0.jar:3.6.0]
		at reactor.core.publisher.FluxConcatMapNoPrefetch$FluxConcatMapNoPrefetchSubscriber.request(FluxConcatMapNoPrefetch.java:336) ~[reactor-core-3.6.0.jar:3.6.0]
		at reactor.core.publisher.FluxContextWrite$ContextWriteSubscriber.request(FluxContextWrite.java:136) ~[reactor-core-3.6.0.jar:3.6.0]
		at reactor.core.publisher.Operators$DeferredSubscription.request(Operators.java:1743) ~[reactor-core-3.6.0.jar:3.6.0]
		at reactor.core.publisher.FluxRetryWhen$RetryWhenMainSubscriber.onError(FluxRetryWhen.java:195) ~[reactor-core-3.6.0.jar:3.6.0]
		at reactor.core.publisher.MonoCreate$DefaultMonoSink.error(MonoCreate.java:205) ~[reactor-core-3.6.0.jar:3.6.0]
		at reactor.netty.http.client.HttpClientConnect$MonoHttpConnect$ClientTransportSubscriber.onError(HttpClientConnect.java:311) ~[reactor-netty-http-1.1.13.jar:1.1.13]
		at reactor.core.publisher.MonoCreate$DefaultMonoSink.error(MonoCreate.java:205) ~[reactor-core-3.6.0.jar:3.6.0]
		at reactor.netty.resources.DefaultPooledConnectionProvider$DisposableAcquire.onError(DefaultPooledConnectionProvider.java:162) ~[reactor-netty-core-1.1.13.jar:1.1.13]
		at reactor.netty.internal.shaded.reactor.pool.AbstractPool$Borrower.fail(AbstractPool.java:475) ~[reactor-netty-core-1.1.13.jar:1.1.13]
		at reactor.netty.internal.shaded.reactor.pool.SimpleDequePool.lambda$drainLoop$9(SimpleDequePool.java:433) ~[reactor-netty-core-1.1.13.jar:1.1.13]
		at reactor.core.publisher.FluxDoOnEach$DoOnEachSubscriber.onError(FluxDoOnEach.java:186) ~[reactor-core-3.6.0.jar:3.6.0]
		at reactor.core.publisher.MonoCreate$DefaultMonoSink.error(MonoCreate.java:205) ~[reactor-core-3.6.0.jar:3.6.0]
		at reactor.netty.resources.DefaultPooledConnectionProvider$PooledConnectionAllocator$PooledConnectionInitializer.onError(DefaultPooledConnectionProvider.java:560) ~[reactor-netty-core-1.1.13.jar:1.1.13]
		at reactor.core.publisher.MonoFlatMap$FlatMapMain.secondError(MonoFlatMap.java:241) ~[reactor-core-3.6.0.jar:3.6.0]
		at reactor.core.publisher.MonoFlatMap$FlatMapInner.onError(MonoFlatMap.java:315) ~[reactor-core-3.6.0.jar:3.6.0]
		at reactor.core.publisher.FluxOnErrorResume$ResumeSubscriber.onError(FluxOnErrorResume.java:106) ~[reactor-core-3.6.0.jar:3.6.0]
		at reactor.core.publisher.Operators.error(Operators.java:198) ~[reactor-core-3.6.0.jar:3.6.0]
		at reactor.core.publisher.MonoError.subscribe(MonoError.java:53) ~[reactor-core-3.6.0.jar:3.6.0]
		at reactor.core.publisher.Mono.subscribe(Mono.java:4512) ~[reactor-core-3.6.0.jar:3.6.0]
		at reactor.core.publisher.FluxOnErrorResume$ResumeSubscriber.onError(FluxOnErrorResume.java:103) ~[reactor-core-3.6.0.jar:3.6.0]
		at reactor.core.publisher.Operators.error(Operators.java:198) ~[reactor-core-3.6.0.jar:3.6.0]
		at reactor.core.publisher.MonoError.subscribe(MonoError.java:53) ~[reactor-core-3.6.0.jar:3.6.0]
		at reactor.core.publisher.InternalMonoOperator.subscribe(InternalMonoOperator.java:76) ~[reactor-core-3.6.0.jar:3.6.0]
		at reactor.core.publisher.MonoFlatMap$FlatMapMain.onNext(MonoFlatMap.java:165) ~[reactor-core-3.6.0.jar:3.6.0]
		at reactor.netty.transport.TransportConnector$MonoChannelPromise._subscribe(TransportConnector.java:638) ~[reactor-netty-core-1.1.13.jar:1.1.13]
		at reactor.netty.transport.TransportConnector$MonoChannelPromise.lambda$subscribe$0(TransportConnector.java:550) ~[reactor-netty-core-1.1.13.jar:1.1.13]
		at io.netty.util.concurrent.AbstractEventExecutor.runTask(AbstractEventExecutor.java:173) ~[netty-common-4.1.101.Final.jar:4.1.101.Final]
		at io.netty.util.concurrent.AbstractEventExecutor.safeExecute(AbstractEventExecutor.java:166) ~[netty-common-4.1.101.Final.jar:4.1.101.Final]
		at io.netty.util.concurrent.SingleThreadEventExecutor.runAllTasks(SingleThreadEventExecutor.java:470) ~[netty-common-4.1.101.Final.jar:4.1.101.Final]
		at io.netty.channel.nio.NioEventLoop.run(NioEventLoop.java:569) ~[netty-transport-4.1.101.Final.jar:4.1.101.Final]
		at io.netty.util.concurrent.SingleThreadEventExecutor$4.run(SingleThreadEventExecutor.java:997) ~[netty-common-4.1.101.Final.jar:4.1.101.Final]
		at io.netty.util.internal.ThreadExecutorMap$2.run(ThreadExecutorMap.java:74) ~[netty-common-4.1.101.Final.jar:4.1.101.Final]
		at io.netty.util.concurrent.FastThreadLocalRunnable.run(FastThreadLocalRunnable.java:30) ~[netty-common-4.1.101.Final.jar:4.1.101.Final]
		at java.base/java.lang.Thread.run(Thread.java:833) ~[na:na]
Caused by: java.lang.IllegalStateException: executor not accepting a task
	at io.netty.resolver.AddressResolverGroup.getResolver(AddressResolverGroup.java:61) ~[netty-resolver-4.1.101.Final.jar:4.1.101.Final]
	at reactor.netty.transport.TransportConnector.doResolveAndConnect(TransportConnector.java:303) ~[reactor-netty-core-1.1.13.jar:1.1.13]
	at reactor.netty.transport.TransportConnector.lambda$connect$6(TransportConnector.java:165) ~[reactor-netty-core-1.1.13.jar:1.1.13]
	at reactor.core.publisher.MonoFlatMap$FlatMapMain.onNext(MonoFlatMap.java:132) ~[reactor-core-3.6.0.jar:3.6.0]
	at reactor.netty.transport.TransportConnector$MonoChannelPromise._subscribe(TransportConnector.java:638) ~[reactor-netty-core-1.1.13.jar:1.1.13]
	at reactor.netty.transport.TransportConnector$MonoChannelPromise.lambda$subscribe$0(TransportConnector.java:550) ~[reactor-netty-core-1.1.13.jar:1.1.13]
	at io.netty.util.concurrent.AbstractEventExecutor.runTask(AbstractEventExecutor.java:173) ~[netty-common-4.1.101.Final.jar:4.1.101.Final]
	at io.netty.util.concurrent.AbstractEventExecutor.safeExecute(AbstractEventExecutor.java:166) ~[netty-common-4.1.101.Final.jar:4.1.101.Final]
	at io.netty.util.concurrent.SingleThreadEventExecutor.runAllTasks(SingleThreadEventExecutor.java:470) ~[netty-common-4.1.101.Final.jar:4.1.101.Final]
	at io.netty.channel.nio.NioEventLoop.run(NioEventLoop.java:569) ~[netty-transport-4.1.101.Final.jar:4.1.101.Final]
	at io.netty.util.concurrent.SingleThreadEventExecutor$4.run(SingleThreadEventExecutor.java:997) ~[netty-common-4.1.101.Final.jar:4.1.101.Final]
	at io.netty.util.internal.ThreadExecutorMap$2.run(ThreadExecutorMap.java:74) ~[netty-common-4.1.101.Final.jar:4.1.101.Final]
	at io.netty.util.concurrent.FastThreadLocalRunnable.run(FastThreadLocalRunnable.java:30) ~[netty-common-4.1.101.Final.jar:4.1.101.Final]
	at java.base/java.lang.Thread.run(Thread.java:833) ~[na:na]

2026-05-16T12:34:51.201+05:30  WARN 5168 --- [admin-server] [reactor-http-nio-11] d.c.b.admin.server.services.InfoUpdater  : Couldn't retrieve info for Instance(id=81c0489e17ea, version=2, registration=Registration(name=auth-service, managementUrl=http://10.0.3.21:8081/actuator, healthUrl=http://10.0.3.21:8081/actuator/health, serviceUrl=http://10.0.3.21:8081/, source=http-api), registered=true, statusInfo=StatusInfo(status=UP, details={mail={status=UP, details={location=smtp.gmail.com:587}}, diskSpace={status=UP, details={total=236228440064, free=22118576128, threshold=10485760, path=C:\Users\Hp\Desktop\Parkease-Backend\auth-service\., exists=true}}, ping={status=UP}, discoveryComposite={status=UP, components={discoveryClient={status=UP, details={services=[]}}, eureka={description=Eureka discovery client has not yet successfully connected to a Eureka server, status=UP, details={applications={}}}}}, refreshScope={status=UP}, db={status=UP, details={database=MySQL, validationQuery=isValid()}}}), statusTimestamp=2026-05-16T06:48:19.459480200Z, info=Info(values={}), endpoints=Endpoints(endpoints={caches=Endpoint(id=caches, url=http://10.0.3.21:8081/actuator/caches), loggers=Endpoint(id=loggers, url=http://10.0.3.21:8081/actuator/loggers), logfile=Endpoint(id=logfile, url=http://10.0.3.21:8081/actuator/logfile), health=Endpoint(id=health, url=http://10.0.3.21:8081/actuator/health), refresh=Endpoint(id=refresh, url=http://10.0.3.21:8081/actuator/refresh), env=Endpoint(id=env, url=http://10.0.3.21:8081/actuator/env), serviceregistry=Endpoint(id=serviceregistry, url=http://10.0.3.21:8081/actuator/serviceregistry), heapdump=Endpoint(id=heapdump, url=http://10.0.3.21:8081/actuator/heapdump), features=Endpoint(id=features, url=http://10.0.3.21:8081/actuator/features), scheduledtasks=Endpoint(id=scheduledtasks, url=http://10.0.3.21:8081/actuator/scheduledtasks), mappings=Endpoint(id=mappings, url=http://10.0.3.21:8081/actuator/mappings), beans=Endpoint(id=beans, url=http://10.0.3.21:8081/actuator/beans), configprops=Endpoint(id=configprops, url=http://10.0.3.21:8081/actuator/configprops), threaddump=Endpoint(id=threaddump, url=http://10.0.3.21:8081/actuator/threaddump), metrics=Endpoint(id=metrics, url=http://10.0.3.21:8081/actuator/metrics), conditions=Endpoint(id=conditions, url=http://10.0.3.21:8081/actuator/conditions), info=Endpoint(id=info, url=http://10.0.3.21:8081/actuator/info)}), buildVersion=null, tags=Tags(values={}))

org.springframework.web.reactive.function.client.WebClientRequestException: executor not accepting a task
	at org.springframework.web.reactive.function.client.ExchangeFunctions$DefaultExchangeFunction.lambda$wrapException$9(ExchangeFunctions.java:136) ~[spring-webflux-6.1.1.jar:6.1.1]
	Suppressed: reactor.core.publisher.FluxOnAssembly$OnAssemblyException: 
Error has been observed at the following site(s):
	*__checkpoint ⇢ Request to GET info [DefaultWebClient]
Original Stack Trace:
		at org.springframework.web.reactive.function.client.ExchangeFunctions$DefaultExchangeFunction.lambda$wrapException$9(ExchangeFunctions.java:136) ~[spring-webflux-6.1.1.jar:6.1.1]
		at reactor.core.publisher.MonoErrorSupplied.subscribe(MonoErrorSupplied.java:55) ~[reactor-core-3.6.0.jar:3.6.0]
		at reactor.core.publisher.Mono.subscribe(Mono.java:4512) ~[reactor-core-3.6.0.jar:3.6.0]
		at reactor.core.publisher.FluxOnErrorResume$ResumeSubscriber.onError(FluxOnErrorResume.java:103) ~[reactor-core-3.6.0.jar:3.6.0]
		at reactor.core.publisher.FluxPeek$PeekSubscriber.onError(FluxPeek.java:222) ~[reactor-core-3.6.0.jar:3.6.0]
		at reactor.core.publisher.FluxPeek$PeekSubscriber.onError(FluxPeek.java:222) ~[reactor-core-3.6.0.jar:3.6.0]
		at reactor.core.publisher.FluxPeek$PeekSubscriber.onError(FluxPeek.java:222) ~[reactor-core-3.6.0.jar:3.6.0]
		at reactor.core.publisher.MonoNext$NextSubscriber.onError(MonoNext.java:93) ~[reactor-core-3.6.0.jar:3.6.0]
		at reactor.core.publisher.MonoFlatMapMany$FlatMapManyMain.onError(MonoFlatMapMany.java:204) ~[reactor-core-3.6.0.jar:3.6.0]
		at reactor.core.publisher.SerializedSubscriber.onError(SerializedSubscriber.java:124) ~[reactor-core-3.6.0.jar:3.6.0]
		at reactor.core.publisher.FluxRetryWhen$RetryWhenMainSubscriber.whenError(FluxRetryWhen.java:228) ~[reactor-core-3.6.0.jar:3.6.0]
		at reactor.core.publisher.FluxRetryWhen$RetryWhenOtherSubscriber.onError(FluxRetryWhen.java:278) ~[reactor-core-3.6.0.jar:3.6.0]
		at reactor.core.publisher.FluxContextWrite$ContextWriteSubscriber.onError(FluxContextWrite.java:121) ~[reactor-core-3.6.0.jar:3.6.0]
		at reactor.core.publisher.FluxConcatMapNoPrefetch$FluxConcatMapNoPrefetchSubscriber.maybeOnError(FluxConcatMapNoPrefetch.java:326) ~[reactor-core-3.6.0.jar:3.6.0]
		at reactor.core.publisher.FluxConcatMapNoPrefetch$FluxConcatMapNoPrefetchSubscriber.onNext(FluxConcatMapNoPrefetch.java:211) ~[reactor-core-3.6.0.jar:3.6.0]
		at reactor.core.publisher.FluxContextWrite$ContextWriteSubscriber.onNext(FluxContextWrite.java:107) ~[reactor-core-3.6.0.jar:3.6.0]
		at reactor.core.publisher.SinkManyEmitterProcessor.drain(SinkManyEmitterProcessor.java:476) ~[reactor-core-3.6.0.jar:3.6.0]
		at reactor.core.publisher.SinkManyEmitterProcessor$EmitterInner.drainParent(SinkManyEmitterProcessor.java:620) ~[reactor-core-3.6.0.jar:3.6.0]
		at reactor.core.publisher.FluxPublish$PubSubInner.request(FluxPublish.java:874) ~[reactor-core-3.6.0.jar:3.6.0]
		at reactor.core.publisher.FluxContextWrite$ContextWriteSubscriber.request(FluxContextWrite.java:136) ~[reactor-core-3.6.0.jar:3.6.0]
		at reactor.core.publisher.FluxConcatMapNoPrefetch$FluxConcatMapNoPrefetchSubscriber.request(FluxConcatMapNoPrefetch.java:336) ~[reactor-core-3.6.0.jar:3.6.0]
		at reactor.core.publisher.FluxContextWrite$ContextWriteSubscriber.request(FluxContextWrite.java:136) ~[reactor-core-3.6.0.jar:3.6.0]
		at reactor.core.publisher.Operators$DeferredSubscription.request(Operators.java:1743) ~[reactor-core-3.6.0.jar:3.6.0]
		at reactor.core.publisher.FluxRetryWhen$RetryWhenMainSubscriber.onError(FluxRetryWhen.java:195) ~[reactor-core-3.6.0.jar:3.6.0]
		at reactor.core.publisher.MonoCreate$DefaultMonoSink.error(MonoCreate.java:205) ~[reactor-core-3.6.0.jar:3.6.0]
		at reactor.netty.http.client.HttpClientConnect$MonoHttpConnect$ClientTransportSubscriber.onError(HttpClientConnect.java:311) ~[reactor-netty-http-1.1.13.jar:1.1.13]
		at reactor.core.publisher.MonoCreate$DefaultMonoSink.error(MonoCreate.java:205) ~[reactor-core-3.6.0.jar:3.6.0]
		at reactor.netty.resources.DefaultPooledConnectionProvider$DisposableAcquire.onError(DefaultPooledConnectionProvider.java:162) ~[reactor-netty-core-1.1.13.jar:1.1.13]
		at reactor.netty.internal.shaded.reactor.pool.AbstractPool$Borrower.fail(AbstractPool.java:475) ~[reactor-netty-core-1.1.13.jar:1.1.13]
		at reactor.netty.internal.shaded.reactor.pool.SimpleDequePool.lambda$drainLoop$9(SimpleDequePool.java:433) ~[reactor-netty-core-1.1.13.jar:1.1.13]
		at reactor.core.publisher.FluxDoOnEach$DoOnEachSubscriber.onError(FluxDoOnEach.java:186) ~[reactor-core-3.6.0.jar:3.6.0]
		at reactor.core.publisher.MonoCreate$DefaultMonoSink.error(MonoCreate.java:205) ~[reactor-core-3.6.0.jar:3.6.0]
		at reactor.netty.resources.DefaultPooledConnectionProvider$PooledConnectionAllocator$PooledConnectionInitializer.onError(DefaultPooledConnectionProvider.java:560) ~[reactor-netty-core-1.1.13.jar:1.1.13]
		at reactor.core.publisher.MonoFlatMap$FlatMapMain.secondError(MonoFlatMap.java:241) ~[reactor-core-3.6.0.jar:3.6.0]
		at reactor.core.publisher.MonoFlatMap$FlatMapInner.onError(MonoFlatMap.java:315) ~[reactor-core-3.6.0.jar:3.6.0]
		at reactor.core.publisher.FluxOnErrorResume$ResumeSubscriber.onError(FluxOnErrorResume.java:106) ~[reactor-core-3.6.0.jar:3.6.0]
		at reactor.core.publisher.Operators.error(Operators.java:198) ~[reactor-core-3.6.0.jar:3.6.0]
		at reactor.core.publisher.MonoError.subscribe(MonoError.java:53) ~[reactor-core-3.6.0.jar:3.6.0]
		at reactor.core.publisher.Mono.subscribe(Mono.java:4512) ~[reactor-core-3.6.0.jar:3.6.0]
		at reactor.core.publisher.FluxOnErrorResume$ResumeSubscriber.onError(FluxOnErrorResume.java:103) ~[reactor-core-3.6.0.jar:3.6.0]
		at reactor.core.publisher.Operators.error(Operators.java:198) ~[reactor-core-3.6.0.jar:3.6.0]
		at reactor.core.publisher.MonoError.subscribe(MonoError.java:53) ~[reactor-core-3.6.0.jar:3.6.0]
		at reactor.core.publisher.InternalMonoOperator.subscribe(InternalMonoOperator.java:76) ~[reactor-core-3.6.0.jar:3.6.0]
		at reactor.core.publisher.MonoFlatMap$FlatMapMain.onNext(MonoFlatMap.java:165) ~[reactor-core-3.6.0.jar:3.6.0]
		at reactor.netty.transport.TransportConnector$MonoChannelPromise._subscribe(TransportConnector.java:638) ~[reactor-netty-core-1.1.13.jar:1.1.13]
		at reactor.netty.transport.TransportConnector$MonoChannelPromise.lambda$subscribe$0(TransportConnector.java:550) ~[reactor-netty-core-1.1.13.jar:1.1.13]
		at io.netty.util.concurrent.AbstractEventExecutor.runTask(AbstractEventExecutor.java:173) ~[netty-common-4.1.101.Final.jar:4.1.101.Final]
		at io.netty.util.concurrent.AbstractEventExecutor.safeExecute(AbstractEventExecutor.java:166) ~[netty-common-4.1.101.Final.jar:4.1.101.Final]
		at io.netty.util.concurrent.SingleThreadEventExecutor.runAllTasks(SingleThreadEventExecutor.java:470) ~[netty-common-4.1.101.Final.jar:4.1.101.Final]
		at io.netty.channel.nio.NioEventLoop.run(NioEventLoop.java:569) ~[netty-transport-4.1.101.Final.jar:4.1.101.Final]
		at io.netty.util.concurrent.SingleThreadEventExecutor$4.run(SingleThreadEventExecutor.java:997) ~[netty-common-4.1.101.Final.jar:4.1.101.Final]
		at io.netty.util.internal.ThreadExecutorMap$2.run(ThreadExecutorMap.java:74) ~[netty-common-4.1.101.Final.jar:4.1.101.Final]
		at io.netty.util.concurrent.FastThreadLocalRunnable.run(FastThreadLocalRunnable.java:30) ~[netty-common-4.1.101.Final.jar:4.1.101.Final]
		at java.base/java.lang.Thread.run(Thread.java:833) ~[na:na]
Caused by: java.lang.IllegalStateException: executor not accepting a task
	at io.netty.resolver.AddressResolverGroup.getResolver(AddressResolverGroup.java:61) ~[netty-resolver-4.1.101.Final.jar:4.1.101.Final]
	at reactor.netty.transport.TransportConnector.doResolveAndConnect(TransportConnector.java:303) ~[reactor-netty-core-1.1.13.jar:1.1.13]
	at reactor.netty.transport.TransportConnector.lambda$connect$6(TransportConnector.java:165) ~[reactor-netty-core-1.1.13.jar:1.1.13]
	at reactor.core.publisher.MonoFlatMap$FlatMapMain.onNext(MonoFlatMap.java:132) ~[reactor-core-3.6.0.jar:3.6.0]
	at reactor.netty.transport.TransportConnector$MonoChannelPromise._subscribe(TransportConnector.java:638) ~[reactor-netty-core-1.1.13.jar:1.1.13]
	at reactor.netty.transport.TransportConnector$MonoChannelPromise.lambda$subscribe$0(TransportConnector.java:550) ~[reactor-netty-core-1.1.13.jar:1.1.13]
	at io.netty.util.concurrent.AbstractEventExecutor.runTask(AbstractEventExecutor.java:173) ~[netty-common-4.1.101.Final.jar:4.1.101.Final]
	at io.netty.util.concurrent.AbstractEventExecutor.safeExecute(AbstractEventExecutor.java:166) ~[netty-common-4.1.101.Final.jar:4.1.101.Final]
	at io.netty.util.concurrent.SingleThreadEventExecutor.runAllTasks(SingleThreadEventExecutor.java:470) ~[netty-common-4.1.101.Final.jar:4.1.101.Final]
	at io.netty.channel.nio.NioEventLoop.run(NioEventLoop.java:569) ~[netty-transport-4.1.101.Final.jar:4.1.101.Final]
	at io.netty.util.concurrent.SingleThreadEventExecutor$4.run(SingleThreadEventExecutor.java:997) ~[netty-common-4.1.101.Final.jar:4.1.101.Final]
	at io.netty.util.internal.ThreadExecutorMap$2.run(ThreadExecutorMap.java:74) ~[netty-common-4.1.101.Final.jar:4.1.101.Final]
	at io.netty.util.concurrent.FastThreadLocalRunnable.run(FastThreadLocalRunnable.java:30) ~[netty-common-4.1.101.Final.jar:4.1.101.Final]
	at java.base/java.lang.Thread.run(Thread.java:833) ~[na:na]

2026-05-16T12:34:51.204+05:30  WARN 5168 --- [admin-server] [reactor-http-nio-3] d.c.b.admin.server.services.InfoUpdater  : Couldn't retrieve info for Instance(id=b61e4422d47a, version=2, registration=Registration(name=analytics-service, managementUrl=http://10.0.3.21:8088/actuator, healthUrl=http://10.0.3.21:8088/actuator/health, serviceUrl=http://10.0.3.21:8088/, source=http-api), registered=true, statusInfo=StatusInfo(status=UP, details={db={status=UP, details={database=MySQL, validationQuery=isValid()}}, diskSpace={status=UP, details={total=236228440064, free=22118576128, threshold=10485760, path=C:\Users\Hp\Desktop\Parkease-Backend\analytics-service\., exists=true}}, ping={status=UP}, discoveryComposite={status=UP, components={discoveryClient={status=UP, details={services=[]}}, eureka={description=Eureka discovery client has not yet successfully connected to a Eureka server, status=UP, details={applications={}}}}}, refreshScope={status=UP}}), statusTimestamp=2026-05-16T06:48:19.429342400Z, info=Info(values={}), endpoints=Endpoints(endpoints={ratelimiterevents=Endpoint(id=ratelimiterevents, url=http://10.0.3.21:8088/actuator/ratelimiterevents), caches=Endpoint(id=caches, url=http://10.0.3.21:8088/actuator/caches), loggers=Endpoint(id=loggers, url=http://10.0.3.21:8088/actuator/loggers), heapdump=Endpoint(id=heapdump, url=http://10.0.3.21:8088/actuator/heapdump), circuitbreakers=Endpoint(id=circuitbreakers, url=http://10.0.3.21:8088/actuator/circuitbreakers), features=Endpoint(id=features, url=http://10.0.3.21:8088/actuator/features), timelimiterevents=Endpoint(id=timelimiterevents, url=http://10.0.3.21:8088/actuator/timelimiterevents), beans=Endpoint(id=beans, url=http://10.0.3.21:8088/actuator/beans), configprops=Endpoint(id=configprops, url=http://10.0.3.21:8088/actuator/configprops), threaddump=Endpoint(id=threaddump, url=http://10.0.3.21:8088/actuator/threaddump), ratelimiters=Endpoint(id=ratelimiters, url=http://10.0.3.21:8088/actuator/ratelimiters), info=Endpoint(id=info, url=http://10.0.3.21:8088/actuator/info), timelimiters=Endpoint(id=timelimiters, url=http://10.0.3.21:8088/actuator/timelimiters), circuitbreakerevents=Endpoint(id=circuitbreakerevents, url=http://10.0.3.21:8088/actuator/circuitbreakerevents), logfile=Endpoint(id=logfile, url=http://10.0.3.21:8088/actuator/logfile), health=Endpoint(id=health, url=http://10.0.3.21:8088/actuator/health), refresh=Endpoint(id=refresh, url=http://10.0.3.21:8088/actuator/refresh), env=Endpoint(id=env, url=http://10.0.3.21:8088/actuator/env), serviceregistry=Endpoint(id=serviceregistry, url=http://10.0.3.21:8088/actuator/serviceregistry), retries=Endpoint(id=retries, url=http://10.0.3.21:8088/actuator/retries), retryevents=Endpoint(id=retryevents, url=http://10.0.3.21:8088/actuator/retryevents), scheduledtasks=Endpoint(id=scheduledtasks, url=http://10.0.3.21:8088/actuator/scheduledtasks), mappings=Endpoint(id=mappings, url=http://10.0.3.21:8088/actuator/mappings), metrics=Endpoint(id=metrics, url=http://10.0.3.21:8088/actuator/metrics), conditions=Endpoint(id=conditions, url=http://10.0.3.21:8088/actuator/conditions)}), buildVersion=null, tags=Tags(values={}))

org.springframework.web.reactive.function.client.WebClientRequestException: executor not accepting a task
	at org.springframework.web.reactive.function.client.ExchangeFunctions$DefaultExchangeFunction.lambda$wrapException$9(ExchangeFunctions.java:136) ~[spring-webflux-6.1.1.jar:6.1.1]
	Suppressed: reactor.core.publisher.FluxOnAssembly$OnAssemblyException: 
Error has been observed at the following site(s):
	*__checkpoint ⇢ Request to GET info [DefaultWebClient]
Original Stack Trace:
		at org.springframework.web.reactive.function.client.ExchangeFunctions$DefaultExchangeFunction.lambda$wrapException$9(ExchangeFunctions.java:136) ~[spring-webflux-6.1.1.jar:6.1.1]
		at reactor.core.publisher.MonoErrorSupplied.subscribe(MonoErrorSupplied.java:55) ~[reactor-core-3.6.0.jar:3.6.0]
		at reactor.core.publisher.Mono.subscribe(Mono.java:4512) ~[reactor-core-3.6.0.jar:3.6.0]
		at reactor.core.publisher.FluxOnErrorResume$ResumeSubscriber.onError(FluxOnErrorResume.java:103) ~[reactor-core-3.6.0.jar:3.6.0]
		at reactor.core.publisher.FluxPeek$PeekSubscriber.onError(FluxPeek.java:222) ~[reactor-core-3.6.0.jar:3.6.0]
		at reactor.core.publisher.FluxPeek$PeekSubscriber.onError(FluxPeek.java:222) ~[reactor-core-3.6.0.jar:3.6.0]
		at reactor.core.publisher.FluxPeek$PeekSubscriber.onError(FluxPeek.java:222) ~[reactor-core-3.6.0.jar:3.6.0]
		at reactor.core.publisher.MonoNext$NextSubscriber.onError(MonoNext.java:93) ~[reactor-core-3.6.0.jar:3.6.0]
		at reactor.core.publisher.MonoFlatMapMany$FlatMapManyMain.onError(MonoFlatMapMany.java:204) ~[reactor-core-3.6.0.jar:3.6.0]
		at reactor.core.publisher.SerializedSubscriber.onError(SerializedSubscriber.java:124) ~[reactor-core-3.6.0.jar:3.6.0]
		at reactor.core.publisher.FluxRetryWhen$RetryWhenMainSubscriber.whenError(FluxRetryWhen.java:228) ~[reactor-core-3.6.0.jar:3.6.0]
		at reactor.core.publisher.FluxRetryWhen$RetryWhenOtherSubscriber.onError(FluxRetryWhen.java:278) ~[reactor-core-3.6.0.jar:3.6.0]
		at reactor.core.publisher.FluxContextWrite$ContextWriteSubscriber.onError(FluxContextWrite.java:121) ~[reactor-core-3.6.0.jar:3.6.0]
		at reactor.core.publisher.FluxConcatMapNoPrefetch$FluxConcatMapNoPrefetchSubscriber.maybeOnError(FluxConcatMapNoPrefetch.java:326) ~[reactor-core-3.6.0.jar:3.6.0]
		at reactor.core.publisher.FluxConcatMapNoPrefetch$FluxConcatMapNoPrefetchSubscriber.onNext(FluxConcatMapNoPrefetch.java:211) ~[reactor-core-3.6.0.jar:3.6.0]
		at reactor.core.publisher.FluxContextWrite$ContextWriteSubscriber.onNext(FluxContextWrite.java:107) ~[reactor-core-3.6.0.jar:3.6.0]
		at reactor.core.publisher.SinkManyEmitterProcessor.drain(SinkManyEmitterProcessor.java:476) ~[reactor-core-3.6.0.jar:3.6.0]
		at reactor.core.publisher.SinkManyEmitterProcessor$EmitterInner.drainParent(SinkManyEmitterProcessor.java:620) ~[reactor-core-3.6.0.jar:3.6.0]
		at reactor.core.publisher.FluxPublish$PubSubInner.request(FluxPublish.java:874) ~[reactor-core-3.6.0.jar:3.6.0]
		at reactor.core.publisher.FluxContextWrite$ContextWriteSubscriber.request(FluxContextWrite.java:136) ~[reactor-core-3.6.0.jar:3.6.0]
		at reactor.core.publisher.FluxConcatMapNoPrefetch$FluxConcatMapNoPrefetchSubscriber.request(FluxConcatMapNoPrefetch.java:336) ~[reactor-core-3.6.0.jar:3.6.0]
		at reactor.core.publisher.FluxContextWrite$ContextWriteSubscriber.request(FluxContextWrite.java:136) ~[reactor-core-3.6.0.jar:3.6.0]
		at reactor.core.publisher.Operators$DeferredSubscription.request(Operators.java:1743) ~[reactor-core-3.6.0.jar:3.6.0]
		at reactor.core.publisher.FluxRetryWhen$RetryWhenMainSubscriber.onError(FluxRetryWhen.java:195) ~[reactor-core-3.6.0.jar:3.6.0]
		at reactor.core.publisher.MonoCreate$DefaultMonoSink.error(MonoCreate.java:205) ~[reactor-core-3.6.0.jar:3.6.0]
		at reactor.netty.http.client.HttpClientConnect$MonoHttpConnect$ClientTransportSubscriber.onError(HttpClientConnect.java:311) ~[reactor-netty-http-1.1.13.jar:1.1.13]
		at reactor.core.publisher.MonoCreate$DefaultMonoSink.error(MonoCreate.java:205) ~[reactor-core-3.6.0.jar:3.6.0]
		at reactor.netty.resources.DefaultPooledConnectionProvider$DisposableAcquire.onError(DefaultPooledConnectionProvider.java:162) ~[reactor-netty-core-1.1.13.jar:1.1.13]
		at reactor.netty.internal.shaded.reactor.pool.AbstractPool$Borrower.fail(AbstractPool.java:475) ~[reactor-netty-core-1.1.13.jar:1.1.13]
		at reactor.netty.internal.shaded.reactor.pool.SimpleDequePool.lambda$drainLoop$9(SimpleDequePool.java:433) ~[reactor-netty-core-1.1.13.jar:1.1.13]
		at reactor.core.publisher.FluxDoOnEach$DoOnEachSubscriber.onError(FluxDoOnEach.java:186) ~[reactor-core-3.6.0.jar:3.6.0]
		at reactor.core.publisher.MonoCreate$DefaultMonoSink.error(MonoCreate.java:205) ~[reactor-core-3.6.0.jar:3.6.0]
		at reactor.netty.resources.DefaultPooledConnectionProvider$PooledConnectionAllocator$PooledConnectionInitializer.onError(DefaultPooledConnectionProvider.java:560) ~[reactor-netty-core-1.1.13.jar:1.1.13]
		at reactor.core.publisher.MonoFlatMap$FlatMapMain.secondError(MonoFlatMap.java:241) ~[reactor-core-3.6.0.jar:3.6.0]
		at reactor.core.publisher.MonoFlatMap$FlatMapInner.onError(MonoFlatMap.java:315) ~[reactor-core-3.6.0.jar:3.6.0]
		at reactor.core.publisher.FluxOnErrorResume$ResumeSubscriber.onError(FluxOnErrorResume.java:106) ~[reactor-core-3.6.0.jar:3.6.0]
		at reactor.core.publisher.Operators.error(Operators.java:198) ~[reactor-core-3.6.0.jar:3.6.0]
		at reactor.core.publisher.MonoError.subscribe(MonoError.java:53) ~[reactor-core-3.6.0.jar:3.6.0]
		at reactor.core.publisher.Mono.subscribe(Mono.java:4512) ~[reactor-core-3.6.0.jar:3.6.0]
		at reactor.core.publisher.FluxOnErrorResume$ResumeSubscriber.onError(FluxOnErrorResume.java:103) ~[reactor-core-3.6.0.jar:3.6.0]
		at reactor.core.publisher.Operators.error(Operators.java:198) ~[reactor-core-3.6.0.jar:3.6.0]
		at reactor.core.publisher.MonoError.subscribe(MonoError.java:53) ~[reactor-core-3.6.0.jar:3.6.0]
		at reactor.core.publisher.InternalMonoOperator.subscribe(InternalMonoOperator.java:76) ~[reactor-core-3.6.0.jar:3.6.0]
		at reactor.core.publisher.MonoFlatMap$FlatMapMain.onNext(MonoFlatMap.java:165) ~[reactor-core-3.6.0.jar:3.6.0]
		at reactor.netty.transport.TransportConnector$MonoChannelPromise._subscribe(TransportConnector.java:638) ~[reactor-netty-core-1.1.13.jar:1.1.13]
		at reactor.netty.transport.TransportConnector$MonoChannelPromise.lambda$subscribe$0(TransportConnector.java:550) ~[reactor-netty-core-1.1.13.jar:1.1.13]
		at io.netty.util.concurrent.AbstractEventExecutor.runTask(AbstractEventExecutor.java:173) ~[netty-common-4.1.101.Final.jar:4.1.101.Final]
		at io.netty.util.concurrent.AbstractEventExecutor.safeExecute(AbstractEventExecutor.java:166) ~[netty-common-4.1.101.Final.jar:4.1.101.Final]
		at io.netty.util.concurrent.SingleThreadEventExecutor.runAllTasks(SingleThreadEventExecutor.java:470) ~[netty-common-4.1.101.Final.jar:4.1.101.Final]
		at io.netty.channel.nio.NioEventLoop.run(NioEventLoop.java:569) ~[netty-transport-4.1.101.Final.jar:4.1.101.Final]
		at io.netty.util.concurrent.SingleThreadEventExecutor$4.run(SingleThreadEventExecutor.java:997) ~[netty-common-4.1.101.Final.jar:4.1.101.Final]
		at io.netty.util.internal.ThreadExecutorMap$2.run(ThreadExecutorMap.java:74) ~[netty-common-4.1.101.Final.jar:4.1.101.Final]
		at io.netty.util.concurrent.FastThreadLocalRunnable.run(FastThreadLocalRunnable.java:30) ~[netty-common-4.1.101.Final.jar:4.1.101.Final]
		at java.base/java.lang.Thread.run(Thread.java:833) ~[na:na]
Caused by: java.lang.IllegalStateException: executor not accepting a task
	at io.netty.resolver.AddressResolverGroup.getResolver(AddressResolverGroup.java:61) ~[netty-resolver-4.1.101.Final.jar:4.1.101.Final]
	at reactor.netty.transport.TransportConnector.doResolveAndConnect(TransportConnector.java:303) ~[reactor-netty-core-1.1.13.jar:1.1.13]
	at reactor.netty.transport.TransportConnector.lambda$connect$6(TransportConnector.java:165) ~[reactor-netty-core-1.1.13.jar:1.1.13]
	at reactor.core.publisher.MonoFlatMap$FlatMapMain.onNext(MonoFlatMap.java:132) ~[reactor-core-3.6.0.jar:3.6.0]
	at reactor.netty.transport.TransportConnector$MonoChannelPromise._subscribe(TransportConnector.java:638) ~[reactor-netty-core-1.1.13.jar:1.1.13]
	at reactor.netty.transport.TransportConnector$MonoChannelPromise.lambda$subscribe$0(TransportConnector.java:550) ~[reactor-netty-core-1.1.13.jar:1.1.13]
	at io.netty.util.concurrent.AbstractEventExecutor.runTask(AbstractEventExecutor.java:173) ~[netty-common-4.1.101.Final.jar:4.1.101.Final]
	at io.netty.util.concurrent.AbstractEventExecutor.safeExecute(AbstractEventExecutor.java:166) ~[netty-common-4.1.101.Final.jar:4.1.101.Final]
	at io.netty.util.concurrent.SingleThreadEventExecutor.runAllTasks(SingleThreadEventExecutor.java:470) ~[netty-common-4.1.101.Final.jar:4.1.101.Final]
	at io.netty.channel.nio.NioEventLoop.run(NioEventLoop.java:569) ~[netty-transport-4.1.101.Final.jar:4.1.101.Final]
	at io.netty.util.concurrent.SingleThreadEventExecutor$4.run(SingleThreadEventExecutor.java:997) ~[netty-common-4.1.101.Final.jar:4.1.101.Final]
	at io.netty.util.internal.ThreadExecutorMap$2.run(ThreadExecutorMap.java:74) ~[netty-common-4.1.101.Final.jar:4.1.101.Final]
	at io.netty.util.concurrent.FastThreadLocalRunnable.run(FastThreadLocalRunnable.java:30) ~[netty-common-4.1.101.Final.jar:4.1.101.Final]
	at java.base/java.lang.Thread.run(Thread.java:833) ~[na:na]

2026-05-16T12:34:51.205+05:30  WARN 5168 --- [admin-server] [reactor-http-nio-7] d.c.b.admin.server.services.InfoUpdater  : Couldn't retrieve info for Instance(id=e2e92a1c925f, version=2, registration=Registration(name=vehicle-service, managementUrl=http://10.0.3.21:8084/actuator, healthUrl=http://10.0.3.21:8084/actuator/health, serviceUrl=http://10.0.3.21:8084/, source=http-api), registered=true, statusInfo=StatusInfo(status=UP, details={db={status=UP, details={database=MySQL, validationQuery=isValid()}}, diskSpace={status=UP, details={total=236228440064, free=22118641664, threshold=10485760, path=C:\Users\Hp\Desktop\Parkease-Backend\vehicle-service\., exists=true}}, ping={status=UP}, discoveryComposite={status=UP, components={discoveryClient={status=UP, details={services=[]}}, eureka={description=Eureka discovery client has not yet successfully connected to a Eureka server, status=UP, details={applications={}}}}}, refreshScope={status=UP}}), statusTimestamp=2026-05-16T06:48:15.079453900Z, info=Info(values={}), endpoints=Endpoints(endpoints={caches=Endpoint(id=caches, url=http://10.0.3.21:8084/actuator/caches), loggers=Endpoint(id=loggers, url=http://10.0.3.21:8084/actuator/loggers), logfile=Endpoint(id=logfile, url=http://10.0.3.21:8084/actuator/logfile), health=Endpoint(id=health, url=http://10.0.3.21:8084/actuator/health), refresh=Endpoint(id=refresh, url=http://10.0.3.21:8084/actuator/refresh), env=Endpoint(id=env, url=http://10.0.3.21:8084/actuator/env), serviceregistry=Endpoint(id=serviceregistry, url=http://10.0.3.21:8084/actuator/serviceregistry), heapdump=Endpoint(id=heapdump, url=http://10.0.3.21:8084/actuator/heapdump), features=Endpoint(id=features, url=http://10.0.3.21:8084/actuator/features), scheduledtasks=Endpoint(id=scheduledtasks, url=http://10.0.3.21:8084/actuator/scheduledtasks), mappings=Endpoint(id=mappings, url=http://10.0.3.21:8084/actuator/mappings), beans=Endpoint(id=beans, url=http://10.0.3.21:8084/actuator/beans), configprops=Endpoint(id=configprops, url=http://10.0.3.21:8084/actuator/configprops), threaddump=Endpoint(id=threaddump, url=http://10.0.3.21:8084/actuator/threaddump), metrics=Endpoint(id=metrics, url=http://10.0.3.21:8084/actuator/metrics), conditions=Endpoint(id=conditions, url=http://10.0.3.21:8084/actuator/conditions), info=Endpoint(id=info, url=http://10.0.3.21:8084/actuator/info)}), buildVersion=null, tags=Tags(values={}))

org.springframework.web.reactive.function.client.WebClientRequestException: executor not accepting a task
	at org.springframework.web.reactive.function.client.ExchangeFunctions$DefaultExchangeFunction.lambda$wrapException$9(ExchangeFunctions.java:136) ~[spring-webflux-6.1.1.jar:6.1.1]
	Suppressed: reactor.core.publisher.FluxOnAssembly$OnAssemblyException: 
Error has been observed at the following site(s):
	*__checkpoint ⇢ Request to GET info [DefaultWebClient]
Original Stack Trace:
		at org.springframework.web.reactive.function.client.ExchangeFunctions$DefaultExchangeFunction.lambda$wrapException$9(ExchangeFunctions.java:136) ~[spring-webflux-6.1.1.jar:6.1.1]
		at reactor.core.publisher.MonoErrorSupplied.subscribe(MonoErrorSupplied.java:55) ~[reactor-core-3.6.0.jar:3.6.0]
		at reactor.core.publisher.Mono.subscribe(Mono.java:4512) ~[reactor-core-3.6.0.jar:3.6.0]
		at reactor.core.publisher.FluxOnErrorResume$ResumeSubscriber.onError(FluxOnErrorResume.java:103) ~[reactor-core-3.6.0.jar:3.6.0]
		at reactor.core.publisher.FluxPeek$PeekSubscriber.onError(FluxPeek.java:222) ~[reactor-core-3.6.0.jar:3.6.0]
		at reactor.core.publisher.FluxPeek$PeekSubscriber.onError(FluxPeek.java:222) ~[reactor-core-3.6.0.jar:3.6.0]
		at reactor.core.publisher.FluxPeek$PeekSubscriber.onError(FluxPeek.java:222) ~[reactor-core-3.6.0.jar:3.6.0]
		at reactor.core.publisher.MonoNext$NextSubscriber.onError(MonoNext.java:93) ~[reactor-core-3.6.0.jar:3.6.0]
		at reactor.core.publisher.MonoFlatMapMany$FlatMapManyMain.onError(MonoFlatMapMany.java:204) ~[reactor-core-3.6.0.jar:3.6.0]
		at reactor.core.publisher.SerializedSubscriber.onError(SerializedSubscriber.java:124) ~[reactor-core-3.6.0.jar:3.6.0]
		at reactor.core.publisher.FluxRetryWhen$RetryWhenMainSubscriber.whenError(FluxRetryWhen.java:228) ~[reactor-core-3.6.0.jar:3.6.0]
		at reactor.core.publisher.FluxRetryWhen$RetryWhenOtherSubscriber.onError(FluxRetryWhen.java:278) ~[reactor-core-3.6.0.jar:3.6.0]
		at reactor.core.publisher.FluxContextWrite$ContextWriteSubscriber.onError(FluxContextWrite.java:121) ~[reactor-core-3.6.0.jar:3.6.0]
		at reactor.core.publisher.FluxConcatMapNoPrefetch$FluxConcatMapNoPrefetchSubscriber.maybeOnError(FluxConcatMapNoPrefetch.java:326) ~[reactor-core-3.6.0.jar:3.6.0]
		at reactor.core.publisher.FluxConcatMapNoPrefetch$FluxConcatMapNoPrefetchSubscriber.onNext(FluxConcatMapNoPrefetch.java:211) ~[reactor-core-3.6.0.jar:3.6.0]
		at reactor.core.publisher.FluxContextWrite$ContextWriteSubscriber.onNext(FluxContextWrite.java:107) ~[reactor-core-3.6.0.jar:3.6.0]
		at reactor.core.publisher.SinkManyEmitterProcessor.drain(SinkManyEmitterProcessor.java:476) ~[reactor-core-3.6.0.jar:3.6.0]
		at reactor.core.publisher.SinkManyEmitterProcessor$EmitterInner.drainParent(SinkManyEmitterProcessor.java:620) ~[reactor-core-3.6.0.jar:3.6.0]
		at reactor.core.publisher.FluxPublish$PubSubInner.request(FluxPublish.java:874) ~[reactor-core-3.6.0.jar:3.6.0]
		at reactor.core.publisher.FluxContextWrite$ContextWriteSubscriber.request(FluxContextWrite.java:136) ~[reactor-core-3.6.0.jar:3.6.0]
		at reactor.core.publisher.FluxConcatMapNoPrefetch$FluxConcatMapNoPrefetchSubscriber.request(FluxConcatMapNoPrefetch.java:336) ~[reactor-core-3.6.0.jar:3.6.0]
		at reactor.core.publisher.FluxContextWrite$ContextWriteSubscriber.request(FluxContextWrite.java:136) ~[reactor-core-3.6.0.jar:3.6.0]
		at reactor.core.publisher.Operators$DeferredSubscription.request(Operators.java:1743) ~[reactor-core-3.6.0.jar:3.6.0]
		at reactor.core.publisher.FluxRetryWhen$RetryWhenMainSubscriber.onError(FluxRetryWhen.java:195) ~[reactor-core-3.6.0.jar:3.6.0]
		at reactor.core.publisher.MonoCreate$DefaultMonoSink.error(MonoCreate.java:205) ~[reactor-core-3.6.0.jar:3.6.0]
		at reactor.netty.http.client.HttpClientConnect$MonoHttpConnect$ClientTransportSubscriber.onError(HttpClientConnect.java:311) ~[reactor-netty-http-1.1.13.jar:1.1.13]
		at reactor.core.publisher.MonoCreate$DefaultMonoSink.error(MonoCreate.java:205) ~[reactor-core-3.6.0.jar:3.6.0]
		at reactor.netty.resources.DefaultPooledConnectionProvider$DisposableAcquire.onError(DefaultPooledConnectionProvider.java:162) ~[reactor-netty-core-1.1.13.jar:1.1.13]
		at reactor.netty.internal.shaded.reactor.pool.AbstractPool$Borrower.fail(AbstractPool.java:475) ~[reactor-netty-core-1.1.13.jar:1.1.13]
		at reactor.netty.internal.shaded.reactor.pool.SimpleDequePool.lambda$drainLoop$9(SimpleDequePool.java:433) ~[reactor-netty-core-1.1.13.jar:1.1.13]
		at reactor.core.publisher.FluxDoOnEach$DoOnEachSubscriber.onError(FluxDoOnEach.java:186) ~[reactor-core-3.6.0.jar:3.6.0]
		at reactor.core.publisher.MonoCreate$DefaultMonoSink.error(MonoCreate.java:205) ~[reactor-core-3.6.0.jar:3.6.0]
		at reactor.netty.resources.DefaultPooledConnectionProvider$PooledConnectionAllocator$PooledConnectionInitializer.onError(DefaultPooledConnectionProvider.java:560) ~[reactor-netty-core-1.1.13.jar:1.1.13]
		at reactor.core.publisher.MonoFlatMap$FlatMapMain.secondError(MonoFlatMap.java:241) ~[reactor-core-3.6.0.jar:3.6.0]
		at reactor.core.publisher.MonoFlatMap$FlatMapInner.onError(MonoFlatMap.java:315) ~[reactor-core-3.6.0.jar:3.6.0]
		at reactor.core.publisher.FluxOnErrorResume$ResumeSubscriber.onError(FluxOnErrorResume.java:106) ~[reactor-core-3.6.0.jar:3.6.0]
		at reactor.core.publisher.Operators.error(Operators.java:198) ~[reactor-core-3.6.0.jar:3.6.0]
		at reactor.core.publisher.MonoError.subscribe(MonoError.java:53) ~[reactor-core-3.6.0.jar:3.6.0]
		at reactor.core.publisher.Mono.subscribe(Mono.java:4512) ~[reactor-core-3.6.0.jar:3.6.0]
		at reactor.core.publisher.FluxOnErrorResume$ResumeSubscriber.onError(FluxOnErrorResume.java:103) ~[reactor-core-3.6.0.jar:3.6.0]
		at reactor.core.publisher.Operators.error(Operators.java:198) ~[reactor-core-3.6.0.jar:3.6.0]
		at reactor.core.publisher.MonoError.subscribe(MonoError.java:53) ~[reactor-core-3.6.0.jar:3.6.0]
		at reactor.core.publisher.InternalMonoOperator.subscribe(InternalMonoOperator.java:76) ~[reactor-core-3.6.0.jar:3.6.0]
		at reactor.core.publisher.MonoFlatMap$FlatMapMain.onNext(MonoFlatMap.java:165) ~[reactor-core-3.6.0.jar:3.6.0]
		at reactor.netty.transport.TransportConnector$MonoChannelPromise._subscribe(TransportConnector.java:638) ~[reactor-netty-core-1.1.13.jar:1.1.13]
		at reactor.netty.transport.TransportConnector$MonoChannelPromise.lambda$subscribe$0(TransportConnector.java:550) ~[reactor-netty-core-1.1.13.jar:1.1.13]
		at io.netty.util.concurrent.AbstractEventExecutor.runTask(AbstractEventExecutor.java:173) ~[netty-common-4.1.101.Final.jar:4.1.101.Final]
		at io.netty.util.concurrent.AbstractEventExecutor.safeExecute(AbstractEventExecutor.java:166) ~[netty-common-4.1.101.Final.jar:4.1.101.Final]
		at io.netty.util.concurrent.SingleThreadEventExecutor.runAllTasks(SingleThreadEventExecutor.java:470) ~[netty-common-4.1.101.Final.jar:4.1.101.Final]
		at io.netty.channel.nio.NioEventLoop.run(NioEventLoop.java:569) ~[netty-transport-4.1.101.Final.jar:4.1.101.Final]
		at io.netty.util.concurrent.SingleThreadEventExecutor$4.run(SingleThreadEventExecutor.java:997) ~[netty-common-4.1.101.Final.jar:4.1.101.Final]
		at io.netty.util.internal.ThreadExecutorMap$2.run(ThreadExecutorMap.java:74) ~[netty-common-4.1.101.Final.jar:4.1.101.Final]
		at io.netty.util.concurrent.FastThreadLocalRunnable.run(FastThreadLocalRunnable.java:30) ~[netty-common-4.1.101.Final.jar:4.1.101.Final]
		at java.base/java.lang.Thread.run(Thread.java:833) ~[na:na]
Caused by: java.lang.IllegalStateException: executor not accepting a task
	at io.netty.resolver.AddressResolverGroup.getResolver(AddressResolverGroup.java:61) ~[netty-resolver-4.1.101.Final.jar:4.1.101.Final]
	at reactor.netty.transport.TransportConnector.doResolveAndConnect(TransportConnector.java:303) ~[reactor-netty-core-1.1.13.jar:1.1.13]
	at reactor.netty.transport.TransportConnector.lambda$connect$6(TransportConnector.java:165) ~[reactor-netty-core-1.1.13.jar:1.1.13]
	at reactor.core.publisher.MonoFlatMap$FlatMapMain.onNext(MonoFlatMap.java:132) ~[reactor-core-3.6.0.jar:3.6.0]
	at reactor.netty.transport.TransportConnector$MonoChannelPromise._subscribe(TransportConnector.java:638) ~[reactor-netty-core-1.1.13.jar:1.1.13]
	at reactor.netty.transport.TransportConnector$MonoChannelPromise.lambda$subscribe$0(TransportConnector.java:550) ~[reactor-netty-core-1.1.13.jar:1.1.13]
	at io.netty.util.concurrent.AbstractEventExecutor.runTask(AbstractEventExecutor.java:173) ~[netty-common-4.1.101.Final.jar:4.1.101.Final]
	at io.netty.util.concurrent.AbstractEventExecutor.safeExecute(AbstractEventExecutor.java:166) ~[netty-common-4.1.101.Final.jar:4.1.101.Final]
	at io.netty.util.concurrent.SingleThreadEventExecutor.runAllTasks(SingleThreadEventExecutor.java:470) ~[netty-common-4.1.101.Final.jar:4.1.101.Final]
	at io.netty.channel.nio.NioEventLoop.run(NioEventLoop.java:569) ~[netty-transport-4.1.101.Final.jar:4.1.101.Final]
	at io.netty.util.concurrent.SingleThreadEventExecutor$4.run(SingleThreadEventExecutor.java:997) ~[netty-common-4.1.101.Final.jar:4.1.101.Final]
	at io.netty.util.internal.ThreadExecutorMap$2.run(ThreadExecutorMap.java:74) ~[netty-common-4.1.101.Final.jar:4.1.101.Final]
	at io.netty.util.concurrent.FastThreadLocalRunnable.run(FastThreadLocalRunnable.java:30) ~[netty-common-4.1.101.Final.jar:4.1.101.Final]
	at java.base/java.lang.Thread.run(Thread.java:833) ~[na:na]

2026-05-16T12:34:51.205+05:30  WARN 5168 --- [admin-server] [reactor-http-nio-4] d.c.b.admin.server.services.InfoUpdater  : Couldn't retrieve info for Instance(id=ed67259d84e5, version=2, registration=Registration(name=booking-service, managementUrl=http://10.0.3.21:8085/actuator, healthUrl=http://10.0.3.21:8085/actuator/health, serviceUrl=http://10.0.3.21:8085/, source=http-api), registered=true, statusInfo=StatusInfo(status=UP, details={diskSpace={status=UP, details={total=236228440064, free=22118510592, threshold=10485760, path=C:\Users\Hp\Desktop\Parkease-Backend\booking-service\., exists=true}}, ping={status=UP}, discoveryComposite={status=UP, components={discoveryClient={status=UP, details={services=[]}}, eureka={description=Eureka discovery client has not yet successfully connected to a Eureka server, status=UP, details={applications={}}}}}, rabbit={status=UP, details={version=4.3.0}}, refreshScope={status=UP}, db={status=UP, details={database=MySQL, validationQuery=isValid()}}}), statusTimestamp=2026-05-16T06:48:17.562046500Z, info=Info(values={}), endpoints=Endpoints(endpoints={ratelimiterevents=Endpoint(id=ratelimiterevents, url=http://10.0.3.21:8085/actuator/ratelimiterevents), caches=Endpoint(id=caches, url=http://10.0.3.21:8085/actuator/caches), loggers=Endpoint(id=loggers, url=http://10.0.3.21:8085/actuator/loggers), heapdump=Endpoint(id=heapdump, url=http://10.0.3.21:8085/actuator/heapdump), circuitbreakers=Endpoint(id=circuitbreakers, url=http://10.0.3.21:8085/actuator/circuitbreakers), features=Endpoint(id=features, url=http://10.0.3.21:8085/actuator/features), timelimiterevents=Endpoint(id=timelimiterevents, url=http://10.0.3.21:8085/actuator/timelimiterevents), beans=Endpoint(id=beans, url=http://10.0.3.21:8085/actuator/beans), configprops=Endpoint(id=configprops, url=http://10.0.3.21:8085/actuator/configprops), threaddump=Endpoint(id=threaddump, url=http://10.0.3.21:8085/actuator/threaddump), ratelimiters=Endpoint(id=ratelimiters, url=http://10.0.3.21:8085/actuator/ratelimiters), info=Endpoint(id=info, url=http://10.0.3.21:8085/actuator/info), timelimiters=Endpoint(id=timelimiters, url=http://10.0.3.21:8085/actuator/timelimiters), circuitbreakerevents=Endpoint(id=circuitbreakerevents, url=http://10.0.3.21:8085/actuator/circuitbreakerevents), logfile=Endpoint(id=logfile, url=http://10.0.3.21:8085/actuator/logfile), health=Endpoint(id=health, url=http://10.0.3.21:8085/actuator/health), refresh=Endpoint(id=refresh, url=http://10.0.3.21:8085/actuator/refresh), env=Endpoint(id=env, url=http://10.0.3.21:8085/actuator/env), serviceregistry=Endpoint(id=serviceregistry, url=http://10.0.3.21:8085/actuator/serviceregistry), retries=Endpoint(id=retries, url=http://10.0.3.21:8085/actuator/retries), retryevents=Endpoint(id=retryevents, url=http://10.0.3.21:8085/actuator/retryevents), scheduledtasks=Endpoint(id=scheduledtasks, url=http://10.0.3.21:8085/actuator/scheduledtasks), mappings=Endpoint(id=mappings, url=http://10.0.3.21:8085/actuator/mappings), metrics=Endpoint(id=metrics, url=http://10.0.3.21:8085/actuator/metrics), conditions=Endpoint(id=conditions, url=http://10.0.3.21:8085/actuator/conditions)}), buildVersion=null, tags=Tags(values={}))

org.springframework.web.reactive.function.client.WebClientRequestException: executor not accepting a task
	at org.springframework.web.reactive.function.client.ExchangeFunctions$DefaultExchangeFunction.lambda$wrapException$9(ExchangeFunctions.java:136) ~[spring-webflux-6.1.1.jar:6.1.1]
	Suppressed: reactor.core.publisher.FluxOnAssembly$OnAssemblyException: 
Error has been observed at the following site(s):
	*__checkpoint ⇢ Request to GET info [DefaultWebClient]
Original Stack Trace:
		at org.springframework.web.reactive.function.client.ExchangeFunctions$DefaultExchangeFunction.lambda$wrapException$9(ExchangeFunctions.java:136) ~[spring-webflux-6.1.1.jar:6.1.1]
		at reactor.core.publisher.MonoErrorSupplied.subscribe(MonoErrorSupplied.java:55) ~[reactor-core-3.6.0.jar:3.6.0]
		at reactor.core.publisher.Mono.subscribe(Mono.java:4512) ~[reactor-core-3.6.0.jar:3.6.0]
		at reactor.core.publisher.FluxOnErrorResume$ResumeSubscriber.onError(FluxOnErrorResume.java:103) ~[reactor-core-3.6.0.jar:3.6.0]
		at reactor.core.publisher.FluxPeek$PeekSubscriber.onError(FluxPeek.java:222) ~[reactor-core-3.6.0.jar:3.6.0]
		at reactor.core.publisher.FluxPeek$PeekSubscriber.onError(FluxPeek.java:222) ~[reactor-core-3.6.0.jar:3.6.0]
		at reactor.core.publisher.FluxPeek$PeekSubscriber.onError(FluxPeek.java:222) ~[reactor-core-3.6.0.jar:3.6.0]
		at reactor.core.publisher.MonoNext$NextSubscriber.onError(MonoNext.java:93) ~[reactor-core-3.6.0.jar:3.6.0]
		at reactor.core.publisher.MonoFlatMapMany$FlatMapManyMain.onError(MonoFlatMapMany.java:204) ~[reactor-core-3.6.0.jar:3.6.0]
		at reactor.core.publisher.SerializedSubscriber.onError(SerializedSubscriber.java:124) ~[reactor-core-3.6.0.jar:3.6.0]
		at reactor.core.publisher.FluxRetryWhen$RetryWhenMainSubscriber.whenError(FluxRetryWhen.java:228) ~[reactor-core-3.6.0.jar:3.6.0]
		at reactor.core.publisher.FluxRetryWhen$RetryWhenOtherSubscriber.onError(FluxRetryWhen.java:278) ~[reactor-core-3.6.0.jar:3.6.0]
		at reactor.core.publisher.FluxContextWrite$ContextWriteSubscriber.onError(FluxContextWrite.java:121) ~[reactor-core-3.6.0.jar:3.6.0]
		at reactor.core.publisher.FluxConcatMapNoPrefetch$FluxConcatMapNoPrefetchSubscriber.maybeOnError(FluxConcatMapNoPrefetch.java:326) ~[reactor-core-3.6.0.jar:3.6.0]
		at reactor.core.publisher.FluxConcatMapNoPrefetch$FluxConcatMapNoPrefetchSubscriber.onNext(FluxConcatMapNoPrefetch.java:211) ~[reactor-core-3.6.0.jar:3.6.0]
		at reactor.core.publisher.FluxContextWrite$ContextWriteSubscriber.onNext(FluxContextWrite.java:107) ~[reactor-core-3.6.0.jar:3.6.0]
		at reactor.core.publisher.SinkManyEmitterProcessor.drain(SinkManyEmitterProcessor.java:476) ~[reactor-core-3.6.0.jar:3.6.0]
		at reactor.core.publisher.SinkManyEmitterProcessor$EmitterInner.drainParent(SinkManyEmitterProcessor.java:620) ~[reactor-core-3.6.0.jar:3.6.0]
		at reactor.core.publisher.FluxPublish$PubSubInner.request(FluxPublish.java:874) ~[reactor-core-3.6.0.jar:3.6.0]
		at reactor.core.publisher.FluxContextWrite$ContextWriteSubscriber.request(FluxContextWrite.java:136) ~[reactor-core-3.6.0.jar:3.6.0]
		at reactor.core.publisher.FluxConcatMapNoPrefetch$FluxConcatMapNoPrefetchSubscriber.request(FluxConcatMapNoPrefetch.java:336) ~[reactor-core-3.6.0.jar:3.6.0]
		at reactor.core.publisher.FluxContextWrite$ContextWriteSubscriber.request(FluxContextWrite.java:136) ~[reactor-core-3.6.0.jar:3.6.0]
		at reactor.core.publisher.Operators$DeferredSubscription.request(Operators.java:1743) ~[reactor-core-3.6.0.jar:3.6.0]
		at reactor.core.publisher.FluxRetryWhen$RetryWhenMainSubscriber.onError(FluxRetryWhen.java:195) ~[reactor-core-3.6.0.jar:3.6.0]
		at reactor.core.publisher.MonoCreate$DefaultMonoSink.error(MonoCreate.java:205) ~[reactor-core-3.6.0.jar:3.6.0]
		at reactor.netty.http.client.HttpClientConnect$MonoHttpConnect$ClientTransportSubscriber.onError(HttpClientConnect.java:311) ~[reactor-netty-http-1.1.13.jar:1.1.13]
		at reactor.core.publisher.MonoCreate$DefaultMonoSink.error(MonoCreate.java:205) ~[reactor-core-3.6.0.jar:3.6.0]
		at reactor.netty.resources.DefaultPooledConnectionProvider$DisposableAcquire.onError(DefaultPooledConnectionProvider.java:162) ~[reactor-netty-core-1.1.13.jar:1.1.13]
		at reactor.netty.internal.shaded.reactor.pool.AbstractPool$Borrower.fail(AbstractPool.java:475) ~[reactor-netty-core-1.1.13.jar:1.1.13]
		at reactor.netty.internal.shaded.reactor.pool.SimpleDequePool.lambda$drainLoop$9(SimpleDequePool.java:433) ~[reactor-netty-core-1.1.13.jar:1.1.13]
		at reactor.core.publisher.FluxDoOnEach$DoOnEachSubscriber.onError(FluxDoOnEach.java:186) ~[reactor-core-3.6.0.jar:3.6.0]
		at reactor.core.publisher.MonoCreate$DefaultMonoSink.error(MonoCreate.java:205) ~[reactor-core-3.6.0.jar:3.6.0]
		at reactor.netty.resources.DefaultPooledConnectionProvider$PooledConnectionAllocator$PooledConnectionInitializer.onError(DefaultPooledConnectionProvider.java:560) ~[reactor-netty-core-1.1.13.jar:1.1.13]
		at reactor.core.publisher.MonoFlatMap$FlatMapMain.secondError(MonoFlatMap.java:241) ~[reactor-core-3.6.0.jar:3.6.0]
		at reactor.core.publisher.MonoFlatMap$FlatMapInner.onError(MonoFlatMap.java:315) ~[reactor-core-3.6.0.jar:3.6.0]
		at reactor.core.publisher.FluxOnErrorResume$ResumeSubscriber.onError(FluxOnErrorResume.java:106) ~[reactor-core-3.6.0.jar:3.6.0]
		at reactor.core.publisher.Operators.error(Operators.java:198) ~[reactor-core-3.6.0.jar:3.6.0]
		at reactor.core.publisher.MonoError.subscribe(MonoError.java:53) ~[reactor-core-3.6.0.jar:3.6.0]
		at reactor.core.publisher.Mono.subscribe(Mono.java:4512) ~[reactor-core-3.6.0.jar:3.6.0]
		at reactor.core.publisher.FluxOnErrorResume$ResumeSubscriber.onError(FluxOnErrorResume.java:103) ~[reactor-core-3.6.0.jar:3.6.0]
		at reactor.core.publisher.Operators.error(Operators.java:198) ~[reactor-core-3.6.0.jar:3.6.0]
		at reactor.core.publisher.MonoError.subscribe(MonoError.java:53) ~[reactor-core-3.6.0.jar:3.6.0]
		at reactor.core.publisher.InternalMonoOperator.subscribe(InternalMonoOperator.java:76) ~[reactor-core-3.6.0.jar:3.6.0]
		at reactor.core.publisher.MonoFlatMap$FlatMapMain.onNext(MonoFlatMap.java:165) ~[reactor-core-3.6.0.jar:3.6.0]
		at reactor.netty.transport.TransportConnector$MonoChannelPromise._subscribe(TransportConnector.java:638) ~[reactor-netty-core-1.1.13.jar:1.1.13]
		at reactor.netty.transport.TransportConnector$MonoChannelPromise.lambda$subscribe$0(TransportConnector.java:550) ~[reactor-netty-core-1.1.13.jar:1.1.13]
		at io.netty.util.concurrent.AbstractEventExecutor.runTask(AbstractEventExecutor.java:173) ~[netty-common-4.1.101.Final.jar:4.1.101.Final]
		at io.netty.util.concurrent.AbstractEventExecutor.safeExecute(AbstractEventExecutor.java:166) ~[netty-common-4.1.101.Final.jar:4.1.101.Final]
		at io.netty.util.concurrent.SingleThreadEventExecutor.runAllTasks(SingleThreadEventExecutor.java:470) ~[netty-common-4.1.101.Final.jar:4.1.101.Final]
		at io.netty.channel.nio.NioEventLoop.run(NioEventLoop.java:569) ~[netty-transport-4.1.101.Final.jar:4.1.101.Final]
		at io.netty.util.concurrent.SingleThreadEventExecutor$4.run(SingleThreadEventExecutor.java:997) ~[netty-common-4.1.101.Final.jar:4.1.101.Final]
		at io.netty.util.internal.ThreadExecutorMap$2.run(ThreadExecutorMap.java:74) ~[netty-common-4.1.101.Final.jar:4.1.101.Final]
		at io.netty.util.concurrent.FastThreadLocalRunnable.run(FastThreadLocalRunnable.java:30) ~[netty-common-4.1.101.Final.jar:4.1.101.Final]
		at java.base/java.lang.Thread.run(Thread.java:833) ~[na:na]
Caused by: java.lang.IllegalStateException: executor not accepting a task
	at io.netty.resolver.AddressResolverGroup.getResolver(AddressResolverGroup.java:61) ~[netty-resolver-4.1.101.Final.jar:4.1.101.Final]
	at reactor.netty.transport.TransportConnector.doResolveAndConnect(TransportConnector.java:303) ~[reactor-netty-core-1.1.13.jar:1.1.13]
	at reactor.netty.transport.TransportConnector.lambda$connect$6(TransportConnector.java:165) ~[reactor-netty-core-1.1.13.jar:1.1.13]
	at reactor.core.publisher.MonoFlatMap$FlatMapMain.onNext(MonoFlatMap.java:132) ~[reactor-core-3.6.0.jar:3.6.0]
	at reactor.netty.transport.TransportConnector$MonoChannelPromise._subscribe(TransportConnector.java:638) ~[reactor-netty-core-1.1.13.jar:1.1.13]
	at reactor.netty.transport.TransportConnector$MonoChannelPromise.lambda$subscribe$0(TransportConnector.java:550) ~[reactor-netty-core-1.1.13.jar:1.1.13]
	at io.netty.util.concurrent.AbstractEventExecutor.runTask(AbstractEventExecutor.java:173) ~[netty-common-4.1.101.Final.jar:4.1.101.Final]
	at io.netty.util.concurrent.AbstractEventExecutor.safeExecute(AbstractEventExecutor.java:166) ~[netty-common-4.1.101.Final.jar:4.1.101.Final]
	at io.netty.util.concurrent.SingleThreadEventExecutor.runAllTasks(SingleThreadEventExecutor.java:470) ~[netty-common-4.1.101.Final.jar:4.1.101.Final]
	at io.netty.channel.nio.NioEventLoop.run(NioEventLoop.java:569) ~[netty-transport-4.1.101.Final.jar:4.1.101.Final]
	at io.netty.util.concurrent.SingleThreadEventExecutor$4.run(SingleThreadEventExecutor.java:997) ~[netty-common-4.1.101.Final.jar:4.1.101.Final]
	at io.netty.util.internal.ThreadExecutorMap$2.run(ThreadExecutorMap.java:74) ~[netty-common-4.1.101.Final.jar:4.1.101.Final]
	at io.netty.util.concurrent.FastThreadLocalRunnable.run(FastThreadLocalRunnable.java:30) ~[netty-common-4.1.101.Final.jar:4.1.101.Final]
	at java.base/java.lang.Thread.run(Thread.java:833) ~[na:na]

2026-05-16T12:34:51.206+05:30  WARN 5168 --- [admin-server] [reactor-http-nio-12] d.c.b.admin.server.services.InfoUpdater  : Couldn't retrieve info for Instance(id=dc39b3dd430a, version=2, registration=Registration(name=parkinglot-service, managementUrl=http://10.0.3.21:8082/actuator, healthUrl=http://10.0.3.21:8082/actuator/health, serviceUrl=http://10.0.3.21:8082/, source=http-api), registered=true, statusInfo=StatusInfo(status=UP, details={db={status=UP, details={database=MySQL, validationQuery=isValid()}}, diskSpace={status=UP, details={total=236228440064, free=22118641664, threshold=10485760, path=C:\Users\Hp\Desktop\Parkease-Backend\parkinglot-service\., exists=true}}, ping={status=UP}, discoveryComposite={status=UP, components={discoveryClient={status=UP, details={services=[]}}, eureka={description=Eureka discovery client has not yet successfully connected to a Eureka server, status=UP, details={applications={}}}}}, refreshScope={status=UP}}), statusTimestamp=2026-05-16T06:48:15.510835Z, info=Info(values={}), endpoints=Endpoints(endpoints={caches=Endpoint(id=caches, url=http://10.0.3.21:8082/actuator/caches), loggers=Endpoint(id=loggers, url=http://10.0.3.21:8082/actuator/loggers), logfile=Endpoint(id=logfile, url=http://10.0.3.21:8082/actuator/logfile), health=Endpoint(id=health, url=http://10.0.3.21:8082/actuator/health), refresh=Endpoint(id=refresh, url=http://10.0.3.21:8082/actuator/refresh), env=Endpoint(id=env, url=http://10.0.3.21:8082/actuator/env), serviceregistry=Endpoint(id=serviceregistry, url=http://10.0.3.21:8082/actuator/serviceregistry), heapdump=Endpoint(id=heapdump, url=http://10.0.3.21:8082/actuator/heapdump), features=Endpoint(id=features, url=http://10.0.3.21:8082/actuator/features), scheduledtasks=Endpoint(id=scheduledtasks, url=http://10.0.3.21:8082/actuator/scheduledtasks), mappings=Endpoint(id=mappings, url=http://10.0.3.21:8082/actuator/mappings), beans=Endpoint(id=beans, url=http://10.0.3.21:8082/actuator/beans), configprops=Endpoint(id=configprops, url=http://10.0.3.21:8082/actuator/configprops), threaddump=Endpoint(id=threaddump, url=http://10.0.3.21:8082/actuator/threaddump), metrics=Endpoint(id=metrics, url=http://10.0.3.21:8082/actuator/metrics), conditions=Endpoint(id=conditions, url=http://10.0.3.21:8082/actuator/conditions), info=Endpoint(id=info, url=http://10.0.3.21:8082/actuator/info)}), buildVersion=null, tags=Tags(values={}))

org.springframework.web.reactive.function.client.WebClientRequestException: executor not accepting a task
	at org.springframework.web.reactive.function.client.ExchangeFunctions$DefaultExchangeFunction.lambda$wrapException$9(ExchangeFunctions.java:136) ~[spring-webflux-6.1.1.jar:6.1.1]
	Suppressed: reactor.core.publisher.FluxOnAssembly$OnAssemblyException: 
Error has been observed at the following site(s):
	*__checkpoint ⇢ Request to GET info [DefaultWebClient]
Original Stack Trace:
		at org.springframework.web.reactive.function.client.ExchangeFunctions$DefaultExchangeFunction.lambda$wrapException$9(ExchangeFunctions.java:136) ~[spring-webflux-6.1.1.jar:6.1.1]
		at reactor.core.publisher.MonoErrorSupplied.subscribe(MonoErrorSupplied.java:55) ~[reactor-core-3.6.0.jar:3.6.0]
		at reactor.core.publisher.Mono.subscribe(Mono.java:4512) ~[reactor-core-3.6.0.jar:3.6.0]
		at reactor.core.publisher.FluxOnErrorResume$ResumeSubscriber.onError(FluxOnErrorResume.java:103) ~[reactor-core-3.6.0.jar:3.6.0]
		at reactor.core.publisher.FluxPeek$PeekSubscriber.onError(FluxPeek.java:222) ~[reactor-core-3.6.0.jar:3.6.0]
		at reactor.core.publisher.FluxPeek$PeekSubscriber.onError(FluxPeek.java:222) ~[reactor-core-3.6.0.jar:3.6.0]
		at reactor.core.publisher.FluxPeek$PeekSubscriber.onError(FluxPeek.java:222) ~[reactor-core-3.6.0.jar:3.6.0]
		at reactor.core.publisher.MonoNext$NextSubscriber.onError(MonoNext.java:93) ~[reactor-core-3.6.0.jar:3.6.0]
		at reactor.core.publisher.MonoFlatMapMany$FlatMapManyMain.onError(MonoFlatMapMany.java:204) ~[reactor-core-3.6.0.jar:3.6.0]
		at reactor.core.publisher.SerializedSubscriber.onError(SerializedSubscriber.java:124) ~[reactor-core-3.6.0.jar:3.6.0]
		at reactor.core.publisher.FluxRetryWhen$RetryWhenMainSubscriber.whenError(FluxRetryWhen.java:228) ~[reactor-core-3.6.0.jar:3.6.0]
		at reactor.core.publisher.FluxRetryWhen$RetryWhenOtherSubscriber.onError(FluxRetryWhen.java:278) ~[reactor-core-3.6.0.jar:3.6.0]
		at reactor.core.publisher.FluxContextWrite$ContextWriteSubscriber.onError(FluxContextWrite.java:121) ~[reactor-core-3.6.0.jar:3.6.0]
		at reactor.core.publisher.FluxConcatMapNoPrefetch$FluxConcatMapNoPrefetchSubscriber.maybeOnError(FluxConcatMapNoPrefetch.java:326) ~[reactor-core-3.6.0.jar:3.6.0]
		at reactor.core.publisher.FluxConcatMapNoPrefetch$FluxConcatMapNoPrefetchSubscriber.onNext(FluxConcatMapNoPrefetch.java:211) ~[reactor-core-3.6.0.jar:3.6.0]
		at reactor.core.publisher.FluxContextWrite$ContextWriteSubscriber.onNext(FluxContextWrite.java:107) ~[reactor-core-3.6.0.jar:3.6.0]
		at reactor.core.publisher.SinkManyEmitterProcessor.drain(SinkManyEmitterProcessor.java:476) ~[reactor-core-3.6.0.jar:3.6.0]
		at reactor.core.publisher.SinkManyEmitterProcessor$EmitterInner.drainParent(SinkManyEmitterProcessor.java:620) ~[reactor-core-3.6.0.jar:3.6.0]
		at reactor.core.publisher.FluxPublish$PubSubInner.request(FluxPublish.java:874) ~[reactor-core-3.6.0.jar:3.6.0]
		at reactor.core.publisher.FluxContextWrite$ContextWriteSubscriber.request(FluxContextWrite.java:136) ~[reactor-core-3.6.0.jar:3.6.0]
		at reactor.core.publisher.FluxConcatMapNoPrefetch$FluxConcatMapNoPrefetchSubscriber.request(FluxConcatMapNoPrefetch.java:336) ~[reactor-core-3.6.0.jar:3.6.0]
		at reactor.core.publisher.FluxContextWrite$ContextWriteSubscriber.request(FluxContextWrite.java:136) ~[reactor-core-3.6.0.jar:3.6.0]
		at reactor.core.publisher.Operators$DeferredSubscription.request(Operators.java:1743) ~[reactor-core-3.6.0.jar:3.6.0]
		at reactor.core.publisher.FluxRetryWhen$RetryWhenMainSubscriber.onError(FluxRetryWhen.java:195) ~[reactor-core-3.6.0.jar:3.6.0]
		at reactor.core.publisher.MonoCreate$DefaultMonoSink.error(MonoCreate.java:205) ~[reactor-core-3.6.0.jar:3.6.0]
		at reactor.netty.http.client.HttpClientConnect$MonoHttpConnect$ClientTransportSubscriber.onError(HttpClientConnect.java:311) ~[reactor-netty-http-1.1.13.jar:1.1.13]
		at reactor.core.publisher.MonoCreate$DefaultMonoSink.error(MonoCreate.java:205) ~[reactor-core-3.6.0.jar:3.6.0]
		at reactor.netty.resources.DefaultPooledConnectionProvider$DisposableAcquire.onError(DefaultPooledConnectionProvider.java:162) ~[reactor-netty-core-1.1.13.jar:1.1.13]
		at reactor.netty.internal.shaded.reactor.pool.AbstractPool$Borrower.fail(AbstractPool.java:475) ~[reactor-netty-core-1.1.13.jar:1.1.13]
		at reactor.netty.internal.shaded.reactor.pool.SimpleDequePool.lambda$drainLoop$9(SimpleDequePool.java:433) ~[reactor-netty-core-1.1.13.jar:1.1.13]
		at reactor.core.publisher.FluxDoOnEach$DoOnEachSubscriber.onError(FluxDoOnEach.java:186) ~[reactor-core-3.6.0.jar:3.6.0]
		at reactor.core.publisher.MonoCreate$DefaultMonoSink.error(MonoCreate.java:205) ~[reactor-core-3.6.0.jar:3.6.0]
		at reactor.netty.resources.DefaultPooledConnectionProvider$PooledConnectionAllocator$PooledConnectionInitializer.onError(DefaultPooledConnectionProvider.java:560) ~[reactor-netty-core-1.1.13.jar:1.1.13]
		at reactor.core.publisher.MonoFlatMap$FlatMapMain.secondError(MonoFlatMap.java:241) ~[reactor-core-3.6.0.jar:3.6.0]
		at reactor.core.publisher.MonoFlatMap$FlatMapInner.onError(MonoFlatMap.java:315) ~[reactor-core-3.6.0.jar:3.6.0]
		at reactor.core.publisher.FluxOnErrorResume$ResumeSubscriber.onError(FluxOnErrorResume.java:106) ~[reactor-core-3.6.0.jar:3.6.0]
		at reactor.core.publisher.Operators.error(Operators.java:198) ~[reactor-core-3.6.0.jar:3.6.0]
		at reactor.core.publisher.MonoError.subscribe(MonoError.java:53) ~[reactor-core-3.6.0.jar:3.6.0]
		at reactor.core.publisher.Mono.subscribe(Mono.java:4512) ~[reactor-core-3.6.0.jar:3.6.0]
		at reactor.core.publisher.FluxOnErrorResume$ResumeSubscriber.onError(FluxOnErrorResume.java:103) ~[reactor-core-3.6.0.jar:3.6.0]
		at reactor.core.publisher.Operators.error(Operators.java:198) ~[reactor-core-3.6.0.jar:3.6.0]
		at reactor.core.publisher.MonoError.subscribe(MonoError.java:53) ~[reactor-core-3.6.0.jar:3.6.0]
		at reactor.core.publisher.InternalMonoOperator.subscribe(InternalMonoOperator.java:76) ~[reactor-core-3.6.0.jar:3.6.0]
		at reactor.core.publisher.MonoFlatMap$FlatMapMain.onNext(MonoFlatMap.java:165) ~[reactor-core-3.6.0.jar:3.6.0]
		at reactor.netty.transport.TransportConnector$MonoChannelPromise._subscribe(TransportConnector.java:638) ~[reactor-netty-core-1.1.13.jar:1.1.13]
		at reactor.netty.transport.TransportConnector$MonoChannelPromise.lambda$subscribe$0(TransportConnector.java:550) ~[reactor-netty-core-1.1.13.jar:1.1.13]
		at io.netty.util.concurrent.AbstractEventExecutor.runTask(AbstractEventExecutor.java:173) ~[netty-common-4.1.101.Final.jar:4.1.101.Final]
		at io.netty.util.concurrent.AbstractEventExecutor.safeExecute(AbstractEventExecutor.java:166) ~[netty-common-4.1.101.Final.jar:4.1.101.Final]
		at io.netty.util.concurrent.SingleThreadEventExecutor.runAllTasks(SingleThreadEventExecutor.java:470) ~[netty-common-4.1.101.Final.jar:4.1.101.Final]
		at io.netty.channel.nio.NioEventLoop.run(NioEventLoop.java:569) ~[netty-transport-4.1.101.Final.jar:4.1.101.Final]
		at io.netty.util.concurrent.SingleThreadEventExecutor$4.run(SingleThreadEventExecutor.java:997) ~[netty-common-4.1.101.Final.jar:4.1.101.Final]
		at io.netty.util.internal.ThreadExecutorMap$2.run(ThreadExecutorMap.java:74) ~[netty-common-4.1.101.Final.jar:4.1.101.Final]
		at io.netty.util.concurrent.FastThreadLocalRunnable.run(FastThreadLocalRunnable.java:30) ~[netty-common-4.1.101.Final.jar:4.1.101.Final]
		at java.base/java.lang.Thread.run(Thread.java:833) ~[na:na]
Caused by: java.lang.IllegalStateException: executor not accepting a task
	at io.netty.resolver.AddressResolverGroup.getResolver(AddressResolverGroup.java:61) ~[netty-resolver-4.1.101.Final.jar:4.1.101.Final]
	at reactor.netty.transport.TransportConnector.doResolveAndConnect(TransportConnector.java:303) ~[reactor-netty-core-1.1.13.jar:1.1.13]
	at reactor.netty.transport.TransportConnector.lambda$connect$6(TransportConnector.java:165) ~[reactor-netty-core-1.1.13.jar:1.1.13]
	at reactor.core.publisher.MonoFlatMap$FlatMapMain.onNext(MonoFlatMap.java:132) ~[reactor-core-3.6.0.jar:3.6.0]
	at reactor.netty.transport.TransportConnector$MonoChannelPromise._subscribe(TransportConnector.java:638) ~[reactor-netty-core-1.1.13.jar:1.1.13]
	at reactor.netty.transport.TransportConnector$MonoChannelPromise.lambda$subscribe$0(TransportConnector.java:550) ~[reactor-netty-core-1.1.13.jar:1.1.13]
	at io.netty.util.concurrent.AbstractEventExecutor.runTask(AbstractEventExecutor.java:173) ~[netty-common-4.1.101.Final.jar:4.1.101.Final]
	at io.netty.util.concurrent.AbstractEventExecutor.safeExecute(AbstractEventExecutor.java:166) ~[netty-common-4.1.101.Final.jar:4.1.101.Final]
	at io.netty.util.concurrent.SingleThreadEventExecutor.runAllTasks(SingleThreadEventExecutor.java:470) ~[netty-common-4.1.101.Final.jar:4.1.101.Final]
	at io.netty.channel.nio.NioEventLoop.run(NioEventLoop.java:569) ~[netty-transport-4.1.101.Final.jar:4.1.101.Final]
	at io.netty.util.concurrent.SingleThreadEventExecutor$4.run(SingleThreadEventExecutor.java:997) ~[netty-common-4.1.101.Final.jar:4.1.101.Final]
	at io.netty.util.internal.ThreadExecutorMap$2.run(ThreadExecutorMap.java:74) ~[netty-common-4.1.101.Final.jar:4.1.101.Final]
	at io.netty.util.concurrent.FastThreadLocalRunnable.run(FastThreadLocalRunnable.java:30) ~[netty-common-4.1.101.Final.jar:4.1.101.Final]
	at java.base/java.lang.Thread.run(Thread.java:833) ~[na:na]

2026-05-16T12:34:51.206+05:30  WARN 5168 --- [admin-server] [reactor-http-nio-5] d.c.b.admin.server.services.InfoUpdater  : Couldn't retrieve info for Instance(id=07cf2de62f22, version=2, registration=Registration(name=gateway-service, managementUrl=http://10.0.3.21:8080/actuator, healthUrl=http://10.0.3.21:8080/actuator/health, serviceUrl=http://10.0.3.21:8080/, source=http-api), registered=true, statusInfo=StatusInfo(status=UP, details={reactiveDiscoveryClients={status=UP, components={Simple Reactive Discovery Client={status=UP, details={services=[]}}, Spring Cloud Eureka Reactive Discovery Client={status=UP, details={services=[]}}}}, diskSpace={status=UP, details={total=236228440064, free=22133276672, threshold=10485760, path=C:\Users\Hp\Desktop\Parkease-Backend\gateway-service\., exists=true}}, ping={status=UP}, discoveryComposite={status=UP, components={discoveryClient={status=UP, details={services=[]}}, eureka={description=Eureka discovery client has not yet successfully connected to a Eureka server, status=UP, details={applications={}}}}}, refreshScope={status=UP}}), statusTimestamp=2026-05-16T06:47:58.608040Z, info=Info(values={}), endpoints=Endpoints(endpoints={caches=Endpoint(id=caches, url=http://10.0.3.21:8080/actuator/caches), loggers=Endpoint(id=loggers, url=http://10.0.3.21:8080/actuator/loggers), health=Endpoint(id=health, url=http://10.0.3.21:8080/actuator/health), refresh=Endpoint(id=refresh, url=http://10.0.3.21:8080/actuator/refresh), env=Endpoint(id=env, url=http://10.0.3.21:8080/actuator/env), serviceregistry=Endpoint(id=serviceregistry, url=http://10.0.3.21:8080/actuator/serviceregistry), heapdump=Endpoint(id=heapdump, url=http://10.0.3.21:8080/actuator/heapdump), features=Endpoint(id=features, url=http://10.0.3.21:8080/actuator/features), scheduledtasks=Endpoint(id=scheduledtasks, url=http://10.0.3.21:8080/actuator/scheduledtasks), mappings=Endpoint(id=mappings, url=http://10.0.3.21:8080/actuator/mappings), beans=Endpoint(id=beans, url=http://10.0.3.21:8080/actuator/beans), configprops=Endpoint(id=configprops, url=http://10.0.3.21:8080/actuator/configprops), threaddump=Endpoint(id=threaddump, url=http://10.0.3.21:8080/actuator/threaddump), metrics=Endpoint(id=metrics, url=http://10.0.3.21:8080/actuator/metrics), conditions=Endpoint(id=conditions, url=http://10.0.3.21:8080/actuator/conditions), info=Endpoint(id=info, url=http://10.0.3.21:8080/actuator/info)}), buildVersion=null, tags=Tags(values={}))

org.springframework.web.reactive.function.client.WebClientRequestException: executor not accepting a task
	at org.springframework.web.reactive.function.client.ExchangeFunctions$DefaultExchangeFunction.lambda$wrapException$9(ExchangeFunctions.java:136) ~[spring-webflux-6.1.1.jar:6.1.1]
	Suppressed: reactor.core.publisher.FluxOnAssembly$OnAssemblyException: 
Error has been observed at the following site(s):
	*__checkpoint ⇢ Request to GET info [DefaultWebClient]
Original Stack Trace:
		at org.springframework.web.reactive.function.client.ExchangeFunctions$DefaultExchangeFunction.lambda$wrapException$9(ExchangeFunctions.java:136) ~[spring-webflux-6.1.1.jar:6.1.1]
		at reactor.core.publisher.MonoErrorSupplied.subscribe(MonoErrorSupplied.java:55) ~[reactor-core-3.6.0.jar:3.6.0]
		at reactor.core.publisher.Mono.subscribe(Mono.java:4512) ~[reactor-core-3.6.0.jar:3.6.0]
		at reactor.core.publisher.FluxOnErrorResume$ResumeSubscriber.onError(FluxOnErrorResume.java:103) ~[reactor-core-3.6.0.jar:3.6.0]
		at reactor.core.publisher.FluxPeek$PeekSubscriber.onError(FluxPeek.java:222) ~[reactor-core-3.6.0.jar:3.6.0]
		at reactor.core.publisher.FluxPeek$PeekSubscriber.onError(FluxPeek.java:222) ~[reactor-core-3.6.0.jar:3.6.0]
		at reactor.core.publisher.FluxPeek$PeekSubscriber.onError(FluxPeek.java:222) ~[reactor-core-3.6.0.jar:3.6.0]
		at reactor.core.publisher.MonoNext$NextSubscriber.onError(MonoNext.java:93) ~[reactor-core-3.6.0.jar:3.6.0]
		at reactor.core.publisher.MonoFlatMapMany$FlatMapManyMain.onError(MonoFlatMapMany.java:204) ~[reactor-core-3.6.0.jar:3.6.0]
		at reactor.core.publisher.SerializedSubscriber.onError(SerializedSubscriber.java:124) ~[reactor-core-3.6.0.jar:3.6.0]
		at reactor.core.publisher.FluxRetryWhen$RetryWhenMainSubscriber.whenError(FluxRetryWhen.java:228) ~[reactor-core-3.6.0.jar:3.6.0]
		at reactor.core.publisher.FluxRetryWhen$RetryWhenOtherSubscriber.onError(FluxRetryWhen.java:278) ~[reactor-core-3.6.0.jar:3.6.0]
		at reactor.core.publisher.FluxContextWrite$ContextWriteSubscriber.onError(FluxContextWrite.java:121) ~[reactor-core-3.6.0.jar:3.6.0]
		at reactor.core.publisher.FluxConcatMapNoPrefetch$FluxConcatMapNoPrefetchSubscriber.maybeOnError(FluxConcatMapNoPrefetch.java:326) ~[reactor-core-3.6.0.jar:3.6.0]
		at reactor.core.publisher.FluxConcatMapNoPrefetch$FluxConcatMapNoPrefetchSubscriber.onNext(FluxConcatMapNoPrefetch.java:211) ~[reactor-core-3.6.0.jar:3.6.0]
		at reactor.core.publisher.FluxContextWrite$ContextWriteSubscriber.onNext(FluxContextWrite.java:107) ~[reactor-core-3.6.0.jar:3.6.0]
		at reactor.core.publisher.SinkManyEmitterProcessor.drain(SinkManyEmitterProcessor.java:476) ~[reactor-core-3.6.0.jar:3.6.0]
		at reactor.core.publisher.SinkManyEmitterProcessor$EmitterInner.drainParent(SinkManyEmitterProcessor.java:620) ~[reactor-core-3.6.0.jar:3.6.0]
		at reactor.core.publisher.FluxPublish$PubSubInner.request(FluxPublish.java:874) ~[reactor-core-3.6.0.jar:3.6.0]
		at reactor.core.publisher.FluxContextWrite$ContextWriteSubscriber.request(FluxContextWrite.java:136) ~[reactor-core-3.6.0.jar:3.6.0]
		at reactor.core.publisher.FluxConcatMapNoPrefetch$FluxConcatMapNoPrefetchSubscriber.request(FluxConcatMapNoPrefetch.java:336) ~[reactor-core-3.6.0.jar:3.6.0]
		at reactor.core.publisher.FluxContextWrite$ContextWriteSubscriber.request(FluxContextWrite.java:136) ~[reactor-core-3.6.0.jar:3.6.0]
		at reactor.core.publisher.Operators$DeferredSubscription.request(Operators.java:1743) ~[reactor-core-3.6.0.jar:3.6.0]
		at reactor.core.publisher.FluxRetryWhen$RetryWhenMainSubscriber.onError(FluxRetryWhen.java:195) ~[reactor-core-3.6.0.jar:3.6.0]
		at reactor.core.publisher.MonoCreate$DefaultMonoSink.error(MonoCreate.java:205) ~[reactor-core-3.6.0.jar:3.6.0]
		at reactor.netty.http.client.HttpClientConnect$MonoHttpConnect$ClientTransportSubscriber.onError(HttpClientConnect.java:311) ~[reactor-netty-http-1.1.13.jar:1.1.13]
		at reactor.core.publisher.MonoCreate$DefaultMonoSink.error(MonoCreate.java:205) ~[reactor-core-3.6.0.jar:3.6.0]
		at reactor.netty.resources.DefaultPooledConnectionProvider$DisposableAcquire.onError(DefaultPooledConnectionProvider.java:162) ~[reactor-netty-core-1.1.13.jar:1.1.13]
		at reactor.netty.internal.shaded.reactor.pool.AbstractPool$Borrower.fail(AbstractPool.java:475) ~[reactor-netty-core-1.1.13.jar:1.1.13]
		at reactor.netty.internal.shaded.reactor.pool.SimpleDequePool.lambda$drainLoop$9(SimpleDequePool.java:433) ~[reactor-netty-core-1.1.13.jar:1.1.13]
		at reactor.core.publisher.FluxDoOnEach$DoOnEachSubscriber.onError(FluxDoOnEach.java:186) ~[reactor-core-3.6.0.jar:3.6.0]
		at reactor.core.publisher.MonoCreate$DefaultMonoSink.error(MonoCreate.java:205) ~[reactor-core-3.6.0.jar:3.6.0]
		at reactor.netty.resources.DefaultPooledConnectionProvider$PooledConnectionAllocator$PooledConnectionInitializer.onError(DefaultPooledConnectionProvider.java:560) ~[reactor-netty-core-1.1.13.jar:1.1.13]
		at reactor.core.publisher.MonoFlatMap$FlatMapMain.secondError(MonoFlatMap.java:241) ~[reactor-core-3.6.0.jar:3.6.0]
		at reactor.core.publisher.MonoFlatMap$FlatMapInner.onError(MonoFlatMap.java:315) ~[reactor-core-3.6.0.jar:3.6.0]
		at reactor.core.publisher.FluxOnErrorResume$ResumeSubscriber.onError(FluxOnErrorResume.java:106) ~[reactor-core-3.6.0.jar:3.6.0]
		at reactor.core.publisher.Operators.error(Operators.java:198) ~[reactor-core-3.6.0.jar:3.6.0]
		at reactor.core.publisher.MonoError.subscribe(MonoError.java:53) ~[reactor-core-3.6.0.jar:3.6.0]
		at reactor.core.publisher.Mono.subscribe(Mono.java:4512) ~[reactor-core-3.6.0.jar:3.6.0]
		at reactor.core.publisher.FluxOnErrorResume$ResumeSubscriber.onError(FluxOnErrorResume.java:103) ~[reactor-core-3.6.0.jar:3.6.0]
		at reactor.core.publisher.Operators.error(Operators.java:198) ~[reactor-core-3.6.0.jar:3.6.0]
		at reactor.core.publisher.MonoError.subscribe(MonoError.java:53) ~[reactor-core-3.6.0.jar:3.6.0]
		at reactor.core.publisher.InternalMonoOperator.subscribe(InternalMonoOperator.java:76) ~[reactor-core-3.6.0.jar:3.6.0]
		at reactor.core.publisher.MonoFlatMap$FlatMapMain.onNext(MonoFlatMap.java:165) ~[reactor-core-3.6.0.jar:3.6.0]
		at reactor.netty.transport.TransportConnector$MonoChannelPromise._subscribe(TransportConnector.java:638) ~[reactor-netty-core-1.1.13.jar:1.1.13]
		at reactor.netty.transport.TransportConnector$MonoChannelPromise.lambda$subscribe$0(TransportConnector.java:550) ~[reactor-netty-core-1.1.13.jar:1.1.13]
		at io.netty.util.concurrent.AbstractEventExecutor.runTask(AbstractEventExecutor.java:173) ~[netty-common-4.1.101.Final.jar:4.1.101.Final]
		at io.netty.util.concurrent.AbstractEventExecutor.safeExecute(AbstractEventExecutor.java:166) ~[netty-common-4.1.101.Final.jar:4.1.101.Final]
		at io.netty.util.concurrent.SingleThreadEventExecutor.runAllTasks(SingleThreadEventExecutor.java:470) ~[netty-common-4.1.101.Final.jar:4.1.101.Final]
		at io.netty.channel.nio.NioEventLoop.run(NioEventLoop.java:569) ~[netty-transport-4.1.101.Final.jar:4.1.101.Final]
		at io.netty.util.concurrent.SingleThreadEventExecutor$4.run(SingleThreadEventExecutor.java:997) ~[netty-common-4.1.101.Final.jar:4.1.101.Final]
		at io.netty.util.internal.ThreadExecutorMap$2.run(ThreadExecutorMap.java:74) ~[netty-common-4.1.101.Final.jar:4.1.101.Final]
		at io.netty.util.concurrent.FastThreadLocalRunnable.run(FastThreadLocalRunnable.java:30) ~[netty-common-4.1.101.Final.jar:4.1.101.Final]
		at java.base/java.lang.Thread.run(Thread.java:833) ~[na:na]
Caused by: java.lang.IllegalStateException: executor not accepting a task
	at io.netty.resolver.AddressResolverGroup.getResolver(AddressResolverGroup.java:61) ~[netty-resolver-4.1.101.Final.jar:4.1.101.Final]
	at reactor.netty.transport.TransportConnector.doResolveAndConnect(TransportConnector.java:303) ~[reactor-netty-core-1.1.13.jar:1.1.13]
	at reactor.netty.transport.TransportConnector.lambda$connect$6(TransportConnector.java:165) ~[reactor-netty-core-1.1.13.jar:1.1.13]
	at reactor.core.publisher.MonoFlatMap$FlatMapMain.onNext(MonoFlatMap.java:132) ~[reactor-core-3.6.0.jar:3.6.0]
	at reactor.netty.transport.TransportConnector$MonoChannelPromise._subscribe(TransportConnector.java:638) ~[reactor-netty-core-1.1.13.jar:1.1.13]
	at reactor.netty.transport.TransportConnector$MonoChannelPromise.lambda$subscribe$0(TransportConnector.java:550) ~[reactor-netty-core-1.1.13.jar:1.1.13]
	at io.netty.util.concurrent.AbstractEventExecutor.runTask(AbstractEventExecutor.java:173) ~[netty-common-4.1.101.Final.jar:4.1.101.Final]
	at io.netty.util.concurrent.AbstractEventExecutor.safeExecute(AbstractEventExecutor.java:166) ~[netty-common-4.1.101.Final.jar:4.1.101.Final]
	at io.netty.util.concurrent.SingleThreadEventExecutor.runAllTasks(SingleThreadEventExecutor.java:470) ~[netty-common-4.1.101.Final.jar:4.1.101.Final]
	at io.netty.channel.nio.NioEventLoop.run(NioEventLoop.java:569) ~[netty-transport-4.1.101.Final.jar:4.1.101.Final]
	at io.netty.util.concurrent.SingleThreadEventExecutor$4.run(SingleThreadEventExecutor.java:997) ~[netty-common-4.1.101.Final.jar:4.1.101.Final]
	at io.netty.util.internal.ThreadExecutorMap$2.run(ThreadExecutorMap.java:74) ~[netty-common-4.1.101.Final.jar:4.1.101.Final]
	at io.netty.util.concurrent.FastThreadLocalRunnable.run(FastThreadLocalRunnable.java:30) ~[netty-common-4.1.101.Final.jar:4.1.101.Final]
	at java.base/java.lang.Thread.run(Thread.java:833) ~[na:na]

2026-05-16T12:34:51.207+05:30  WARN 5168 --- [admin-server] [reactor-http-nio-2] d.c.b.admin.server.services.InfoUpdater  : Couldn't retrieve info for Instance(id=656b08829af6, version=2, registration=Registration(name=payment-service, managementUrl=http://10.0.3.21:8086/actuator, healthUrl=http://10.0.3.21:8086/actuator/health, serviceUrl=http://10.0.3.21:8086/, source=http-api), registered=true, statusInfo=StatusInfo(status=UP, details={diskSpace={status=UP, details={total=236228440064, free=22118576128, threshold=10485760, path=C:\Users\Hp\Desktop\Parkease-Backend\payment-service\., exists=true}}, ping={status=UP}, discoveryComposite={status=UP, components={discoveryClient={status=UP, details={services=[]}}, eureka={description=Eureka discovery client has not yet successfully connected to a Eureka server, status=UP, details={applications={}}}}}, rabbit={status=UP, details={version=4.3.0}}, refreshScope={status=UP}, db={status=UP, details={database=MySQL, validationQuery=isValid()}}}), statusTimestamp=2026-05-16T06:48:17.690781800Z, info=Info(values={}), endpoints=Endpoints(endpoints={caches=Endpoint(id=caches, url=http://10.0.3.21:8086/actuator/caches), loggers=Endpoint(id=loggers, url=http://10.0.3.21:8086/actuator/loggers), logfile=Endpoint(id=logfile, url=http://10.0.3.21:8086/actuator/logfile), health=Endpoint(id=health, url=http://10.0.3.21:8086/actuator/health), refresh=Endpoint(id=refresh, url=http://10.0.3.21:8086/actuator/refresh), env=Endpoint(id=env, url=http://10.0.3.21:8086/actuator/env), serviceregistry=Endpoint(id=serviceregistry, url=http://10.0.3.21:8086/actuator/serviceregistry), heapdump=Endpoint(id=heapdump, url=http://10.0.3.21:8086/actuator/heapdump), features=Endpoint(id=features, url=http://10.0.3.21:8086/actuator/features), scheduledtasks=Endpoint(id=scheduledtasks, url=http://10.0.3.21:8086/actuator/scheduledtasks), mappings=Endpoint(id=mappings, url=http://10.0.3.21:8086/actuator/mappings), beans=Endpoint(id=beans, url=http://10.0.3.21:8086/actuator/beans), configprops=Endpoint(id=configprops, url=http://10.0.3.21:8086/actuator/configprops), threaddump=Endpoint(id=threaddump, url=http://10.0.3.21:8086/actuator/threaddump), metrics=Endpoint(id=metrics, url=http://10.0.3.21:8086/actuator/metrics), conditions=Endpoint(id=conditions, url=http://10.0.3.21:8086/actuator/conditions), info=Endpoint(id=info, url=http://10.0.3.21:8086/actuator/info)}), buildVersion=null, tags=Tags(values={}))

org.springframework.web.reactive.function.client.WebClientRequestException: executor not accepting a task
	at org.springframework.web.reactive.function.client.ExchangeFunctions$DefaultExchangeFunction.lambda$wrapException$9(ExchangeFunctions.java:136) ~[spring-webflux-6.1.1.jar:6.1.1]
	Suppressed: reactor.core.publisher.FluxOnAssembly$OnAssemblyException: 
Error has been observed at the following site(s):
	*__checkpoint ⇢ Request to GET info [DefaultWebClient]
Original Stack Trace:
		at org.springframework.web.reactive.function.client.ExchangeFunctions$DefaultExchangeFunction.lambda$wrapException$9(ExchangeFunctions.java:136) ~[spring-webflux-6.1.1.jar:6.1.1]
		at reactor.core.publisher.MonoErrorSupplied.subscribe(MonoErrorSupplied.java:55) ~[reactor-core-3.6.0.jar:3.6.0]
		at reactor.core.publisher.Mono.subscribe(Mono.java:4512) ~[reactor-core-3.6.0.jar:3.6.0]
		at reactor.core.publisher.FluxOnErrorResume$ResumeSubscriber.onError(FluxOnErrorResume.java:103) ~[reactor-core-3.6.0.jar:3.6.0]
		at reactor.core.publisher.FluxPeek$PeekSubscriber.onError(FluxPeek.java:222) ~[reactor-core-3.6.0.jar:3.6.0]
		at reactor.core.publisher.FluxPeek$PeekSubscriber.onError(FluxPeek.java:222) ~[reactor-core-3.6.0.jar:3.6.0]
		at reactor.core.publisher.FluxPeek$PeekSubscriber.onError(FluxPeek.java:222) ~[reactor-core-3.6.0.jar:3.6.0]
		at reactor.core.publisher.MonoNext$NextSubscriber.onError(MonoNext.java:93) ~[reactor-core-3.6.0.jar:3.6.0]
		at reactor.core.publisher.MonoFlatMapMany$FlatMapManyMain.onError(MonoFlatMapMany.java:204) ~[reactor-core-3.6.0.jar:3.6.0]
		at reactor.core.publisher.SerializedSubscriber.onError(SerializedSubscriber.java:124) ~[reactor-core-3.6.0.jar:3.6.0]
		at reactor.core.publisher.FluxRetryWhen$RetryWhenMainSubscriber.whenError(FluxRetryWhen.java:228) ~[reactor-core-3.6.0.jar:3.6.0]
		at reactor.core.publisher.FluxRetryWhen$RetryWhenOtherSubscriber.onError(FluxRetryWhen.java:278) ~[reactor-core-3.6.0.jar:3.6.0]
		at reactor.core.publisher.FluxContextWrite$ContextWriteSubscriber.onError(FluxContextWrite.java:121) ~[reactor-core-3.6.0.jar:3.6.0]
		at reactor.core.publisher.FluxConcatMapNoPrefetch$FluxConcatMapNoPrefetchSubscriber.maybeOnError(FluxConcatMapNoPrefetch.java:326) ~[reactor-core-3.6.0.jar:3.6.0]
		at reactor.core.publisher.FluxConcatMapNoPrefetch$FluxConcatMapNoPrefetchSubscriber.onNext(FluxConcatMapNoPrefetch.java:211) ~[reactor-core-3.6.0.jar:3.6.0]
		at reactor.core.publisher.FluxContextWrite$ContextWriteSubscriber.onNext(FluxContextWrite.java:107) ~[reactor-core-3.6.0.jar:3.6.0]
		at reactor.core.publisher.SinkManyEmitterProcessor.drain(SinkManyEmitterProcessor.java:476) ~[reactor-core-3.6.0.jar:3.6.0]
		at reactor.core.publisher.SinkManyEmitterProcessor$EmitterInner.drainParent(SinkManyEmitterProcessor.java:620) ~[reactor-core-3.6.0.jar:3.6.0]
		at reactor.core.publisher.FluxPublish$PubSubInner.request(FluxPublish.java:874) ~[reactor-core-3.6.0.jar:3.6.0]
		at reactor.core.publisher.FluxContextWrite$ContextWriteSubscriber.request(FluxContextWrite.java:136) ~[reactor-core-3.6.0.jar:3.6.0]
		at reactor.core.publisher.FluxConcatMapNoPrefetch$FluxConcatMapNoPrefetchSubscriber.request(FluxConcatMapNoPrefetch.java:336) ~[reactor-core-3.6.0.jar:3.6.0]
		at reactor.core.publisher.FluxContextWrite$ContextWriteSubscriber.request(FluxContextWrite.java:136) ~[reactor-core-3.6.0.jar:3.6.0]
		at reactor.core.publisher.Operators$DeferredSubscription.request(Operators.java:1743) ~[reactor-core-3.6.0.jar:3.6.0]
		at reactor.core.publisher.FluxRetryWhen$RetryWhenMainSubscriber.onError(FluxRetryWhen.java:195) ~[reactor-core-3.6.0.jar:3.6.0]
		at reactor.core.publisher.MonoCreate$DefaultMonoSink.error(MonoCreate.java:205) ~[reactor-core-3.6.0.jar:3.6.0]
		at reactor.netty.http.client.HttpClientConnect$MonoHttpConnect$ClientTransportSubscriber.onError(HttpClientConnect.java:311) ~[reactor-netty-http-1.1.13.jar:1.1.13]
		at reactor.core.publisher.MonoCreate$DefaultMonoSink.error(MonoCreate.java:205) ~[reactor-core-3.6.0.jar:3.6.0]
		at reactor.netty.resources.DefaultPooledConnectionProvider$DisposableAcquire.onError(DefaultPooledConnectionProvider.java:162) ~[reactor-netty-core-1.1.13.jar:1.1.13]
		at reactor.netty.internal.shaded.reactor.pool.AbstractPool$Borrower.fail(AbstractPool.java:475) ~[reactor-netty-core-1.1.13.jar:1.1.13]
		at reactor.netty.internal.shaded.reactor.pool.SimpleDequePool.lambda$drainLoop$9(SimpleDequePool.java:433) ~[reactor-netty-core-1.1.13.jar:1.1.13]
		at reactor.core.publisher.FluxDoOnEach$DoOnEachSubscriber.onError(FluxDoOnEach.java:186) ~[reactor-core-3.6.0.jar:3.6.0]
		at reactor.core.publisher.MonoCreate$DefaultMonoSink.error(MonoCreate.java:205) ~[reactor-core-3.6.0.jar:3.6.0]
		at reactor.netty.resources.DefaultPooledConnectionProvider$PooledConnectionAllocator$PooledConnectionInitializer.onError(DefaultPooledConnectionProvider.java:560) ~[reactor-netty-core-1.1.13.jar:1.1.13]
		at reactor.core.publisher.MonoFlatMap$FlatMapMain.secondError(MonoFlatMap.java:241) ~[reactor-core-3.6.0.jar:3.6.0]
		at reactor.core.publisher.MonoFlatMap$FlatMapInner.onError(MonoFlatMap.java:315) ~[reactor-core-3.6.0.jar:3.6.0]
		at reactor.core.publisher.FluxOnErrorResume$ResumeSubscriber.onError(FluxOnErrorResume.java:106) ~[reactor-core-3.6.0.jar:3.6.0]
		at reactor.core.publisher.Operators.error(Operators.java:198) ~[reactor-core-3.6.0.jar:3.6.0]
		at reactor.core.publisher.MonoError.subscribe(MonoError.java:53) ~[reactor-core-3.6.0.jar:3.6.0]
		at reactor.core.publisher.Mono.subscribe(Mono.java:4512) ~[reactor-core-3.6.0.jar:3.6.0]
		at reactor.core.publisher.FluxOnErrorResume$ResumeSubscriber.onError(FluxOnErrorResume.java:103) ~[reactor-core-3.6.0.jar:3.6.0]
		at reactor.core.publisher.Operators.error(Operators.java:198) ~[reactor-core-3.6.0.jar:3.6.0]
		at reactor.core.publisher.MonoError.subscribe(MonoError.java:53) ~[reactor-core-3.6.0.jar:3.6.0]
		at reactor.core.publisher.InternalMonoOperator.subscribe(InternalMonoOperator.java:76) ~[reactor-core-3.6.0.jar:3.6.0]
		at reactor.core.publisher.MonoFlatMap$FlatMapMain.onNext(MonoFlatMap.java:165) ~[reactor-core-3.6.0.jar:3.6.0]
		at reactor.netty.transport.TransportConnector$MonoChannelPromise._subscribe(TransportConnector.java:638) ~[reactor-netty-core-1.1.13.jar:1.1.13]
		at reactor.netty.transport.TransportConnector$MonoChannelPromise.lambda$subscribe$0(TransportConnector.java:550) ~[reactor-netty-core-1.1.13.jar:1.1.13]
		at io.netty.util.concurrent.AbstractEventExecutor.runTask(AbstractEventExecutor.java:173) ~[netty-common-4.1.101.Final.jar:4.1.101.Final]
		at io.netty.util.concurrent.AbstractEventExecutor.safeExecute(AbstractEventExecutor.java:166) ~[netty-common-4.1.101.Final.jar:4.1.101.Final]
		at io.netty.util.concurrent.SingleThreadEventExecutor.runAllTasks(SingleThreadEventExecutor.java:470) ~[netty-common-4.1.101.Final.jar:4.1.101.Final]
		at io.netty.channel.nio.NioEventLoop.run(NioEventLoop.java:569) ~[netty-transport-4.1.101.Final.jar:4.1.101.Final]
		at io.netty.util.concurrent.SingleThreadEventExecutor$4.run(SingleThreadEventExecutor.java:997) ~[netty-common-4.1.101.Final.jar:4.1.101.Final]
		at io.netty.util.internal.ThreadExecutorMap$2.run(ThreadExecutorMap.java:74) ~[netty-common-4.1.101.Final.jar:4.1.101.Final]
		at io.netty.util.concurrent.FastThreadLocalRunnable.run(FastThreadLocalRunnable.java:30) ~[netty-common-4.1.101.Final.jar:4.1.101.Final]
		at java.base/java.lang.Thread.run(Thread.java:833) ~[na:na]
Caused by: java.lang.IllegalStateException: executor not accepting a task
	at io.netty.resolver.AddressResolverGroup.getResolver(AddressResolverGroup.java:61) ~[netty-resolver-4.1.101.Final.jar:4.1.101.Final]
	at reactor.netty.transport.TransportConnector.doResolveAndConnect(TransportConnector.java:303) ~[reactor-netty-core-1.1.13.jar:1.1.13]
	at reactor.netty.transport.TransportConnector.lambda$connect$6(TransportConnector.java:165) ~[reactor-netty-core-1.1.13.jar:1.1.13]
	at reactor.core.publisher.MonoFlatMap$FlatMapMain.onNext(MonoFlatMap.java:132) ~[reactor-core-3.6.0.jar:3.6.0]
	at reactor.netty.transport.TransportConnector$MonoChannelPromise._subscribe(TransportConnector.java:638) ~[reactor-netty-core-1.1.13.jar:1.1.13]
	at reactor.netty.transport.TransportConnector$MonoChannelPromise.lambda$subscribe$0(TransportConnector.java:550) ~[reactor-netty-core-1.1.13.jar:1.1.13]
	at io.netty.util.concurrent.AbstractEventExecutor.runTask(AbstractEventExecutor.java:173) ~[netty-common-4.1.101.Final.jar:4.1.101.Final]
	at io.netty.util.concurrent.AbstractEventExecutor.safeExecute(AbstractEventExecutor.java:166) ~[netty-common-4.1.101.Final.jar:4.1.101.Final]
	at io.netty.util.concurrent.SingleThreadEventExecutor.runAllTasks(SingleThreadEventExecutor.java:470) ~[netty-common-4.1.101.Final.jar:4.1.101.Final]
	at io.netty.channel.nio.NioEventLoop.run(NioEventLoop.java:569) ~[netty-transport-4.1.101.Final.jar:4.1.101.Final]
	at io.netty.util.concurrent.SingleThreadEventExecutor$4.run(SingleThreadEventExecutor.java:997) ~[netty-common-4.1.101.Final.jar:4.1.101.Final]
	at io.netty.util.internal.ThreadExecutorMap$2.run(ThreadExecutorMap.java:74) ~[netty-common-4.1.101.Final.jar:4.1.101.Final]
	at io.netty.util.concurrent.FastThreadLocalRunnable.run(FastThreadLocalRunnable.java:30) ~[netty-common-4.1.101.Final.jar:4.1.101.Final]
	at java.base/java.lang.Thread.run(Thread.java:833) ~[na:na]

2026-05-16T12:34:51.207+05:30  WARN 5168 --- [admin-server] [reactor-http-nio-6] d.c.b.admin.server.services.InfoUpdater  : Couldn't retrieve info for Instance(id=af9d401ed0ac, version=2, registration=Registration(name=notification-service, managementUrl=http://10.0.3.21:8087/actuator, healthUrl=http://10.0.3.21:8087/actuator/health, serviceUrl=http://10.0.3.21:8087/, source=http-api), registered=true, statusInfo=StatusInfo(status=UP, details={mail={status=UP, details={location=smtp.gmail.com:587}}, diskSpace={status=UP, details={total=236228440064, free=22118772736, threshold=10485760, path=C:\Users\Hp\Desktop\Parkease-Backend\notification-service\., exists=true}}, ping={status=UP}, discoveryComposite={status=UP, components={discoveryClient={status=UP, details={services=[]}}, eureka={description=Eureka discovery client has not yet successfully connected to a Eureka server, status=UP, details={applications={}}}}}, rabbit={status=UP, details={version=4.3.0}}, refreshScope={status=UP}, db={status=UP, details={database=MySQL, validationQuery=isValid()}}}), statusTimestamp=2026-05-16T06:48:13.211874Z, info=Info(values={}), endpoints=Endpoints(endpoints={caches=Endpoint(id=caches, url=http://10.0.3.21:8087/actuator/caches), loggers=Endpoint(id=loggers, url=http://10.0.3.21:8087/actuator/loggers), logfile=Endpoint(id=logfile, url=http://10.0.3.21:8087/actuator/logfile), health=Endpoint(id=health, url=http://10.0.3.21:8087/actuator/health), refresh=Endpoint(id=refresh, url=http://10.0.3.21:8087/actuator/refresh), env=Endpoint(id=env, url=http://10.0.3.21:8087/actuator/env), serviceregistry=Endpoint(id=serviceregistry, url=http://10.0.3.21:8087/actuator/serviceregistry), heapdump=Endpoint(id=heapdump, url=http://10.0.3.21:8087/actuator/heapdump), features=Endpoint(id=features, url=http://10.0.3.21:8087/actuator/features), scheduledtasks=Endpoint(id=scheduledtasks, url=http://10.0.3.21:8087/actuator/scheduledtasks), mappings=Endpoint(id=mappings, url=http://10.0.3.21:8087/actuator/mappings), beans=Endpoint(id=beans, url=http://10.0.3.21:8087/actuator/beans), configprops=Endpoint(id=configprops, url=http://10.0.3.21:8087/actuator/configprops), threaddump=Endpoint(id=threaddump, url=http://10.0.3.21:8087/actuator/threaddump), metrics=Endpoint(id=metrics, url=http://10.0.3.21:8087/actuator/metrics), conditions=Endpoint(id=conditions, url=http://10.0.3.21:8087/actuator/conditions), info=Endpoint(id=info, url=http://10.0.3.21:8087/actuator/info)}), buildVersion=null, tags=Tags(values={}))

org.springframework.web.reactive.function.client.WebClientRequestException: executor not accepting a task
	at org.springframework.web.reactive.function.client.ExchangeFunctions$DefaultExchangeFunction.lambda$wrapException$9(ExchangeFunctions.java:136) ~[spring-webflux-6.1.1.jar:6.1.1]
	Suppressed: reactor.core.publisher.FluxOnAssembly$OnAssemblyException: 
Error has been observed at the following site(s):
	*__checkpoint ⇢ Request to GET info [DefaultWebClient]
Original Stack Trace:
		at org.springframework.web.reactive.function.client.ExchangeFunctions$DefaultExchangeFunction.lambda$wrapException$9(ExchangeFunctions.java:136) ~[spring-webflux-6.1.1.jar:6.1.1]
		at reactor.core.publisher.MonoErrorSupplied.subscribe(MonoErrorSupplied.java:55) ~[reactor-core-3.6.0.jar:3.6.0]
		at reactor.core.publisher.Mono.subscribe(Mono.java:4512) ~[reactor-core-3.6.0.jar:3.6.0]
		at reactor.core.publisher.FluxOnErrorResume$ResumeSubscriber.onError(FluxOnErrorResume.java:103) ~[reactor-core-3.6.0.jar:3.6.0]
		at reactor.core.publisher.FluxPeek$PeekSubscriber.onError(FluxPeek.java:222) ~[reactor-core-3.6.0.jar:3.6.0]
		at reactor.core.publisher.FluxPeek$PeekSubscriber.onError(FluxPeek.java:222) ~[reactor-core-3.6.0.jar:3.6.0]
		at reactor.core.publisher.FluxPeek$PeekSubscriber.onError(FluxPeek.java:222) ~[reactor-core-3.6.0.jar:3.6.0]
		at reactor.core.publisher.MonoNext$NextSubscriber.onError(MonoNext.java:93) ~[reactor-core-3.6.0.jar:3.6.0]
		at reactor.core.publisher.MonoFlatMapMany$FlatMapManyMain.onError(MonoFlatMapMany.java:204) ~[reactor-core-3.6.0.jar:3.6.0]
		at reactor.core.publisher.SerializedSubscriber.onError(SerializedSubscriber.java:124) ~[reactor-core-3.6.0.jar:3.6.0]
		at reactor.core.publisher.FluxRetryWhen$RetryWhenMainSubscriber.whenError(FluxRetryWhen.java:228) ~[reactor-core-3.6.0.jar:3.6.0]
		at reactor.core.publisher.FluxRetryWhen$RetryWhenOtherSubscriber.onError(FluxRetryWhen.java:278) ~[reactor-core-3.6.0.jar:3.6.0]
		at reactor.core.publisher.FluxContextWrite$ContextWriteSubscriber.onError(FluxContextWrite.java:121) ~[reactor-core-3.6.0.jar:3.6.0]
		at reactor.core.publisher.FluxConcatMapNoPrefetch$FluxConcatMapNoPrefetchSubscriber.maybeOnError(FluxConcatMapNoPrefetch.java:326) ~[reactor-core-3.6.0.jar:3.6.0]
		at reactor.core.publisher.FluxConcatMapNoPrefetch$FluxConcatMapNoPrefetchSubscriber.onNext(FluxConcatMapNoPrefetch.java:211) ~[reactor-core-3.6.0.jar:3.6.0]
		at reactor.core.publisher.FluxContextWrite$ContextWriteSubscriber.onNext(FluxContextWrite.java:107) ~[reactor-core-3.6.0.jar:3.6.0]
		at reactor.core.publisher.SinkManyEmitterProcessor.drain(SinkManyEmitterProcessor.java:476) ~[reactor-core-3.6.0.jar:3.6.0]
		at reactor.core.publisher.SinkManyEmitterProcessor$EmitterInner.drainParent(SinkManyEmitterProcessor.java:620) ~[reactor-core-3.6.0.jar:3.6.0]
		at reactor.core.publisher.FluxPublish$PubSubInner.request(FluxPublish.java:874) ~[reactor-core-3.6.0.jar:3.6.0]
		at reactor.core.publisher.FluxContextWrite$ContextWriteSubscriber.request(FluxContextWrite.java:136) ~[reactor-core-3.6.0.jar:3.6.0]
		at reactor.core.publisher.FluxConcatMapNoPrefetch$FluxConcatMapNoPrefetchSubscriber.request(FluxConcatMapNoPrefetch.java:336) ~[reactor-core-3.6.0.jar:3.6.0]
		at reactor.core.publisher.FluxContextWrite$ContextWriteSubscriber.request(FluxContextWrite.java:136) ~[reactor-core-3.6.0.jar:3.6.0]
		at reactor.core.publisher.Operators$DeferredSubscription.request(Operators.java:1743) ~[reactor-core-3.6.0.jar:3.6.0]
		at reactor.core.publisher.FluxRetryWhen$RetryWhenMainSubscriber.onError(FluxRetryWhen.java:195) ~[reactor-core-3.6.0.jar:3.6.0]
		at reactor.core.publisher.MonoCreate$DefaultMonoSink.error(MonoCreate.java:205) ~[reactor-core-3.6.0.jar:3.6.0]
		at reactor.netty.http.client.HttpClientConnect$MonoHttpConnect$ClientTransportSubscriber.onError(HttpClientConnect.java:311) ~[reactor-netty-http-1.1.13.jar:1.1.13]
		at reactor.core.publisher.MonoCreate$DefaultMonoSink.error(MonoCreate.java:205) ~[reactor-core-3.6.0.jar:3.6.0]
		at reactor.netty.resources.DefaultPooledConnectionProvider$DisposableAcquire.onError(DefaultPooledConnectionProvider.java:162) ~[reactor-netty-core-1.1.13.jar:1.1.13]
		at reactor.netty.internal.shaded.reactor.pool.AbstractPool$Borrower.fail(AbstractPool.java:475) ~[reactor-netty-core-1.1.13.jar:1.1.13]
		at reactor.netty.internal.shaded.reactor.pool.SimpleDequePool.lambda$drainLoop$9(SimpleDequePool.java:433) ~[reactor-netty-core-1.1.13.jar:1.1.13]
		at reactor.core.publisher.FluxDoOnEach$DoOnEachSubscriber.onError(FluxDoOnEach.java:186) ~[reactor-core-3.6.0.jar:3.6.0]
		at reactor.core.publisher.MonoCreate$DefaultMonoSink.error(MonoCreate.java:205) ~[reactor-core-3.6.0.jar:3.6.0]
		at reactor.netty.resources.DefaultPooledConnectionProvider$PooledConnectionAllocator$PooledConnectionInitializer.onError(DefaultPooledConnectionProvider.java:560) ~[reactor-netty-core-1.1.13.jar:1.1.13]
		at reactor.core.publisher.MonoFlatMap$FlatMapMain.secondError(MonoFlatMap.java:241) ~[reactor-core-3.6.0.jar:3.6.0]
		at reactor.core.publisher.MonoFlatMap$FlatMapInner.onError(MonoFlatMap.java:315) ~[reactor-core-3.6.0.jar:3.6.0]
		at reactor.core.publisher.FluxOnErrorResume$ResumeSubscriber.onError(FluxOnErrorResume.java:106) ~[reactor-core-3.6.0.jar:3.6.0]
		at reactor.core.publisher.Operators.error(Operators.java:198) ~[reactor-core-3.6.0.jar:3.6.0]
		at reactor.core.publisher.MonoError.subscribe(MonoError.java:53) ~[reactor-core-3.6.0.jar:3.6.0]
		at reactor.core.publisher.Mono.subscribe(Mono.java:4512) ~[reactor-core-3.6.0.jar:3.6.0]
		at reactor.core.publisher.FluxOnErrorResume$ResumeSubscriber.onError(FluxOnErrorResume.java:103) ~[reactor-core-3.6.0.jar:3.6.0]
		at reactor.core.publisher.Operators.error(Operators.java:198) ~[reactor-core-3.6.0.jar:3.6.0]
		at reactor.core.publisher.MonoError.subscribe(MonoError.java:53) ~[reactor-core-3.6.0.jar:3.6.0]
		at reactor.core.publisher.InternalMonoOperator.subscribe(InternalMonoOperator.java:76) ~[reactor-core-3.6.0.jar:3.6.0]
		at reactor.core.publisher.MonoFlatMap$FlatMapMain.onNext(MonoFlatMap.java:165) ~[reactor-core-3.6.0.jar:3.6.0]
		at reactor.netty.transport.TransportConnector$MonoChannelPromise._subscribe(TransportConnector.java:638) ~[reactor-netty-core-1.1.13.jar:1.1.13]
		at reactor.netty.transport.TransportConnector$MonoChannelPromise.lambda$subscribe$0(TransportConnector.java:550) ~[reactor-netty-core-1.1.13.jar:1.1.13]
		at io.netty.util.concurrent.AbstractEventExecutor.runTask(AbstractEventExecutor.java:173) ~[netty-common-4.1.101.Final.jar:4.1.101.Final]
		at io.netty.util.concurrent.AbstractEventExecutor.safeExecute(AbstractEventExecutor.java:166) ~[netty-common-4.1.101.Final.jar:4.1.101.Final]
		at io.netty.util.concurrent.SingleThreadEventExecutor.runAllTasks(SingleThreadEventExecutor.java:470) ~[netty-common-4.1.101.Final.jar:4.1.101.Final]
		at io.netty.channel.nio.NioEventLoop.run(NioEventLoop.java:569) ~[netty-transport-4.1.101.Final.jar:4.1.101.Final]
		at io.netty.util.concurrent.SingleThreadEventExecutor$4.run(SingleThreadEventExecutor.java:997) ~[netty-common-4.1.101.Final.jar:4.1.101.Final]
		at io.netty.util.internal.ThreadExecutorMap$2.run(ThreadExecutorMap.java:74) ~[netty-common-4.1.101.Final.jar:4.1.101.Final]
		at io.netty.util.concurrent.FastThreadLocalRunnable.run(FastThreadLocalRunnable.java:30) ~[netty-common-4.1.101.Final.jar:4.1.101.Final]
		at java.base/java.lang.Thread.run(Thread.java:833) ~[na:na]
Caused by: java.lang.IllegalStateException: executor not accepting a task
	at io.netty.resolver.AddressResolverGroup.getResolver(AddressResolverGroup.java:61) ~[netty-resolver-4.1.101.Final.jar:4.1.101.Final]
	at reactor.netty.transport.TransportConnector.doResolveAndConnect(TransportConnector.java:303) ~[reactor-netty-core-1.1.13.jar:1.1.13]
	at reactor.netty.transport.TransportConnector.lambda$connect$6(TransportConnector.java:165) ~[reactor-netty-core-1.1.13.jar:1.1.13]
	at reactor.core.publisher.MonoFlatMap$FlatMapMain.onNext(MonoFlatMap.java:132) ~[reactor-core-3.6.0.jar:3.6.0]
	at reactor.netty.transport.TransportConnector$MonoChannelPromise._subscribe(TransportConnector.java:638) ~[reactor-netty-core-1.1.13.jar:1.1.13]
	at reactor.netty.transport.TransportConnector$MonoChannelPromise.lambda$subscribe$0(TransportConnector.java:550) ~[reactor-netty-core-1.1.13.jar:1.1.13]
	at io.netty.util.concurrent.AbstractEventExecutor.runTask(AbstractEventExecutor.java:173) ~[netty-common-4.1.101.Final.jar:4.1.101.Final]
	at io.netty.util.concurrent.AbstractEventExecutor.safeExecute(AbstractEventExecutor.java:166) ~[netty-common-4.1.101.Final.jar:4.1.101.Final]
	at io.netty.util.concurrent.SingleThreadEventExecutor.runAllTasks(SingleThreadEventExecutor.java:470) ~[netty-common-4.1.101.Final.jar:4.1.101.Final]
	at io.netty.channel.nio.NioEventLoop.run(NioEventLoop.java:569) ~[netty-transport-4.1.101.Final.jar:4.1.101.Final]
	at io.netty.util.concurrent.SingleThreadEventExecutor$4.run(SingleThreadEventExecutor.java:997) ~[netty-common-4.1.101.Final.jar:4.1.101.Final]
	at io.netty.util.internal.ThreadExecutorMap$2.run(ThreadExecutorMap.java:74) ~[netty-common-4.1.101.Final.jar:4.1.101.Final]
	at io.netty.util.concurrent.FastThreadLocalRunnable.run(FastThreadLocalRunnable.java:30) ~[netty-common-4.1.101.Final.jar:4.1.101.Final]
	at java.base/java.lang.Thread.run(Thread.java:833) ~[na:na]

